tree
version=v4
num_class=1
num_tree_per_iteration=1
label_index=0
max_feature_idx=13
objective=binary sigmoid:1
feature_names=lightgcn_score cooccurrence_score segment_popularity_score known_hobby_compatibility age_group_fit occupation_fit region_fit popularity_prior mismatch_penalty popularity_penalty novelty_bonus category_diversity_reward is_cold_start text_embedding_similarity
feature_infos=none [0:1] none [0:1] [0:1] [0:1] [0:1] [0:1] [0:1] [0:1] [0:1] none -1:1:0 [0.16957965493202209:0.62844079732894897]
tree_sizes=3348 3468 3470 3470 3460 3469 3464 3461 3490 3494 3474 3505 3501 3502 3478 3482 3499 3497 3485 3492 3482 3510 3484 3517 3509 3511 3511 3511 3488 3470 3471 3511 3503 3508 3501 3509 3525 3518 3468 3492 3518 3493 3484 3488 3481 3484 3517 3482 3508 3496 3495 3510 3508 3489 3508 3508 3492 3493 3524 3513 3502 3499 3505 3508 3492 3505 3506 3507 3520 3492 3481 3490 3477 3494 3508 3475 3501 3464 3493 3468 3469 3484 3491 3483 3517 3478 3500 3464

Tree=0
num_leaves=31
num_cat=0
split_feature=7 7 13 7 7 7 7 13 13 13 7 13 13 13 7 7 7 13 7 13 13 13 5 13 4 7 7 4 4 7
split_gain=7261.45 1383.17 837.075 889.156 649.345 485.166 358.909 312.131 204.578 199.086 158.137 113.538 82.5483 67.4721 62.3326 62.0923 87.5257 83.4467 56.949 70.9148 54.5779 51.7363 47.3588 45.5689 42.112 40.0507 70.5473 38.3995 32.5752 30.9472
threshold=0.12566372007131579 0.67185840010643016 0.51932433247566234 0.047610620036721236 1.0000000180025095e-35 1.0000000180025095e-35 0.23654867708683017 0.47537976503372198 0.42891812324523931 0.38322634994983679 0.015309734269976618 0.34830765426158911 0.34332872927188879 0.3218358457088471 0.11283186078071596 0.17752212285995486 0.15415929257869723 0.39307318627834326 0.097964603453874602 0.41513071954250341 0.45055314898490911 0.38131254911422735 0.37248815596103674 0.50151199102401745 0.53136983513832103 0.15265487134456637 0.13831858336925509 0.38500961661338812 0.42875768244266516 0.00026548672030912718
decision_type=2 2 2 2 2 2 2 2 2 2 2 2 2 2 2 2 2 2 2 2 2 2 2 2 2 2 2 2 2 2
left_child=2 6 3 4 7 -4 8 20 12 13 29 -8 22 -5 -15 16 17 25 -11 -20 -1 -12 27 -9 -23 26 -14 -2 -29 -6
right_child=1 -3 5 9 10 -7 11 23 -10 18 21 -13 15 14 -16 -17 -18 -19 19 -21 -22 24 -24 -25 -26 -27 -28 28 -30 -31
leaf_value=-1.4107297928567981 -1.3793515370565945 -1.1916257265522792 -1.2097370615449274 -1.4143147406208694 -1.4484095645117068 -1.4467431242538786 -1.3107859329734222 -1.3446968335483769 -1.2379266913925528 -1.3519678505178934 -1.4252209527568986 -1.2594911054655524 -1.3045956527038403 -1.3693105674001449 -1.4254209222920327 -1.2713216562946665 -1.3796443740396647 -1.2634503198500169 -1.3310461321120739 -1.2388926234586934 -1.3773583177502096 -1.4080102170635214 -1.4034579553260975 -1.2910437441845395 -1.3474256361393215 -1.2993492338005379 -1.3809044221373263 -1.3116728216375406 -1.3540448525666577 -1.4366649968795286
leaf_weight=455.99998980760574 85.599998086690903 292.31999346613884 77.91999825835228 151.03999662399292 1068.6399761140347 29.759999334812164 171.99999615550041 132.47999703884125 51.359998852014542 153.27999657392502 1113.9199751019478 295.19999340176582 50.879998862743378 418.23999065160751 55.99999874830246 47.51999893784523 75.839998304843903 54.399998784065247 70.399998426437378 29.919999331235886 167.19999626278877 214.719995200634 50.879998862743378 56.959998726844788 32.959999263286591 57.119998723268509 75.039998322725296 69.919998437166214 131.83999705314636 1208.6399729847908
leaf_count=2850 535 1827 487 944 6679 186 1075 828 321 958 6962 1845 318 2614 350 297 474 340 440 187 1045 1342 318 356 206 357 469 437 824 7554
internal_value=-1.38629 -1.28929 -1.41323 -1.41602 -1.42509 -1.27528 -1.31276 -1.38469 -1.3342 -1.37007 -1.43412 -1.27834 -1.3413 -1.38523 -1.37595 -1.32466 -1.3328 -1.31786 -1.33271 -1.30339 -1.40177 -1.42062 -1.35909 -1.3285 -1.39992 -1.33412 -1.34999 -1.35121 -1.33931 -1.44218
internal_weight=6948 1509.92 5438.08 5330.4 4451.52 107.68 1217.6 812.64 750.4 878.88 3638.88 467.2 699.04 625.28 474.24 360.8 313.28 237.44 253.6 100.32 623.2 1361.6 338.24 189.44 247.68 183.04 125.92 287.36 201.76 2277.28
internal_count=43425 9437 33988 33315 27822 673 7610 5079 4690 5493 22743 2920 4369 3908 2964 2255 1958 1484 1585 627 3895 8510 2114 1184 1548 1144 787 1796 1261 14233
is_linear=0
shrinkage=1


Tree=1
num_leaves=31
num_cat=1
split_feature=7 7 7 7 13 7 13 13 7 13 13 13 13 7 7 13 7 13 13 7 7 13 13 12 7 13 7 4 4 4
split_gain=6277.9 1003.42 760.291 1098.38 823.064 281.206 171.978 167.52 157.298 155.296 84.8883 75.3706 61.5308 60.0218 56.7217 49.27 46.2592 53.8517 44.472 41.1472 39.2768 63.9181 34.2044 32.6954 31.3249 35.4255 29.7081 29.6837 28.7036 28.2682
threshold=0.12566372007131579 0.67185840010643016 1.0000000180025095e-35 0.047610620036721236 0.50151199102401745 0.23654867708683017 0.38322634994983679 0.40388384461402899 0.015309734269976618 0.45936582982540136 0.34830765426158911 0.53683203458786022 0.3218358457088471 0.17752212285995486 0.11283186078071596 0.38131254911422735 0.097964603453874602 0.41513071954250341 0.46222122013568884 0.022035398520529274 0.15415929257869723 0.37127220630645758 0.34267382323741918 0 0.00026548672030912718 0.40065722167491918 0.087610617280006423 0.53136983513832103 0.46368466317653662 0.39448615908622747
decision_type=2 2 2 2 2 2 2 2 2 2 2 2 2 2 2 2 2 2 2 2 2 2 2 1 2 2 2 2 2 2
left_child=2 5 4 8 9 7 12 13 24 23 -7 -6 -5 20 -14 -10 26 -18 -9 -17 21 -2 -15 -1 -4 -26 -8 -21 29 -12
right_child=1 -3 3 6 11 10 16 18 15 -11 28 -13 14 22 -16 19 17 -19 -20 27 -22 -23 -24 -25 25 -27 -28 -29 -30 -31
leaf_value=-0.027474430520398482 0.024662335129006632 0.16508764570511397 -0.061311697418119107 -0.027086655860406834 0.099108309562432745 0.068541131289366883 0.080214868077456342 0.087749744263673948 -0.037886584781247852 0.02813328250625596 0.11348735831791135 0.17619136917574232 0.015967718887769593 0.048206102501995009 -0.038087801897114353 -0.029998042534380921 0.050761373621046796 0.12839702339482337 0.16939469768577944 -0.0022470385652049343 -0.01263975851165995 0.07051393671220306 0.10003781762925912 0.0026150636167495442 -0.051893879615907669 -0.019179126165643615 0.022017471440119118 0.064897279798899393 0.13784417546845715 0.074292992839756766
leaf_weight=398.47296877205372 364.03041772544384 326.47406476736069 1057.6017080098391 148.50334930419922 98.799023151397705 179.80509921908379 26.454359829425812 103.50695365667343 1087.9431110322475 238.41767629981041 171.84893196821213 47.603215754032135 422.50422093272209 90.699177742004395 54.687364399433136 145.74905276298523 72.736870050430298 32.569921404123306 20.214549541473389 79.274300515651703 49.17306512594223 96.307801797986031 49.897254839539528 116.31681346893311 1081.8758434653282 90.311494678258896 129.98561990261078 20.630655348300934 80.586473107337952 65.261267751455307
leaf_count=2521 2230 1827 6865 944 574 1075 162 612 6962 1466 998 269 2614 553 350 920 440 187 116 502 306 581 292 736 6972 582 796 126 468 379
internal_value=-7.27437e-05 0.0868939 -0.0260457 -0.0345197 0.0158726 0.0667987 0.015247 0.0479203 -0.0469152 -0.00521147 0.0961371 0.124309 0.00100053 0.0377484 0.00975566 -0.0333175 0.0492702 0.0749195 0.101256 -0.0130544 0.0297395 0.0342791 0.0666946 -0.0206668 -0.0550437 -0.0493795 0.0319357 0.0116195 0.111713 0.102757
internal_weight=6948.24 1597.81 5350.44 4450.83 899.61 1271.33 887.442 773.829 3563.39 753.207 497.502 146.402 625.695 650.108 477.192 1333.6 261.747 105.307 123.722 245.654 509.511 460.338 140.596 514.79 2229.79 1172.19 156.44 99.905 317.697 237.11
internal_count=43425 9437 33988 28422 5566 7610 5493 4690 22929 4723 2920 843 3908 3962 2964 8510 1585 627 728 1548 3117 2811 845 3257 14419 7554 958 628 1845 1377
cat_boundaries=0 1
cat_threshold=2
is_linear=0
shrinkage=0.05


Tree=2
num_leaves=31
num_cat=1
split_feature=7 7 7 7 13 7 7 13 13 13 13 13 13 7 7 13 7 7 13 7 13 13 7 13 12 13 5 7 1 7
split_gain=5479.19 768.578 705.223 1033.62 689.495 225.551 154.971 149.336 140.01 136.084 71.3663 56.8084 56.1148 51.6482 50.1162 46.8738 38.4365 38.2111 42.5233 34.3912 54.2814 33.264 31.5248 34.5371 30.367 27.7069 26.9323 36.2686 25.8118 25.2843
threshold=0.12566372007131579 0.67185840010643016 1.0000000180025095e-35 0.047610620036721236 0.50151199102401745 0.23654867708683017 0.015309734269976618 0.38322634994983679 0.45936582982540136 0.40388384461402899 0.32008366286754614 0.52688080072402965 0.3218358457088471 0.11283186078071596 0.17752212285995486 0.38131254911422735 0.016371681354939941 0.097964603453874602 0.41427718102931982 0.15415929257869723 0.36623275279998785 0.46069999039173132 0.00026548672030912718 0.40065722167491918 0 0.34015667438507086 0.50488919019699108 0.15265487134456637 0.92770034074783336 0.15415929257869723
decision_type=2 2 2 2 2 2 2 2 2 2 2 2 2 2 2 2 2 2 2 2 2 2 2 2 1 2 2 2 2 2
left_child=2 5 4 6 8 9 22 12 24 14 -7 -6 -5 -14 19 -8 -17 -9 -19 20 -2 29 -4 -24 -1 -16 27 -22 -12 -11
right_child=1 -3 3 7 11 10 15 17 -10 21 28 -13 13 -15 25 16 -18 18 -20 -21 26 -23 23 -25 -26 -27 -28 -29 -30 -31
leaf_value=-0.026554208124928876 0.021816924881391541 0.14399378607382479 -0.060595992968090498 -0.026175209483959724 0.081702620041052207 0.038826320315331536 -0.036867741088499016 0.029763584012753166 0.026278506014342385 0.10763764559847427 0.074341801108312525 0.14255018546928894 0.015023090671920758 -0.037070209747585729 0.043282040148683233 -0.036973579245044103 0.0035702219416367622 0.046308849810196479 0.11294000086078465 -0.012102640629891286 0.034417763196123996 0.14636558527548044 -0.050964119049105 -0.018444263047401915 0.0024803888372942114 0.088182931971352713 0.12576064724759203 0.10046837579973283 0.10121022079767512 0.058166058272455579
leaf_weight=391.84277752041817 347.86432762444019 354.78272607922554 1017.6029077619314 146.05743217468262 82.800864994525909 68.67039680480957 1062.7584199905396 159.37596073746681 242.38416308164597 45.534723520278931 127.55495607852936 73.496346011757851 426.51666784286499 53.414586186408997 88.721186399459839 96.748723268508911 146.94164276123047 73.864519357681274 35.875036358833313 48.801738545298576 79.197749748826027 22.623742431402206 1047.4125321507454 89.245942264795303 116.50130355358124 57.235811024904251 14.09996724128723 28.398489013314247 328.02315239608288 62.567263945937157
leaf_count=2521 2102 1827 6865 944 459 395 6962 958 1466 252 707 384 2614 350 526 624 924 434 193 306 465 119 6972 582 736 319 81 163 1818 357
internal_value=-0.000128139 0.0786578 -0.0251914 -0.0335438 0.014913 0.0610743 -0.0459309 0.0143424 -0.00497636 0.0442641 0.0865448 0.11042 0.000941724 0.00920837 0.0350657 -0.0323303 -0.0125143 0.0454833 0.0682198 0.0277511 0.0319055 0.0909079 -0.0541748 -0.048417 -0.0198911 0.0609721 0.0606607 0.0519744 0.0937164 0.0791309
internal_weight=6936.92 1674.08 5262.84 4355.81 907.025 1319.29 3460.71 895.104 750.728 795.045 524.249 156.297 625.989 479.931 664.319 1306.45 243.69 269.116 109.74 518.362 469.561 130.726 2154.26 1136.66 508.344 145.957 121.696 107.596 455.578 108.102
internal_count=43425 9437 33988 28422 5566 7610 22929 5493 4723 4690 2920 843 3908 2964 3962 8510 1548 1585 627 3117 2811 728 14419 7554 3257 845 709 628 2525 609
cat_boundaries=0 1
cat_threshold=2
is_linear=0
shrinkage=0.05


Tree=3
num_leaves=31
num_cat=0
split_feature=7 7 7 7 13 13 7 13 13 7 13 7 7 13 13 7 13 13 7 7 13 7 13 7 7 7 7 1 4 13
split_gain=4816.69 654.348 972.897 612.879 592.275 189.756 152.849 130.257 118.598 104.519 79.8745 78.6549 60.9661 56.5429 51.1755 47.0542 44.7604 44.5866 35.8845 31.9954 34.3807 31.8029 33.6893 28.4167 55.2671 26.8578 33.2035 26.4042 25.5848 24.7687
threshold=0.12566372007131579 1.0000000180025095e-35 0.047610620036721236 0.67185840010643016 0.48095227777957922 0.34830765426158911 0.015309734269976618 0.38322634994983679 0.51932433247566234 0.17752212285995486 0.42891812324523931 0.17752212285995486 0.15415929257869723 0.43914876878261572 0.3218358457088471 0.11283186078071596 0.39307318627834326 0.38131254911422735 0.022035398520529274 0.097964603453874602 0.41427718102931982 0.00026548672030912718 0.40065722167491918 0.15265487134456637 0.13831858336925509 0.14672566205263141 0.13831858336925509 0.91547620296478283 0.53136983513832103 0.29338400065898901
decision_type=2 2 2 2 2 2 2 2 2 2 2 2 2 2 2 2 2 2 2 2 2 2 2 2 2 2 2 2 2 2
left_child=1 4 6 5 13 11 21 14 -6 10 12 25 16 -1 -4 -16 23 29 -19 -9 -21 -3 -23 24 -7 26 -2 -11 -20 -8
right_child=3 2 7 -5 8 9 17 19 -10 27 -12 -13 -14 -15 15 -17 -18 18 28 20 -22 22 -24 -25 -26 -27 -28 -29 -30 -31
leaf_value=-0.025471974593834976 -0.00079714418220787125 -0.059928305959644081 -0.025285553190066246 0.12810276920600192 0.050891489019631433 0.070989241934631284 -0.052624065126348679 0.027785669003749409 0.11972035716717307 0.068907041309478945 0.10515904636200209 0.052322848586424421 0.0042967526755709178 0.0043992704737960634 0.0141435627665878 -0.036072328532820087 0.091495815284420606 -0.028276280445395097 -0.0023112859510786565 0.042848131242635798 0.10145555330061212 -0.050061691304972289 -0.017731234559717528 0.07250273973129176 0.001798344763537723 -0.0075221618803582198 0.041793032938164033 0.09799477207070599 0.059057513716913368 -0.032275751498230365
leaf_weight=356.10328099131584 72.905372843146324 978.48541353642941 143.70109176635742 378.20054729282856 173.65530344843864 47.36419889330864 182.85641902685165 162.11871889233589 98.409679666161537 110.22256922721863 62.244260862469673 299.86388523876667 76.883867800235748 284.82346124947071 430.29388582706451 52.182065695524216 63.754911378026009 141.00841224193573 79.337966054677963 75.794730007648468 37.893987104296684 1013.8364490866661 88.223682850599289 54.414642214775085 74.042212039232254 87.154202595353127 121.77460695803165 291.49021700024605 21.460609674453735 855.51747107505798
leaf_count=2316 440 6865 944 1827 990 268 1226 958 487 581 320 1680 466 1773 2614 350 340 920 502 434 193 6972 582 306 440 527 723 1519 126 5736
internal_value=-0.00017096 -0.0243679 -0.0325959 0.0717852 0.0140419 0.0561364 -0.0449709 0.0135068 0.0758411 0.0722545 0.0533509 0.0344947 0.043115 -0.012191 0.000886631 0.00869577 0.0555446 -0.0313634 -0.0119894 0.0421301 0.0624987 -0.0533394 -0.0474799 0.0424352 0.0288691 0.0154964 0.0258256 0.0900452 0.0107505 -0.0358686
internal_weight=6916.02 5175.7 4262.71 1740.32 912.992 1362.11 3360.73 901.984 272.065 780.417 378.704 581.698 316.46 640.927 626.177 482.476 239.576 1280.18 241.807 275.807 113.689 2080.55 1102.06 175.821 121.406 281.834 194.68 401.713 100.799 1038.37
internal_count=43425 33988 28422 9437 5566 7610 22929 5493 1477 4240 2140 3370 1820 4089 3908 2964 1354 8510 1548 1585 627 14419 7554 1014 708 1690 1163 2100 628 6962
is_linear=0
shrinkage=0.05


Tree=4
num_leaves=31
num_cat=0
split_feature=7 7 7 13 7 7 13 13 13 7 4 7 13 13 13 7 13 7 7 7 7 13 7 13 13 5 7 7 7 5
split_gain=4289.05 777.693 775.894 514.725 427.091 178.138 170.459 154.085 97.3866 74.3336 72.7081 59.0206 52.1381 51.7598 50.8057 37.844 34.7825 29.2868 37.1651 30.566 27.554 25.3611 25.1575 34.56 24.9397 26.65 25.2465 43.9651 22.4763 31.3151
threshold=0.094336282461881651 1.0000000180025095e-35 0.23654867708683017 0.48095227777957922 0.022035398520529274 0.67185840010643016 0.38877110183238989 0.33318836987018591 0.51932433247566234 0.17752212285995486 0.37014016509056097 0.00026548672030912718 0.43914876878261572 0.44683355093002325 0.32008366286754614 0.097964603453874602 0.40065722167491918 0.12566372007131579 0.11283186078071596 0.15415929257869723 0.15415929257869723 0.28295852243900305 0.31805309653282171 0.34520520269870764 0.34332872927188879 0.37248815596103674 0.15265487134456637 0.13831858336925509 0.047610620036721236 0.46868900954723364
decision_type=2 2 2 2 2 2 2 2 2 2 2 2 2 2 2 2 2 2 2 2 2 2 2 2 2 2 2 2 2 2
left_child=1 3 6 12 11 14 9 21 -5 17 28 -3 -1 15 -4 -8 -13 18 -2 24 -17 -6 23 -16 25 -19 27 -26 29 -9
right_child=2 4 5 8 7 -7 13 10 -10 -11 -12 16 -14 -15 22 20 -18 19 -20 -21 -22 -23 -24 -25 26 -27 -28 -29 -30 -31
leaf_value=-0.024596651318997079 0.0096750864946213849 -0.05930432416590789 0.032535363692663286 0.047016510774206759 -0.05247263560001876 0.11564642180933921 0.019943598186597088 -0.033086356172650953 0.10812458279106274 0.051317742136957167 0.018836830004398303 -0.045942999725792133 0.0041681553941843993 0.10420034194729776 0.034341787633937568 0.071514454861514629 -0.02124951956714256 0.021957410981506525 -0.034075911653138287 -0.027577932667656666 0.035275849125086606 -0.025945887475655072 0.095252611823047784 0.077197717987768644 0.058309637927873317 -0.018149910002758771 0.063675766791303545 -0.001055834039909144 0.010458373972637304 0.055074052524856948
leaf_weight=350.48624384403229 239.90324176847935 940.30948626995087 72.107331678271294 178.44756957888603 116.90242964029312 397.45932085812092 74.364427775144577 149.31894558668137 103.38672262430191 151.78103624284267 371.37555959820747 1488.5288896411657 285.57120145857334 54.522223994135857 56.833718970417976 176.85213182866573 158.86937241256237 205.58582803606987 60.739221170544624 30.448358044028282 75.962275981903076 403.39590312540531 145.80057510733604 293.78330551087856 55.147738963365555 51.644661381840706 63.189744234085083 71.234672531485558 52.580127850174904 10.671581134200094
leaf_count=2316 1452 6865 395 990 806 1827 435 997 487 825 2314 10433 1773 272 303 928 1059 1211 406 192 429 2711 747 1475 304 318 346 424 313 72
internal_value=-0.000205535 -0.0279395 0.0559302 0.0132426 -0.0381796 0.0899356 0.0308725 -0.012139 0.0694812 0.01931 0.00548394 -0.049289 -0.0116756 0.0590086 0.071935 0.0514329 -0.0435661 0.0130525 0.000810994 0.0207518 0.060664 -0.0319246 0.0776402 0.070277 0.0240619 0.0138816 0.0378347 0.0248347 -0.0178188 -0.027144
internal_weight=6887.2 4609.84 2277.36 917.892 3691.95 965.984 1311.38 1104.24 281.834 929.675 583.946 2587.71 636.057 381.701 568.525 327.179 1647.4 777.893 300.642 477.251 252.814 520.298 496.418 350.617 446.803 257.23 189.572 126.382 212.571 159.991
internal_count=43425 31136 12289 5566 25570 4747 7542 7213 1477 5478 3696 18357 4089 2064 2920 1792 11492 4653 1858 2795 1357 3517 2525 1778 2603 1529 1074 728 1382 1069
is_linear=0
shrinkage=0.05


Tree=5
num_leaves=31
num_cat=0
split_feature=7 7 7 13 7 7 13 13 13 4 7 13 7 13 13 13 7 7 7 7 7 7 13 13 13 7 7 5 7 13
split_gain=3835.16 726.541 655.224 450.104 413.94 150.492 146.04 143.372 78.6663 73.2918 64.2508 54.1243 53.0166 42.8955 42.3708 34.2646 32.0578 25.9245 34.0862 27.3551 23.8016 39.7056 32.3463 27.4309 23.6278 23.0205 22.6951 28.765 21.8391 21.6299
threshold=0.094336282461881651 1.0000000180025095e-35 0.23654867708683017 0.49253094196319586 0.02008849568665028 0.67185840010643016 0.38877110183238989 0.33318836987018591 0.45055314898490911 0.37014016509056097 0.17752212285995486 0.52688080072402965 0.00026548672030912718 0.44683355093002325 0.32008366286754614 0.40065722167491918 0.097964603453874602 0.12566372007131579 0.11283186078071596 0.15415929257869723 0.061769910156726844 0.087610617280006423 0.40308751165866857 0.36199311912059789 0.28295852243900305 0.15415929257869723 0.047610620036721236 0.46868900954723364 0.076194688677787795 0.34332872927188879
decision_type=2 2 2 2 2 2 2 2 2 2 2 2 2 2 2 2 2 2 2 2 2 2 2 2 2 2 2 2 2 2
left_child=1 3 6 8 12 14 10 24 -1 26 17 -5 -3 16 -4 -14 -8 18 -2 29 22 23 -11 -22 -6 -18 27 -9 -25 -19
right_child=2 4 5 11 7 -7 13 9 -10 20 -12 -13 15 -15 -16 -17 25 19 -20 -21 21 -23 -24 28 -26 -27 -28 -29 -30 -31
leaf_value=-0.020695412536115787 0.0091387937445353076 -0.058720241974331039 0.030385987889657358 0.054597924726320704 -0.051864239374391052 0.10558226091593298 0.018732495202060984 -0.032212553100575692 0.013822109539025336 -0.0009404444398111979 0.047483034332316765 0.10529628834391909 -0.045901543748491008 0.094707749275117464 0.071201985658340711 -0.020895615820133336 0.065642700213780367 0.013078604812687813 -0.033100779547444927 -0.026657547594480392 0.031285273913497842 0.0065153501056887872 0.053696906512723824 0.06390539425642057 -0.026364378421988566 0.032882058975215359 0.0098758806867203022 0.050532619550364255 0.15426313702874217 0.035229435769064392
leaf_weight=427.68503114581108 241.25264689326286 903.12209390103817 73.32202285528183 140.0245599001646 116.02847132086754 413.14976227283478 75.197942331433296 173.23218186199665 268.51670090854168 208.29775321483612 155.73780955374241 85.511627107858658 1358.4433005899191 56.930775165557861 513.76554448902607 153.48783078789711 182.88203206658363 259.22994810342789 59.438590109348297 29.941216707229614 46.308558225631714 81.645235762000084 31.010147929191589 22.927390336990356 431.03518117964268 77.386702060699463 52.894879639148712 11.047867119312285 9.7536656856536847 193.26770989596844
leaf_count=2850 1452 6865 395 730 828 1827 435 1186 1602 1351 825 384 9832 272 2525 1038 928 1529 406 192 276 481 185 133 2953 429 313 72 57 1074
internal_value=-0.000233048 -0.0270957 0.0518527 0.0125074 -0.0372393 0.0824333 0.0288679 -0.0130169 -0.00737516 0.00309768 0.0181504 0.0738804 -0.0491132 0.0544873 0.066119 -0.0433679 0.0476206 0.0123054 0.000764312 0.0194867 0.0161624 0.031052 0.00613819 0.05631 -0.0317904 0.0559374 -0.0189096 -0.0272 0.0914135 0.0225563
internal_weight=6852.48 4520.97 2331.5 921.738 3599.23 1000.24 1331.27 1184.18 696.202 637.118 938.868 225.536 2415.05 392.397 587.088 1511.93 335.467 783.13 300.691 482.439 399.943 160.635 239.308 78.9896 547.064 260.269 237.175 184.28 32.6811 452.498
internal_count=43425 31136 12289 5566 25570 4747 7542 7835 4452 4054 5478 1114 17735 2064 2920 10870 1792 4653 1858 2795 2483 947 1536 466 3781 1357 1571 1258 190 2603
is_linear=0
shrinkage=0.05


Tree=6
num_leaves=31
num_cat=0
split_feature=7 7 7 13 7 13 7 13 13 7 7 7 13 4 13 13 13 13 7 7 7 13 4 5 7 7 13 13 6 13
split_gain=3453.07 799.999 697.363 399.011 186.31 138.026 130.402 73.3575 67.4352 62.1069 53.6006 49.9553 44.6607 38.349 36.6807 33.431 32.7205 30.322 54.2259 30.9553 39.0928 29.9557 24.3783 27.4424 22.8412 22.7612 22.6886 22.686 21.8827 21.4701
threshold=0.061769910156726844 1.0000000180025095e-35 0.23654867708683017 0.48095227777957922 0.02008849568665028 0.38877110183238989 0.67185840010643016 0.50878319144248974 0.34707188606262213 0.17752212285995486 0.00026548672030912718 0.097964603453874602 0.43914876878261572 0.37838028371334081 0.3309676349163056 0.40065722167491918 0.4297721683979035 0.3538001030683518 0.087610617280006423 0.13831858336925509 0.14672566205263141 0.3218358457088471 0.47039544582366949 0.49264955520629888 0.076194688677787795 0.087610617280006423 0.31578144431114202 0.42119351029396063 0.22771719843149188 0.55146872997283947
decision_type=2 2 2 2 2 2 2 2 2 2 2 2 2 2 2 2 2 2 2 2 2 2 2 2 2 2 2 2 2 2
left_child=1 3 5 12 10 9 14 -5 -6 17 -3 25 -1 -10 -4 -12 28 19 24 21 -21 -2 23 -20 -19 -7 -22 -15 -13 -9
right_child=2 4 6 7 8 11 -8 29 13 -11 15 16 -14 27 -16 -17 -18 18 22 20 26 -23 -24 -25 -26 -27 -28 -29 -30 -31
leaf_value=-0.023017036874025554 -0.02258888825237225 -0.058172603589779652 0.036860602779003791 0.03456712318075441 -0.032204991651696303 0.085213005605351139 0.097253519575311365 0.073960111933697725 -0.021997581570968285 0.044061562693359341 -0.045014703197921828 0.038145474733756873 0.0037450833902303903 0.0070292865756858046 0.067380355895329841 -0.020126567852521149 0.08451310415578088 0.046480240015027124 0.0048516032071142358 0.036543967257168776 -0.047889344164478417 0.0058869815156240863 0.063537778182680429 0.038294577726981631 0.12500523386887508 0.015198855218859067 0.0077186064126057762 0.073922308067550388 0.072111787522640275 0.12021894715889743
leaf_weight=340.55191048979759 151.00300517678261 866.9593498557806 125.55394403636456 148.40086102485657 519.08975614607334 12.780551195144652 425.76332679390907 115.75869505107403 150.48189896345139 159.34983229637146 1317.0064095854759 162.01736931502819 286.87145487964153 167.81260947883129 478.06093598902225 151.44202518463135 86.465847358107567 25.626026824116707 295.37056809663773 127.27548280358315 23.364994406700134 237.04823271930218 24.246066704392433 77.50073516368866 14.901338353753088 123.22205895185471 83.650492548942566 13.64499509334564 68.166129618883133 33.106786385178566
leaf_count=2316 1007 6865 650 800 3668 69 1827 534 1029 825 9832 846 1773 1068 2270 1038 398 148 1764 724 141 1424 125 445 84 703 494 79 336 143
internal_value=-0.000254798 -0.0291109 0.0436581 0.0118278 -0.0409927 0.0237181 0.0760356 0.0595368 -0.0209505 0.0149569 -0.0482928 0.047299 -0.0107742 -0.00333114 0.0610476 -0.0424529 0.0581936 0.0105731 0.0206584 0.00347078 0.0178229 -0.00518396 0.0150096 0.0118245 0.0757125 0.0218728 -0.00440913 0.0121249 0.0482529 0.0843552
internal_weight=6812.49 4111.13 2701.37 924.69 3186.44 1671.99 1029.38 297.266 851.029 1219.34 2335.41 452.652 627.423 331.94 603.615 1468.45 316.649 1059.99 437.645 622.342 234.291 388.051 397.117 372.871 40.5274 136.003 107.015 181.458 230.183 148.865
internal_count=43425 29145 14280 5566 23579 9533 4747 1477 5844 7181 17735 2352 4089 2176 2920 10870 1580 6356 2566 3790 1359 2431 2334 2209 232 772 635 1147 1182 677
is_linear=0
shrinkage=0.05


Tree=7
num_leaves=31
num_cat=0
split_feature=7 7 7 13 7 13 7 13 13 7 13 7 7 13 4 13 13 13 13 4 4 1 7 5 3 3 5 10 3 13
split_gain=3115.13 750.93 603.755 351.997 182.432 121.402 115.212 63.3486 61.7139 50.7356 44.8811 43.569 42.9353 41.1224 39.0695 37.483 37.3799 32.0008 31.2832 30.0665 28.4521 27.703 25.3397 22.6402 22.1626 24.2261 20.3036 19.1866 18.7922 18.4984
threshold=0.061769910156726844 1.0000000180025095e-35 0.23654867708683017 0.48095227777957922 0.017256637103855613 0.41427718102931982 0.67185840010643016 0.50878319144248974 0.34520520269870764 0.12566372007131579 0.3218358457088471 0.087610617280006423 0.00026548672030912718 0.43914876878261572 0.33782868087291723 0.36199311912059789 0.40065722167491918 0.34830765426158911 0.34146440029144293 0.38500961661338812 0.42875768244266516 0.73401361703872692 0.097964603453874602 0.46868900954723364 0.38941444456577307 0.19280333071947101 0.012867531273514034 0.29806570708751684 1.0000000180025095e-35 0.55146872997283947
decision_type=2 2 2 2 2 2 2 2 2 2 2 2 2 2 2 2 2 2 2 2 2 2 2 2 2 2 2 2 2 2
left_child=1 3 5 13 12 9 17 -5 -6 10 -2 15 -3 -1 23 26 -14 -4 19 -11 -21 28 -7 -10 25 -23 -12 -17 -20 -9
right_child=2 4 6 7 8 22 -8 29 14 18 11 -13 16 -15 -16 27 -18 -19 21 20 -22 24 -24 -25 -26 -27 -28 -29 -30 -31
leaf_value=-0.022202061214243146 -0.021192732811500664 -0.057658331361978767 0.040930871142702781 0.032263782570963725 -0.033694613211538736 0.028914006896133444 0.090224758672561578 0.068489258316216953 -0.032041288835083996 -0.0049825543620097071 0.042538547115443859 0.0063862615068886741 -0.046024346120529969 0.0035498131358348973 0.0024746934602501692 0.13066024719364119 -0.018348664822167234 0.064933794332220726 0.024134539935230015 0.049953093867377708 0.013514587842852411 0.041949690402967678 0.068086068800829277 0.041791701080613593 0.011354899348954759 0.082808317218233132 -0.0077656952090823378 0.05476175761712801 -0.029185661095529641 0.11084710802790726
leaf_weight=335.53381767868996 113.42363473773003 831.84704531729221 215.36618159711361 150.98342673480511 615.16005779802799 57.191605389118195 435.71687476336956 118.68322217464447 168.63727775216103 119.39019164443016 46.471243917942047 484.68614299595356 1057.5553920120001 287.50786796212196 274.49553745985031 12.998639434576033 138.83613882958889 402.8641305565834 74.836531057953835 80.416979819536209 162.16271398961544 211.43145318329334 155.52764664590359 10.922170326113699 46.424268320202827 44.32899297773838 34.933372259140015 24.785723686218262 21.036748126149178 34.091442540287971
leaf_count=2316 792 6865 1075 800 4480 319 1827 534 1200 701 275 2854 8192 1773 1808 67 966 1845 400 428 917 1115 720 68 259 223 207 136 120 143
internal_value=-0.000271721 -0.0282826 0.0408058 0.0111977 -0.0400972 0.0222781 0.070506 0.0553216 -0.0233723 0.0171858 0.00763643 0.0130622 -0.0489099 -0.010312 -0.0093721 0.0401401 -0.0428187 0.0565882 0.0261895 0.0155208 0.0256304 0.035872 0.0575963 -0.0275016 0.043307 0.0490805 0.020907 0.0812804 0.0123646 0.0780404
internal_weight=6768.25 4024.25 2743.99 926.8 3097.45 1690.05 1053.95 303.758 1069.22 1477.33 717.299 603.875 2028.24 623.042 454.055 119.189 1196.39 618.23 760.028 361.97 242.58 398.058 212.719 179.559 302.185 255.76 81.4046 37.7844 95.8733 152.775
internal_count=43425 29145 14280 5566 23579 9533 4747 1477 7556 8494 4331 3539 16023 4089 3076 685 9158 2920 4163 2046 1345 2117 1039 1268 1597 1338 482 203 520 677
is_linear=0
shrinkage=0.05


Tree=8
num_leaves=31
num_cat=1
split_feature=7 7 7 13 7 13 7 13 13 7 7 13 13 13 4 13 7 7 1 13 12 7 7 13 13 13 13 7 3 13
split_gain=2815.09 704.727 527.324 311.625 179.565 110.654 103.361 59.8858 55.7586 54.6771 43.5744 38.721 37.9195 33.0869 32.7828 29.4546 27.3079 30.0698 21.3977 27.165 21.2449 20.2215 20.1423 24.305 19.8134 19.7905 19.2081 19.1129 23.198 19.4832
threshold=0.061769910156726844 1.0000000180025095e-35 0.23654867708683017 0.48095227777957922 0.02008849568665028 0.37750813364982611 0.67185840010643016 0.34707188606262213 0.52688080072402965 0.00026548672030912718 0.17752212285995486 0.46537935733795172 0.45055314898490911 0.38131254911422735 0.37838028371334081 0.32008366286754614 0.097964603453874602 0.087610617280006423 0.81165540218353283 0.3218358457088471 0 0.087610617280006423 0.31805309653282171 0.34520520269870764 0.40308751165866857 0.29338400065898901 0.36025533080101019 0.28300885856151586 0.012500488199293615 0.39764653146266943
decision_type=2 2 2 2 2 2 2 2 2 2 2 2 2 2 2 2 2 2 2 2 1 2 2 2 2 2 2 2 2 2
left_child=1 3 5 12 9 10 15 25 -5 -3 18 16 20 -11 -9 -4 17 -7 19 -2 -1 26 23 -17 -16 -6 -21 -25 29 -29
right_child=2 4 6 8 7 11 -8 14 -10 13 -12 -13 -14 -15 24 22 -18 -19 -20 21 -22 -23 -24 27 -26 -27 -28 28 -30 -31
leaf_value=-0.024894372255325682 -0.017636622396243497 -0.057174643796461602 0.023564623248512495 0.037691198817149933 -0.046734563216646756 0.071440622075228388 0.084195411460268502 -0.020440512558327937 0.084227971505417901 -0.044773964376292295 0.035774669582746887 0.092368586844648048 0.0076222877550898849 -0.025965404687661838 0.0035831092529873178 0.021642571159004833 0.042431833421670818 0.010774261084003268 0.015839109529880997 0.016065254988968519 0.0018396112742059404 0.0012519221451847045 0.07150786589763658 0.070811071437198017 0.046562311395512195 -0.024187283268392184 0.072051091069062587 -0.018112443533765593 0.055727386332674572 0.045254408918805208
leaf_weight=315.9380567073822 146.09531030058861 797.80252785235643 77.288346737623215 217.31472787261009 134.36540204286575 23.500337347388268 443.36827120184898 146.27965711057186 92.06635782122612 1086.9990328028798 158.030776232481 31.209144309163094 206.1908817589283 300.42852198332548 150.36584211885929 62.377521127462387 397.13036765158176 155.15670217573643 417.39973801374435 70.463573634624481 96.697641730308533 288.03457182645798 163.57351487874985 130.6277729421854 32.631150543689728 362.60708801448345 19.658838719129562 22.530409947037697 148.83300296962261 25.891572713851929
leaf_count=2202 964 6865 395 1093 1033 120 1827 1029 384 8635 793 134 1239 2235 962 303 1999 878 2424 413 648 1704 747 586 185 2635 104 103 668 118
internal_value=-0.0002851 -0.0274742 0.0382276 0.0106113 -0.0392146 0.0209462 0.0656675 -0.0193453 0.0515786 -0.0467238 0.0114791 0.0380845 -0.00986723 -0.040707 -0.00278982 0.0526324 0.035118 0.0188177 0.00739305 0.000657188 -0.0186185 0.00774074 0.0566748 0.0504281 0.0112955 -0.0303016 0.0283995 0.0558809 0.0459375 0.0156906
internal_weight=6720.86 3939.69 2781.17 928.208 3011.48 1706.68 1074.49 826.249 309.381 2185.23 1099.68 606.997 618.827 1387.43 329.277 631.122 575.787 178.657 941.652 524.252 412.636 378.157 553.834 390.26 182.997 496.972 90.1224 327.883 197.255 48.422
internal_count=43425 29145 14280 5566 23579 9533 4747 5844 1477 17735 6402 3131 4089 10870 2176 2920 2997 998 5609 3185 2850 2221 2525 1778 1147 3668 517 1475 889 221
cat_boundaries=0 1
cat_threshold=2
is_linear=0
shrinkage=0.05


Tree=9
num_leaves=31
num_cat=1
split_feature=7 7 7 13 7 13 7 13 7 13 7 7 7 7 13 4 13 13 13 7 7 7 13 13 7 6 13 12 4 5
split_gain=2547.77 661.269 464.191 277.035 176.935 98.2737 93.7719 71.5515 45.1684 42.0425 40.2527 43.1188 34.2143 33.9891 31.2191 31.1701 25.5913 22.8325 21.5306 36.0518 24.4054 33.3426 25.363 21.4594 20.3598 20.2828 20.1362 19.723 19.0696 23.4836
threshold=0.061769910156726844 1.0000000180025095e-35 0.23654867708683017 0.50151199102401745 0.015309734269976618 0.38877110183238989 0.67185840010643016 0.45055314898490911 0.17752212285995486 0.34395502507686621 0.022035398520529274 0.027699114754796032 0.097964603453874602 0.00026548672030912718 0.41010548174381262 0.37838028371334081 0.32008366286754614 0.4297721683979035 0.3538001030683518 0.087610617280006423 0.13831858336925509 0.14672566205263141 0.30814042687416082 0.53683203458786022 0.15415929257869723 0.034470714628696449 0.31578144431114202 0 0.47039544582366949 0.49264955520629888
decision_type=2 2 2 2 2 2 2 2 2 2 2 2 2 2 2 2 2 2 2 2 2 2 2 2 2 2 2 1 2 2
left_child=1 3 5 7 13 8 16 27 18 -6 -11 -12 -7 -3 -15 -13 -4 24 20 -20 22 -22 -2 -5 -14 -17 -23 -1 29 -21
right_child=2 4 6 23 9 12 -8 -9 -10 10 11 15 17 14 -16 25 -18 -19 19 28 21 26 -24 -25 -26 -27 -28 -29 -30 -31
leaf_value=-0.024049468448386048 -0.029360125828574904 -0.056719016841775952 0.022139669492219006 0.051190662387458397 -0.033146827480468898 0.018247962257182941 0.078951047200401081 0.013440019068718939 0.036492266964316858 -0.027733384624411491 0.06102158122336776 -0.026485864698265811 0.048477691768050973 -0.044599717093451133 -0.0037782811711668664 -0.026878987885205614 0.052828803488301629 0.069014962905625282 0.05953230049107007 0.002937840283262271 0.031973187142479667 -0.047042913915160321 0.0015697976348247749 0.08666649512144152 0.015773729413368392 0.01586066411632225 0.00568623282666114 0.0017456362098304335 0.053882579029179881 0.03335700205544978
leaf_weight=310.82176050543785 84.666393235325813 764.83572576195002 78.13356451690197 127.13879881799221 626.42163270711899 140.23807176947594 449.02746614813805 328.45260871946812 167.46152053773403 302.57749755680561 24.75492836534977 124.37140262126923 176.87234416604042 871.17164966464043 49.801996529102325 35.197916969656944 564.16481424868107 92.221055001020432 44.637804627418518 301.29086987674236 131.87195748090744 22.841607078909874 302.74084530770779 65.881103336811066 65.965427875518799 129.12969110906124 85.378641203045845 96.810505419969559 25.655682697892189 80.442270621657372
leaf_count=2202 587 6865 395 574 4798 772 1827 1873 825 2295 164 884 835 7198 356 222 2525 398 232 1764 724 141 1844 269 347 797 494 648 125 445
internal_value=-0.000295242 -0.0266859 0.0358833 0.0100615 -0.038347 0.0197109 0.0613973 -0.00391556 0.0123295 -0.0240196 -0.0147264 -0.00215003 0.0390594 -0.0489015 -0.0423984 -0.00760334 0.0491074 0.047747 0.00857356 0.016894 0.00257015 0.0150978 -0.00518275 0.0633637 0.0396246 0.00666492 -0.00543009 -0.0179121 0.0121963 0.00936819
internal_weight=6670.98 3857.37 2813.61 929.105 2928.26 1722.28 1091.33 736.085 1246.99 1242.45 616.031 313.454 475.297 1685.81 920.974 288.699 642.298 335.059 1079.53 452.027 627.499 240.092 387.407 193.02 242.838 164.328 108.22 407.632 407.389 381.733
internal_count=43425 29145 14280 5566 23579 9533 4747 4723 7181 9160 4362 2067 2352 14419 7554 1903 2920 1580 6356 2566 3790 1359 2431 843 1182 1019 635 2850 2334 2209
cat_boundaries=0 1
cat_threshold=2
is_linear=0
shrinkage=0.05


Tree=10
num_leaves=31
num_cat=0
split_feature=7 7 7 13 7 13 7 13 13 7 7 7 7 13 7 13 13 4 13 4 13 13 1 4 3 3 7 6 5 13
split_gain=2308.93 620.311 410.632 249.559 174.073 87.3685 86.0441 45.0802 39.8972 39.227 37.4585 37.6833 34.6261 33.0988 33.34 32.8048 30.8049 28.6579 24.2954 24.1326 24.1193 23.17 22.7439 22.2015 18.8126 19.7861 18.4674 18.4536 17.4789 17.1274
threshold=0.061769910156726844 1.0000000180025095e-35 0.23654867708683017 0.48095227777957922 0.015309734269976618 0.41427718102931982 0.67185840010643016 0.50878319144248974 0.34395502507686621 0.12566372007131579 0.022035398520529274 0.027699114754796032 0.00026548672030912718 0.3218358457088471 0.087610617280006423 0.43914876878261572 0.40065722167491918 0.37838028371334081 0.34146440029144293 0.38500961661338812 0.36199311912059789 0.34830765426158911 0.73401361703872692 0.42875768244266516 0.38941444456577307 0.19280333071947101 0.041327433660626418 0.084039550274610533 0.012867531273514034 0.46537935733795172
decision_type=2 2 2 2 2 2 2 2 2 2 2 2 2 2 2 2 2 2 2 2 2 2 2 2 2 2 2 2 2 2
left_child=1 3 5 15 12 9 21 -5 26 13 -10 -12 -3 -2 20 -1 -14 -13 19 -11 28 -4 -20 -21 25 -24 -6 -19 -15 -7
right_child=2 4 6 7 8 29 -8 -9 10 18 11 17 16 14 -16 -17 -18 27 22 23 -22 -23 24 -25 -26 -27 -28 -29 -30 -31
leaf_value=-0.020080840990663776 -0.019383943708802337 -0.056289171924326378 0.032904338484905454 0.026411047521700693 -0.036939657193879115 0.041992287195097427 0.074334510789645189 0.064167680480958764 -0.026869193980036399 -0.0056807987486728858 0.055808482212864524 -0.025619221409242221 -0.044487949046990535 0.037402230684777708 0.0045298171257173456 0.0031006508002611693 -0.011932012181636071 -0.011365237206318421 0.0092881899143304938 0.042404086340553232 0.06465263405120418 0.052807662768175105 0.035742683920622284 0.010865479612035567 0.0078993840045149047 0.071699495588214091 -0.016077396252042291 0.022094529961137126 -0.0087296733073010599 0.081658921304899088
leaf_weight=322.73444604873657 109.7614418566227 732.94996922463179 226.48770786821842 157.62368005514145 473.98679017275572 190.93028593063354 452.96422639489174 160.28131219744682 296.84515010565519 120.21547645330429 25.697537392377853 122.20901907980442 812.83387012779713 48.333669796586037 493.60803976655006 288.7887020856142 80.362522929906845 77.733284011483192 98.299795612692833 84.515852227807045 41.41317518055439 425.90317633748055 220.27393969893456 166.0448577105999 47.845499396324158 46.87598229944706 138.18345178663731 87.230810105800629 35.336198955774307 32.245461702346802
leaf_count=2316 792 6865 1075 800 3764 905 1827 677 2295 701 164 884 6972 275 2854 1773 582 484 520 428 203 1845 1115 917 259 223 1034 535 207 134
internal_value=-0.00030343 -0.0259154 0.0337482 0.00954775 -0.0374902 0.0185727 0.0575693 0.0454771 -0.023219 0.0142569 -0.0141477 -0.00205706 -0.0482083 0.00589247 0.0103872 -0.00912661 -0.0415661 -0.00727016 0.02202 0.0126992 0.03344 0.0459117 0.0303647 0.0215363 0.036921 0.0420951 -0.032242 0.00630022 0.0178725 0.0477799
internal_weight=6618.52 3777.46 2841.05 929.428 2848.03 1735.7 1105.36 317.905 1221.89 1512.52 609.716 312.871 1626.15 728.453 618.691 611.523 893.196 287.173 784.071 370.776 125.083 652.391 413.295 250.561 314.995 267.15 612.17 164.964 83.6699 223.176
internal_count=43425 29145 14280 5566 23579 9533 4747 1477 9160 8494 4362 2067 14419 4331 3539 4089 7554 1903 4163 2046 685 2920 2117 1345 1597 1338 4798 1019 482 1039
is_linear=0
shrinkage=0.05


Tree=11
num_leaves=31
num_cat=1
split_feature=7 7 7 13 7 13 4 13 1 13 13 13 4 13 7 5 1 5 13 7 4 4 4 13 7 12 13 4 6 7
split_gain=2094.59 581.778 368.063 222.465 171.42 118.465 46.9261 53.238 46.2942 46.1505 43.3377 41.7045 36.4522 30.1451 28.9023 27.3644 26.385 26.2335 25.5573 20.5311 20.5282 19.76 18.2265 16.6713 22.0428 16.2423 15.6882 14.2145 13.3751 13.1215
threshold=0.061769910156726844 1.0000000180025095e-35 0.31805309653282171 0.48095227777957922 0.013362831901758911 0.37003780901432043 0.47039544582366949 0.41684278845787054 0.90121948719024669 0.37070909142494207 0.29869897663593298 0.52688080072402965 0.53136983513832103 0.43914876878261572 0.00026548672030912718 0.52959111332893383 0.91751700639724743 0.46868900954723364 0.40065722167491918 0.097964603453874602 0.22863636910915378 0.26999843120574957 0.43323189020156866 0.28295852243900305 0.02008849568665028 0 0.39086769521236425 0.42875768244266516 0.2477144002914429 0.12566372007131579
decision_type=2 2 2 2 2 2 2 2 2 2 2 2 2 2 2 2 2 2 2 2 2 2 2 2 2 1 2 2 2 2
left_child=1 3 5 13 14 8 7 16 21 15 -4 -5 17 25 -3 20 22 28 -16 -9 -6 -2 27 -22 -25 -1 -12 -7 -11 -10
right_child=2 4 10 11 9 6 -8 19 29 12 26 -13 -14 -15 18 -17 -18 -19 -20 -21 23 -23 -24 24 -26 -27 -28 -29 -30 -31
leaf_value=-0.025629059331177151 -0.0096269005650312361 -0.055883026833635357 -0.0038021039480454506 0.030959204448250371 -0.048052365386540966 0.021080268218827979 0.073745063944456804 0.022235390907182271 -0.01389615336165969 -0.025481069442140038 0.057628304115050377 0.070513039589601686 0.028773581410496886 0.0029401764459599804 -0.044745859198055599 0.0022204567638771221 0.040904297266166484 0.038355379613555729 -0.013595194628900645 0.05699647667222682 -0.050082024006146669 0.0089949970797915581 -3.7645936426053354e-05 -0.036206077799225009 -0.017871209315516289 0.00086931167173478487 0.073314474700480428 0.072500496021374802 0.00020225926536650133 0.029899661087195106
leaf_weight=243.04334545135498 178.86637708544731 702.14311694353819 22.751409128308296 226.6490513086319 156.26340484619141 356.51801954209805 71.034510627388954 53.668840184807777 17.913410887122154 209.3253780528903 301.74498300254345 95.062253504991531 56.008108697831631 289.31476017832756 665.97471212595701 64.088253863155842 165.98824816942215 21.118894159793854 73.717140644788742 217.13551631569862 77.654762499034405 694.78211349248886 110.5095359236002 282.84974348545074 395.03306959569454 75.393895357847214 358.36410684883595 13.982297316193579 66.369165852665901 301.65488335490227
leaf_count=1798 1066 6865 112 1093 1278 1858 314 284 119 1590 1291 384 358 1773 5902 447 755 118 538 936 657 3985 588 2387 2971 518 1443 65 468 1464
internal_value=-0.000309591 -0.0251619 0.031785 0.00906358 -0.0366456 0.0217541 0.0345535 0.031507 0.0111409 -0.0236797 0.0638229 0.0426808 -0.00815946 -0.00872742 -0.0485883 -0.0292844 0.0236952 -0.0151528 -0.0416504 0.0501366 -0.0315042 0.00517606 0.017739 -0.0280692 -0.0255331 -0.0193412 0.0661615 0.0230533 -0.0192822 0.0274255
internal_weight=6564.92 3700.01 2864.91 929.463 2770.55 2182.05 988.837 917.802 1193.22 1328.71 682.86 321.711 352.822 607.752 1441.83 975.889 646.998 296.813 739.692 270.804 911.801 873.648 481.01 755.538 677.883 318.437 660.109 370.5 275.695 319.568
internal_count=43425 29145 14280 5566 23579 11434 4800 4486 6634 10274 2846 1477 2534 4089 13305 7740 3266 2176 6440 1220 7293 5051 2511 6015 5358 2316 2734 1923 2058 1583
cat_boundaries=0 1
cat_threshold=2
is_linear=0
shrinkage=0.05


Tree=12
num_leaves=31
num_cat=1
split_feature=7 7 7 13 7 13 13 7 13 13 7 7 7 7 13 4 12 4 13 4 3 7 13 4 13 6 4 3 4 4
split_gain=1901.53 545.454 330.264 199.552 168.745 105.187 54.7565 52.2186 44.5188 39.0242 36.0456 34.7047 33.0061 29.5244 27.2998 29.2937 25.0936 25.0576 24.9399 24.4953 23.8511 20.4357 18.076 17.9307 17.8503 17.0619 16.7994 15.1406 14.1642 13.958
threshold=0.061769910156726844 1.0000000180025095e-35 0.31805309653282171 0.50151199102401745 0.013362831901758911 0.37750813364982611 0.45936582982540136 0.17752212285995486 0.34395502507686621 0.32095189392566686 0.097964603453874602 0.022035398520529274 0.027699114754796032 0.00026548672030912718 0.41684278845787054 0.47039544582366949 0 0.37838028371334081 0.40065722167491918 0.44127418100833898 0.30901856720447546 0.041327433660626418 0.55146872997283947 0.42360590398311621 0.34459838271141058 0.034470714628696449 0.32274959981441503 0.32781545817852026 0.21389906853437426 0.69314920902252208
decision_type=2 2 2 2 2 2 2 2 2 2 2 2 2 2 2 2 1 2 2 2 2 2 2 2 2 2 2 2 2 2
left_child=1 3 5 6 13 7 16 26 21 -4 20 29 -13 -3 15 19 -1 -14 -15 23 -7 -6 -5 28 -9 -19 27 -2 -12 -10
right_child=2 4 9 22 8 10 -8 24 11 -11 14 12 17 18 -16 -17 -18 25 -20 -21 -22 -23 -24 -25 -26 -27 -28 -29 -30 -31
leaf_value=-0.020536904754471664 -0.012424104871200466 -0.055498677934979271 0.021981466662544115 0.045760210305492703 -0.036824868198329662 0.0067926209111648017 0.014417105180617252 0.017350052462914257 -0.026095235796515761 0.063949285228298389 0.0044534251694809948 0.051729751536516766 -0.024110284901098022 -0.043989059725774021 0.053847131641354733 0.076317622614994515 0.0067352529684245451 -0.025350574082576207 -0.013038221747592352 0.0045379629149492357 0.054571599698288044 -0.014887351536052022 0.08530711451712697 0.076557648542242895 0.039103656208350261 0.014216603913848123 0.0091827628551982513 0.021388935733380285 0.035844858140226803 0.039624810135226195
leaf_weight=350.01296722888947 185.98358426988125 672.40821691602468 61.325829699635506 163.75458121299744 510.51631621271372 157.01931220293045 268.80330729484558 206.80861499905586 341.987827450037 626.12983556091785 42.170916631817818 26.449948489665985 118.488061375916 644.12005221843719 224.88310627639294 35.037469893693924 110.73403197526932 34.224918141961098 73.044732838869095 84.444336012005806 31.335149317979813 135.33661337196827 35.745979055762291 23.966160774230957 175.67858286201954 131.16067798435688 731.69017548859119 40.093703702092171 259.61892780661583 8.1296394169330579
leaf_count=2521 1137 6865 295 700 4309 845 1466 995 2793 2551 213 164 884 5902 956 148 736 222 538 431 164 1034 143 108 760 797 4237 235 1205 71
internal_value=-0.000314176 -0.0244252 0.0299663 0.00860894 -0.0358112 0.0205037 -0.00350433 0.011744 -0.0228991 0.0602165 0.0341705 -0.0137548 -0.00156188 -0.0479434 0.0396067 0.0323924 -0.0139715 -0.00656141 -0.0408459 0.0286106 0.0147925 -0.0322387 0.0529104 0.0348322 0.0273623 0.00598798 0.00549934 -0.00639862 0.0314778 -0.0245441
internal_weight=6511.1 3624.92 2886.19 929.051 2695.87 2198.73 729.55 1340.25 1306.29 687.456 858.475 660.441 310.324 1389.57 670.121 445.238 460.747 283.874 717.165 410.2 188.354 645.853 199.501 325.756 382.487 165.386 957.767 226.077 301.79 350.117
internal_count=43425 29145 14280 5566 23579 11434 4723 7364 10274 2846 4070 4931 2067 13305 3061 2105 3257 1903 6440 1957 1009 5343 843 1526 1755 1019 5609 1372 1418 2864
cat_boundaries=0 1
cat_threshold=2
is_linear=0
shrinkage=0.05


Tree=13
num_leaves=31
num_cat=1
split_feature=7 7 7 13 7 13 4 13 13 7 13 13 4 7 5 13 7 4 13 12 7 3 13 5 7 13 7 13 1 4
split_gain=1727.79 511.206 297.4 179.55 166.01 95.1854 47.05 53.7584 43.2374 41.1806 41.0338 36.4223 33.8836 30.1594 29.4448 24.3225 24.1079 22.9172 21.7617 21.597 20.412 24.9555 20.1188 19.9248 19.2911 21.7899 17.9054 16.5403 16.0761 15.8393
threshold=0.061769910156726844 1.0000000180025095e-35 0.31805309653282171 0.47537976503372198 0.013362831901758911 0.3538001030683518 0.47039544582366949 0.41684278845787054 0.38131254911422735 0.13831858336925509 0.51932433247566234 0.29750327765941625 0.44127418100833898 0.00026548672030912718 0.52959111332893383 0.40065722167491918 0.016371681354939941 0.22863636910915378 0.30814042687416082 0 0.12566372007131579 0.055060440674424178 0.42798537015914923 0.37248815596103674 0.02008849568665028 0.29338400065898901 0.087610617280006423 0.42020721733570104 0.77913278341293346 0.38500961661338812
decision_type=2 2 2 2 2 2 2 2 2 2 2 2 2 2 2 2 2 2 2 1 2 2 2 2 2 2 2 2 2 2
left_child=1 3 5 19 13 9 7 12 14 18 -5 -4 20 -3 17 -15 -10 -6 -2 22 26 -22 -1 29 -19 -26 -7 -18 -9 -11
right_child=2 4 11 10 8 6 -8 28 16 23 -12 -13 -14 15 -16 -17 27 24 -20 -21 21 -23 -24 -25 25 -27 -28 -29 -30 -31
leaf_value=-0.027521786320852362 -0.028235231851183668 -0.055134395518589542 -0.0078393020197506484 0.023745317699405574 -0.04603712130353424 0.049741802452520578 0.05785079298259236 0.02898003370467719 -0.023232702449122226 0.0050501954641411191 0.05954671819479538 0.058965364701490511 -0.0020813094437354155 -0.043238943920515305 0.0048893565223320327 -0.012499867013769463 0.0014386881099663167 -0.034831226144149512 0.00065186591437262802 0.0078593901547355759 0.020336865709183999 0.044981862293087982 -0.0055889637876870134 -0.0073719382698794397 -0.041258188379688115 -0.013857713049947663 0.01057319902934167 0.045560245607618489 0.053859679165865329 0.026380121215402841
leaf_weight=181.92167821526527 82.663682550191879 643.73427504301071 20.885536536574364 240.91271279752254 162.7806674093008 32.240353882312775 119.35749086737633 107.87059417366982 95.015762284398079 122.31794191896915 120.57684697210789 669.74119058251381 156.60889337956905 623.06865709275007 68.840134732425213 72.402215540409088 128.90309162437916 324.73194561898708 305.6859070956707 137.31712006032467 244.78677199780941 178.80675388872623 247.55256305634975 76.13845881819725 89.514505065977573 389.54201220721006 309.75606544315815 25.398271203041077 169.40640005469322 307.56223519146442
leaf_count=1389 587 6865 102 1184 1405 157 525 498 764 641 487 2744 859 5902 476 538 854 2871 1844 887 1141 804 1619 397 786 2964 1719 154 722 1540
internal_value=-0.000316802 -0.0237039 0.0282905 0.00818109 -0.0349859 0.0193469 0.0278867 0.0248963 -0.0221354 0.00674686 0.0357141 0.056937 0.0190789 -0.0473072 -0.0266368 -0.0400483 -0.00341794 -0.0288876 -0.00548983 -0.00937334 0.0234137 0.0307599 -0.0148954 0.0161472 -0.025403 -0.0189956 0.0142937 0.00875836 0.0442126 0.0203251
internal_weight=6456.04 3552.21 2903.83 928.281 2623.93 2213.2 1318.83 1199.48 1284.73 894.368 361.49 690.627 922.199 1339.21 1035.41 695.471 249.317 966.569 388.35 566.791 765.59 423.594 429.474 506.019 803.788 479.057 341.996 154.301 277.277 429.88
internal_count=43425 29145 14280 5566 23579 11434 6425 5900 10274 5009 1671 2846 4680 13305 8502 6440 1772 8026 2431 3895 3821 1945 3008 2578 6621 3750 1876 1008 1220 2181
cat_boundaries=0 1
cat_threshold=2
is_linear=0
shrinkage=0.05


Tree=14
num_leaves=31
num_cat=2
split_feature=7 7 7 7 13 13 13 7 13 13 4 7 7 5 13 13 4 13 3 4 7 13 4 1 1 13 12 13 12 4
split_gain=1570.72 478.904 268.495 163.204 162.216 85.5173 46.0932 43.0061 41.3934 34.056 31.778 30.8039 30.5723 29.9126 23.7494 20.9583 23.2442 20.3518 20.3112 19.2389 18.9548 16.5455 15.7204 15.2472 15.0343 18.9554 14.9461 14.6075 14.4063 14.0188
threshold=0.061769910156726844 1.0000000180025095e-35 0.31805309653282171 0.013362831901758911 0.50151199102401745 0.37750813364982611 0.45055314898490911 0.17752212285995486 0.34395502507686621 0.32095189392566686 0.53136983513832103 0.00026548672030912718 0.097964603453874602 0.46868900954723364 0.41010548174381262 0.41684278845787054 0.47039544582366949 0.40471518039703375 0.30901856720447546 0.44127418100833898 0.041327433660626418 0.53683203458786022 0.21389906853437426 0.32542745769023901 0.81165540218353283 0.3218358457088471 0 0.34459838271141058 1 0.47039544582366949
decision_type=2 2 2 2 2 2 2 2 2 2 2 2 2 2 2 2 2 2 2 2 2 2 2 2 2 2 1 2 1 2
left_child=1 4 5 11 6 7 28 24 20 -4 13 -3 18 -10 -13 16 19 23 -7 22 -5 -6 -14 -12 25 -2 -8 -9 -1 -27
right_child=2 3 9 8 21 12 26 27 10 -11 17 14 15 -15 -16 -17 -18 -19 -20 -21 -22 -23 -24 -25 -26 29 -28 -29 -30 -31
leaf_value=-0.020591270650167637 -0.016482519864959268 -0.054788579019038268 0.018613216378591507 -0.035222996592896481 0.037170523487056233 0.0053540880779128774 0.0045136397558382191 0.015426107860144232 -0.021707859602970767 0.057417255181120556 -0.021944201967327766 -0.041770437198609352 0.0027727100142096034 0.019997000704151776 -0.0041036986563671293 0.047772941277889676 0.067762132919135451 0.065352060243045476 0.048753681737836445 0.0044103793203381482 -0.01382626176752645 0.067789845003433727 0.035386770070400989 0.016823354675918886 0.011639501755994907 0.00067137110540723777 0.029654120304640083 0.034957116042398255 0.0016176525265013128 0.026676772048743892
leaf_weight=290.62569166719913 142.83012863993645 616.10682330280542 62.681921496987343 485.62026590108871 134.82392755150795 159.01711778342724 261.21529695391655 209.64593403041363 474.41690594702959 630.10063503682613 39.678274482488632 629.42480198293924 42.762469083070755 47.076963782310486 45.170415490865707 229.49531823396683 35.957293674349785 14.645863950252531 32.469163909554482 84.53689794242382 132.85046453773975 67.113556861877441 289.2902869284153 69.7507064640522 432.68977229297161 327.21118351817131 76.60105574131012 178.73660986125469 96.949218571186066 61.576706752181053
leaf_count=2202 964 6865 295 4309 574 845 1453 995 3797 2551 298 6105 213 270 335 956 148 80 164 431 1034 269 1313 486 2424 1892 420 760 648 329
internal_value=-0.000319212 -0.022997 0.0267312 -0.0341687 0.00777543 0.018267 -0.00325357 0.0103851 -0.0213886 0.0539167 -0.0125164 -0.0466783 0.0304641 -0.0179303 -0.0392567 0.0354244 0.029142 0.0101944 0.0127608 0.0257811 -0.0306379 0.0474001 0.0312038 0.00271363 0.00471968 -0.000904175 0.0102362 0.024434 -0.015024 0.0048088
internal_weight=6401.07 3482.07 2919 2554.74 927.329 2226.22 725.391 1352.69 1264.04 692.783 645.569 1290.7 873.529 521.494 674.595 682.042 452.547 124.075 191.486 416.59 618.471 201.937 332.053 109.429 964.308 531.618 337.816 388.383 387.575 388.788
internal_count=43425 29145 14280 23579 5566 11434 4723 7364 10274 2846 4931 13305 4070 4067 6440 3061 2105 864 1009 1957 5343 843 1526 784 5609 3185 1873 1755 2850 2221
cat_boundaries=0 1 2
cat_threshold=2 2
is_linear=0
shrinkage=0.05


Tree=15
num_leaves=31
num_cat=0
split_feature=7 7 7 7 13 13 13 4 13 7 13 13 7 4 4 7 13 13 13 7 13 7 3 5 7 1 13 4 4 5
split_gain=1428.91 448.419 243.339 160.327 146.592 76.7234 39.4173 38.9332 43.0278 34.5875 32.2949 31.6178 31.4621 28.5371 28.2439 27.4356 26.6664 23.4023 22.8806 21.2834 19.2773 17.8911 21.045 17.8075 16.5189 14.3275 13.9772 13.8753 13.6723 13.2172
threshold=0.061769910156726844 1.0000000180025095e-35 0.31805309653282171 0.013362831901758911 0.49253094196319586 0.3538001030683518 0.38131254911422735 0.47039544582366949 0.41513071954250341 0.13831858336925509 0.43914876878261572 0.3309676349163056 0.00026548672030912718 0.44127418100833898 0.22863636910915378 0.02008849568665028 0.29338400065898901 0.40065722167491918 0.53683203458786022 0.016371681354939941 0.30814042687416082 0.12566372007131579 0.055060440674424178 0.37248815596103674 0.087610617280006423 0.77664399147033703 0.42020721733570104 0.38500961661338812 0.42360590398311621 0.005000124918296934
decision_type=2 2 2 2 2 2 2 2 2 2 2 2 2 2 2 2 2 2 2 2 2 2 2 2 2 2 2 2 2 2
left_child=1 4 5 12 10 9 14 8 13 20 -1 -4 -3 21 -5 -16 -17 -14 -6 -8 -2 24 28 27 -7 -10 -21 -11 -23 -22
right_child=2 3 11 6 18 7 19 -9 25 23 -12 -13 17 -15 15 16 -18 -19 -20 26 29 22 -24 -25 -26 -27 -28 -29 -30 -31
leaf_value=-0.01696996799771781 -0.027050993014800351 -0.054459762498014874 0.02412309311261104 -0.044803870207706209 0.030507005202516105 0.045782001537258372 -0.02174568932326721 0.051795699997707348 0.0247154064963757 0.0041272553469964357 0.005095037537900261 0.055409504346016616 -0.041766705845331514 -0.0029356918667528022 -0.033312114537108493 -0.039566786355497006 -0.0095610970358580329 -0.01122740843324996 0.064622397335757739 0.0017720391400673934 0.011376121570023713 0.013041661413374006 0.040667705295087779 -0.0077417963214976241 0.0085456462741931548 0.047365027374438845 0.041931950595021056 0.023992233449753916 0.046391815577543703 -0.0094137662878658827
leaf_weight=304.76059237122536 80.613625407218933 589.50857497751713 94.285480201244354 153.94019524008036 191.23722098767757 32.98220257461071 92.086048737168312 122.07811069488525 115.43684706091881 123.24259662628174 363.06447602808475 599.21907417476177 583.64716345816851 152.78372578322887 310.04238757491112 88.993634849786758 444.86660696566105 70.901101335883141 66.892970129847527 128.20774399489164 144.8864881247282 208.42594449222088 178.39458073675632 76.311572045087814 308.86661167442799 183.18223662674427 26.051383092999458 312.62929543852806 36.206570819020271 161.58291058242321
leaf_count=2316 587 6865 426 1405 845 157 764 525 525 641 2136 2420 5902 840 2871 821 3405 538 269 854 868 964 787 397 1697 768 154 1540 162 976
internal_value=-0.000319145 -0.0223042 0.0252874 -0.0333582 0.00739506 0.0172624 -0.020657 0.0248524 0.02214 0.00595923 -0.00496783 0.0511673 -0.0460539 0.0167624 -0.0250792 -0.0214703 -0.0145788 -0.0384685 0.0393888 -0.00272152 -0.00531027 0.0207035 0.027587 0.0144853 0.0121652 0.0386373 0.00860943 0.0183891 0.018015 0.000399057
internal_weight=6345.33 3414.2 2931.13 2488.24 925.955 2237.62 1244.19 1338.36 1216.28 899.266 667.825 693.505 1244.06 917.66 997.843 843.903 533.86 654.548 258.13 246.345 387.083 764.876 423.027 512.183 341.849 298.619 154.259 435.872 244.633 306.469
internal_count=43425 29145 14280 23579 5566 11434 10274 6425 5900 5009 4452 2846 13305 4607 8502 7097 4226 6440 1114 1772 2431 3767 1913 2578 1854 1293 1008 2181 1126 1844
is_linear=0
shrinkage=0.05


Tree=16
num_leaves=31
num_cat=1
split_feature=7 7 7 7 13 13 13 7 13 1 13 4 13 4 5 13 12 7 1 13 13 4 13 4 4 4 4 7 3 6
split_gain=1300.39 419.749 221.178 157.353 133.18 70.2757 38.3379 32.1156 31.8178 31.0978 29.7418 28.8612 29.2337 28.6404 26.6935 22.7642 18.011 17.7882 17.5154 17.1302 16.9575 16.846 14.687 14.4293 13.6303 12.7213 22.1608 12.6571 12.154 11.9041
threshold=0.061769910156726844 1.0000000180025095e-35 0.31805309653282171 0.013362831901758911 0.47537976503372198 0.37003780901432043 0.34395502507686621 0.00026548672030912718 0.53683203458786022 0.90121948719024669 0.29750327765941625 0.47039544582366949 0.41684278845787054 0.53136983513832103 0.46868900954723364 0.40065722167491918 0 0.041327433660626418 0.91751700639724743 0.39086769521236425 0.42798537015914923 0.54395446181297313 0.41850687563419348 0.26999843120574957 0.33923077583312994 0.35832114517688757 0.21389906853437426 0.097964603453874602 0.43665167689323431 0.36325818300247198
decision_type=2 2 2 2 2 2 2 2 2 2 2 2 2 2 2 2 1 2 2 2 2 2 2 2 2 2 2 2 2 2
left_child=1 4 5 7 16 9 17 -3 -6 23 -4 12 18 14 28 -9 20 24 25 -12 -1 -15 -23 -2 -5 26 -7 -14 -8 -26
right_child=2 3 10 6 8 11 13 15 -10 -11 19 -13 27 21 -16 -17 -18 -19 -20 -21 -22 22 -24 -25 29 -27 -28 -29 -30 -31
leaf_value=-0.025473269591697191 -0.0094261917576792271 -0.054146591992496586 -0.0094511103445041114 -0.04513201914237204 0.023447401415126381 0.0011419236372600787 -0.021280707149673173 -0.04102983695321645 0.061727476228231153 0.021257695083683463 0.041880414963767154 0.055726173572760551 0.015667204462238855 0.061349656590836479 0.018994087634748275 -0.010751699350222924 0.0072723081266965672 -0.012680327215179428 0.031587704692897393 0.058017035232590268 -0.0050315745516274673 -0.0012449929740387666 0.073598393010643165 0.0064922911633267166 -0.0292308324029492 0.006454074431342151 0.035562166766945007 0.042287917360192329 0.047016139524566264 0.021319174900081783
leaf_weight=173.83768969774246 177.81679476052523 563.91978961974382 21.190760225057602 167.38034541159868 300.65277202427387 74.771589264273643 454.26948960870504 564.90320677310228 66.541922017931938 331.20012322068214 314.79800173640251 75.538318693637848 56.544811770319939 14.144754201173781 47.483564615249634 70.354918226599693 138.11081753671169 130.23851031810045 172.65020859241486 357.20773872733116 245.47902826964855 102.75585492700338 6.8941992521286002 709.0371003895998 283.53546007722616 296.48133267462254 126.14430202543736 227.75757369399071 6.4732058793306342 11.961027577519415
leaf_count=1389 1066 6865 102 1589 1402 386 3748 5902 269 1583 1301 314 284 82 270 538 887 1034 755 1443 1619 747 35 3985 2614 1514 611 936 49 106
internal_value=-0.000318866 -0.0216245 0.023939 -0.0325564 0.00703369 0.0163202 -0.019944 -0.045435 0.0304129 0.00818412 0.0486325 0.0259363 0.0235676 -0.0113599 -0.0166162 -0.0376866 -0.00836066 -0.0290792 0.0178483 0.0504727 -0.0135221 0.0101749 0.00347797 0.00329425 -0.0336788 0.0130637 0.0227844 0.0370183 -0.0203003 -0.0271612
internal_weight=6290.08 3348.94 2941.14 2424.31 924.622 2247.94 1225.14 1199.18 367.195 1218.05 693.197 1029.89 954.35 632.021 508.226 635.258 557.428 593.115 670.047 672.006 419.317 123.795 109.65 886.854 462.877 497.397 200.916 284.302 460.743 295.496
internal_count=43425 29145 14280 23579 5566 11434 10274 13305 1671 6634 2846 4800 4486 4931 4067 6440 3895 5343 3266 2744 3008 864 782 5051 4309 2511 997 1220 3797 2720
cat_boundaries=0 1
cat_threshold=2
is_linear=0
shrinkage=0.05


Tree=17
num_leaves=31
num_cat=1
split_feature=7 7 7 7 13 13 13 13 7 7 13 4 4 7 13 7 13 12 5 3 13 4 13 4 3 7 6 13 1 7
split_gain=1183.76 392.71 201.599 154.281 121.711 63.5659 36.4391 35.099 33.2239 32.7684 28.0461 25.2674 23.9107 23.7728 22.124 21.1331 22.1834 18.6703 18.0024 17.295 16.5701 16.3705 14.4398 12.3896 13.0011 11.6194 11.6192 11.5689 10.5491 10.4998
threshold=0.061769910156726844 1.0000000180025095e-35 0.31805309653282171 0.013362831901758911 0.50151199102401745 0.37750813364982611 0.37070909142494207 0.45795778930187231 0.17752212285995486 0.00026548672030912718 0.3309676349163056 0.53136983513832103 0.22863636910915378 0.097964603453874602 0.40065722167491918 0.02008849568665028 0.29338400065898901 0 0.46868900954723364 0.30901856720447546 0.44115914404392248 0.47039544582366949 0.55146872997283947 0.32274959981441503 0.32781545817852026 0.0012389380135573449 0.2477144002914429 0.34459838271141058 0.32542745769023901 0.28300885856151586
decision_type=2 2 2 2 2 2 2 2 2 2 2 2 2 2 2 2 2 1 2 2 2 2 2 2 2 2 2 2 2 2
left_child=1 4 5 9 7 8 12 17 23 -3 -4 18 -5 19 25 -14 -17 -1 26 -7 21 -15 -6 24 -2 -11 -8 -10 -13 -29
right_child=2 3 10 6 22 13 11 -9 27 14 -12 28 15 20 -16 16 -18 -19 -20 -21 -22 -23 -24 -25 -26 -27 -28 29 -30 -31
leaf_value=-0.017968868581188367 -0.012214027959570155 -0.053847820988073336 0.021047882270801867 -0.044348198567098367 0.034679346802560615 0.0035309250873435637 -0.02139957751765123 0.010621982107015159 0.01293502245860087 0.01926084497862714 0.050328415578606456 -0.0050538329416713358 -0.032707300528937777 0.024863637403612988 -0.010293021554007072 -0.038196634463115151 -0.0099676463639329412 0.0058650740996235348 0.03150641874830571 0.042964892473067777 0.049884726109261368 0.057810931673501799 0.070266852559221313 0.0067934899693404011 0.018857250953043116 -0.041181502047976708 0.0031754198778929793 0.037389724467185755 0.04001003398843532 0.0099785546371863685
leaf_weight=323.94885387271643 185.09667920321226 539.31873338669538 95.742698401212692 131.17603988945484 168.51158298552036 161.49117748439312 191.90644203871489 286.24038714170456 213.25203515589237 7.9025750532746306 596.20261241495609 19.305142961442471 257.79889516532421 561.46053537726402 69.833656713366508 84.564970962703228 397.78511755913496 109.64824804663658 22.226719304919243 33.590550854802132 92.9558956772089 40.679971590638161 34.862428233027458 746.64877854287624 40.951906710863113 538.99568978697062 63.693466141819954 133.72334241867065 38.333997219800949 48.138848856091499
leaf_count=2475 1137 6865 426 1278 700 845 1590 1525 995 85 2420 132 2511 2522 538 821 3130 723 118 164 375 164 143 4237 235 5817 468 560 226 200
internal_value=-0.000317258 -0.0209581 0.0226737 -0.0317626 0.00668943 0.0154334 -0.0192479 -0.00295527 0.00865907 -0.0448194 0.0462878 -0.00522454 -0.02464 0.0258347 -0.0369087 -0.0211349 -0.014934 -0.0119302 -0.0114881 0.0103651 0.0301671 0.0271071 0.0408359 0.00368541 -0.00655707 -0.0402956 -0.0152573 0.0208866 0.0248475 0.0301709
internal_weight=6235.99 3286.05 2949.94 2362.84 923.212 2257.99 1206.79 719.837 1367.81 1156.05 691.945 335.466 871.325 890.178 616.732 740.149 482.35 433.597 277.827 195.082 695.096 602.141 203.374 972.697 226.049 546.898 255.6 395.114 57.6391 181.862
internal_count=43425 29145 14280 23579 5566 11434 10274 4723 7364 13305 2846 2534 7740 4070 6440 6462 3951 3198 2176 1009 3061 2686 843 5609 1372 5902 2058 1755 358 760
cat_boundaries=0 1
cat_threshold=2
is_linear=0
shrinkage=0.05


Tree=18
num_leaves=31
num_cat=1
split_feature=7 7 7 7 13 13 13 7 13 4 13 7 13 7 7 4 13 4 13 7 5 6 7 3 7 13 4 4 12 4
split_gain=1077.99 367.246 183.991 151.076 109.693 57.9721 35.0771 33.4161 32.3707 30.3526 31.9015 28.293 26.1399 24.6687 26.484 24.5749 21.5265 18.668 17.5809 16.6668 15.6211 14.7939 13.7771 17.9081 14.9668 13.6808 13.3359 12.5831 12.42 11.8816
threshold=0.061769910156726844 1.0000000180025095e-35 0.31805309653282171 0.013362831901758911 0.50151199102401745 0.3538001030683518 0.34395502507686621 0.00026548672030912718 0.45055314898490911 0.47039544582366949 0.41513071954250341 0.13831858336925509 0.32095189392566686 0.022035398520529274 0.027699114754796032 0.44127418100833898 0.41010548174381262 0.37838028371334081 0.30814042687416082 0.041327433660626418 0.37248815596103674 0.034470714628696449 0.12566372007131579 0.055060440674424178 0.087610617280006423 0.55146872997283947 0.33923077583312994 0.69314920902252208 0 0.42360590398311621
decision_type=2 2 2 2 2 2 2 2 2 2 2 2 2 2 2 2 2 2 2 2 2 2 2 2 2 2 2 2 1 2
left_child=1 4 5 7 8 11 19 -3 -1 10 15 18 -4 27 -15 22 -9 -16 -2 26 -13 -19 24 29 -7 -6 -5 -8 -10 -24
right_child=2 3 12 6 25 9 13 16 28 -11 -12 20 -14 14 17 -17 -18 21 -20 -21 -22 -23 23 -25 -26 -27 -28 -29 -30 -31
leaf_value=-0.012998575988457054 -0.026366145498743263 -0.053562279506099868 0.01368980080770205 -0.043872996519192825 0.032806650721948459 0.041979396706469344 -0.021682455819336074 -0.038805879748027815 0.0030320768078913297 0.044675692105645405 0.032838717402823937 0.016037837867475438 0.047227623290172875 0.046766316505876822 -0.020692796052979526 -0.0040367711620093961 -0.0023693118178895875 -0.02389117788688247 0 -0.0115592808859835 -0.0083730678239640546 0.013389306056901163 0.010362167193985609 0.035696991776107967 0.0068993223482257671 0.067606422191442181 -0.025619175330116276 0.041302382012357836 0.025643663898206256 0.041095721920355793
leaf_weight=374.10542437434196 79.467540368437767 515.68218775093555 64.635337203741074 157.37788969278336 169.21098186075687 33.684991523623466 309.22898605465889 554.88920915126801 264.63795602321625 124.6199364811182 303.58545935153961 443.0336027443409 625.45732447504997 27.300973519682884 110.37886763364077 154.43354934453964 44.061072990298271 33.176858082413673 307.85836212337017 127.74990295618773 76.559819906949997 131.76090975105762 211.31915818154812 181.90403388440609 313.33181926608086 34.437254399061203 284.12705110013485 7.9957277849316588 79.001565605401993 37.094417989253998
leaf_count=2850 587 6865 295 1589 700 157 2793 6105 1453 525 1293 2181 2551 164 884 840 335 222 1844 1034 397 797 964 787 1697 143 2720 71 420 162
internal_value=-0.000314965 -0.0203077 0.0214889 -0.0309781 0.00636629 0.014603 -0.0185716 -0.0442061 -0.00281813 0.0211333 0.0187509 0.00480368 0.0440961 -0.0103265 -9.63648e-05 0.0141524 -0.0361347 -0.00477681 -0.00541522 -0.0275374 0.0124305 0.00585019 0.0177726 0.023759 0.0103301 0.0387462 -0.0321457 -0.0200666 0.0082509 0.0149863
internal_weight=6182.11 3225.12 2956.99 2303.73 921.393 2266.89 1189.1 1114.63 717.745 1359.97 1235.35 906.919 690.093 619.842 302.618 931.768 598.95 275.317 387.326 569.255 519.593 164.938 777.334 430.318 347.017 203.648 441.505 317.225 343.64 248.414
internal_count=43425 29145 14280 23579 5566 11434 10274 13305 4723 6425 5900 5009 2846 4931 2067 4607 6440 1903 2431 5343 2578 1019 3767 1913 1854 843 4309 2864 1873 1126
cat_boundaries=0 1
cat_threshold=2
is_linear=0
shrinkage=0.05


Tree=19
num_leaves=31
num_cat=0
split_feature=7 7 7 7 13 1 13 7 13 4 7 13 13 13 13 7 13 13 4 4 7 13 7 13 6 3 6 6 7 1
split_gain=981.863 343.255 169.601 147.78 99.1686 62.9665 40.1446 34.0654 33.4608 25.7736 24.1824 23.5942 23.1367 21.1333 17.6025 17.0957 16.888 15.7455 14.764 13.454 13.4355 12.867 11.3833 11.3827 10.1245 10.1092 11.4394 10.063 14.4612 14.8645
threshold=0.061769910156726844 1.0000000180025095e-35 0.67185840010643016 0.013362831901758911 0.48095227777957922 0.91366460919380199 0.37750813364982611 0.00026548672030912718 0.38131254911422735 0.22863636910915378 0.02008849568665028 0.53683203458786022 0.29338400065898901 0.40065722167491918 0.42496992647647863 0.016371681354939941 0.4297721683979035 0.32877826690673834 0.47039544582366949 0.28569257259368902 0.17752212285995486 0.33629691600799566 0.0012389380135573449 0.42020721733570104 0.030959768220782283 0.32781545817852026 0.25040192902088171 0.049339246004819877 0.031946902163326747 0.4708049893379212
decision_type=2 2 2 2 2 2 2 2 2 2 2 2 2 2 2 2 2 2 2 2 2 2 2 2 2 2 2 2 2 2
left_child=1 4 5 7 14 6 19 -3 9 -5 -11 -6 -12 22 -1 -10 18 -7 -8 21 -19 -2 -9 24 -17 26 -23 -14 29 -29
right_child=2 3 -4 8 11 17 16 13 15 10 12 -13 27 -15 -16 23 -18 20 -20 -21 -22 25 -24 -25 -26 -27 -28 28 -30 -31
leaf_value=-0.017845538284332645 -0.021023757740617433 -0.053288895896484383 0.048901753567166362 -0.042263918975025988 0.021192361625921252 0.014650492980363068 0.013667471459048923 0.020530768612850966 -0.018960697450529626 -0.030430095130674569 -0.036829359564837044 0.05483547085042393 -0.018472289526004958 -0.0091799898101278792 0.00017828667445955929 -0.024332578734781257 0.03592020120829046 0.015731893108190911 0.050706565240699587 0.0068994544548659767 0.034637070452252415 -0.012254500641141135 -0.039774550834331623 0.038470730920975249 0.0099497456330415821 0.034230605978198173 0.022808842627316687 -0.0008533224279378927 -0.0098389652284504442 0.041041729486955947
leaf_weight=212.47324070334435 93.702186524868011 492.98560155928135 443.24265941977501 136.8866947516799 270.20299519598484 198.58713158965111 504.79679606854916 7.7808334305882445 86.908191576600075 284.36287905275822 80.394526816904545 64.94189527630806 142.23704561591148 68.574452735483646 371.94306929409504 27.367867738008499 128.2581802457571 118.17883771657944 28.466003552079201 821.35523713380098 485.51406213641167 86.771094545722008 505.56247292459011 26.592718929052353 99.190535448491573 21.647650361061096 31.625716269016266 58.418499834835529 196.90702924877405 32.904287308454514
leaf_count=1685 594 6865 1827 1405 1208 952 2415 85 764 2871 821 269 1140 538 2404 193 544 584 117 4467 1995 494 5817 154 661 117 174 493 1505 267
internal_value=-0.000312471 -0.0196688 0.0203784 -0.0301996 0.00605963 0.0153556 0.00994559 -0.0435925 -0.0179111 -0.0221982 -0.018733 0.0277408 -0.0122075 -0.0353617 -0.00636792 -0.00124208 0.0196031 0.0269222 0.0156632 0.00388458 0.0309477 -0.00668632 -0.0388469 0.00878584 0.00248346 0.00287917 -0.00283497 -0.00759004 -0.00219793 0.0142155
internal_weight=6128.78 3166.63 2962.15 2247.07 919.561 2518.9 1716.62 1074.9 1172.17 932.111 795.224 335.145 510.861 581.918 584.416 240.059 661.521 802.28 533.263 1055.1 603.693 233.747 513.343 153.151 126.558 140.044 118.397 430.467 288.23 91.3228
internal_count=43425 29145 14280 23579 5566 12453 8922 13305 10274 8502 7097 1477 4226 6440 4089 1772 3076 3531 2532 5846 2579 1379 5902 1008 854 785 668 3405 2265 760
is_linear=0
shrinkage=0.05


Tree=20
num_leaves=31
num_cat=0
split_feature=7 7 7 7 13 13 13 7 13 7 7 13 4 7 13 13 4 13 6 13 7 7 5 13 5 3 7 13 13 7
split_gain=896.234 342.07 163.754 122.049 90.9504 53.6829 34.9287 31.8223 26.9163 26.8888 26.7238 23.7078 22.3154 20.3897 25.0288 18.2172 17.2956 15.7814 15.68 15.4598 14.896 24.5323 14.5054 14.3151 14.0232 13.8561 13.3792 19.1634 13.078 14.869
threshold=0.047610620036721236 1.0000000180025095e-35 0.31805309653282171 0.01212389348074794 0.50151199102401745 0.3538001030683518 0.38131254911422735 0.00026548672030912718 0.45055314898490911 0.13831858336925509 0.12566372007131579 0.29750327765941625 0.25211864709854132 0.02008849568665028 0.29338400065898901 0.41010548174381262 0.52086955308914196 0.39086769521236425 0.29185217618942266 0.3218358457088471 0.087610617280006423 0.076194688677787795 0.005000124918296934 0.41513071954250341 0.37248815596103674 0.031277174130082137 0.11283186078071596 0.3945730477571488 0.41850687563419348 0.13831858336925509
decision_type=2 2 2 2 2 2 2 2 2 2 2 2 2 2 2 2 2 2 2 2 2 2 2 2 2 2 2 2 2 2
left_child=1 4 5 7 8 9 12 -3 -1 19 20 -4 -5 -14 -15 -9 -8 -13 25 -2 21 -7 -21 26 -11 28 -22 -28 29 -12
right_child=2 3 11 6 -6 10 16 15 -10 24 18 17 13 14 -16 -17 -18 -19 -20 22 23 -23 -24 -25 -26 -27 27 -29 -30 -31
leaf_value=-0.012043574646190706 -0.018166737798877532 -0.053026657252011111 -0.01115383163414973 -0.040468400511055699 0.035250246879104219 0.015309578196123675 -0.0085970796905540034 -0.03779744197245806 0.0073703613541354455 0.014487798973624158 0.045623984065576197 0.033789794630424405 -0.029980644466757314 -0.038684196320418342 -0.006806738825382061 -0.0034083206635698911 0.02672224109079745 0.049353298172410395 0.055520081457872232 0.01318192505786939 0.0073822567493465139 0.073942572106856161 -0.0094021954920111422 0.023426050473545505 -0.0086190101725780142 0.028689803737828964 -0.033076386376655185 0.01798457269020581 0.032600597154917303 0.0047224052164581117
leaf_weight=368.15327745676041 157.98647670447826 471.20350437611341 21.505635544657707 166.67301266640425 203.48313954472542 86.833889812231064 189.19814009964466 475.61206086724997 346.19726344943047 447.73684658110142 24.804294899106026 315.35862734913826 300.07861083745956 75.752660758793354 331.09903606027365 42.276086926460266 42.306389436125755 347.34245669841766 39.392326757311821 135.38236354291439 309.65412390232086 22.507494300603867 149.39989757537842 105.30371664464474 76.588144436478615 454.43737018108368 53.054393768310547 27.866876199841499 79.096616789698601 211.23563942313194
leaf_count=2850 1159 6865 102 1738 843 444 1523 5562 1873 2181 114 1301 3156 799 2713 324 249 1443 159 795 1657 99 885 473 397 1962 334 129 322 974
internal_value=-0.000309461 -0.0196803 0.018722 -0.0308353 0.00576687 0.0125235 -0.0194049 -0.043598 -0.00262824 0.00343837 0.0187321 0.0402827 -0.023981 -0.0200815 -0.0127624 -0.0350011 -0.0021123 0.0419609 0.0246819 -0.0056261 0.0107683 0.0274812 0.00131736 0.00706823 0.0111021 0.0230899 0.0026403 -0.0154303 0.0149922 0.00905923
internal_weight=6077.52 3012.03 3065.49 2094.2 917.834 2381.28 1105.11 989.092 714.351 967.094 1414.19 684.207 873.603 706.93 406.852 517.888 231.505 662.701 808.966 442.769 605.22 109.341 284.782 495.879 524.325 769.574 390.575 80.9213 315.137 236.04
internal_count=43425 28495 14930 22929 5566 12084 10178 12751 4723 5417 6667 2846 8406 6668 3512 5886 1772 2744 3531 2839 3136 543 1680 2593 2578 3372 2120 463 1410 1088
is_linear=0
shrinkage=0.05


Tree=21
num_leaves=31
num_cat=1
split_feature=7 7 7 7 13 1 13 13 7 13 4 13 7 13 12 13 4 4 13 4 13 13 6 4 4 6 3 7 7 6
split_gain=817.059 319.901 151.028 119.61 82.1768 56.8773 36.4074 32.6764 32.4367 26.7716 21.5693 19.4437 29.3921 17.8449 17.0589 16.4812 19.2531 15.4868 13.4463 11.7345 12.2884 11.5518 11.5329 11.5115 15.5358 11.6153 11.435 11.3058 10.9066 12.0752
threshold=0.047610620036721236 1.0000000180025095e-35 0.67185840010643016 0.01212389348074794 0.50527185201644909 0.91366460919380199 0.36942702531814581 0.38131254911422735 0.00026548672030912718 0.45936582982540136 0.25211864709854132 0.29338400065898901 0.019026548601686958 0.40065722167491918 0 0.4297721683979035 0.47039544582366949 0.52086955308914196 0.32095189392566686 0.26999843120574957 0.33569738268852239 0.55146872997283947 0.025218237191438678 0.38905704021453863 0.19897611439228061 0.020442989654839042 0.32781545817852026 0.0012389380135573449 0.016371681354939941 0.054018178954720504
decision_type=2 2 2 2 2 2 2 2 2 2 2 2 2 2 1 2 2 2 2 2 2 2 2 2 2 2 2 2 2 2
left_child=1 4 5 8 9 6 19 10 -3 14 -5 -12 -13 27 -1 16 23 28 -7 20 -2 -6 -20 24 -8 -25 -22 -10 -9 -30
right_child=2 3 -4 7 21 18 15 17 13 -11 11 12 -14 -15 -16 -17 -18 -19 22 -21 26 -23 -24 25 -26 -27 -28 -29 29 -31
leaf_value=-0.01586343190279884 -0.021008294921659024 -0.052774623365928836 0.04505970769933855 -0.039720928787824981 0.029298343291807628 0.01123362684370271 -0.0031866131064251842 -0.020995898996476567 0.02166997735219164 0.009421064901536505 -0.040392705960544215 -0.029458759816985921 -0.0069006549345182536 -0.0094879858482240561 0.0068903884653776885 0.032533950867884152 0.045283442310809385 0.025035871723953114 0.0007141573406477756 0.004736386476679069 -0.0033068219242432802 0.062074398450998915 0.029174094315567101 0.048871632756445856 0.022364160655326329 0.0011581013650414599 0.044109837704619653 -0.038912724045522408 -0.020683888152789709 0.015814031979358541
leaf_weight=320.8298974186182 101.5376111343503 450.30966131389141 435.18538196384907 161.45429521799088 151.91308146715164 159.49257110059261 75.159648656845093 88.429488129913807 7.6743972674012175 299.83466273546219 95.337001837790012 243.06527526676655 357.64118231087923 64.184074550867081 110.40029409527779 130.53109267354012 43.531874373555183 42.889433145523071 38.18902388215065 805.98986317962408 88.417338564991951 33.214895874261856 610.45679959654808 13.298496395349501 279.03408153355122 272.41257829964161 14.727375268936155 431.53987948596478 34.598803415894508 65.040620721876621
leaf_count=2521 676 6865 1827 1738 622 766 368 805 85 1544 1042 2620 3006 512 736 550 179 249 168 4467 510 143 2597 64 1335 1344 79 5289 258 460
internal_value=-0.000306129 -0.0190553 0.0177716 -0.0300681 0.00548709 0.0132576 0.00836172 -0.0187304 -0.0429992 -0.00204325 -0.0232266 -0.0193882 -0.0160401 -0.0342359 -0.0100263 0.016232 0.0131068 -0.00201269 0.024303 0.00201731 -0.00866242 0.0352362 0.0275066 0.0109033 0.0169288 0.00341276 0.00345124 -0.0378381 -0.00821776 0.00308233
internal_weight=6026.32 2958.36 3067.96 2042.16 916.193 2632.78 1824.64 1088.46 953.708 731.065 857.498 696.043 600.706 503.398 431.23 813.968 683.437 230.958 808.138 1010.67 204.682 185.128 648.646 639.905 354.194 285.711 103.145 439.214 188.069 99.6394
internal_count=43425 28495 14930 22929 5566 13103 9572 10178 12751 4801 8406 6668 5626 5886 3257 3840 3290 1772 3531 5732 1265 765 2765 3111 1703 1408 589 5374 1523 718
cat_boundaries=0 1
cat_threshold=2
is_linear=0
shrinkage=0.05


Tree=22
num_leaves=31
num_cat=0
split_feature=7 7 7 7 13 7 7 13 13 13 13 13 4 7 13 7 7 4 7 7 13 7 13 7 13 4 6 13 13 7
split_gain=744.896 298.999 139.562 118.3 74.3608 51.1107 42.8696 37.9641 30.9456 27.2732 24.7594 23.7066 18.1033 17.9676 16.5697 16.11 14.9722 13.9561 13.3757 29.8115 21.5321 11.8137 24.3556 26.6265 11.21 11.116 11.0305 11.0236 10.8733 20.3647
threshold=0.047610620036721236 1.0000000180025095e-35 0.67185840010643016 0.00026548672030912718 0.50527185201644909 0.17752212285995486 0.02008849568665028 0.38877110183238989 0.29338400065898901 0.38131254911422735 0.43914876878261572 0.40308751165866857 0.25211864709854132 0.097964603453874602 0.35079392790794378 0.15415929257869723 0.0012389380135573449 0.50996163487434398 0.12566372007131579 0.11283186078071596 0.33318836987018591 0.14672566205263141 0.31578144431114202 0.15265487134456637 0.3309676349163056 0.506115883588791 0.061929596588015563 0.55146872997283947 0.46222122013568884 0.15415929257869723
decision_type=2 2 2 2 2 2 2 2 2 2 2 2 2 2 2 2 2 2 2 2 2 2 2 2 2 2 2 2 2 2
left_child=1 4 5 -3 10 7 9 15 -8 16 -1 12 -10 26 -7 18 -5 -11 19 20 -2 -20 -23 -24 -25 -22 -9 -6 29 -15
right_child=2 3 -4 6 27 14 8 13 11 17 -12 -13 -14 28 -16 -17 -18 -19 21 -21 25 22 23 24 -26 -27 -28 -29 -30 -31
leaf_value=-0.013424552805088334 -0.011864189380092975 -0.052531915506647264 0.043259675126346098 0.049851794401817404 0.027800164237685721 0.014649529536206646 -0.039601053999034214 0.020827096322626068 -0.031720054851300042 -0.020846001974762825 0.0054408751293221055 0.025716464096661874 -0.0063629467290925185 0.030787921980516643 0.028358415843908216 -0.03181611458840515 -0.034895261732327022 0.0091589878914441394 0.016878427173056546 -0.034281474209647403 0.0069029210711983331 -0.04740835941572305 -0.014575898538712979 -0.010554620355377367 0.029308054174145056 0.050268352031632241 -0.0053514058719523177 0.060040062890216954 0.052772774160652708 0.0037293140819157494
leaf_weight=285.85588746517897 185.77478390932083 430.27742275595665 430.74687591195107 5.1178904175758353 152.09515804052353 400.32773804664612 89.070761695504189 67.345027685165405 86.757060416042805 188.90570962429047 443.44802032411098 48.03548277169466 376.52530512958765 223.1419865489006 497.4424811899662 32.738582193851471 719.02844025194645 48.429507844150066 273.82562094926834 60.700881369411945 423.99732425808907 22.835018381476402 83.96767070889473 21.247816070914268 97.856533363461494 15.263167455792425 99.210965156555176 32.641305088996887 32.568304285407066 101.68199652433395
leaf_count=2316 1330 6865 1827 56 622 1765 1014 331 866 1796 2485 288 3026 955 2015 192 8579 439 1427 406 2344 140 446 121 469 75 497 143 132 458
internal_value=-0.000302188 -0.0184468 0.0168689 -0.0293102 0.00522491 0.0125595 -0.0229067 0.00756015 -0.0124065 -0.0294562 -0.00194754 -0.00765261 -0.0111281 0.018815 0.0222533 0.00271422 -0.0342826 -0.014701 0.00367465 -0.000852691 0.00239074 0.00989603 0.0014067 0.00694109 0.0221519 0.00843224 0.00520972 0.0335531 0.0251383 0.0223367
internal_weight=5976.86 2906.19 3070.67 1992.15 914.04 2639.93 1561.87 1742.16 600.389 961.482 729.304 511.318 463.282 523.948 897.77 1218.21 724.146 237.335 1185.47 685.736 625.035 499.733 225.907 203.072 119.104 439.26 166.556 184.736 357.392 324.824
internal_count=43425 28495 14930 22929 5566 13103 16064 9323 5194 10870 4801 4180 3892 2373 3780 6950 8635 2235 6758 4155 3749 2603 1176 1036 590 2419 828 765 1545 1413
is_linear=0
shrinkage=0.05


Tree=23
num_leaves=31
num_cat=1
split_feature=7 7 7 7 13 13 1 13 13 13 13 6 7 1 13 4 12 13 4 13 4 5 7 4 13 5 6 4 13 6
split_gain=679.192 279.266 129.317 117.478 68.2974 41.5985 40.9138 23.7994 23.3464 20.9634 20.0373 19.8305 19.4302 17.3084 14.1679 16.8728 13.6563 13.5963 12.5639 12.0611 11.7777 12.8314 11.103 13.1896 12.6304 10.3592 9.85594 9.7634 15.3833 8.71045
threshold=0.047610620036721236 1.0000000180025095e-35 0.31805309653282171 0.00026548672030912718 0.47537976503372198 0.3680951744318009 0.4708049893379212 0.35137860476970678 0.41010548174381262 0.53683203458786022 0.29750327765941625 0.052697699517011649 0.12566372007131579 0.91366460919380199 0.29014998674392706 0.53136983513832103 0 0.39086769521236425 0.21389906853437426 0.42798537015914923 0.52086955308914196 0.0099751241505146044 0.016371681354939941 0.33782868087291723 0.37750813364982611 0.40555556118488317 0.29185217618942266 0.37588028609752661 0.33501596748828893 0.26226076483726507
decision_type=2 2 2 2 2 2 2 2 2 2 2 2 2 2 2 2 1 2 2 2 2 2 2 2 2 2 2 2 2 2
left_child=1 4 5 -3 16 13 8 -8 14 -6 -4 25 -7 27 -5 22 19 -12 -14 -1 29 -22 -16 -24 -25 -9 -20 28 -2 -13
right_child=2 3 10 6 9 12 7 11 -10 -11 17 20 18 -15 15 -17 -18 -19 26 -21 21 -23 23 24 -26 -27 -28 -29 -30 -31
leaf_value=-0.021701436114668734 -0.016745841673021667 -0.052297704553647344 -0.011738368370289987 -0.047412975473630631 0.016090893967651346 0.0098078738729461268 -0.020285137289750628 -0.024843063710956157 -0.0016070212196235508 0.047932368830743477 0.029421510508072603 0.020084510755313572 0.0042405168759512306 0.014185756312309528 -0.035356748478027215 -0.01347900983029764 0.007153527442645637 0.043991996126469063 0.024218678001556943 -0.0039708286561978079 0.065542698350411405 0.0056049003343910499 -0.033840491248543166 -0.016664505113343643 0.030360148133306532 0.035928121412076568 0.054843422318321899 0.0051824933490369268 0.0034067254460881883 -0.0086928057290732112
leaf_weight=160.0839776173234 164.66397646814585 411.07978381961584 21.606099009513855 102.1825894638896 310.29125511646271 468.53528518974781 251.62373369187117 66.985791496932507 80.322803527116776 62.289378464221954 313.52142824232578 49.436127305030823 77.915595099329948 333.59849882870913 483.3360446318984 170.92607025057077 138.01974666118622 337.10724501311779 549.33965165913105 241.38746431469917 19.396709710359573 16.873887948691845 115.09118683636189 97.221530601382256 16.579970814287663 7.6801721155643454 27.871617838740349 554.37695393711329 221.90594020485878 55.695992112159729
leaf_count=1389 1080 6865 102 1273 1402 2330 2522 562 628 269 1301 455 364 1540 5928 1720 887 1443 2330 1619 124 107 1167 948 127 62 112 3097 1231 441
internal_value=-0.000298184 -0.0178469 0.0160263 -0.0285542 0.00497479 0.0105897 -0.0221825 -0.00983439 -0.0275956 0.0214391 0.0354092 0.00231671 0.0176042 0.00440086 -0.0297087 -0.0276495 -0.00638833 0.0369841 0.02317 -0.0110569 0.0133417 0.0378879 -0.0310408 -0.0218939 -0.00974885 -0.0184855 0.0257153 0.000925326 -0.00516668 0.00479782
internal_weight=5926.95 2856.5 3070.44 1944.43 912.072 2398.21 1533.35 467.692 1065.66 372.581 672.235 216.069 1123.66 1274.55 985.337 883.155 539.491 650.629 655.127 401.471 141.403 36.2706 712.229 228.893 113.802 74.666 577.211 940.947 386.57 105.132
internal_count=43425 28495 14930 22929 5566 12084 16064 4273 11791 1671 2846 1751 5136 6948 11163 9890 3895 2744 2806 3008 1127 231 8170 2242 1075 624 2442 5408 2311 896
cat_boundaries=0 1
cat_threshold=2
is_linear=0
shrinkage=0.05


Tree=24
num_leaves=31
num_cat=1
split_feature=7 7 7 7 13 1 7 13 13 13 13 13 4 13 4 5 4 4 4 12 7 13 13 13 6 5 7 6 1 5
split_gain=619.179 260.635 119.9 116.554 62.3015 43.523 40.1074 28.6362 28.0919 26.3914 20.631 19.3242 16.7837 14.9925 29.1517 19.4495 15.7703 13.9583 13.758 12.1692 12.1091 11.1867 10.9474 10.7919 10.1056 10.6461 10.4998 12.8673 20.8472 18.4273
threshold=0.047610620036721236 1.0000000180025095e-35 0.67185840010643016 0.00026548672030912718 0.50151199102401745 0.91366460919380199 0.02008849568665028 0.29338400065898901 0.40857808291912084 0.35961994528770452 0.40308751165866857 0.42496992647647863 0.25211864709854132 0.33167885243892675 0.47039544582366949 0.0020918130176141862 0.44127418100833898 0.34656305611133581 0.65896359086036693 0 0.13831858336925509 0.55146872997283947 0.32877826690673834 0.41010548174381262 0.36325818300247198 0.52959111332893383 0.031946902163326747 0.052697699517011649 0.4708049893379212 0.41596639156341558
decision_type=2 2 2 2 2 2 2 2 2 2 2 2 2 2 2 2 2 2 2 1 2 2 2 2 2 2 2 2 2 2
left_child=1 4 5 -3 11 8 9 -8 13 -5 12 -1 -9 17 16 -16 -15 -2 23 -13 -19 -6 -7 -11 25 26 27 -14 -29 -30
right_child=2 3 -4 6 21 22 7 10 -10 18 -12 19 24 14 15 -17 -18 20 -20 -21 -22 -23 -24 -25 -26 -27 -28 28 29 -31
leaf_value=-0.01530279714185926 -0.017169680084018552 -0.052071209494404018 0.039990966185948662 -0.035517160061842849 0.024074232659897259 0.010793069181355504 -0.038265749064499616 -0.030328731007089878 0.021160312474156697 -0.024264935405886052 0.02419234913378096 -0.001367667685201563 -0.017596726200061707 0.0072703278529311598 0.061205944145188707 0.017393712655110541 -0.0098731560162244845 -0.0076318338762690402 0.032304708257604502 0.016809061461270512 0.012551015572104458 0.056661375813255081 0.024243568512851168 -0.0035391232305145601 0.040482696622611829 0.024203386741768231 -0.016381451758168696 -0.0048369452163817116 0.074831664350480165 -0.012649396561339047
leaf_weight=202.48073454201221 131.94120717793703 392.68963871151209 421.56376621127129 514.59048353135586 170.67731115221977 203.35407926142216 83.971010312438011 83.206425413489342 294.24485352635384 312.59422145783901 48.589275054633617 384.56497991085052 51.411801524460316 829.18540531396866 36.039874970912933 86.940172150731087 159.72714056074619 149.66071835905313 12.788040831685064 120.8098159134388 147.19944827258587 31.535289719700813 611.59493060410023 79.375082097947598 11.465504474937914 25.302667386829853 204.7202854603529 49.820599801838398 19.950201392173771 8.4358850568532926
leaf_count=1685 848 6865 1827 6524 700 952 1014 866 1273 3568 288 2361 438 4272 164 402 856 1038 128 677 719 143 2579 650 92 206 1640 429 158 63
internal_value=-0.000293616 -0.0172598 0.0152211 -0.0278035 0.00473546 0.0112773 -0.0214703 -0.0112414 0.00700216 -0.0279926 -0.00671244 -0.00225122 -0.0100333 0.00429377 0.00735806 0.030313 0.00449557 -0.00364022 -0.0184076 0.00297005 0.00235994 0.0292064 0.0208951 -0.0200826 -0.00546247 -0.00695196 -0.00933127 0.00176932 0.0145703 0.048705
internal_weight=5880.43 2808.98 3071.45 1898.91 910.068 2649.89 1506.22 586.874 1834.94 919.348 502.903 707.856 454.313 1540.69 1111.89 122.98 988.913 428.801 404.757 505.375 296.86 202.213 814.949 391.969 371.107 359.641 334.339 129.618 78.2067 28.3861
internal_count=43425 28495 14930 22929 5566 13103 16064 5194 9572 10870 4180 4723 3892 8299 5694 566 5128 2605 4346 3038 1757 843 3531 4218 3026 2934 2728 1088 650 221
cat_boundaries=0 1
cat_threshold=2
is_linear=0
shrinkage=0.05


Tree=25
num_leaves=31
num_cat=1
split_feature=7 7 7 7 13 7 13 13 13 4 13 4 13 7 13 12 13 1 4 5 13 13 5 13 1 1 5 5 6 7
split_gain=564.464 243.156 115.488 111.03 56.9489 38.421 35.4057 28.7054 27.7899 22.0032 21.2211 20.9554 22.3193 18.4178 17.6987 15.3628 14.8492 13.3188 12.9832 12.2622 11.9939 11.8034 12.8434 11.1944 11.0986 12.4082 11.1923 10.5144 10.9967 9.86669
threshold=0.047610620036721236 1.0000000180025095e-35 0.00026548672030912718 0.31805309653282171 0.50878319144248974 0.017256637103855613 0.3538001030683518 0.29338400065898901 0.36199311912059789 0.1225140728056431 0.46069999039173132 0.47039544582366949 0.44226951897144323 0.13831858336925509 0.39086769521236425 0 0.40625938773155218 0.81165540218353283 0.67892158031463634 0.37248815596103674 0.29750327765941625 0.3218358457088471 0.005000124918296934 0.41010548174381262 0.38013136386871343 0.59761905670166027 0.49264955520629888 0.52959111332893383 0.36325818300247198 0.0017699114396236839
decision_type=2 2 2 2 2 2 2 2 2 2 2 2 2 2 2 1 2 2 2 2 2 2 2 2 2 2 2 2 2 2
left_child=1 4 -3 6 10 8 13 -7 29 -9 15 12 17 21 20 -1 27 24 23 -15 -5 -2 -23 -10 26 -26 -8 28 -11 -4
right_child=3 2 5 14 -6 7 11 9 18 16 -12 -13 -14 19 -16 -17 -18 -19 -20 -21 -22 22 -24 -25 25 -27 -28 -29 -30 -31
leaf_value=-0.014166334918659072 -0.016632540208599757 -0.051851691269768511 0.015477718094726509 -0.011463242264660792 0.031403227473351884 -0.038387366753383882 0.0098681541741984877 -0.039148707387009762 -0.024896043612230981 -0.011175425806648195 0.0085303483711557555 0.033861968434126706 0.034718567431938928 0.011477651422892365 0.040820745525296985 0.0072639104622236952 0.020013589983921706 0.01579802507716389 0.036154783612485669 -0.010044818537416856 0.026903261500974857 0.011571155917617962 -0.0095936536036464286 -0.0025771381623331106 -0.022245469728866468 0.0040605177096611099 0.043004991824576927 0.022599039689176134 0.037394696338322923 -0.038542598843407092
leaf_weight=317.89060475677252 153.64838323742151 375.07992862910032 8.4487079977989179 21.549364387989044 161.68132376670837 94.666029326617718 141.2064613699913 54.878335200250149 243.48041415214539 500.8381931707263 315.45840036869049 127.11828109622002 104.75493411719799 456.31157433986664 329.62539480626583 113.05765940248966 49.831166051328182 613.16518421471119 10.595772832632063 77.076668247580528 311.9687971919775 137.36455161869526 149.62854807078838 73.727627098560333 50.965185657143593 366.06039321422577 31.238750115036964 25.739426158368587 11.791157655417917 406.05595928430557
leaf_count=2561 1159 6865 108 102 677 1179 681 615 2899 4517 1580 525 431 2181 1443 748 297 2763 102 397 1301 795 885 610 262 1853 152 206 92 5439
internal_value=-0.00028918 -0.0166862 -0.0270634 0.0144597 0.00450841 -0.020775 0.00946796 -0.0126794 -0.0288113 -0.00888185 -0.00131408 0.0144636 0.0125712 0.00210471 0.032578 -0.00853221 -0.00604332 0.0106352 -0.0178947 0.0083569 0.0244066 -0.00545228 0.000519622 -0.0197267 0.00525465 0.000829083 0.0159214 -0.00846769 -0.0100414 -0.037426
internal_weight=5834.9 2763.22 1855.13 3071.68 908.088 1480.05 2408.54 737.744 742.308 643.078 746.407 1434.51 1307.39 974.03 663.144 430.948 588.2 1202.64 327.804 533.388 333.518 440.641 286.993 317.208 589.471 417.026 172.445 538.369 512.629 414.505
internal_count=43425 28495 22929 14930 5566 16064 12084 6906 9158 5727 4889 6667 6142 5417 2846 3309 5112 5711 3611 2578 1403 2839 1680 3509 2948 2115 833 4815 4609 5547
cat_boundaries=0 1
cat_threshold=2
is_linear=0
shrinkage=0.05


Tree=26
num_leaves=31
num_cat=1
split_feature=7 7 7 7 13 7 7 13 13 13 4 13 13 13 6 4 6 1 7 7 5 4 13 7 12 6 13 4 13 7
split_gain=514.582 226.665 114.331 103.115 51.7518 36.6819 36.5622 29.5419 23.7938 19.8564 19.8286 19.086 18.0495 17.8698 15.2611 14.519 12.1176 12.0206 11.8622 16.4235 11.5201 10.737 12.4544 17.8314 10.6533 10.6053 10.2634 10.0868 10.0104 11.8718
threshold=0.047610620036721236 1.0000000180025095e-35 0.00026548672030912718 0.67185840010643016 0.47537976503372198 0.016371681354939941 0.12566372007131579 0.37870816886425024 0.40065722167491918 0.33240729570388799 0.25211864709854132 0.29338400065898901 0.35018461942672735 0.53683203458786022 0.0245190653949976 0.57738095521926891 0.052697699517011649 0.90121948719024669 0.087610617280006423 0.076194688677787795 0.37248815596103674 0.47039544582366949 0.4297721683979035 0.13831858336925509 0 0.020442989654839042 0.42798537015914923 0.50996163487434398 0.41513071954250341 0.11283186078071596
decision_type=2 2 2 2 2 2 2 2 2 2 2 2 2 2 2 2 2 2 2 2 2 2 2 2 1 2 2 2 2 2
left_child=1 4 -3 6 24 8 12 10 15 20 -7 -12 -2 -6 25 -4 -9 21 19 -14 -8 22 23 -16 26 -11 -1 -10 29 -20
right_child=3 2 5 -5 13 7 9 16 27 14 11 -13 18 -15 17 -17 -18 -19 28 -21 -22 -23 -24 -25 -26 -27 -28 -29 -30 -31
leaf_value=-0.019966497689968995 -0.0072752109616122176 -0.051638456290457692 -0.035070561917742327 0.0370170074216628 0.013750886010783742 -0.036258782347672699 0.0094093833318449858 -0.012496124357492493 -0.014896442925125443 0.013197213283864912 -0.03628236001404913 -0.0091560036189669916 0.011670632632604101 0.043571117613899632 0.029944141515356727 -0.0051109121732968331 0.017632535093779947 0.025260168410244956 0.0045972384579448088 0.056371867178663604 -0.011639053323870144 0.03324392623467444 0.031993904676660093 0.0044576321097525885 0.0061544700637946696 -0.021695617301374856 -0.0033980212710053494 0.022756527326967854 0.017504787521258124 -0.016445754115690579
leaf_weight=154.24638362973928 321.23746199160814 358.22369983792305 522.76567981392145 412.06456695497036 312.8184657394886 114.25993640720844 411.2607659548521 50.295759029686451 88.841512411832809 50.119554236531258 76.282684460282326 438.20587035268545 99.239643424749374 60.098555907607079 84.518251776695251 44.298196546733379 98.04284406453371 515.48976518213749 337.65336090326309 26.008963257074356 76.925210669636726 69.661222398281097 69.619772911071777 367.47600303590298 139.47428934276104 38.301600113511086 239.43767361342907 22.057633921504021 107.6099096685648 83.504949748516083
leaf_count=1389 2149 6865 7098 1827 1402 1372 1998 366 771 224 967 4087 502 269 394 564 659 2123 1774 114 408 303 282 1705 887 173 1619 180 473 481
internal_value=-0.000284242 -0.0161243 -0.0263285 0.0137419 0.0042918 -0.0200908 0.0101313 -0.0126614 -0.0285959 0.0145947 -0.0173985 -0.013194 0.00242127 0.0185805 0.0180673 -0.0327403 0.00738188 0.0196645 0.00719198 0.0210307 0.00608076 0.0147742 0.0122921 0.00923997 -0.00569462 -0.00186835 -0.00990571 -0.00734854 0.00390121 0.000410167
internal_weight=5790.04 2719.35 1813.27 3070.69 906.075 1455.05 2658.63 777.087 677.963 1683.37 628.748 514.489 975.254 372.917 1195.19 567.064 148.339 1106.77 654.017 125.249 488.186 591.275 521.614 451.994 533.158 88.4212 393.684 110.899 528.768 421.158
internal_count=43425 28495 22929 14930 5566 16064 13103 7451 8613 7610 6426 5054 5493 1671 5204 7662 1025 4807 3344 616 2406 2684 2381 2099 3895 397 3008 951 2728 2255
cat_boundaries=0 1
cat_threshold=2
is_linear=0
shrinkage=0.05


Tree=27
num_leaves=31
num_cat=1
split_feature=7 7 7 1 13 1 13 7 13 13 13 7 13 13 6 4 13 7 7 13 5 6 12 7 7 5 7 6 5 6
split_gain=469.113 211.157 113.061 95.626 47.8142 35.7709 29.1036 21.9219 20.7822 18.8053 17.4681 15.624 16.1711 15.6071 14.6507 14.1104 13.8623 15.9759 12.7296 12.0973 13.6263 13.1579 11.6967 11.6687 10.6017 20.4161 10.2951 10.3478 10.2264 9.80496
threshold=0.047610620036721236 1.0000000180025095e-35 0.00026548672030912718 0.97464698553085338 0.50878319144248974 0.4708049893379212 0.41427718102931982 0.12566372007131579 0.33956031501293188 0.41010548174381262 0.45936582982540136 0.11283186078071596 0.3945730477571488 0.3218358457088471 0.050125628709793098 0.15779159218072894 0.29469327628612524 0.019026548601686958 0.0012389380135573449 0.33240729570388799 0.37248815596103674 0.29185217618942266 0 0.31805309653282171 0.13831858336925509 0.4275322705507279 0.097964603453874602 0.086564276367425932 0.41143791377544409 0.22477751225233081
decision_type=2 2 2 2 2 2 2 2 2 2 2 2 2 2 2 2 2 2 2 2 2 2 1 2 2 2 2 2 2 2
left_child=1 4 -3 6 10 9 7 11 -7 15 22 13 -13 -2 28 -4 -17 18 -18 20 -9 24 -1 -5 -21 29 27 -8 -10 -26
right_child=3 2 5 23 -6 8 26 19 14 -11 -12 12 -14 -15 -16 16 17 -19 -20 21 -22 -23 -24 -25 25 -27 -28 -29 -30 -31
leaf_value=-0.013110163814365392 -0.014153382349025898 -0.051430844037878988 -0.041150101075333761 0.018976506338374537 0.028843100033529846 -0.020263967841265898 0.023383704891548174 0.0075431691347043368 -0.020420355764232234 -0.0014675110771560128 0.0073977446592512278 -0.03257804102020085 0.012728078152888581 0.0056929639082068228 0.0098648309877627099 -0.042779398085213895 0.038613987777511821 -0.0086678727606241315 -0.027230132807508529 0.028037910417895009 -0.017397576922597895 0.038642078368285981 0.0057659658883780444 0.034484877613915561 0.018167411453624837 -0.009481304984347759 0.027717466603998493 -0.014292265524854388 0.044013866920143058 0.0035233806072576322
leaf_weight=305.12982849776745 116.88930625468493 342.09425365179777 145.37153857946396 167.02508373558521 160.33619637787342 190.06636207550764 39.92780813574791 373.8480096757412 79.107382245361805 80.009995900094509 326.79545183479786 65.604903787374496 27.873720169067383 643.54339469969273 173.2963841855526 87.998475469648838 7.3073388487100592 177.17182601243258 484.24933172762394 96.919664978981018 63.978183165192604 51.644593343138695 111.76151715219021 464.900021225214 413.31555598974228 108.93240045011044 242.07250399887562 33.219784393906593 6.5400227457284918 159.32277171313763
leaf_count=2521 935 6865 1936 674 677 2059 184 1831 716 628 1632 434 126 3466 1446 1229 78 1560 6360 452 354 211 736 2045 1829 511 997 155 52 726
internal_value=-0.000278953 -0.0155753 -0.0256015 0.0130632 0.00408589 -0.0194206 0.00856538 0.00645545 -0.00771122 -0.0247676 -0.00124812 0.000256389 -0.0190159 0.00263426 0.00148753 -0.0268283 -0.0240653 -0.0215892 -0.0262335 0.0106259 0.0038841 0.0141748 -0.00803763 0.0303974 0.0125404 0.0103256 0.0227457 0.00620885 -0.0153963 0.0141031
internal_weight=5746.25 2677.24 1773.21 3069.02 904.023 1431.12 2437.09 2121.87 449.01 982.109 743.687 853.911 93.4786 760.433 258.944 902.099 756.727 668.728 491.557 1267.96 437.826 830.135 416.891 631.925 778.49 681.571 315.22 73.1476 85.6474 572.638
internal_count=43425 28495 22929 14930 5566 16064 12211 10875 4273 11791 4889 4961 560 4401 2214 11163 9227 7998 6438 5914 2185 3729 3257 2719 3518 3066 1336 339 768 2555
cat_boundaries=0 1
cat_threshold=2
is_linear=0
shrinkage=0.05


Tree=28
num_leaves=31
num_cat=0
split_feature=7 7 7 7 13 7 1 13 13 13 4 13 13 4 5 6 13 4 4 4 6 3 13 7 13 4 13 3 6 6
split_gain=427.541 196.543 111.715 89.4051 43.329 34.0547 31.1811 26.4831 22.3555 21.2559 19.3918 16.3689 15.6143 14.06 10.4795 10.6601 10.152 12.7097 9.81638 12.4956 9.83469 9.51972 9.01101 10.3009 8.63577 8.33363 8.42677 9.77941 8.25569 10.8226
threshold=0.047610620036721236 1.0000000180025095e-35 0.00026548672030912718 0.67185840010643016 0.50878319144248974 0.016371681354939941 0.91366460919380199 0.29338400065898901 0.36141848564147955 0.36942702531814581 0.1225140728056431 0.43914876878261572 0.37870816886425024 0.50996163487434398 0.52959111332893383 0.29915967583656317 0.4297721683979035 0.47039544582366949 0.38905704021453863 0.19897611439228061 0.022626066580414776 0.023604429326951507 0.35079392790794378 0.17752212285995486 0.55146872997283947 0.26999843120574957 0.33569738268852239 0.32781545817852026 0.052697699517011649 0.22326064109802249
decision_type=2 2 2 2 2 2 2 2 2 2 2 2 2 2 2 2 2 2 2 2 2 2 2 2 2 2 2 2 2 2
left_child=1 4 -3 6 11 8 9 -7 -4 25 -9 -1 14 -10 15 -12 17 18 19 -11 -20 -8 -23 -24 -6 26 -2 -28 -14 -30
right_child=3 2 5 -5 24 7 21 10 13 16 12 -13 28 -15 -16 -17 -18 -19 20 -21 -22 22 23 -25 -26 -27 27 -29 29 -31
leaf_value=-0.01092161489052358 -0.018983657446709015 -0.051228213172525364 -0.035930986516298405 0.034373284944512035 0.021853523921571784 -0.037038150112195849 0.034156704468112045 -0.035877826172504367 -0.02290413699614291 -0.0051964502424845967 -0.014494803733210016 0.0044697425736939644 -0.0080115183618872984 0.0031657526009963573 0.021160708213426874 0.009061409001231235 0.024215174855027631 0.035025596656031499 0.036543527699292103 0.017546421518815473 -0.001936563449037104 0.0091766417985586421 0.0056136401154502965 0.024509500465603774 0.05194154375155783 0.0028987726028473519 -0.0049063816533031455 0.038201478651468626 0.045830172643086441 0.0072984677734636129
leaf_weight=273.18484504520893 97.763749852776527 326.66527291759849 343.99581802636385 402.84058539569378 130.08027890324593 89.969027332961559 75.680181205272675 57.533451519906521 238.8358009904623 76.138561263680458 393.80020201951265 469.08145333826542 46.049131713807583 65.563501484692097 25.581980779767036 54.356266260147095 131.1555415391922 44.007064059376717 17.576924949884415 285.62315165996552 272.90239854156971 323.92485636472702 93.580298081040382 326.68811225891113 29.6788429915905 814.69175182282925 89.365458965301514 15.314547598361967 25.087956592440605 67.691502377390862
leaf_count=2316 676 6865 5063 1827 534 1225 322 707 2824 368 3893 2573 336 726 205 479 550 179 83 1335 1325 1457 437 1315 143 4467 510 79 175 431
internal_value=-0.000273746 -0.0150368 -0.0248785 0.0124177 0.00388978 -0.0187605 0.00909508 -0.0115658 -0.0271836 0.00548442 -0.00813332 -0.00118889 -0.00551391 -0.0172734 -0.00984008 -0.0116252 0.0114353 0.00901764 0.0072501 0.0127459 0.000386437 0.0172105 0.0154761 0.0203162 0.0275033 0.000637995 -0.00843228 0.00138296 0.00920918 0.0178096
internal_weight=5704.41 2637.16 1735.13 3067.25 902.025 1408.46 2664.41 760.07 648.395 1844.54 670.1 742.266 612.567 304.399 473.738 448.156 827.404 696.248 652.241 361.762 290.479 819.873 744.193 420.268 159.759 1017.14 202.444 104.68 138.829 92.7795
internal_count=43425 28495 22929 14930 5566 16064 13103 7451 8613 9572 6226 4889 5519 3550 4577 4372 3840 3290 3111 1703 1408 3531 3209 1752 677 5732 1265 589 942 606
is_linear=0
shrinkage=0.05


Tree=29
num_leaves=31
num_cat=0
split_feature=7 7 7 7 13 1 1 13 13 13 13 4 6 13 13 5 13 4 7 4 13 3 3 4 6 4 13 7 13 4
split_gain=389.651 182.863 110.243 82.6374 39.7205 32.7998 28.1027 19.1286 18.67 17.5271 13.7662 14.6464 12.8238 11.9145 11.5848 11.0305 9.40119 10.4949 9.1097 12.0877 10.6628 8.51743 8.34675 8.95868 9.28771 10.4262 8.18499 9.32989 7.63586 10.0686
threshold=0.047610620036721236 1.0000000180025095e-35 0.00026548672030912718 0.67185840010643016 0.49253094196319586 0.4708049893379212 0.91366460919380199 0.36942702531814581 0.33956031501293188 0.41010548174381262 0.29014998674392706 0.53136983513832103 0.050125628709793098 0.55146872997283947 0.42496992647647863 0.41596639156341558 0.44426125288009649 0.47039544582366949 0.016371681354939941 0.33782868087291723 0.37750813364982611 0.023604429326951507 0.41881249845027929 0.52086955308914196 0.22962705045938495 0.324840858578682 0.35079392790794378 0.17752212285995486 0.3938435316085816 0.45891098678112036
decision_type=2 2 2 2 2 2 2 2 2 2 2 2 2 2 2 2 2 2 2 2 2 2 2 2 2 2 2 2 2 2
left_child=1 4 -3 6 14 9 7 -2 -7 10 -4 18 15 -6 -1 -10 17 -9 -12 -20 -21 -8 23 24 25 -14 -23 28 29 -28
right_child=3 2 5 -5 13 8 21 16 12 -11 11 -13 22 -15 -16 -17 -18 -19 19 20 -22 26 -24 -25 -26 -27 27 -29 -30 -31
leaf_value=-0.013143627514882303 0.00060504068171166015 -0.051029978034036666 -0.044765142882959769 0.033060960441987121 0.016390680526654666 -0.018990702523381309 0.032334246207393266 0.0077109576497654377 -0.019072242486034854 -0.00079431981082262707 -0.031149693457122391 -0.0097451734731726219 0.048328397260035322 0.050473850366925394 0.0014655945571210689 0.053568068860737499 0.028268125188483675 0.032626467942838133 -0.030501725084368089 -0.013238346868007672 0.030195689710258929 0.0086955509732345084 0.061909135560027431 0.025982037538636628 -0.011618574106423689 0 -0.021832548713691273 0.0233030359668016 0.019875733746069671 0.031150269586806084
leaf_weight=194.38703097403049 1017.1392424628139 311.91077641025186 83.793001011013985 398.01808731257915 229.26272034645081 184.45116935670376 75.946889474987984 712.98802036046982 78.243693359196186 79.18331652879715 412.69450312852859 158.88530713319778 16.927818655967712 29.034177169203758 447.35187584906816 5.4731245189905158 70.970882147550583 45.01057556271553 103.08025825023651 90.620970152318478 16.592285305261612 324.73807848989964 7.2318789213895789 46.078375533223152 70.379853010177612 32.966756097972393 35.938862785696983 326.43306177854538 45.993266046047211 11.787037387490271
leaf_count=1685 5732 6865 1273 1827 971 2059 322 3362 729 628 5928 1720 167 143 2767 39 295 183 1167 948 127 1457 52 309 602 316 188 1315 195 54
internal_value=-0.000267704 -0.0145116 -0.0241668 0.0118071 0.00370438 -0.0181172 0.00863213 0.00520521 -0.00685251 -0.0233773 -0.0254369 -0.0233536 0.00183354 0.0202592 -0.00295321 -0.0142054 0.0108428 0.00920117 -0.0268141 -0.0182712 -0.00644804 0.0163318 0.00960133 0.00726148 3.22722e-05 0.016557 0.0146894 0.019307 0.00532516 -0.00860487
internal_weight=5663.51 2598.55 1698.51 3064.96 900.036 1386.6 2666.95 1846.11 441.753 944.85 865.666 781.873 257.302 258.297 641.739 83.7168 828.969 757.999 622.988 210.294 107.213 820.837 173.585 166.353 120.274 49.8946 744.89 420.152 93.7192 47.7259
internal_count=43425 28495 22929 14930 5566 16064 13103 9572 4273 11791 11163 9890 2214 1114 4452 768 3840 3545 8170 2242 1075 3531 1446 1394 1085 483 3209 1752 437 242
is_linear=0
shrinkage=0.05


Tree=30
num_leaves=31
num_cat=0
split_feature=7 7 7 7 13 7 13 13 13 4 13 7 7 13 13 7 4 13 4 13 7 6 1 5 5 13 13 13 5 6
split_gain=355.074 170.027 108.671 76.5177 36.3469 31.6191 24.8705 23.7941 21.4782 15.1176 15.7447 14.3916 21.5504 14.3366 13.7485 13.0994 12.8836 11.2232 10.5057 10.689 10.2932 15.2333 18.2111 12.5336 11.4819 10.6441 9.51718 8.98116 12.0012 13.6126
threshold=0.047610620036721236 1.0000000180025095e-35 0.00026548672030912718 0.31805309653282171 0.50878319144248974 0.02008849568665028 0.38322634994983679 0.34209133684635168 0.29338400065898901 0.15115894377231601 0.40308751165866857 0.12566372007131579 0.11283186078071596 0.29869897663593298 0.42496992647647863 0.097964603453874602 0.57738095521926891 0.3218358457088471 0.14093999564647677 0.41010548174381262 0.031946902163326747 0.052697699517011649 0.4708049893379212 0.52959111332893383 0.41596639156341558 0.33318836987018591 0.39086769521236425 0.47537976503372198 0.4275322705507279 0.22771719843149188
decision_type=2 2 2 2 2 2 2 2 2 2 2 2 2 2 2 2 2 2 2 2 2 2 2 2 2 2 2 2 2 2
left_child=1 4 -3 6 14 7 11 -4 -7 -10 20 12 17 -5 -1 -8 18 -2 -9 -20 21 -11 -23 -22 25 -24 -15 28 -17 -30
right_child=3 2 5 13 -6 8 15 16 9 10 -12 -13 -14 26 -16 27 -18 -19 19 -21 23 22 24 -25 -26 -27 -28 -29 29 -31
leaf_value=-0.012610082472409105 -0.013574175984224425 -0.050835544124689727 -0.034793587340167215 -0.011012969917752836 0.025282767673850182 -0.034063743539682008 0.0029323909006207342 -0.035932156787380654 -0.028297230968976947 -0.015730321441915614 0.027609690604481946 0.0073865759952262428 -0.03384087782228392 0.021749302913513534 0.0029176496006778326 0.023318668135824332 0.01923574226044282 0.0037956751125321612 -0.019039077539744705 0.0035369313577745028 -0.014809994795751277 0 0.029608808429702066 0.021901896654924986 -0.0059610774166912999 0.091014455064171468 0.034277562345278872 0.051188721018025587 0.0013077942563819577 0.024088092900512666
leaf_weight=192.53370386362076 115.67686804383993 297.80536764487624 306.06690149009228 24.121473655104637 158.09289017319679 70.339645385742188 197.50569270551205 76.144383680075407 58.499978348612785 51.076978802680969 42.548010788857937 958.01419821381569 49.827421925961971 304.21959893405437 547.56273923814297 320.3850077688694 23.078732140362263 472.21814221143723 345.42402427271008 61.350194983184338 212.55551787465811 55.330218359827995 14.887030288577082 25.912542171776295 8.3527732789516431 14.171867929399012 311.18393760919571 19.493435233831406 189.3648527264595 100.647366553545
leaf_count=1685 935 6865 4586 112 677 1014 958 979 677 467 235 4545 359 1291 3204 1361 258 2614 4538 509 1804 494 138 206 65 94 1443 82 809 421
internal_value=-0.000261466 -0.0139985 -0.0234636 0.0112272 0.00352705 -0.0174881 0.0071636 -0.0237729 -0.00825851 -0.00448646 -0.00119006 0.0035115 -0.0023022 0.0266125 -0.00111624 0.0141998 -0.0170913 0.000367674 -0.0188414 -0.0156218 -0.00441489 0.00612504 0.0182196 -0.0107923 0.0451141 0.0599369 0.028097 0.0177238 0.0166387 0.0092364
internal_weight=5624.39 2561.73 1663.54 3062.66 898.189 1365.74 2423.13 812.064 553.675 483.335 424.835 1595.74 637.722 639.525 740.096 827.396 505.997 587.895 482.919 406.774 382.287 143.819 92.7419 238.468 37.4117 29.0589 615.404 629.891 610.397 290.012
internal_count=43425 28495 22929 14930 5566 16064 12084 10870 5194 4180 3503 8453 3908 2846 4889 3631 6284 3549 6026 5047 3268 1258 791 2010 297 232 2734 2673 2591 1230
is_linear=0
shrinkage=0.05


Tree=31
num_leaves=31
num_cat=1
split_feature=7 7 7 7 13 7 1 13 13 4 13 13 13 4 7 6 12 5 4 6 7 7 13 3 4 1 6 13 5 7
split_gain=323.529 158.034 106.975 70.8517 33.3507 30.129 23.9884 23.2119 21.1438 17.1939 16.5134 13.9002 12.7256 12.6305 11.8458 10.2968 8.99582 8.55854 9.42165 12.0243 8.53822 8.50327 8.49035 8.2503 8.23313 8.18195 7.71006 8.21392 9.0432 8.52912
threshold=0.047610620036721236 1.0000000180025095e-35 0.00026548672030912718 0.67185840010643016 0.47537976503372198 0.016371681354939941 0.91366460919380199 0.29338400065898901 0.36141848564147955 0.1225140728056431 0.39764653146266943 0.53683203458786022 0.37870816886425024 0.50996163487434398 0.097964603453874602 0.086564276367425932 0 0.52959111332893383 0.33782868087291723 0.29780831933021551 0.03823008947074414 0.0017699114396236839 0.34520520269870764 0.10380747169256212 0.46515600383281713 0.34588319063186651 0.0245190653949976 0.32008366286754614 0.37111482024192816 0.31805309653282171
decision_type=2 2 2 2 2 2 2 2 2 2 2 2 2 2 2 2 1 2 2 2 2 2 2 2 2 2 2 2 2 2
left_child=1 4 -3 6 16 8 10 -7 21 -9 -2 -6 17 -10 15 -12 -1 18 -11 20 22 -4 -20 -24 -16 -21 -8 -28 29 -29
right_child=3 2 5 -5 11 7 26 9 13 12 14 -13 -14 -15 24 -17 -18 -19 19 25 -22 -23 23 -25 -26 -27 27 28 -30 -31
leaf_value=-0.0086976836913113462 0.0020533188809954729 -0.050644373700574313 0.017789698194537611 0.03062547610121448 0.01069045107576877 -0.035053743187814991 -0.0054371643919669957 -0.034036338352204973 -0.020907842184328739 -0.022535045616196469 0.014202013185357533 0.0376625591266775 0.0087721992070060595 0.0040826506696188831 0.015843236089996566 -0.014164177641498797 0.0061056979842747834 0.019218347993754506 -0.012907644127417343 -0.013929788873444282 -0.027851305063782347 -0.03534168774969304 -0.0022322054555123402 0.033892937424328334 0.042194597622185651 0.03018285491859718 0.0055710736574965539 0.020059742040844316 0.011368525606544269 0.040179108962612092
leaf_weight=385.29859182238579 1432.0022007003427 284.32406140118837 7.5345552489161483 388.63650166988373 315.40687982738018 82.503263298422098 43.774188473820686 53.541269831359386 226.93644793331623 113.53551676124334 67.024195268750191 56.514305993914604 139.04405297338963 64.602058671414852 255.97706013917923 60.993593350052834 139.38862727582455 26.120876625180244 139.90463475137949 14.821349076926706 53.208159476518631 309.70621947199106 57.900537945330143 21.523787625133991 33.837074130773544 34.655721470713615 152.3048735037446 302.0212212651968 258.53677402436733 64.761800363659859
leaf_count=3008 7742 6865 106 1827 1402 1225 193 707 2824 1229 315 269 942 726 1080 295 887 205 1536 126 455 4957 552 193 140 281 707 1290 1079 262
internal_value=-0.000256025 -0.0134987 -0.0227737 0.0106766 0.00335644 -0.0168773 0.00777139 -0.0100627 -0.0251133 -0.00689876 0.00460966 0.0148114 -0.00446642 -0.0153535 0.0133563 0.000647515 -0.00475507 -0.00846544 -0.0101412 -0.00575023 -0.00987909 -0.0340588 -0.00548563 0.00752505 0.0189506 0.0168662 0.0148842 0.0160352 0.0185745 0.0236358
internal_weight=5586.34 2526.47 1629.86 3059.87 896.608 1345.54 2671.23 736.759 608.779 654.256 1849.83 371.921 600.715 291.539 417.832 128.018 524.687 461.671 435.55 322.014 272.537 317.241 219.329 79.4243 289.814 49.4771 821.399 777.625 625.32 366.783
internal_count=43425 28495 22929 14930 5566 16064 13103 7451 8613 6226 9572 1671 5519 3550 1830 610 3895 4577 4372 3143 2736 5063 2281 745 1220 407 3531 3338 2631 1552
cat_boundaries=0 1
cat_threshold=2
is_linear=0
shrinkage=0.05


Tree=32
num_leaves=31
num_cat=0
split_feature=7 7 7 7 13 13 13 4 7 7 7 7 1 13 13 13 6 4 3 13 4 13 1 13 4 6 13 6 6 7
split_gain=295.384 162.975 94.1428 68.2358 31.8627 30.5033 25.5262 22.8139 21.4496 14.9948 19.2171 13.2992 14.7284 13.0406 12.9945 12.1235 11.3993 10.1341 9.70784 9.49828 9.38141 8.97743 8.82268 8.72317 9.65887 8.70152 8.59284 8.51555 8.47768 14.8209
threshold=0.041327433660626418 1.0000000180025095e-35 0.00026548672030912718 0.31805309653282171 0.33318836987018591 0.50878319144248974 0.38322634994983679 0.13426374644041064 0.019026548601686958 0.12566372007131579 0.11283186078071596 0.031946902163326747 0.34588319063186651 0.38131254911422735 0.39086769521236425 0.45055314898490911 0.019884023815393451 0.69314920902252208 0.32302914559841162 0.44226951897144323 0.47039544582366949 0.28092239797115331 0.83891889452934276 0.28475895524024969 0.53136983513832103 0.16328698396682742 0.29750327765941625 0.22771719843149188 0.025062814354896549 0.14672566205263141
decision_type=2 2 2 2 2 2 2 2 2 2 2 2 2 2 2 2 2 2 2 2 2 2 2 2 2 2 2 2 2 2
left_child=1 5 -3 6 23 15 9 -6 13 10 21 12 -10 17 26 -1 -15 -9 -14 20 22 -2 -8 -4 -25 -26 -5 -24 29 -11
right_child=3 2 4 14 7 -7 19 8 11 28 -12 -13 18 16 -16 -17 -18 -19 -20 -21 -22 -23 27 24 25 -27 -28 -29 -30 -31
leaf_value=-0.0079336220414344908 -0.037568217604271648 -0.050455924366223606 -0.043808593853936796 -0.012711901609250578 -0.032867387587908817 0.023233616546298092 0.0044449820835776822 -0.02289072750279543 -0.0076209475410301446 0.024017780273641882 -0.033056647013856459 -0.0062903463399425737 0.044018320079676293 -0.033741986395836622 0.031899060141071071 0.0049100207305812138 0.0015419856770926708 0.038077404982824324 -0.0033317558698334952 0.027134198389376793 0.031421717957721459 0.00021722588620231708 0.0094651071553605182 -0.031005424361120582 -0.027115701591515651 0.0038595776708954797 0.019638009790835336 0.026821285255068328 0.0080156536294518372 -0.024534026914553152
leaf_weight=342.96724475175142 15.986282415688036 271.44256157428026 83.584637716412544 21.752770185470581 113.09162219613791 156.59111605584621 380.17057497054338 278.9345874786377 34.754920832812786 22.506271108984947 48.882803864777088 132.67458537966013 46.550837568938732 27.008099108934402 303.71842409670353 395.2173093855381 145.78521355241537 6.8389724195003501 13.828504554927347 106.68003310263157 53.014027431607246 681.01743236929178 193.61058816313744 227.50395973399282 44.903802521526814 45.161774657666683 304.40066729485989 112.683842420578 887.98426227271557 51.090742990374565
leaf_count=2850 159 6865 1376 102 1487 677 1756 4081 295 118 359 1015 349 298 1443 2039 1514 78 101 444 225 4407 835 3276 558 519 1301 471 4178 249
internal_value=-0.000250081 -0.013628 -0.023857 0.00969458 -0.0178356 0.0031957 0.00605591 -0.0120526 -0.00861146 0.00253286 -0.00278233 0.0039106 0.018181 -0.0148426 0.0244352 -0.00105075 -0.00396041 -0.0214014 0.0331036 0.0131581 0.0111316 -0.000647503 0.00955306 -0.0293422 -0.0255063 -0.0115412 0.0174619 0.0158733 0.00666085 -0.00960639
internal_weight=5550.34 2366.84 1472.06 3183.5 1200.62 894.776 2553.63 799.467 686.376 1707.47 745.887 227.809 95.1343 458.567 629.872 738.185 172.793 285.774 60.3793 846.159 739.479 697.004 686.465 401.154 317.57 90.0656 326.153 306.294 961.581 73.597
internal_count=43425 27378 21812 16047 14947 5566 13201 9218 7731 9470 4925 1760 745 5971 2846 4889 1812 4159 450 3731 3287 4566 3062 5729 4353 1077 1403 1306 4545 367
is_linear=0
shrinkage=0.05


Tree=33
num_leaves=31
num_cat=2
split_feature=7 7 7 7 13 13 1 4 7 13 1 3 13 4 13 7 1 12 6 6 12 7 13 7 7 7 7 4 13 7
split_gain=269.25 151.555 92.8007 63.1803 30.2703 28.1941 23.1489 21.5283 19.6738 13.2909 13.2032 13.5233 13.1018 12.3172 12.1912 11.8685 12.9233 11.3295 10.9346 10.6003 10.5072 9.98074 11.7894 12.1016 11.7825 9.333 9.32425 9.21394 8.62126 9.68625
threshold=0.041327433660626418 1.0000000180025095e-35 0.00026548672030912718 0.67185840010643016 0.33318836987018591 0.51932433247566234 0.81016731262207042 0.13426374644041064 0.019026548601686958 0.46069999039173132 0.36939570307731634 0.32562056183815008 0.41427718102931982 0.21458838135004046 0.38131254911422735 0.031946902163326747 0.34588319063186651 0 0.025062814354896549 0.019884023815393451 1 0.31805309653282171 0.36623275279998785 0.097964603453874602 0.28300885856151586 0.31805309653282171 0.12566372007131579 0.69314920902252208 0.28475895524024969 0.017256637103855613
decision_type=2 2 2 2 2 2 2 2 2 2 2 2 2 2 2 2 2 1 2 2 1 2 2 2 2 2 2 2 2 2
left_child=1 5 -3 6 28 9 10 -6 14 17 21 13 18 -12 27 16 -10 -1 -8 -16 26 22 -2 -24 -25 -15 -20 -9 -4 -30
right_child=3 2 4 -5 7 -7 12 8 15 -11 11 -13 -14 25 19 -17 -18 -19 20 -21 -22 -23 23 24 -26 -27 -28 -29 29 -31
leaf_value=-0.011443677985921621 -0.0012030853025474045 -0.050269689908368956 -0.043282540106251766 0.028365628481351719 -0.032101567601549252 0.026915817371320778 -0.0081309798682511064 -0.022185053100228523 -0.0072800988535934117 0.0066460658463610173 -0.022118941940538827 0.015464921025883352 0.023286075889546495 -0.0009491794078138855 -0.032938400319645171 -0.0060015565133490403 0.030781924979136201 0.0070726925574763526 0.00091736997572479894 0.001463167971440952 0.0018626721174836826 0.034511191595853107 -0.0052097717159664001 0.031688707745934477 -0.0068269762250231696 -0.042957857774386168 0.014954335741823 0.035110683423790111 -0.034413098717786111 -0.016590436799083213
leaf_weight=302.63827055692673 212.26829218864441 259.13708492740989 80.451416980475187 379.55784274637699 110.07981780543923 108.52785143256187 85.643596991896629 273.55895587056875 34.572472102940083 368.71166971325874 83.178590759634972 101.30453588813543 186.58261358737946 687.05003920197487 26.304176583886147 132.12504599988461 61.641202099621296 113.18488678336143 139.83027596771717 145.95731075108051 283.8113968372345 35.228605315089226 47.261641964316368 103.27572233229876 24.287427008152008 13.39152270555496 797.4033150523901 7.0487797036766997 142.27443347871304 168.57688670232892
leaf_count=2561 1268 6865 1376 1827 1487 487 412 4081 295 1770 506 538 766 4067 298 1015 450 748 789 1514 1321 147 245 467 99 55 3540 78 2377 1976
internal_value=-0.000244751 -0.013139 -0.0231649 0.00922063 -0.0172175 0.00304171 0.00662318 -0.0115791 -0.0082512 -0.000257525 0.00175984 -0.00170686 0.0108769 -0.00393486 -0.0142861 0.003697 0.0170598 -0.00639111 0.00909952 -0.00377697 0.0103127 0.00903444 0.00669462 0.0163076 0.0243167 -0.00176548 0.0128658 -0.020716 -0.0286008 -0.0247723
internal_weight=5514.87 2334.79 1441.73 3180.08 1182.59 893.063 2800.52 791.288 681.208 784.535 1307.25 884.925 1493.27 783.62 452.869 228.339 96.2137 415.823 1306.69 172.261 1221.04 422.322 387.093 174.825 127.563 700.442 937.234 280.608 391.303 310.851
internal_count=43425 27378 21812 16047 14947 5566 14220 9218 7731 5079 7392 5166 6828 4628 5971 1760 745 3309 6062 1812 5650 2226 2079 811 566 4122 4329 4159 5729 4353
cat_boundaries=0 1 2
cat_threshold=2 2
is_linear=0
shrinkage=0.05


Tree=34
num_leaves=31
num_cat=0
split_feature=7 7 7 7 13 13 7 13 4 7 7 13 4 13 13 3 7 7 7 3 3 3 13 7 7 7 13 6 5 6
split_gain=245.353 140.822 91.372 58.2718 28.7262 25.6687 21.0502 20.7422 20.2956 18.0409 15.5228 12.1766 11.7909 12.3561 10.828 10.7298 12.6617 9.57304 12.7596 9.51048 9.12903 8.90815 8.50708 9.38188 8.32752 8.66207 8.23858 7.94844 7.80761 7.81918
threshold=0.041327433660626418 1.0000000180025095e-35 0.00026548672030912718 0.67185840010643016 0.33318836987018591 0.51932433247566234 0.17752212285995486 0.38739532232284551 0.13426374644041064 0.019026548601686958 0.15415929257869723 0.42496992647647863 0.57738095521926891 0.41010548174381262 0.46537935733795172 0.029707981273531917 0.031946902163326747 0.15415929257869723 0.15265487134456637 0.32562056183815008 0.32302914559841162 0.02233022823929787 0.28475895524024969 0.017256637103855613 0.097964603453874602 0.087610617280006423 0.28475895524024969 0.030816714279353622 0.018528054468333725 0.023431372828781608
decision_type=2 2 2 2 2 2 2 2 2 2 2 2 2 2 2 2 2 2 2 2 2 2 2 2 2 2 2 2 2 2
left_child=1 5 -3 6 22 11 7 10 -6 12 19 -1 13 -10 17 21 20 18 24 -2 27 -11 -4 -24 25 -9 -8 -17 -28 -30
right_child=3 2 4 -5 8 -7 26 14 9 15 -12 -13 -14 -15 -16 16 -18 -19 -20 -21 -22 -23 23 -25 -26 -27 28 -29 29 -31
leaf_value=-0.011338913200680706 -0.0011958870301624338 -0.050085175167032293 -0.042752426794783735 0.027275859707475449 -0.031338620993850382 0.025770598976360734 -0.01791516660267119 0.023035867140662903 -0.019263686339327197 -0.0032297227727512306 -0.034073976526978182 0.0032516096545648562 0.018266782384308396 0.0053482588744491319 0.039950921675442619 0.085235112034079533 -0.00056005926061027556 -0.0037628780508584809 0.062495420350924619 0.010313756662645425 -0.0046261228322230742 -0.047547890220954153 -0.033716434479050844 -0.015978672476523386 0.017893266042443477 -0.0020691585247078026 0.017474966465700202 0.03059094929859156 -0.029368614340489083 0.0093290874228311033
leaf_weight=188.06702262163162 1077.2742973715067 247.38451176509261 77.454047542065382 375.10582596063614 107.19823215156794 107.70888702571392 21.439885899424553 44.530295602977276 361.64561429992318 78.000858619809151 32.774891585111618 595.36512087285519 26.81405096501112 58.966399140655994 31.104423448443413 8.3801964819431287 79.607923440635204 107.00144718587399 12.542131245136259 215.18023858219385 14.069881476461886 13.238887146115301 138.0634326338768 166.34146589785814 226.79630939662457 148.12558609247208 495.17395715415478 35.523080058395863 13.36885856091976 377.11594453454018
leaf_count=1685 6566 6865 1376 1827 1487 487 98 214 5160 642 188 3394 314 497 134 62 600 470 51 1132 101 104 2377 1976 958 727 2055 251 55 1572
internal_value=-0.000239401 -0.0126634 -0.0224815 0.00876701 -0.0166133 0.00289586 0.00628693 0.00328515 -0.0111196 -0.00790295 -0.000142039 -0.000245541 -0.0137445 -0.015801 0.0112592 0.00349851 0.0123282 0.00958712 0.0129055 0.00071713 0.0300828 -0.00976005 -0.0278656 -0.0240485 0.0113962 0.00371659 0.0125524 0.041305 0.0132975 0.00798423
internal_weight=5481.36 2303.83 1412.69 3177.53 1165.3 891.141 2802.43 1895.33 783.445 676.247 1325.23 783.432 447.426 420.612 570.1 228.821 137.581 538.996 431.994 1292.45 57.9732 91.2397 381.859 304.405 419.452 192.656 907.099 43.9033 885.659 390.485
internal_count=43425 27378 21812 16047 14947 5566 14220 10440 9218 7731 7886 5079 5971 5657 2554 1760 1014 2420 1950 7698 414 746 5729 4353 1899 941 3780 313 3682 1627
is_linear=0
shrinkage=0.05


Tree=35
num_leaves=31
num_cat=1
split_feature=7 7 7 7 13 13 1 4 7 13 1 3 13 7 13 6 7 4 4 12 5 4 13 6 4 3 7 13 13 7
split_gain=223.551 130.787 89.8589 53.7047 27.222 23.6622 19.7177 19.1121 16.5219 11.814 11.7298 12.7133 11.1008 10.4837 10.4244 9.93235 9.76298 11.1571 9.29452 9.2797 9.25561 8.90588 9.14888 9.45873 8.62069 10.4053 8.44328 10.2031 8.35402 7.9632
threshold=0.041327433660626418 1.0000000180025095e-35 0.00026548672030912718 0.67185840010643016 0.33318836987018591 0.49253094196319586 0.81016731262207042 0.13426374644041064 0.019026548601686958 0.34520520269870764 0.52086955308914196 0.36140660941600805 0.38131254911422735 0.31805309653282171 0.55146872997283947 0.019884023815393451 0.03823008947074414 0.33782868087291723 0.56172841787338268 0 0.37248815596103674 0.47039544582366949 0.41603058576583868 0.0245190653949976 0.53136983513832103 0.33436854183673864 0.31805309653282171 0.34015667438507086 0.42798537015914923 0.0017699114396236839
decision_type=2 2 2 2 2 2 2 2 2 2 2 2 2 2 2 2 2 2 2 1 2 2 2 2 2 2 2 2 2 2
left_child=1 5 -3 6 24 19 10 -6 12 20 26 13 29 -12 -7 -14 17 -10 -19 28 -8 22 23 -11 -4 -26 27 -2 -1 -9
right_child=3 2 4 -5 7 14 9 8 16 21 11 -13 15 -15 -16 -17 -18 18 -20 -21 -22 -23 -24 -25 25 -27 -28 -29 -30 -31
leaf_value=-0.01611884639122774 -0.0051794605727825752 -0.049901892995498992 -0.031923367537296861 0.026224150061121568 -0.030578796294984868 0.012131543406215299 0.0070086471735613751 0.030497740759559123 -0.010473280779728396 -0.013476016239431662 -0.0021037420293304235 0.037130741102816431 -0.03194337079904417 -0.041563892305537621 0.045285968537306917 0.0018523179396578281 -0.013714002409795973 0.030832426565981369 0.0027134669840240132 0.007725540211003021 -0.010224699539441932 0.027784180347314502 0.02194209990410716 0.010571634423824708 -0.019357482680919521 0.040607136624337903 0.031199171733926459 0.011428242329936908 -0.0015832963228536901 -0.020955891818180999
leaf_weight=142.34997484087944 137.40381801128387 236.16241358593106 267.50146461650729 370.7586250603199 104.44214761257172 228.39272652566433 464.014041043818 7.5770404860377303 48.874816469848156 43.485439516603947 816.34254340082407 20.179272569715977 25.433424934744835 17.106495067477226 26.558089509606361 145.03691783547401 61.35523197054863 63.758823804557323 55.259710945188999 166.27504061162472 93.338401317596436 95.974749654531479 172.67733776569366 626.12735663354397 97.66442060098052 7.6713510639965525 36.03417980670929 280.46005497872829 326.09282043576241 264.18393177911639
leaf_count=1389 888 6865 4307 1827 1487 971 2228 110 436 200 4787 111 298 70 143 1514 443 491 390 1011 469 398 711 2822 1337 85 150 1386 2052 4049
internal_value=-0.000233824 -0.0121981 -0.0218075 0.00833898 -0.0160237 0.00275572 0.00597075 -0.0106754 -0.00756804 0.00989209 0.00148108 -0.00196757 -0.0132162 -0.00292455 0.0156212 -0.00317631 0.00330682 0.00956117 0.0178321 -0.00240581 0.00411234 0.0133193 0.011662 0.00900071 -0.027135 -0.0149086 0.00797684 0.00595533 -0.00601352 -0.0194922
internal_weight=5448.49 2274.59 1384.92 3173.9 1148.76 889.669 2803.14 775.922 671.48 1495.62 1307.53 853.628 442.231 833.449 254.951 170.47 229.249 167.893 119.019 634.718 557.352 938.265 842.29 669.613 372.837 105.336 453.898 417.864 468.443 271.761
internal_count=43425 27378 21812 16047 14947 5566 14220 9218 7731 6828 7392 4968 5971 4857 1114 1812 1760 1317 881 4452 2697 4131 3733 3022 5729 1422 2424 2274 3441 4159
cat_boundaries=0 1
cat_threshold=2
is_linear=0
shrinkage=0.05


Tree=36
num_leaves=31
num_cat=1
split_feature=7 7 7 1 13 13 13 4 7 7 7 13 13 13 13 5 4 7 12 6 6 7 5 1 13 7 13 6 6 13
split_gain=203.626 121.335 88.2873 50.2421 25.7481 21.7299 19.6553 18.2988 12.9058 12.7418 12.7169 11.9853 11.5815 10.7524 10.5485 9.88949 9.61107 11.2074 9.50049 8.90333 12.2053 10.8074 8.81005 9.54912 8.59155 9.22007 8.15699 11.866 8.14436 8.03287
threshold=0.041327433660626418 1.0000000180025095e-35 0.00026548672030912718 0.97464698553085338 0.33318836987018591 0.51932433247566234 0.41427718102931982 0.51974025368690502 0.12566372007131579 0.11283186078071596 0.016371681354939941 0.39764653146266943 0.41010548174381262 0.35199671983718878 0.46069999039173132 0.005000124918296934 0.33782868087291723 0.03823008947074414 0 0.025062814354896549 0.040051745250821121 0.14672566205263141 0.021030518226325515 0.52919501066207897 0.28475895524024969 0.016371681354939941 0.37870816886425024 0.054018178954720504 0.25040192902088171 0.23036389052867892
decision_type=2 2 2 2 2 2 2 2 2 2 2 2 2 2 2 2 2 2 1 2 2 2 2 2 2 2 2 2 2 2
left_child=1 5 -3 6 24 14 8 10 9 13 12 -11 -6 15 18 -2 26 22 -1 21 -21 -10 -18 -24 -4 -26 -12 -28 -15 -22
right_child=3 2 4 -5 7 -7 -8 -9 19 11 16 -13 -14 28 -16 -17 17 -19 -20 20 29 -23 23 -25 25 -27 27 -29 -30 -31
leaf_value=-0.010476961466829728 0.0027720607406645807 -0.049719377488578721 -0.041859876014141054 0.021023679276011842 -0.024921888894448921 0.023849746069890695 0.016562308240315966 0.0041567110805857902 0.019792770610868926 -0.029622303029463615 -0.026019910671560155 0.011242728358374855 -0.00064137879200266263 0.0024894338695835246 0.0058607404255903439 -0.012791397424147366 0.026745754158938935 -0.013148004191045146 0.0064777509736678009 0.018039586333309567 -0.037516917635091719 -0.018317208043836016 -0.030261940260622368 0.03617387403289328 -0.03351718563685694 -0.015239235618535707 -0.035322124223424588 0.02195214338232488 0.018553166996834871 0.0057316822815718458
leaf_weight=297.45824007689953 198.7482086494565 225.44897428154945 72.74789747595787 595.20260858535767 282.10439555346966 106.0614759773016 317.0059077590704 170.95645550638437 25.166877448558807 67.506473518908024 76.74978868290782 24.155603036284447 59.981211632490158 378.50233533978462 370.39282308518887 208.76780165731907 53.903428964316845 60.815037593245506 113.92317116260529 231.91022123396397 10.732962995767592 69.698755979537964 16.971606820821766 7.7766526639461508 115.63272720947862 175.89875725656748 13.795266091823576 25.752312198281288 99.9626290127635 943.8780676946044
leaf_count=2561 1443 6865 1376 2719 4443 487 1362 1721 128 454 964 106 539 2005 1770 1521 530 443 748 1066 52 332 168 65 2146 2207 132 213 523 4336
internal_value=-0.00022794 -0.011746 -0.0211399 0.00792949 -0.0154452 0.00262338 0.00490139 -0.0102441 0.00326216 -0.00106006 -0.0143704 -0.0187982 -0.0206806 0.000771366 -0.000252637 -0.00518991 -0.00590611 0.00291445 -0.00576914 0.00656356 0.00774428 -0.00814418 0.0153987 -0.00912301 -0.0264025 -0.0225151 -0.0165203 0.00180852 0.00585915 0.00523631
internal_weight=5417.61 2246.37 1358.53 3171.24 1133.09 887.836 2576.04 768.806 2259.03 977.643 597.85 91.6621 342.086 885.981 781.774 407.516 255.764 139.467 411.381 1281.39 1186.52 94.8656 78.6517 24.7483 364.279 291.531 116.297 39.5476 478.465 954.611
internal_count=43425 27378 21812 16047 14947 5566 13328 9218 11966 6052 7497 560 4982 5492 5079 2964 2515 1206 3309 5914 5454 460 763 233 5729 4353 1309 345 2528 4388
cat_boundaries=0 1
cat_threshold=2
is_linear=0
shrinkage=0.05


Tree=37
num_leaves=31
num_cat=1
split_feature=7 7 7 7 13 13 13 4 4 4 6 13 13 13 3 13 1 12 7 4 4 13 3 5 7 7 13 3 4 7
split_gain=185.434 112.493 86.6395 47.1374 24.5554 20.0588 18.7216 17.6154 11.3108 11.0467 13.4617 11.039 10.6263 10.5696 10.104 10.3873 9.50495 8.63819 7.71278 7.30221 7.27042 7.78352 8.6349 8.91601 7.19181 7.41121 7.18946 6.80275 6.82492 6.49256
threshold=0.041327433660626418 1.0000000180025095e-35 0.00026548672030912718 0.31805309653282171 0.35961994528770452 0.52688080072402965 0.3680951744318009 0.53136983513832103 0.13426374644041064 0.47039544582366949 0.20795327425003055 0.44683355093002325 0.39086769521236425 0.46069999039173132 0.42422747611999517 0.28667604923248297 0.49489796161651617 0 0.015309734269976618 0.33923077583312994 0.67892158031463634 0.41010548174381262 0.067245189100503935 0.37441588938236242 0.097964603453874602 0.087610617280006423 0.29199804365634924 0.35958516597747808 0.26999843120574957 0.03823008947074414
decision_type=2 2 2 2 2 2 2 2 2 2 2 2 2 2 2 2 2 1 2 2 2 2 2 2 2 2 2 2 2 2
left_child=1 5 -3 6 7 13 27 18 -6 11 -11 24 26 17 15 -9 20 -1 -4 -20 21 -10 23 -23 25 -8 -5 28 -2 -18
right_child=3 2 4 12 8 -7 9 14 16 10 -12 -13 -14 -15 -16 -17 29 -19 19 -21 -22 22 -24 -25 -26 -27 -28 -29 -30 -31
leaf_value=-0.010030695000634571 -0.008172913084046992 -0.049537173312611857 -0.033422819565130178 -0.018811231759136557 -0.025428989252814754 0.026368884421264317 0.014250651672859395 -0.044646891410181126 -0.013338864225414044 0.0067771173315774539 0.043866944683791376 0.02526798266476803 0.027049712171495433 0.0059451849077083209 0.049696842826853278 -0.005288306036294428 0.018550894844359758 0.0061290298898217287 -0.029582406212857116 -0.012206929449413229 0.034557138205966266 0.0074843883553031834 -0.020452711719939762 0.064615950632078492 0.0087270721146191221 -0.0060045134898189583 0.015474887523321247 0.0088289788238365956 0.001125876024008836 -0.0072813414186202671
leaf_weight=295.22052773088217 250.48526276648045 215.22309589758515 215.28735384345055 15.883860096335409 67.972688682377338 79.952497482299805 59.335927598178387 19.052193880081177 240.85673751682043 49.661910444498062 48.918637603521347 82.990017846226692 287.46975253522396 396.47790941596031 7.2766714766621581 139.04691368341446 69.074675358831882 114.37841813266277 114.91894957795739 131.05051780864596 9.6807257533073408 37.459453016519547 21.035326257348061 8.3442904278635961 740.63436820358038 187.45658193528652 305.23698352277279 214.46016163378954 926.16380727291107 37.109790608286858
leaf_count=2561 1685 6865 4093 74 914 384 327 357 3084 216 213 351 1443 1873 66 1660 572 748 1685 1629 94 289 173 70 3273 946 1329 1052 5138 261
internal_value=-0.000222883 -0.0113067 -0.0204827 0.007539 -0.014882 0.00249737 0.00456272 -0.0214472 -0.00649941 0.00922704 0.0252587 0.00774371 0.020048 0.000120446 -0.00739891 -0.0100882 -0.00344452 -0.00550558 -0.0264705 -0.0203539 -0.00778522 -0.00914443 0.00589298 0.0181193 0.00626338 -0.00111055 0.0137581 0.000639152 -0.000849929 0.00947754
internal_weight=5388.12 2219.42 1333.39 3168.7 1118.17 886.029 2560.11 626.633 491.534 1169 98.5805 1070.42 608.591 806.077 165.376 158.099 423.561 409.599 461.257 245.969 317.377 307.696 66.8391 45.8037 987.427 246.793 321.121 1391.11 1176.65 106.184
internal_count=43425 27378 21812 16047 14947 5566 13201 9490 5457 5326 429 4897 2846 5182 2083 2017 4543 3309 7407 3314 3710 3616 532 359 4546 1273 1403 7875 6823 833
cat_boundaries=0 1
cat_threshold=2
is_linear=0
shrinkage=0.05


Tree=38
num_leaves=31
num_cat=0
split_feature=8 7 13 7 4 7 13 7 13 5 4 13 7 13 6 4 13 5 6 6 6 7 6 13 6 10 1 7 1 13
split_gain=172.775 117.024 41.4956 50.331 42.5664 28.3113 19.0417 17.7254 16.3801 12.0471 11.2428 9.87288 9.83535 9.60009 10.9838 9.4328 9.79185 8.92279 8.1735 10.7984 9.13187 8.03544 8.0326 8.47112 8.72235 7.88717 7.45996 13.0433 12.5711 7.4653
threshold=0.48666666448116308 0.12566372007131579 0.38877110183238989 0.017256637103855613 0.84756097197532665 0.67185840010643016 0.28295852243900305 0.11283186078071596 0.53683203458786022 0.73333334922790538 0.11153278499841691 0.36025533080101019 0.097964603453874602 0.33240729570388799 0.29185217618942266 0.59523808956146251 0.46537935733795172 0.37248815596103674 0.0245190653949976 0.15922193974256518 0.020442989654839042 0.31805309653282171 0.088165346533060088 0.44226951897144323 0.040051745250821121 0.38616369664669042 0.79451090097427379 0.14672566205263141 0.52919501066207897 0.3680951744318009
decision_type=2 2 2 2 2 2 2 2 2 2 2 2 2 2 2 2 2 2 2 2 2 2 2 2 2 2 2 2 2 2
left_child=1 2 3 -1 8 13 -5 10 9 12 11 -8 15 17 18 16 -4 -3 20 21 -15 22 23 24 -20 -13 27 -21 -29 -28
right_child=-2 5 4 6 -6 -7 7 -9 -10 -11 -12 25 -14 14 -16 -17 -18 -19 19 26 -22 -23 -24 -25 -26 -27 29 28 -30 -31
leaf_value=-0.023756148833031621 -0.04686159860133185 0.005080731229991085 -0.0026291393435072131 -0.034891606116439301 -0.04611148189817376 0.023509559515998393 -0.037818297069531021 -0.030719969715634583 0.03076084449813098 -0.051110440678879425 -0.0007462848856444825 0.053865758911850858 0.0162428004344503 0.0086970526273960017 0.031862196297839068 0.035417057743314308 0.007047359348621835 -0.01337810734425598 0.01847168711958087 0.035084108070742297 -0.023679605768284248 0.031832513378826345 0.045518662954817074 0.035038979070915431 0.0032817739359136985 -0.021395522309387936 0.00073329605982489236 0.0034710697588298169 -0.029402168924969576 0.014590311577718566
leaf_weight=472.28430754691362 191.34006828814745 421.70745705068111 770.33440197631717 49.476338692009449 44.942539285868406 359.31083942949772 37.879163701087236 55.806179441511631 52.101152967661619 10.407572723925112 1064.4194325767457 6.0400854349136335 120.29720026254654 50.500059261918068 57.272039785981178 19.751389749348164 395.46229603886604 77.307593479752541 164.81759251654148 18.000692516565323 37.99197356402874 68.427752926945686 18.613579764962196 36.315147116780281 223.81132259964943 7.8450120389461517 162.18126241862774 68.182661920785904 50.295166492462158 245.47807739675045
leaf_count=7934 5634 1998 5804 794 1458 1827 533 406 272 326 8221 46 510 224 236 103 1833 408 718 83 173 282 80 153 976 114 713 299 232 1035
internal_value=-0.000216858 0.00151027 -0.00461574 -0.00989418 0.00170687 0.0107512 -0.0045288 -0.00323988 0.00328433 0.00219068 -0.00185884 -0.0245941 0.0026232 0.0080519 0.0104733 0.00123575 0.000649363 0.00220896 0.00939602 0.0106206 -0.0051577 0.0158378 0.0133524 0.0119213 0.00973978 0.011137 0.00570044 -0.00439064 -0.0104548 0.0090913
internal_weight=5358.6 5167.26 3107.05 1693.75 1413.3 2060.21 1221.47 1171.99 1368.35 1316.25 1116.18 51.7643 1305.85 1700.9 1201.89 1185.55 1165.8 499.015 1144.62 1056.12 88.492 511.985 443.558 424.944 388.629 13.8851 544.138 136.479 118.478 407.659
internal_count=43425 37791 28354 18048 10306 9437 10114 9320 8848 8576 8914 693 8250 7610 5204 7740 7637 2406 4968 4571 397 2209 1927 1847 1694 160 2362 614 531 1748
is_linear=0
shrinkage=0.05


Tree=39
num_leaves=31
num_cat=0
split_feature=8 7 13 4 7 7 13 4 13 5 13 7 6 7 13 7 1 6 13 5 4 4 7 1 13 5 1 4 7 13
split_gain=162.985 105.98 39.0111 39.9888 26.6957 26.1966 18.9768 15.8411 13.4015 13.224 11.3227 23.7482 9.82237 9.72622 9.84244 9.07583 14.8898 8.88188 8.77405 10.1443 8.33714 7.91022 8.84122 9.81019 13.5275 7.79179 8.07928 9.12435 7.40484 8.43661
threshold=0.48666666448116308 0.12566372007131579 0.35018461942672735 0.84756097197532665 0.017256637103855613 0.67185840010643016 0.52688080072402965 0.11153278499841691 0.28295852243900305 0.62470659613609325 0.41010548174381262 0.016371681354939941 0.29780831933021551 0.11283186078071596 0.39764653146266943 0.0057522123679518708 1.0000000180025095e-35 0.36325818300247198 0.34332872927188879 0.37248815596103674 0.69314920902252208 0.47039544582366949 0.13831858336925509 0.91547620296478283 0.39764653146266943 0.4275322705507279 0.43541666865348821 0.3369396179914475 0.15415929257869723 0.42213201522827154
decision_type=2 2 2 2 2 2 2 2 2 2 2 2 2 2 2 2 2 2 2 2 2 2 2 2 2 2 2 2 2 2
left_child=1 2 4 6 15 18 9 -6 -9 10 11 20 -12 -13 -15 16 -1 -10 19 -3 -4 22 -20 24 25 26 27 -24 -26 -30
right_child=-2 5 3 -5 7 -7 -8 8 17 -11 12 13 -14 14 -16 -17 -18 -19 21 -21 -22 -23 23 -25 28 -27 -28 -29 29 -31
leaf_value=0.015628821503866405 -0.046533635527767819 0.0059775523343527934 -0.015809171482548661 -0.046291391403517117 -0.041456602798701413 0.022586469951015695 0.024259021960832725 -0.03266977055068003 -0.0050974526836124103 -0.051358845038384671 0.0026684101942880101 0.0028182168623658629 0.0315900257441998 -0.026953217536822956 0.014310237930311959 -0.033629688496035641 -0.036174928656982706 0.042666186134759393 0.024203869558798496 -0.010363077183272965 0.040917605223376785 0.022441420430832526 0.036280349810117567 0.012933891992165306 0.026773179037849145 -0.02295180400673423 -0.0079010348687432244 -0.0023834630195748181 -0.0086810892893256584 0.016503102250683448
leaf_weight=27.599243577569723 183.25964995287359 528.84478428959846 339.71193577349186 47.270255206152797 33.804756831377745 355.40146194398403 78.544117568060756 44.76152017340064 569.43473114818335 12.735871974378822 907.57160232961178 706.83611061051488 30.285945355892181 55.113264605402946 19.329064950346947 173.38599326834083 27.547930017113686 9.7837154790759069 85.696267262101173 115.5010082423687 6.4624047055840483 122.21870963275433 26.162127539515495 406.47210338711739 59.348622500896454 51.059410840272903 135.14166937768459 35.868391901254654 58.613323971629143 76.15556375682354
leaf_count=433 5634 2476 4670 1602 487 1827 390 746 5016 390 5382 4609 170 372 84 3309 555 83 373 594 56 511 113 1675 243 250 638 160 258 319
internal_value=-0.000210536 0.00143881 -0.00441319 -0.000847918 -0.0132716 0.0102346 0.000147939 -0.00814378 -0.00632466 -0.000762108 -0.000445207 -0.00382374 0.00361097 0.001001 -0.0161672 -0.0279992 -0.0101771 -0.00427481 0.00764979 0.00303953 -0.0147242 0.0104556 0.0088805 0.0073249 0.00215778 -0.00555982 -0.00102133 0.0138751 0.0120503 0.00551467
internal_weight=5329.92 5146.66 3090.18 2203.86 886.318 2056.48 2156.59 657.785 623.98 2078.05 2065.31 1127.45 937.858 781.278 74.4423 228.533 55.1472 579.218 1701.08 644.346 346.174 1056.74 934.517 848.821 442.349 248.232 197.172 62.0305 194.118 134.769
internal_count=43425 37791 28354 17725 10629 9437 16123 6332 5845 15733 15343 9791 5552 5065 456 4297 988 5099 7610 3070 4726 4540 4029 3656 1981 1161 911 273 820 577
is_linear=0
shrinkage=0.05


Tree=40
num_leaves=31
num_cat=1
split_feature=8 7 13 4 7 7 13 7 7 5 4 13 7 3 6 13 5 13 8 6 6 13 1 1 12 5 13 7 3 6
split_gain=153.728 95.9747 35.7696 37.7942 25.2478 24.2199 17.5118 15.128 20.0012 18.9488 15.003 12.5741 8.73017 13.8399 8.28388 10.1087 10.8638 10.7078 8.10393 7.92321 7.83044 7.56042 7.40939 10.3854 7.40585 7.30214 7.84325 8.52529 7.04727 9.36847
threshold=0.48666666448116308 0.12566372007131579 0.35018461942672735 0.84756097197532665 0.017256637103855613 0.67185840010643016 0.50527185201644909 0.022035398520529274 0.024867256172001365 0.0092238103970885294 0.11153278499841691 0.28295852243900305 0.0057522123679518708 0.062343280762434013 0.025062814354896549 0.47537976503372198 0.51541250944137584 0.34332872927188879 0.32962618768215185 0.040051745250821121 0.36325818300247198 0.55146872997283947 0.77411872148513805 0.39736843109130865 0 0.37248815596103674 0.23036389052867892 0.13831858336925509 0.25168919563293463 0.29780831933021551
decision_type=2 2 2 2 2 2 2 2 2 2 2 2 2 2 2 2 2 2 2 2 2 2 2 2 1 2 2 2 2 2
left_child=1 2 4 6 12 14 7 9 -9 24 -6 -12 13 -1 -3 16 17 25 -11 -19 -13 -8 23 -21 -4 26 -16 -28 29 -10
right_child=-2 5 3 -5 10 -7 21 8 28 18 11 20 -14 -15 15 -17 -18 19 -20 22 -22 -23 -24 -25 -26 -27 27 -29 -30 -31
leaf_value=0.015725564066475916 -0.04620107904706526 -0.0051767186234719757 -0.0042667389999586202 -0.045971547425994658 -0.040791191482401047 0.021694574995202068 0.011084315445338631 0.074445763227766568 -0.001272176964854166 -0.01428147470646616 -0.031938920461639757 -0.0048602715830877302 -0.032943523676110274 -0.034460708771615202 -0.030797137530037835 0.048410735590383752 -0.012579310290505769 0.022332903656711367 -0.045133504891812976 0.010260792297987466 0.039334256730550139 0.041133575202475493 0.012635860886226608 -0.015755066975123275 0.0063209484460658083 -0.0082977087084807524 -0.016593099297453919 0.0090358623648150432 0.011695523741001596 0.019273688701756716
leaf_weight=26.790060847997665 175.54605127684772 123.45188957452774 648.37802940234542 45.270551428198814 32.669007178395987 351.61448699235916 148.27571543864906 9.8022024482488614 612.29774994030595 222.25543824955821 43.530388332903385 567.41967189311981 168.28043934330344 27.838904714211822 13.85873970389366 15.462600141763685 62.245776325464249 158.21119083464146 23.698490992188454 103.04856951534748 10.0822477042675 24.537322621792555 576.0930093228817 60.952275156974792 221.25588486343622 107.04344284534454 34.77719721198082 445.70597119629383 181.26335151493549 60.893841415643692
leaf_count=409 5634 577 5363 1602 487 1827 649 60 3458 3013 746 5016 3309 579 67 70 277 675 513 443 83 144 2442 280 1583 547 206 2026 988 352
internal_value=-0.000205008 0.00136977 -0.00421845 -0.000809933 -0.0127579 0.00974301 0.000139588 -0.00119072 0.00377137 -0.00503938 -0.0077898 -0.00603945 -0.0272947 -0.00977422 0.00726821 0.00824562 0.00784173 0.00869344 -0.0172916 0.0121524 -0.00407337 0.0154012 0.00996658 0.000557604 -0.00156681 0.00351727 0.00608693 0.00716738 0.00294614 0.000581469
internal_weight=5302.55 5127 3074.54 2197.93 876.611 2052.47 2152.66 1979.84 864.257 1115.59 653.701 621.032 222.909 54.629 1700.85 1577.4 1561.94 1499.69 245.954 898.305 577.502 172.813 740.094 164.001 869.634 601.385 494.342 480.483 854.455 673.192
internal_count=43425 37791 28354 17725 10629 9437 16123 15330 4858 10472 6332 5845 4297 988 7610 7033 6963 6686 3526 3840 5099 793 3165 723 6946 2846 2299 2232 4798 3810
cat_boundaries=0 1
cat_threshold=2
is_linear=0
shrinkage=0.05


Tree=41
num_leaves=31
num_cat=0
split_feature=8 7 13 4 7 13 7 7 13 4 13 13 4 5 5 3 13 13 13 6 13 5 13 5 7 13 6 5 6 1
split_gain=144.98 86.8837 33.3032 34.7855 22.3844 19.6794 23.3157 15.2973 13.9776 10.6819 10.0031 9.78346 9.26606 8.7655 8.80849 10.0908 8.61399 8.24032 7.51239 7.47389 9.3561 9.80617 9.66829 7.49738 6.85189 8.59166 10.0644 6.76312 6.61984 8.14645
threshold=0.48666666448116308 0.12566372007131579 0.33318836987018591 0.84756097197532665 0.67185840010643016 0.46537935733795172 0.019026548601686958 0.017256637103855613 0.39530676603317266 0.1225140728056431 0.55146872997283947 0.28295852243900305 0.69314920902252208 0.005000124918296934 0.49264955520629888 0.36874498426914221 0.3526094406843186 0.41338202357292181 0.34146440029144293 0.025062814354896549 0.47537976503372198 0.51541250944137584 0.34332872927188879 0.50488919019699108 0.14672566205263141 0.37370128929615026 0.020442989654839042 0.01180408336222172 0.040051745250821121 0.80243903398513805
decision_type=2 2 2 2 2 2 2 2 2 2 2 2 2 2 2 2 2 2 2 2 2 2 2 2 2 2 2 2 2 2
left_child=1 2 7 5 19 6 8 -1 12 -9 -7 -11 27 -8 15 17 18 -15 -16 24 21 22 -21 28 -3 -26 -27 -4 -24 -30
right_child=-2 4 3 -5 -6 10 13 9 -10 11 -12 -13 -14 14 16 -17 -18 -19 -20 20 -22 -23 23 -25 25 26 -28 -29 29 -31
leaf_value=-0.029832232596460007 -0.04586341487489673 0.018077096291714102 -0.011283201311870697 -0.04570539991290732 0.020832806962022402 0.0068401477681389019 0.0077048459046378248 -0.044817944542496976 -0.0031974959462233673 -0.031208747821940691 0.04002589018286104 -0.0057483218404637514 0.035219010479754863 -0.0090438461730640348 0.015216293317599017 0.032017827715801743 0.014419906240746431 0.0069128635279711069 -0.032330367451669964 0.003336697138061727 0.046800826388501929 -0.011968797545312458 0.019973095078686349 0.032943252518295586 -0.026079268474771669 0.026856046322373778 -0.017953450593647852 -0.024514093497849016 -0.00090330920444114916 0.011553907345864043
leaf_weight=134.75332082249224 168.18392395973206 25.430789992213249 234.31246565282345 43.803972022607923 347.95074738562107 428.46462870948017 412.80252810567617 21.354255754500628 493.02319519221783 42.353953693062067 23.972823657095432 350.93747369199991 8.5909933149814588 413.79428649321198 13.477603465318678 18.008960507810116 131.34995022416115 100.13026385009289 20.961472675204277 601.75822851806879 15.204832091927527 62.157224878668785 153.84483556449413 39.268745124340057 47.919550567865372 23.963491529226303 25.974030718207359 167.43842444755137 173.18988579511642 532.34227393567562
leaf_count=2766 5634 128 3311 1617 1827 2085 2512 322 4222 746 144 3395 88 2812 87 110 645 470 125 2846 70 277 655 167 236 101 112 2897 770 2248
internal_value=-0.000199588 0.00130365 -0.00403141 -0.00158842 0.0092721 -0.000801018 -0.00291989 -0.0151817 -0.0088854 -0.0104024 0.00861803 -0.00851013 -0.0157048 0.00192866 -0.00148223 -0.00462472 0.008567 -0.00592446 -0.0135882 0.00690334 0.00783102 0.00744564 0.008254 0.0115405 -0.0049248 -0.0109659 0.00346003 -0.0168146 0.0105529 0.0084892
internal_weight=5276.72 5108.54 3059.53 2510.13 2049 2466.33 2013.89 549.399 903.365 414.646 452.437 393.291 410.342 1110.53 697.723 531.934 165.789 513.925 34.4391 1701.05 1577.77 1562.56 1500.4 898.646 123.288 97.8571 49.9375 401.751 859.377 705.532
internal_count=43425 37791 28354 21125 9437 19508 17279 7229 10518 4463 2229 4141 6296 6761 4249 3392 857 3282 212 7610 7033 6963 6686 3840 577 449 213 6208 3673 3018
is_linear=0
shrinkage=0.05


Tree=42
num_leaves=31
num_cat=0
split_feature=8 7 13 7 4 7 13 7 13 5 4 7 13 6 5 13 6 6 6 4 13 5 8 6 1 1 7 5 13 7
split_gain=136.714 78.6506 30.6405 39.1523 33.4611 20.6725 14.6462 15.8446 12.4469 10.5183 8.94934 8.56264 10.7923 7.89937 7.0286 6.85751 9.6701 7.7905 6.79644 6.4759 7.01335 6.66741 7.35468 6.43229 6.04892 19.9619 8.62818 9.63352 6.9134 6.16678
threshold=0.48666666448116308 0.12566372007131579 0.38877110183238989 0.017256637103855613 0.84756097197532665 0.67185840010643016 0.28295852243900305 0.11283186078071596 0.55146872997283947 0.73333334922790538 0.24684873968362811 0.047610620036721236 0.33569738268852239 0.29679679870605474 0.01180408336222172 0.33240729570388799 0.29185217618942266 0.28300000727176672 0.043203210458159454 0.59523808956146251 0.45055314898490911 0.49264955520629888 0.33011141419410711 0.31281407177448278 0.76491227746009838 0.36939570307731634 0.13831858336925509 0.019206888973712925 0.41427718102931982 0.31805309653282171
decision_type=2 2 2 2 2 2 2 2 2 2 2 2 2 2 2 2 2 2 2 2 2 2 2 2 2 2 2 2 2 2
left_child=1 2 3 14 8 15 23 10 9 13 11 18 -13 19 -1 17 24 -3 -8 20 21 22 -4 -5 25 28 -27 -28 29 -17
right_child=-2 5 4 6 -6 -7 7 -9 -10 -11 -12 12 -14 -15 -16 16 -18 -19 -20 -21 -22 -23 -24 -25 -26 26 27 -29 -30 -31
leaf_value=-0.01575162619350496 -0.045520153316108876 0.0027656448356688135 -0.0061914419227153492 -0.038443975411247486 -0.044724427042956941 0.020000200499228692 -0.04567592998845596 -0.029179625410997848 0.03894462697259353 -0.050738610556081615 0.00032085677442942007 -0.024829459516860806 0.015022764126900026 0.020430877583617404 -0.02863108679607658 0.0030333190718085752 0.028736517994917957 -0.032811094938647214 -0.013836778789201474 0.036406583061185493 0.0056387248314114609 0.016978820976152834 0.0059483561398980533 0.024212536280681752 0.0095941836104303305 0.015696446957328098 -0.0068786828669448463 -0.040128545617782008 0.034956361715420485 0.034981258426837622
leaf_weight=251.92972701229155 161.1584509536624 484.8556070625782 496.9544660821557 39.775979965925217 37.84081863053143 344.41037514805794 25.325193844735622 53.937801860272884 23.423382379114628 9.1953206751495582 959.25969489663839 27.591029919683933 43.838457033038139 59.371915262192488 187.30345042422414 113.20004904270172 56.924108445644379 15.778392985463141 51.750335201621056 13.267538011074064 549.72726630419493 43.744188539683819 166.10303298383951 4.3962292335927478 879.22858273983002 17.870269104838371 48.018833011388779 40.529239788651466 27.621484935283661 17.430976167321205
leaf_count=4226 5634 2336 3877 715 1458 1827 396 406 144 328 7274 246 254 419 3708 507 236 70 744 70 2707 195 1108 79 3776 84 231 185 114 71
internal_value=-0.000193798 0.00124103 -0.00385228 -0.00847904 0.00158261 0.00882334 -0.00381795 -0.00273732 0.00287623 0.00223838 -0.00144279 -0.0128612 -0.000314223 0.00261244 -0.0212605 0.00655693 0.00860735 0.00162807 -0.0244088 0.00177382 0.00140129 -0.00188771 -0.00314231 -0.0320546 0.00759886 0.000950467 -0.0157655 -0.0221819 0.0122257 0.00735809
internal_weight=5251.76 5090.6 3044.74 1645.11 1399.63 2045.87 1205.87 1161.7 1361.79 1338.36 1107.76 148.505 71.4295 1329.17 439.233 1701.46 1200.82 500.634 77.0755 1269.8 1256.53 706.802 663.057 44.1722 1143.9 264.671 106.418 88.5481 158.253 130.631
internal_count=43425 37791 28354 18048 10306 9437 10114 9320 8848 8704 8914 1640 500 8376 7934 7610 5204 2406 1140 7957 7887 5180 4985 794 4968 1192 500 416 692 578
is_linear=0
shrinkage=0.05


Tree=43
num_leaves=31
num_cat=0
split_feature=8 7 13 4 7 13 7 7 13 4 4 7 13 13 5 3 1 5 6 13 6 13 5 6 1 13 4 7 4 1
split_gain=128.899 71.1973 29.1713 31.336 19.0763 16.1308 24.3403 13.9308 10.7142 10.5413 9.90642 9.1571 8.97861 8.88795 7.84463 8.8016 7.76928 7.34598 7.17575 6.77224 7.09371 8.5334 8.98252 7.51581 7.61156 11.6658 8.90428 7.84667 11.3557 9.59199
threshold=0.48666666448116308 0.12566372007131579 0.33318836987018591 0.84756097197532665 0.67185840010643016 0.41010548174381262 0.016371681354939941 0.017256637103855613 0.55146872997283947 0.69314920902252208 0.1225140728056431 0.11283186078071596 0.26187285780906683 0.39764653146266943 0.005000124918296934 0.09734158962965013 0.81605800986289989 0.014269287232309582 0.02211922220885754 0.23036389052867892 0.025062814354896549 0.47537976503372198 0.51541250944137584 0.040051745250821121 0.90692642331123363 0.39764653146266943 0.28569257259368902 0.14672566205263141 0.42875768244266516 0.73401361703872692
decision_type=2 2 2 2 2 2 2 2 2 2 2 2 2 2 2 2 2 2 2 2 2 2 2 2 2 2 2 2 2 2
left_child=1 2 7 5 19 6 9 -1 16 17 -9 14 -12 -13 18 -16 -7 -4 -8 -3 -21 22 23 -22 25 26 -25 28 29 -28
right_child=-2 4 3 -5 -6 8 11 10 -10 -11 12 13 -14 -15 15 -17 -18 -19 -20 20 21 -23 -24 24 -26 -27 27 -29 -30 -31
leaf_value=-0.028605548662959668 -0.045170822440877278 -0.027025440191330165 -0.010342609813930996 -0.045062711855057405 0.019195852661048923 0.0025014733959297492 -0.0159077003024749 -0.043902317270960466 0.037887700671884329 0.037595755997324648 -0.048547664680685249 -0.025511074016791448 -0.0064755566958538879 0.013093297543384142 -0.0062012999601526765 0.0075969977424940761 0.026829564991285876 -0.024400470415311227 0.0091388511555289195 -0.0050663231853805557 0.015272604234017615 0.045031562413807902 -0.011527075836104891 -0.013138459299259468 0.010285372248001128 0.01676506991558923 -0.0092114231336134552 -0.0020142295674764887 0.00083224386260723833 0.043608248633553781
leaf_weight=128.68662221729755 154.45529856346548 15.019951745867727 248.83371203765273 40.329303937032819 340.99293425679207 964.7910083308816 30.980734787881374 20.102239709347486 22.889483131468296 9.367967985570429 13.075469505041836 61.218783184885979 375.89144296199083 19.44126258790493 407.6367817260325 160.95921906456351 33.93528851121664 150.53083071671426 341.97953247278929 121.79766063392162 277.92921816557646 14.900821939110754 62.045518085360527 114.80684000998735 577.91719126701355 114.57102856040001 10.860148891806601 278.33964790403843 75.495544418692589 38.117247447371483
leaf_count=2766 5634 73 3397 1617 1827 5936 256 322 144 92 267 434 3874 84 2926 1082 146 2739 2272 571 1235 70 277 598 2439 478 52 1271 368 178
internal_value=-0.000188241 0.00118108 -0.00368064 -0.00139983 0.0083961 -0.000677998 -0.00410588 -0.0142423 0.00411839 -0.014417 -0.00970581 1.31182e-05 -0.00791481 -0.0161398 0.00140376 -0.00228581 0.00333572 -0.0156587 0.0070412 0.0062282 0.00652886 0.00743473 0.00706721 0.00784661 0.0061358 0.00233353 -0.00085374 0.00263755 0.013073 0.0317993
internal_weight=5227.9 5073.44 3030.65 2492.89 2042.79 2452.56 1430.95 537.756 1021.62 408.733 409.069 1022.22 388.967 80.66 941.556 568.596 998.726 399.365 372.96 1701.8 1686.78 1564.98 1550.08 1488.04 1210.11 632.19 517.619 402.813 124.473 48.9774
internal_count=43425 37791 28354 21125 9437 19508 13282 7229 6226 6228 4463 7054 4141 518 6536 4008 6082 6136 2528 7610 7537 6966 6896 6619 5384 2945 2467 1869 598 230
is_linear=0
shrinkage=0.05


Tree=44
num_leaves=31
num_cat=0
split_feature=8 7 4 13 7 7 13 7 13 5 4 7 13 6 5 6 4 1 13 7 3 1 6 1 13 3 6 6 7 6
split_gain=121.509 64.4409 27.0274 31.5965 32.6164 17.5889 13.103 13.6835 10.6874 9.9046 7.87985 7.98569 9.50759 7.09488 6.83636 6.61162 6.30057 9.09136 7.32737 7.44851 11.4243 14.3921 9.18466 7.43283 8.87999 6.83855 6.11014 5.87823 8.10521 6.61792
threshold=0.48666666448116308 0.12566372007131579 0.84756097197532665 0.38877110183238989 0.017256637103855613 0.67185840010643016 0.28295852243900305 0.11283186078071596 0.55146872997283947 0.73333334922790538 0.24684873968362811 0.047610620036721236 0.33569738268852239 0.29679679870605474 0.01180408336222172 0.043203210458159454 0.21339728683233264 0.83503401279449474 0.37492635846138006 0.28300885856151586 0.0093764648772776144 0.6885775923728944 0.052195154130458839 0.96904760599136364 0.4125345647335053 1.0000000180025095e-35 0.31281407177448278 0.0245190653949976 0.14672566205263141 0.036626014858484275
decision_type=2 2 2 2 2 2 2 2 2 2 2 2 2 2 2 2 2 2 2 2 2 2 2 2 2 2 2 2 2 2
left_child=1 2 3 4 14 16 26 10 9 13 11 15 -13 -5 -1 -8 17 25 27 20 22 -22 -20 24 -21 -3 -6 28 -18 -29
right_child=-2 5 -4 8 6 -7 7 -9 -10 -11 -12 12 -14 -15 -16 -17 18 -19 19 23 21 -23 -24 -25 -26 -27 -28 29 -30 -31
leaf_value=-0.014170257711329952 -0.044814968250859823 -0.0050749118831741628 -0.044791048517046794 0.0016230579054751445 -0.03741326473390609 0.018418934108562306 -0.045070481087464968 -0.02752567049813669 0.036853303070504197 -0.050594077405499871 0.00034849822797830749 -0.023550377995994035 0.014146403150051085 0.019262648004174029 -0.027169597669132128 -0.013070007884966862 0.013355048031219223 0.0049671745833942535 0.061816655944054257 -0.018222331273415531 -0.042246022150532039 0.013993363283296537 0.022171044144526888 0.011750077628078205 0.015564942610986366 -0.04028193372468921 0.023604181042029278 0.01558269004380519 -0.024478433744433693 0.0035490234077312473
leaf_weight=242.33567591011524 148.06065653637052 35.005552649497986 39.062730325385928 1269.3918025232852 37.728257093578577 337.69740429520607 24.130906533449888 52.002158857882023 22.371473837643862 8.7618055790662748 958.54804954305291 26.772550262510777 44.197963744401932 59.671633012592793 177.57915174774826 50.872488766908646 22.003196597099304 116.45708636939526 21.116696417331696 58.121012300252914 11.786552816629408 248.37107141315937 49.934990182518959 136.25870372354984 28.972471982240677 23.122194096446037 4.429963991045951 134.36272652447224 38.76092304289341 777.52489276230335
leaf_count=4099 5634 181 1632 7957 715 1827 396 406 144 328 7274 246 254 419 3661 744 112 560 90 238 55 1064 215 561 119 122 79 593 188 3512
internal_value=-0.000182954 0.00112358 -0.00351506 -0.00297062 -0.00769185 0.00798969 -0.00348514 -0.00248099 0.00264399 0.00206548 -0.00129494 -0.0121138 -1.69108e-05 0.00242018 -0.0196847 -0.0234784 0.00591626 -0.00306056 0.00694586 0.0115376 0.016301 0.0114109 0.0340944 0.00444755 -0.00692037 -0.0192106 -0.0308426 0.0043218 -0.010697 0.00532913
internal_weight=5205.41 5057.35 3017.86 2978.79 1618.6 2039.5 1198.68 1156.52 1360.2 1337.83 1104.52 145.974 70.9705 1329.06 419.915 75.0034 1701.8 174.585 1527.21 554.561 331.209 260.158 71.0517 223.352 87.0935 58.1277 42.1582 972.652 60.7641 911.888
internal_count=43425 37791 28354 26722 17874 9437 10114 9320 8848 8704 8914 1640 500 8376 7760 1140 7610 863 6747 2342 1424 1119 305 918 357 303 794 4405 300 4105
is_linear=0
shrinkage=0.05


Tree=45
num_leaves=31
num_cat=0
split_feature=8 7 13 4 7 7 6 13 5 13 4 7 13 5 4 4 5 13 10 13 3 4 4 4 13 5 5 4 4 4
split_gain=114.523 58.7126 31.2307 28.9909 23.3284 17.3397 14.0963 9.97003 9.48104 9.26927 10.6531 9.77326 9.43446 8.59114 8.48607 12.1746 10.0347 8.3055 7.9695 7.93216 7.92203 7.36462 20.1935 8.74074 7.44767 7.16702 7.02644 7.01915 7.87088 6.52217
threshold=0.48666666448116308 0.061769910156726844 0.40222623944282537 0.84756097197532665 0.31805309653282171 0.016371681354939941 0.037754381075501449 0.53683203458786022 0.014269287232309582 0.3538001030683518 0.47039544582366949 0.087610617280006423 0.45682209730148321 0.73333334922790538 0.37588028609752661 0.38905704021453863 0.37248815596103674 0.27012483775615698 0.29806570708751684 0.29750327765941625 0.34719188511371618 0.35142973065376287 0.28569257259368902 0.19897611439228061 0.38322634994983679 0.42022895812988287 0.3529226034879685 0.25211864709854132 0.29890210926532751 0.59523808956146251
decision_type=2 2 2 2 2 2 2 2 2 2 2 2 2 2 2 2 2 2 2 2 2 2 2 2 2 2 2 2 2 2
left_child=1 2 5 7 9 8 27 13 -1 14 11 18 21 25 -3 -16 20 -8 -11 -6 -17 22 23 26 -25 29 -13 -7 -29 -4
right_child=-2 4 3 -5 19 6 17 -9 -10 10 -12 12 -14 -15 15 16 -18 -19 -20 -21 -22 -23 -24 24 -26 -27 -28 28 -30 -31
leaf_value=-0.012445723625271554 -0.044452158033813687 -0.0066632309446413868 0.0011011001598549724 -0.046206024126011318 -0.014563664207523981 -0.040782703873936899 -0.043104813782884124 0.025105132681424547 -0.027088480299373569 0.057679674857928104 0.019953239112816063 -0.02047014076094273 0.024979925745032609 -0.050367005397823385 0.02460551636549306 0.00015540484112220427 -0.018812486989412232 -0.00076985608311092002 0.010734686990582073 0.015857299535639822 0.017017162934759422 2.0078755846109143e-06 0.029436550403128998 -0.0027526645294974573 0.015855475336251448 0.040577219202800358 0.0040320871837523668 0.045445439465891357 -0.016170767716443029 0.037672207575954075
leaf_weight=281.56672948040068 141.96119751781225 342.72511433809996 872.95320148766041 30.97374639287591 22.040728613734245 29.408149965107441 11.764162853360174 47.79621309787035 184.60878225043416 15.139382496476172 125.16809971630573 59.424831688404083 50.760333806276321 7.751237738877534 59.775896519422531 383.29246036708355 57.872884057462215 511.2871984988451 23.198556274175644 555.87878502905369 85.199188686907291 758.23487278074026 88.752929210662842 88.77899145334959 134.6083959788084 11.879193648695944 56.949005261063576 5.2689784057438365 127.27896574884653 12.276741370558737
leaf_count=4629 5634 1977 5555 1363 102 461 275 272 3857 64 525 298 225 305 283 2035 308 5231 103 2744 406 3514 383 480 577 65 256 52 1389 57
internal_value=-0.000177675 0.00106862 -0.00522668 0.0013112 0.00569216 -0.0108169 -0.00574266 0.00286606 -0.0182596 0.00345856 0.00602656 0.00465489 0.00387868 0.00168319 -0.000409626 0.00323893 0.000798757 -0.00173964 0.0295048 0.0146861 0.00323551 0.00296988 0.0082085 0.00264154 0.0084399 0.00214405 -0.00844357 -0.0186308 -0.0136513 0.00161813
internal_weight=5184.57 5042.61 2134.81 983.63 2907.8 1151.18 685.007 952.657 466.176 2329.88 1401.02 1275.85 1237.51 904.86 928.866 586.14 526.365 523.051 38.3379 577.92 468.492 1186.75 428.514 339.761 223.387 897.109 116.374 161.956 132.548 885.23
internal_count=43425 37791 23511 7617 14280 15894 7408 6254 8486 11434 6425 5900 5733 5982 5009 3032 2749 5506 167 2846 2441 5508 1994 1611 1057 5677 554 1902 1441 5612
is_linear=0
shrinkage=0.05


Tree=46
num_leaves=31
num_cat=1
split_feature=8 7 13 4 7 13 7 7 7 5 12 5 4 4 3 13 10 13 5 6 13 13 13 6 13 5 6 1 13 3
split_gain=107.919 53.5064 24.5079 26.6694 15.0322 13.5619 16.2161 20.3107 12.406 11.6008 10.3129 9.8908 8.76699 8.6718 8.58358 8.27539 8.24105 7.01669 6.90754 6.46328 6.24929 6.18056 12.8585 5.9761 7.54126 7.24487 6.25665 6.42938 10.1874 7.98926
threshold=0.48666666448116308 0.12566372007131579 0.33318836987018591 0.84756097197532665 0.67185840010643016 0.46537935733795172 0.022035398520529274 0.024867256172001365 0.022035398520529274 0.2225274741649628 0 0.35774062573909765 0.1011171229183674 0.59523808956146251 0.24486105889081958 0.26187285780906683 0.4575274139642716 0.55146872997283947 0.035445082932710655 0.31623914837837225 0.23036389052867892 0.35435482859611517 0.39835169911384588 0.025062814354896549 0.47721627354621893 0.51541250944137584 0.040051745250821121 0.90692642331123363 0.39764653146266943 0.38941444456577307
decision_type=2 2 2 2 2 2 2 2 2 2 1 2 2 2 2 2 2 2 2 2 2 2 2 2 2 2 2 2 2 2
left_child=1 2 8 5 20 6 9 -8 -1 10 13 -11 -10 14 -4 -14 -12 -7 -15 -9 -3 -21 -23 -22 25 26 -25 28 29 -28
right_child=-2 4 3 -5 -6 17 7 19 12 11 16 -13 15 18 -16 -17 -18 -19 -20 21 23 22 -24 24 -26 -27 27 -29 -30 -31
leaf_value=-0.023985772199478179 -0.044081975451589407 -0.026652201104122732 -0.0073268012235321979 -0.044037550387662036 0.017019734903324087 0.005892851929549919 0.062658531549248636 0.00029113643810152576 -0.04980065332057379 -0.036501629079353004 0.060296593094567558 -0.010956123443877754 -0.047660673643350603 0.0083285159350944618 -0.035446666839208892 -0.0046093201932417864 0.0037996013542386251 0.035144795528877899 0.081858002651953282 0.05414399266849429 -0.0049962768105636293 -0.020898734957598086 0.038690886778566948 0.013648416682951973 0.045376439504407597 -0.01039441922058461 0.00030944273725445063 0.0091348505519449376 0.015283224652244685 -0.027304436767655052
leaf_weight=173.82562337256968 136.14411083050072 14.945265173912047 507.41040261462331 35.622464267536998 331.78167510032654 429.35931086912751 13.498689029365776 995.79808646067977 11.827022682875393 53.103170897811651 6.6152296662330619 135.62064938619733 11.494781766086815 13.049091000109913 28.707302253693342 326.45574526488781 180.1313458122313 21.529078781604767 4.2289917171001425 9.9964441731572133 121.41961848735809 17.50350584089756 18.434357978403568 278.70509531348944 12.314254209399222 62.936751201748848 489.92098108679056 577.91330453753471 115.01548799872398 27.555805921554565
leaf_count=3554 5634 73 5658 1617 1827 2085 89 5861 168 860 56 2132 259 159 418 3248 1720 144 50 81 571 117 78 1235 60 282 2329 2441 481 138
internal_value=-0.000172202 0.00101691 -0.00323207 -0.00114715 0.00727865 -0.000515855 -0.00229667 0.00194053 -0.013058 -0.00711537 -0.00428368 -0.0181861 -0.00760777 -0.00771582 -0.00884818 -0.00610209 0.00585889 0.00730815 0.0269808 0.00114301 0.00537451 0.0194612 0.00955161 0.00566297 0.00649376 0.00617913 0.00688362 0.00532084 0.00182715 -0.00115634
internal_weight=5162.86 5026.72 2994.21 2470.61 2032.51 2434.99 1984.1 1055.23 523.603 928.866 740.142 188.724 349.778 553.396 536.118 337.951 186.747 450.888 17.2781 1041.73 1700.73 45.9343 35.9379 1685.78 1564.36 1552.05 1489.11 1210.41 632.492 517.477
internal_count=43425 37791 28354 21125 9437 19508 17279 6226 7229 11053 8061 2992 3675 6285 6076 3507 1776 2229 209 6137 7610 276 195 7537 6966 6906 6624 5389 2948 2467
cat_boundaries=0 1
cat_threshold=2
is_linear=0
shrinkage=0.05


Tree=47
num_leaves=31
num_cat=0
split_feature=8 7 13 4 7 7 6 5 13 13 13 13 4 4 4 3 3 4 3 6 13 1 5 13 3 1 5 6 6 6
split_gain=101.673 48.6842 27.1313 24.2689 19.5134 16.1813 12.9819 9.84741 8.60557 8.27208 7.56889 7.08394 6.6814 7.04972 6.12653 6.91903 9.10897 5.93112 6.63172 7.97708 7.14708 5.86388 8.73023 5.67759 5.47828 5.30886 5.5778 5.22807 5.22288 5.30859
threshold=0.48666666448116308 0.061769910156726844 0.40143805742263799 0.84756097197532665 0.31805309653282171 0.016371681354939941 0.037754381075501449 0.014269287232309582 0.55146872997283947 0.37750813364982611 0.27012483775615698 0.29750327765941625 0.25211864709854132 0.29890210926532751 0.19897611439228061 0.085142057389020934 0.36140660941600805 0.35832114517688757 0.14008718729019168 0.27909746766090399 0.47537976503372198 0.4871456921100617 0.54240113496780407 0.47364357113838201 0.10459482669830324 0.93605443835258495 0.0051619873847812423 0.2357628792524338 0.040051745250821121 0.042055048048496253
decision_type=2 2 2 2 2 2 2 2 2 2 2 2 2 2 2 2 2 2 2 2 2 2 2 2 2 2 2 2 2 2
left_child=1 2 5 8 9 7 12 -1 21 -3 -8 -6 -7 -14 15 27 -17 -16 20 25 24 22 23 -4 -19 26 -20 -11 -12 -30
right_child=-2 4 3 -5 11 6 10 -9 -10 14 28 -13 13 -15 17 16 -18 18 19 -21 -22 -23 -24 -25 -26 -27 -28 -29 29 -31
leaf_value=-0.011503948290008252 -0.043704030144445821 0.00072859113413897012 -0.002061128202587172 -0.043966749745729505 -0.014221446369167477 -0.039923686395885116 -0.042274108363289847 -0.026740126429330931 0.034164234310531276 -0.022764874229622662 0.023934841688085073 0.014570455281878317 0.042133452652867165 -0.015361779210449478 0.015020608368637257 0.045723183806329969 -0.013645205623673327 0.0030820523908406112 0.020407798341406432 0.048471997126585578 0.041741396917120158 0.016941491937624287 -0.051398380152214519 0.0061474555056118185 -0.017401231512219475 0.024517773494454283 -0.0051586627580792336 0.011177010163591419 -0.0479550683457311 -0.00094008509708563186
leaf_weight=273.59915769286454 130.59703794494271 1409.9396417662501 508.40758638828993 28.697795763611794 21.975290313363075 28.050035785883665 10.975246697664259 175.40134468302131 21.054727725684643 47.64069165289402 20.882093090564013 549.68102611601353 5.4315153099596492 125.09717679768801 229.00212936103344 12.833079859614374 12.65816970169544 400.02201355993748 32.55166507512331 15.49120572209358 11.179982364177702 60.499233042821288 7.8185531515628091 358.96506477147341 35.402991518378258 45.9871686398983 60.990687929093838 14.594367429614065 5.9871825277805319 481.01024206727743
leaf_count=4599 5634 7364 3857 1372 102 459 275 3829 144 223 233 2744 52 1388 987 60 56 1785 150 69 54 396 308 1610 155 191 276 64 62 4927
internal_value=-0.000167091 0.000967237 -0.00480607 0.00124852 0.00517337 -0.0101069 -0.00521632 -0.0174717 0.00261444 0.00313796 -0.00137813 0.0134526 -0.0177342 -0.0129006 0.00683112 -0.00569668 0.0161092 0.00816078 0.0055393 0.0144526 0.00243168 0.00189559 0.000847988 0.00133057 0.00140153 0.0106078 0.00369707 -0.01472 -0.000476383 -0.00153808
internal_weight=5142.42 5011.83 2111.88 985.443 2899.95 1126.43 677.433 449.001 956.745 2328.29 518.855 571.656 158.579 130.529 918.354 87.7263 25.4912 830.628 601.626 155.021 446.605 935.69 875.191 867.373 435.425 139.53 93.5424 62.2351 507.88 486.997
internal_count=43425 37791 23511 7687 14280 15824 7396 8428 6315 11434 5497 2846 1899 1440 4070 403 116 3667 2680 686 1994 6171 5775 5467 1940 617 426 287 5222 4989
is_linear=0
shrinkage=0.05


Tree=48
num_leaves=31
num_cat=0
split_feature=8 7 4 13 7 7 4 5 7 1 13 6 13 5 5 13 1 4 6 5 1 5 8 4 4 7 6 3 13 3
split_gain=95.7667 44.632 22.0797 24.2262 16.2223 12.7859 12.0768 10.4793 10.1255 14.7055 10.0014 8.88219 10.1158 8.58499 11.7305 10.9757 7.8739 12.1819 10.8372 7.42099 6.62788 6.59014 9.40829 8.39322 8.28689 6.57561 8.04508 6.49573 6.03285 6.95116
threshold=0.48666666448116308 0.12566372007131579 0.84756097197532665 0.35018461942672735 0.017256637103855613 0.67185840010643016 0.109621848911047 0.62470659613609325 0.0057522123679518708 1.0000000180025095e-35 0.51932433247566234 0.36325818300247198 0.28092239797115331 0.49264955520629888 0.03347339108586312 0.37370128929615026 0.4708049893379212 0.50125628709793102 0.047678871080279357 0.32985453307628637 0.55051019787788402 0.019794563762843612 0.32502073049545294 0.38791178166866308 0.60759153962135326 0.0080530971754342335 0.33865547180175787 0.060754165053367622 0.40625938773155218 0.35958516597747808
decision_type=2 2 2 2 2 2 2 2 2 2 2 2 2 2 2 2 2 2 2 2 2 2 2 2 2 2 2 2 2 2
left_child=1 2 3 4 8 -3 -6 10 9 19 13 12 -8 14 16 -16 -5 28 -19 -1 -20 23 -23 27 -25 -17 -27 -14 29 -18
right_child=-2 5 -4 7 6 -7 11 -9 -10 -11 -12 -13 21 -15 15 25 17 18 20 -21 -22 22 -24 24 -26 26 -28 -29 -30 -31
leaf_value=0.012768667817129188 -0.043317951581052339 0.0048979736037593168 -0.043425686421889438 -0.0010679251078666496 -0.04260988257225562 0.015714395831368692 -0.032771372152107063 -0.050643429579234359 -0.029149732967532638 -0.031743966316697639 0.016161385866713267 0.038136417511443567 -0.0010351389892060698 0.011662781919675808 -0.020064974285468315 -0.022518078508456295 -0.0030873952400880256 -0.0035148260679754421 0.080463657775857358 0.09233512215124727 0.030645392859011467 -0.0079521422421106533 -0.04799235090682865 0.0091349232137954896 -0.028173831422487201 -0.0019673851324100637 0.048748180180672972 -0.022835535913755794 0.017185316754595226 0.026425898739097533
leaf_weight=21.345842327922586 125.30811178870499 1699.7042136117816 33.280187165364623 1022.1457303799689 21.599055085331202 326.2982032597065 32.053504008799791 9.9410205427557212 144.00834549218416 22.320690976455808 97.791156217455864 11.787031214684246 93.442139625549316 141.50372362881899 133.45966538414359 38.58415312692523 221.347626298666 20.808947455137968 8.2381737157702428 3.3574374709278336 39.812145356088877 185.56393748149276 15.92083866894245 200.99347072839737 15.923353660851715 292.02726368233562 7.9322735369205466 54.252793520689011 60.673369765281677 21.820501554757357
leaf_count=329 5634 7610 1632 7890 343 1827 665 396 3309 549 487 112 870 731 1695 561 1415 139 59 80 222 1746 220 1712 154 1982 105 510 309 132
internal_value=-0.000161924 0.000919927 -0.00298009 -0.00251888 -0.00979996 0.00664317 -0.00592549 0.000309405 -0.0225727 -0.00230549 0.00055467 -0.00461146 -0.00546843 -0.000203533 -0.00110623 -0.00792016 0.00119636 0.00741826 0.0264004 0.0241128 0.0394399 -0.00390814 -0.0111631 8.91934e-05 0.00636142 -0.00311319 -0.000593776 -0.00908694 0.00309264 -0.000408715
internal_weight=5123.24 4997.94 2971.93 2938.65 822.568 2026 631.536 2116.09 191.032 47.024 2106.14 609.937 598.15 2008.35 1866.85 472.003 1394.85 372.701 68.8593 24.7033 48.0503 566.097 201.485 364.612 216.917 338.544 299.96 147.695 303.841 243.168
internal_count=43425 37791 28354 26722 10599 9437 6332 16123 4267 958 15727 5989 5877 15240 14509 4343 10166 2276 420 409 281 5212 1966 3246 1866 2648 2087 1380 1856 1547
is_linear=0
shrinkage=0.05


Tree=49
num_leaves=31
num_cat=0
split_feature=8 7 4 13 13 13 7 7 4 4 13 13 4 7 5 5 3 6 13 1 3 13 1 1 13 3 3 4 4 5
split_gain=90.1761 40.384 20.9215 22.1831 12.3148 10.6401 12.4787 10.6038 8.15624 8.03302 7.44481 7.29801 7.33778 6.93553 6.87152 6.75081 8.46057 7.41248 8.09115 7.22554 6.65692 5.87932 5.82271 18.5471 5.63983 6.43467 6.33273 9.84153 8.75458 8.33457
threshold=0.48666666448116308 0.12566372007131579 0.84756097197532665 0.33318836987018591 0.37492635846138006 0.46537935733795172 0.019026548601686958 0.022035398520529274 0.47039544582366949 0.1011171229183674 0.26187285780906683 0.39530676603317266 0.69314920902252208 0.13831858336925509 0.005000124918296934 0.49264955520629888 0.36874498426914221 0.20718534290790561 0.3526094406843186 0.61167800426483165 0.09734158962965013 0.55146872997283947 0.76491227746009838 0.52919501066207897 0.41513071954250341 0.049116889014840133 0.064902164041996016 0.33656601607799536 0.37588028609752661 0.34259587526321417
decision_type=2 2 2 2 2 2 2 2 2 2 2 2 2 2 2 2 2 2 2 2 2 2 2 2 2 2 2 2 2 2
left_child=1 2 3 7 -3 6 11 -1 13 -9 -11 12 -5 -6 -8 16 24 18 20 -20 -17 -7 23 -15 25 -16 27 -27 -28 -30
right_child=-2 4 -4 5 8 21 14 9 -10 10 -12 -13 -14 22 15 17 -18 -19 19 -21 -22 -23 -24 -25 -26 26 28 -29 29 -31
leaf_value=-0.022314978211476807 -0.042923398594306168 0.0028186291578977795 -0.043046795020076106 -0.012847043335873002 0.030643936849471334 0.0052666926079958593 0.0066018596380872764 -0.048961484042864684 0.020183846831158772 -0.046886709004177178 -0.004101605888396003 -0.0024533862091886895 0.033061481613252584 0.011759744796414482 -0.014080281164365674 -0.040036985140080167 0.028922433983779416 0.027394103630199951 0.032088306286765254 0.00075383455238661658 0.013231066205635045 0.032753360626078115 0.0096079778714748734 -0.024902765749554509 0.0055449568090580803 0.049308890935393389 -0.019287563506238864 -0.0015755326244267908 0.015438158292246229 -0.016931166902507743
leaf_weight=165.03373060561717 120.26590837724507 1123.7591768875718 31.929624106734991 366.07144842669368 33.101345375180244 429.43298180960119 415.2527869194746 10.9050603993237 180.86132131516933 10.430613070726393 323.59059190377593 486.80950121581554 8.7642780020832998 94.747280791401863 213.55040667578578 18.06117478013039 18.326247043907642 35.691761538386345 23.841951549053192 80.999100893735886 8.4274787008762342 20.378513600677252 537.93000669777393 54.0859315097332 93.154747232794762 14.224231481552122 70.568761434406042 27.682466000318527 57.890082567930222 30.073546975851059
leaf_count=3539 5634 5195 1632 6208 134 2085 2512 168 971 259 3248 4222 88 430 1517 113 110 183 116 393 52 144 2462 245 434 120 509 179 339 184
internal_value=-0.000158021 0.000873436 -0.00284628 -0.00240491 0.00631637 -0.000404837 -0.00199157 -0.0118813 0.0106739 -0.00686968 -0.00546627 -0.00650509 -0.0117518 0.00827513 0.00151497 -0.00152868 -0.00431785 0.00721382 0.00167467 0.00795105 -0.0229155 0.00653008 0.00718539 -0.0015376 -0.00553435 -0.00804019 -0.00157626 0.0156532 -0.00616924 0.0043081
internal_weight=5105.84 4985.58 2961.09 2929.16 2024.49 2419.2 1969.39 509.96 900.726 344.926 334.021 861.645 374.836 719.865 1107.74 692.492 525.47 167.021 131.33 104.841 26.4887 449.811 686.763 148.833 507.144 413.989 200.439 41.9067 158.532 87.9636
internal_count=43425 37791 28354 26722 9437 19508 17279 7214 4242 3675 3507 10518 6296 3271 6761 4249 3392 857 674 509 165 2229 3137 675 3282 2848 1331 299 1032 523
is_linear=0
shrinkage=0.05


Tree=50
num_leaves=31
num_cat=0
split_feature=8 7 4 13 7 7 13 5 7 7 13 13 3 5 8 5 4 7 1 13 1 7 4 13 4 4 10 4 4 6
split_gain=84.8949 36.6389 20.8763 21.1086 26.9194 13.2463 9.19572 7.79609 7.75565 9.07681 10.7051 7.95345 7.60665 6.53642 19.0925 10.5584 6.76535 10.3306 10.0644 6.76359 6.27602 11.1225 6.2159 6.56041 11.0565 9.6486 9.24343 7.51149 6.72491 6.46635
threshold=0.48666666448116308 0.17752212285995486 0.84756097197532665 0.38877110183238989 0.017256637103855613 0.15415929257869723 0.41684278845787054 0.018528054468333725 0.097964603453874602 0.15415929257869723 0.42213201522827154 0.52688080072402965 0.32562056183815008 0.030816714279353622 0.31782911717891699 0.50488919019699108 0.37838028371334081 0.018318584188818935 0.46802721917629247 0.28092239797115331 0.97767856717109691 0.28300885856151586 0.38961258530616766 0.32008366286754614 0.47039544582366949 0.42502371966838842 0.22211164981126788 0.51542207598686229 0.39154426753520971 0.050125628709793098
decision_type=2 2 2 2 2 2 2 2 2 2 2 2 2 2 2 2 2 2 2 2 2 2 2 2 2 2 2 2 2 2
left_child=1 2 3 4 -1 12 7 -3 11 -10 -11 -5 13 16 15 -15 17 18 -6 -19 21 -9 -18 26 25 28 -24 -26 -25 -29
right_child=-2 6 -4 8 5 -7 -8 20 9 10 -12 -13 -14 14 -16 -17 22 19 -20 -21 -22 -23 23 24 27 -27 -28 29 -30 -31
leaf_value=-0.016486372620907783 -0.042520051018624022 0.0099837986620103739 -0.042658940040357259 0.00017017040561411356 0.007243872848844252 -0.033087560950014805 0.01775793483229899 0.0037059056473171268 0.015396994962768536 -0.018072180047968633 0.011125580837038967 0.01731414397064901 0.0065262684023351981 -0.0092328785231848669 -0.053921514829861898 0.0064818364875492531 0.01845077417227961 -0.049567081544070808 0.11010580615429449 -0.0059194148186147164 0.0089957264552238403 -0.018216015115501995 -0.059209375286562574 -0.012820580767770233 0.025384622872089254 -0.010645385500286979 -0.0045172015625898924 -0.01633557899011346 0.024871098352894663 0.013978592805179553
leaf_weight=386.05993438698351 115.45945803076029 597.63148680329323 30.64252232760191 1160.3084537312388 7.2052516750991327 33.279110044240952 214.42737175524235 169.46113477647305 232.85712799429893 54.06108470261097 74.502347052097321 71.784347575157881 263.74369704723358 404.13355953618884 20.696199426427484 144.84836785122752 61.484855704009533 9.0750264674425107 3.5508472621440887 315.49898813292384 154.54149247705936 87.559666261076927 8.1887810379266721 16.390429280698299 81.751309737563133 129.95205309987068 120.21789011731744 26.496658027172089 40.766597896814346 51.526387259364128
leaf_count=7760 5634 2664 1632 7948 101 192 1116 725 973 251 321 390 1597 3352 364 879 474 164 50 2336 728 374 44 107 432 810 1132 247 220 408
internal_value=-0.000153014 0.000830533 -0.00162034 -0.00127966 -0.0045429 -0.00188747 0.0083433 0.00633642 0.00306857 0.0095099 -0.00111776 0.0011744 -0.00127384 -0.00270453 -0.00686946 -0.00507703 1.08402e-05 -0.00555419 0.0423631 -0.00717009 0.00102676 -0.003747 0.00349709 0.00154864 0.00513132 -0.00309533 -0.00808731 0.0147926 0.0139717 0.00361215
internal_weight=5088.1 4972.64 3749.02 3718.38 2124.87 1738.81 1223.62 1009.19 1593.51 361.421 128.563 1232.09 1705.53 1441.78 569.678 548.982 872.105 335.33 10.7561 324.574 411.562 257.021 536.775 475.29 346.883 187.109 128.407 159.774 57.157 78.023
internal_count=43425 37791 32184 30552 20669 12909 5607 4491 9883 1545 572 8338 12717 11120 4595 4231 6525 2651 151 2500 1827 1099 3874 3400 2224 1137 1176 1087 327 655
is_linear=0
shrinkage=0.05


Tree=51
num_leaves=31
num_cat=2
split_feature=8 7 5 13 7 4 4 13 7 1 12 13 6 13 4 1 3 4 5 3 12 5 7 5 1 4 7 7 4 5
split_gain=79.8993 33.6432 18.7722 18.1956 12.7297 11.9784 10.8288 10.5485 9.5964 11.4836 12.4646 8.03713 7.73844 8.86894 7.27285 7.08647 11.4806 11.5192 8.25009 7.69058 6.81117 7.50573 6.55048 6.2919 8.89904 9.47495 9.47862 6.21419 6.01921 5.73362
threshold=0.48666666448116308 0.12566372007131579 0.62470659613609325 0.35018461942672735 0.017256637103855613 0.84756097197532665 0.109621848911047 0.37492635846138006 0.0068141592200845489 1.0000000180025095e-35 0 0.50151199102401745 0.36325818300247198 0.28092239797115331 0.47039544582366949 0.4708049893379212 0.034948922693729408 0.67892158031463634 0.4465929120779038 0.030837154015898708 1 0.27919691801071173 0.022035398520529274 0.0086486586369574087 0.56949809193611156 0.50996163487434398 0.019026548601686958 0.13831858336925509 0.60759153962135326 0.019794563762843612
decision_type=2 2 2 2 2 2 2 2 2 2 1 2 2 2 2 2 2 2 2 2 1 2 2 2 2 2 2 2 2 2
left_child=1 2 3 4 8 11 -6 -3 9 10 -1 15 13 -8 27 16 18 22 19 20 -5 -22 -18 24 25 26 -17 -9 29 -15
right_child=-2 7 -4 5 6 -7 12 14 -10 -11 -12 -13 -14 28 -16 23 17 -19 -20 -21 21 -23 -24 -25 -26 -27 -28 -29 -30 -31
leaf_value=0.073802814259285948 -0.042107607192863605 0.0025291815547378339 -0.046777973865611798 -0.0046514748736733447 -0.041362002062140746 -0.038222317786841327 -0.031310435336456131 0.028728256558178396 -0.028400142381920259 -0.028994485009625495 -0.00051714840201508316 0.010502108377361992 0.035265009399195683 0.0013760145323882924 0.018875793883345291 -0.016043860500263612 -0.02011641851142287 0.061266677808201192 0.022096843347233313 0.035032108620472756 0.0077168078232839818 -0.035181358354036636 0.044025955895762942 -0.00040840906740012285 0.0059656951156531511 0.070540336641150045 0.053435755623909204 0.0065168378914703569 -0.029114863215636833 -0.0093832761394840869
leaf_weight=7.2486583516001701 110.8782312721014 1123.8195572942495 23.785236118361354 742.56850862503052 20.090477205812931 20.02147981338203 30.155059231445193 33.091010361909866 121.34140671417117 24.139602076262236 23.72238136455417 184.54431976377964 12.10318737477064 348.42307852581143 178.00697176158428 11.548661205917602 141.20798400044441 4.5729258358478537 37.230347972363234 13.812202297151087 200.36888159811497 10.611518815159796 3.957245171070098 451.65273535624146 275.10561626031995 11.332623854279516 8.3140731528401357 683.68719299137592 21.950372613966465 191.46353523060679
leaf_count=121 5634 5195 1065 6207 343 1097 665 134 2905 636 471 843 112 3092 971 143 2162 53 190 226 1309 125 24 2753 1553 79 60 3137 215 1905
internal_value=-0.000148527 0.000789292 -0.00262098 -0.00225768 -0.0086779 0.000168515 -0.00531325 0.0057607 -0.020542 -0.00312952 0.0168978 0.000539278 -0.00409945 -0.00491851 0.00981306 -0.000420066 -0.0028887 -0.0158017 -0.000957621 -0.00185227 -0.0023954 0.00551986 -0.0183044 0.00333285 0.00886413 0.0341643 0.0129102 0.0075531 -0.00348778 -0.00243139
internal_weight=5070.76 4959.88 2941.27 2917.49 800.638 2116.85 624.186 2018.6 176.452 55.1106 30.971 2096.83 604.095 591.992 894.785 1912.28 1154.33 149.738 1004.59 967.361 953.549 210.98 145.165 757.954 306.301 31.1954 19.8627 716.778 561.837 539.887
internal_count=43425 37791 28354 27289 10465 16824 6332 9437 4133 1228 592 15727 5989 5877 4242 14884 10296 2239 8057 7867 7641 1434 2186 4588 1835 282 203 3271 5212 4997
cat_boundaries=0 1 2
cat_threshold=1 2
is_linear=0
shrinkage=0.05


Tree=52
num_leaves=31
num_cat=1
split_feature=8 7 4 13 7 7 13 5 5 5 8 6 4 7 1 4 4 13 6 1 5 7 7 13 13 12 7 1 1 6
split_gain=75.1743 30.831 18.6579 18.2481 22.937 12.3242 8.09231 7.06581 6.90259 12.3648 18.4566 7.90586 7.32028 8.7776 7.95625 6.6171 12.1528 11.7013 11.6929 7.6828 7.14459 6.39469 8.14112 9.70118 7.14639 6.32474 7.88707 6.71414 6.52482 7.55387
threshold=0.48666666448116308 0.17752212285995486 0.84756097197532665 0.38877110183238989 0.017256637103855613 0.15415929257869723 0.41684278845787054 0.018528054468333725 0.50488919019699108 0.030816714279353622 0.31782911717891699 0.26004481315612799 0.37838028371334081 0.018318584188818935 0.46802721917629247 0.42502371966838842 0.46834814548492437 0.32941809296607977 0.04512110352516175 0.75255101919174205 0.018314886838197712 0.097964603453874602 0.15415929257869723 0.42213201522827154 0.55146872997283947 0 0.041327433660626418 0.4871456921100617 0.77411872148513805 0.25324466824531561
decision_type=2 2 2 2 2 2 2 2 2 2 2 2 2 2 2 2 2 2 2 2 2 2 2 2 2 1 2 2 2 2
left_child=1 2 3 4 -1 8 7 -3 9 12 -11 -10 13 14 -6 20 -17 -18 -19 -20 -14 24 -23 -24 -5 26 27 -15 29 -28
right_child=-2 6 -4 21 5 -7 -8 -9 11 10 -12 -13 15 25 -16 16 17 18 19 -21 -22 22 23 -25 -26 -27 28 -29 -30 -31
leaf_value=-0.015439659693487182 -0.041685807912581224 0.0092524374254553676 -0.041877904577795839 0.00063382363521077075 0.0070096899462462328 -0.032153594083500943 0.016550168020266483 0.00071784816139873128 0.0050792973630324244 -0.0066655728440868619 -0.053846702821463734 0.044777260189961532 0.01028359438376217 -0.04381438318388655 0.095989540590136632 -0.010374918277375354 -0.0033544764057861103 -0.0038927656076611287 0.017347568880906179 0.04769746358406627 0.057356318384664796 0.014263631324514692 -0.01756760027094174 0.010273975343662587 0.031020956590812512 0.0064042546301373285 0.0068223486064518963 -0.00594796411369418 -0.014258478835998243 -0.025314357244910868
leaf_weight=375.95293488539755 106.51212367229164 596.47947223484516 28.307438066229224 1209.9067682493478 7.2311001121997815 32.748860508203506 211.69943034648895 410.90731421113014 157.92987217381597 482.07379414886236 21.60539329610765 13.589709132909773 159.15482522547245 27.496028658002615 3.8812605813145638 153.28325670212507 146.31093899160624 49.806661523878574 82.905953995883465 28.359656020998955 8.462285064160822 233.05515050888062 53.842327445745468 74.298054769635201 19.575600851327181 83.747712964192033 116.87830571457744 20.979675708338618 116.45846785604954 21.549522213637829
leaf_count=7760 5634 2664 1632 8194 101 192 1116 1827 944 3867 397 71 1075 387 50 942 1296 343 557 129 68 973 251 321 144 627 817 254 650 142
internal_value=-0.000144376 0.000749584 -0.00150578 -0.00119452 -0.00424344 -0.00181296 0.00765279 0.00577661 -0.00122427 -0.00229312 -0.00870963 0.00827801 0.000850955 -0.00444584 0.0391129 0.00421633 0.00110828 0.0068524 0.0161512 0.025164 0.0127227 0.00284744 0.00869749 -0.00139015 0.00112419 -0.00571893 -0.0090832 -0.0275752 -0.00553725 0.00176876
internal_weight=5054.99 4948.48 3729.39 3701.08 2110.41 1734.45 1219.09 1007.39 1701.7 1530.18 503.679 171.52 1026.51 398.222 11.1124 628.284 460.666 307.383 161.072 111.266 167.617 1590.68 361.196 128.14 1229.48 387.11 303.362 48.4757 254.886 138.428
internal_count=43425 37791 32184 30552 20669 12909 5607 4491 12717 11702 4264 1015 7438 3028 151 4410 3267 2325 1029 686 1143 9883 1545 572 8338 2877 2250 641 1609 959
cat_boundaries=0 1
cat_threshold=2
is_linear=0
shrinkage=0.05


Tree=53
num_leaves=31
num_cat=0
split_feature=8 1 5 13 7 13 4 3 6 7 3 7 1 5 13 7 5 7 5 6 13 4 7 7 13 4 3 3 7 4
split_gain=70.7083 28.2175 17.7027 15.3383 14.8664 10.7353 10.2996 8.80693 8.96314 7.5737 9.2707 16.329 28.4887 6.89268 9.90752 7.96538 7.65712 7.13582 7.2554 6.70662 6.43389 6.47311 11.0507 7.71603 6.33245 7.07754 5.77111 7.68764 6.73052 7.39704
threshold=0.48666666448116308 0.79795917868614208 0.62470659613609325 0.37070909142494207 0.017256637103855613 0.38322634994983679 0.84756097197532665 0.36140660941600805 0.26004481315612799 0.003274336340837181 0.1978823319077492 0.00044247785990592098 1.0000000180025095e-35 0.005000124918296934 0.31918284296989446 0.018318584188818935 0.50488919019699108 0.17752212285995486 0.018528054468333725 0.023850155062973503 0.53683203458786022 0.47039544582366949 0.0080530971754342335 0.015309734269976618 0.33760567009449011 0.50125628709793102 0.0093764648772776144 0.017955653369426731 0.097964603453874602 0.43827861547470098
decision_type=2 2 2 2 2 2 2 2 2 2 2 2 2 2 2 2 2 2 2 2 2 2 2 2 2 2 2 2 2 2
left_child=1 2 3 4 9 -3 20 13 24 10 11 -1 -13 14 -6 -16 17 -15 -19 -17 21 26 -23 -24 25 -9 28 -28 29 -5
right_child=-2 5 -4 6 7 -7 -8 8 -10 -11 -12 12 -14 16 15 19 -18 18 -20 -21 -22 22 23 -25 -26 -27 27 -29 -30 -31
leaf_value=-0.0034285338149329134 -0.041254408017400469 0.0027049912935244061 -0.046397166959624217 0.0006701719744128384 -0.01067410106674252 0.010729049897447822 -0.036521692808123979 -0.039489504838803889 0.061020831458850858 -0.019881368956886719 -0.051111169092997157 0.18816469921814877 -0.011060413493681059 -0.012727169218170837 0.048794719276154294 -0.019350507152297677 0.0047399331115801583 0.031781281718066309 -0.006123734758120036 0.0059944160016029233 0.020423480846190639 -0.020319814156362036 0.047474155592062695 0.010664931075136667 0.03828464934365329 0.033544801351379723 -0.023714879380278039 -0.0025077500755759999 0.010850359635348809 -0.043895141394125835
leaf_weight=28.385964140295982 102.35144644789398 1095.7030012868345 22.317428762093186 905.27054890617728 140.83669966459274 675.11074756830931 17.779088800773025 9.8725378569215554 10.141555342823265 228.90967677533627 6.5048472117632619 3.2205943055450907 3.7858957648277283 410.42123474739492 10.04782249778509 28.460922002792358 100.86026740446687 18.482753410935402 38.888312011957169 295.56787494197488 44.239036187529564 26.926791056990623 15.627848174422978 164.21208490431309 8.7352096326649171 4.8163044787943354 48.076492313295603 387.21341206505895 177.46008712798357 9.3068496435880643
leaf_count=324 5634 5199 1065 6089 1453 3261 1054 129 89 5415 151 65 92 4091 130 242 669 80 168 1965 270 354 182 1088 61 47 281 2874 810 93
internal_value=-0.000139917 0.000712223 -0.00211342 -0.00179602 -0.00582776 0.00576737 0.00122708 -0.00318837 0.0219603 -0.0163024 0.00313336 0.0133599 0.0811707 -0.00400408 0.000432568 0.00513156 -0.00771759 -0.0104147 0.00603486 0.00374755 0.00160932 0.00112531 0.0094257 0.013916 0.00464881 -0.0151394 0 -0.00486641 0.00194154 0.000206454
internal_weight=5039.53 4937.18 3166.37 3144.05 1347.94 1770.81 1796.11 1077.13 33.5656 270.807 41.8973 35.3925 7.00649 1043.57 474.913 334.077 568.653 467.792 57.3711 324.029 1778.33 1734.09 206.767 179.84 23.4241 14.6888 1527.33 435.29 1092.04 914.577
internal_count=43425 37791 29331 28266 15171 8460 13095 9124 326 6047 632 481 157 8798 3790 2337 5008 4339 248 2207 12041 11771 1624 1270 237 176 10147 3155 6992 6182
is_linear=0
shrinkage=0.05


Tree=54
num_leaves=31
num_cat=0
split_feature=8 1 5 13 7 4 4 4 13 13 7 5 5 13 6 6 4 6 7 1 6 13 3 4 6 8 8 1 3 6
split_gain=66.4833 25.8816 17.6641 14.2965 12.4382 10.3817 9.77916 11.0542 9.06051 7.63407 13.8119 8.2726 8.26661 9.71192 7.31292 7.20556 7.10815 10.9452 9.7498 12.3783 9.04041 9.44472 7.95034 6.93733 6.91066 6.85243 6.67275 6.53664 11.0299 6.15502
threshold=0.48666666448116308 0.94519516825675975 0.62470659613609325 0.33318836987018591 0.022035398520529274 0.84756097197532665 0.34656305611133581 0.38791178166866308 0.28847679495811468 0.45682209730148321 0.019026548601686958 0.00067739756195805978 0.020050250925123695 0.33699487149715429 0.18733490258455279 0.20841107517480853 0.47039544582366949 0.047678871080279357 0.031946902163326747 0.49489796161651617 0.16871757060289386 0.36747461557388311 0.0093764648772776144 0.57738095521926891 0.17650170624256137 0.31782911717891699 0.32329373061656957 0.61167800426483165 0.083948746323585524 0.22771719843149188
decision_type=2 2 2 2 2 2 2 2 2 2 2 2 2 2 2 2 2 2 2 2 2 2 2 2 2 2 2 2 2 2
left_child=1 2 3 4 -1 9 15 27 -3 10 23 -11 13 14 -12 -6 18 -18 19 -15 21 -20 -23 -5 -22 29 -25 -8 -29 -14
right_child=-2 8 -4 5 6 -7 7 -9 -10 11 12 -13 25 16 -16 -17 17 -19 20 -21 24 22 -24 26 -26 -27 -28 28 -30 -31
leaf_value=-0.01939837302692525 -0.04081320844116057 -0.0319150708868748 -0.046118545296484043 -0.0064564807510259573 -0.005797733486533882 -0.036742408853954613 -0.0083390131152981019 -0.0032704443544762755 0.0099341073013559933 0.0045487008650701511 0.04124447126870745 0.026153382666608646 -0.0034427289870614061 0.0082973976700426704 0.0043833953267184518 -0.024677260338841118 -0.0040091231849730714 0.021121216819460886 -0.0024960469260620378 0.094102413392603793 -0.023005986466261251 0.027975984740839621 0.0071219442220587254 0.069517588663316199 -0.0019576208777707877 -0.028973267757683566 0.0057395169583289779 0.037479746436980155 -0.002322543139755238 0.0055694616586851155
leaf_weight=149.73163231089711 98.386888112872839 13.013878285884855 21.35463307145983 749.83336473628879 150.77272983826697 18.107285392470658 21.717821966856718 414.32316039130092 740.99813410267234 504.33741870522499 31.937597222626209 48.652192056179047 589.59667886048555 12.752293512225153 23.809405345469713 76.765990728512406 64.606601424515247 129.44014573097229 171.06456647068262 6.2992268428206435 44.441126883029938 64.055558316409588 162.96820269525051 5.4288922734558609 320.19164274260402 21.640344932675362 16.796624578535557 46.519235081970692 27.395655538886786 278.89151865616441
leaf_count=3415 5634 59 1065 9561 1342 1106 173 3023 3576 2456 190 242 3159 120 145 668 373 692 956 44 227 315 793 66 1662 200 214 264 164 1521
internal_value=-0.000136234 0.000675765 -0.000863479 -0.000628417 -0.00625691 0.000899745 -0.00357979 0.00025709 0.00920104 0.00111234 1.18908e-05 0.00646291 0.00228309 0.00533007 0.0256268 -0.0121972 0.00416292 0.0127307 0.00202852 0.0372724 0.00113686 0.00635112 0.0130377 -0.00563433 -0.00454229 -0.00124263 0.0217838 0.0155796 0.0226768 -0.000542643
internal_weight=5025.83 4927.44 4173.43 4152.08 887.226 3264.85 737.495 509.956 754.012 3246.74 2693.75 552.99 1921.69 1031.57 55.747 227.539 975.819 194.047 781.773 19.0515 762.721 398.088 227.024 772.059 364.633 890.129 22.2255 95.6327 73.9149 868.488
internal_count=43425 37791 34156 33091 9049 24042 5634 3624 3635 22936 20238 2698 10397 5517 335 2010 5182 1065 4117 164 3953 2064 1108 9841 1889 4880 280 601 428 4680
is_linear=0
shrinkage=0.05


Tree=55
num_leaves=31
num_cat=1
split_feature=8 7 13 4 7 6 7 4 5 3 13 6 13 3 13 13 13 12 1 13 6 6 4 3 3 3 4 13 3 7
split_gain=62.6454 23.9094 16.9345 16.7637 12.1119 10.1227 10.4429 11.2583 9.40884 6.76728 8.37182 8.30783 6.1482 5.98589 7.93606 5.67557 5.51843 5.17401 7.40464 5.68163 5.03425 11.4293 11.3567 10.7293 6.85178 6.80344 6.45599 4.93232 5.31725 4.91052
threshold=0.65519553422927868 0.061769910156726844 0.40222623944282537 0.84756097197532665 0.31805309653282171 0.037754381075501449 0.016371681354939941 0.50996163487434398 0.053342817351222045 0.28643822669982916 0.38131254911422735 0.19082633405923846 0.26187285780906683 0.32562056183815008 0.47537976503372198 0.55146872997283947 0.29750327765941625 0 0.56949809193611156 0.30367738008499151 0.18961966782808307 0.096097234636545195 0.53136983513832103 0.057769836857914932 0.34719188511371618 0.019583873450756076 0.56172841787338268 0.37070909142494207 0.027973395772278312 0.0042477876413613566
decision_type=2 2 2 2 2 2 2 2 2 2 2 2 2 2 2 2 2 1 2 2 2 2 2 2 2 2 2 2 2 2
left_child=1 2 5 15 13 8 7 29 17 10 -9 -11 -8 14 -3 -4 -6 -1 19 -19 21 25 23 -23 27 -14 -27 -22 -29 -7
right_child=-2 4 3 -5 16 6 12 9 -10 11 -12 -13 20 -15 -16 -17 -18 18 -20 -21 24 22 -24 -25 -26 26 -28 28 -30 -31
leaf_value=-0.014010093266832635 -0.041453530555255157 0.0003759616560483366 0.0017240978469949576 -0.043174113047998335 -0.014206139959763029 0.0013000693465244875 -0.050097470304024616 -0.010690856727169002 -0.028057019575616429 0.10139998225437385 0.038747884216411864 -0.0008962056002219743 0.013956846110247417 0.0068930198262284236 0.038717861410152946 0.029394490820038088 0.011232181385628389 0.066626934618367481 -0.039132718484328616 0.0053178109061401543 -0.0099459020005585666 -0.0071756621452351305 0.088503375632811354 0.04459131256918164 0.02118767925354581 -0.0027174053729949969 -0.03879475349810637 -0.011362609029646266 0.018242363033502143 -0.022718678283974718
leaf_weight=169.42771971412003 89.978482403792441 1821.4742998406291 924.7570868935436 20.618929233402014 21.956732481718063 24.171902762725949 6.0807164125144473 43.888500044122338 98.842712476849556 3.7204742170870295 10.526395422406493 3.9285841984674335 54.766298592090607 488.82201346755028 13.501107379794119 18.842511884868145 531.38324385881424 4.0437056571245185 8.7378736622631532 47.084819082170725 213.00702557899058 20.633920775726438 6.5779598280787459 19.04944184795022 24.503096453845501 88.969907840713859 14.393123798072336 25.532310958951712 36.661173835396767 156.11783621273935
leaf_count=2504 5464 9096 6112 1363 102 611 192 951 1803 54 149 89 644 2271 67 144 2744 78 94 563 2442 224 72 179 228 958 119 207 260 3641
internal_value=-0.000132167 0.000623032 -0.00350924 0.00130333 0.00356174 -0.00780758 -0.00460144 -0.0131458 -0.0151415 0.00515188 -0.000981831 0.0488815 -0.000530951 0.00197582 0.000662887 0.002285 0.0102114 -0.0095423 0.0030209 0.0103849 6.68533e-05 0.00612549 0.0279574 0.0175983 -0.00404898 -0.000243544 -0.00782208 -0.00632102 0.00600963 -0.0194718
internal_weight=5012 4922.02 2044.88 964.219 2877.14 1080.67 752.529 242.354 328.137 62.064 54.4149 7.64906 510.175 2323.8 1834.98 943.6 553.34 229.294 59.8664 51.1285 504.094 204.391 46.2613 39.6834 299.704 158.129 103.363 275.201 62.1935 180.29
internal_count=43425 37961 23681 7619 14280 16062 11020 5495 5042 1243 1100 143 5525 11434 9163 6256 2846 3239 735 641 5333 2196 475 403 3137 1721 1077 2909 467 4252
cat_boundaries=0 1
cat_threshold=2
is_linear=0
shrinkage=0.05


Tree=56
num_leaves=31
num_cat=1
split_feature=8 7 5 13 7 7 4 13 5 5 5 8 6 4 7 1 4 4 13 6 7 5 8 10 12 7 6 1 13 1
split_gain=58.9311 21.9665 15.9208 13.3233 16.8447 11.5346 7.91256 6.68456 6.21696 5.9987 10.0357 17.4114 6.71407 6.33229 7.75833 6.27765 5.84151 10.7363 9.18642 9.30243 7.11253 9.02698 6.39545 5.85485 5.7011 7.45252 7.08072 7.13087 6.29925 5.76271
threshold=0.65519553422927868 0.17752212285995486 0.62470659613609325 0.38877110183238989 0.017256637103855613 0.15415929257869723 0.84756097197532665 0.41684278845787054 0.018528054468333725 0.50488919019699108 0.030816714279353622 0.31782911717891699 0.26004481315612799 0.37838028371334081 0.018318584188818935 0.46802721917629247 0.42502371966838842 0.46834814548492437 0.32941809296607977 0.04512110352516175 0.061769910156726844 0.0020918130176141862 0.32722838222980505 0.22211164981126788 0 0.022035398520529274 0.25324466824531561 0.77411872148513805 0.32354600727558142 0.73576799035072338
decision_type=2 2 2 2 2 2 2 2 2 2 2 2 2 2 2 2 2 2 2 2 2 2 2 2 1 2 2 2 2 2
left_child=1 2 3 4 -1 9 -5 8 -3 10 13 -12 -11 14 15 -6 22 -18 23 -20 -21 -22 -15 -19 25 -16 27 28 -27 -30
right_child=-2 7 -4 6 5 -7 -8 -9 -10 12 11 -13 -14 16 24 -17 17 18 19 20 21 -23 -24 -25 -26 26 -28 -29 29 -31
leaf_value=-0.013561311588158232 -0.041025538438502658 0.0080106189014617947 -0.045698576657679707 0.0027070576451279473 0.0068355188592201417 -0.031246365613080397 -0.033693490195296986 0.014622317985767037 0 0.0047706310148816627 -0.0059845626315934552 -0.053456820806452712 0.040939407609762592 0.05353267420272273 -0.039979800745301206 0.08401798509731076 -0.0099160372501657327 -0.035048198039820087 -0.0035294980345509674 0.010915040881850436 0.060982926128123387 0.017948252022562564 0.0094896014875981947 0.00027293411919185003 0.0060497415758317243 -0.012477118458338009 -0.023062543101984911 -0.01322706601379966 0.0069803176739433662 0.045571949416866236
leaf_weight=359.05458880774677 86.461757733486593 593.53302426636219 20.00447416678071 1581.2856462225318 7.2480423673987371 32.226975329220295 14.953896802850066 207.33908908069134 409.26722773909569 158.26141089200974 476.84132449701428 20.071374850347638 13.937637716531752 8.6651607863605005 17.821792459115386 4.2083319015800953 152.35671078413725 12.746076464653013 49.546217761933804 62.534124042838812 21.429995656013489 29.42967326939106 160.07927273958921 132.3513772059232 83.941740337759256 38.202658643946052 53.313798103481531 95.945512969046831 84.900917913764715 10.924838356673716
leaf_count=7811 5464 2664 1065 9558 101 192 992 1116 1827 944 3867 401 71 68 252 50 942 68 343 462 94 132 1077 1233 627 431 402 541 571 59
internal_value=-0.000128221 0.0005914 -0.00131906 -0.00107537 -0.00370713 -0.0016548 0.00236083 0.00643998 0.00474192 -0.00108734 -0.00209046 -0.0079225 0.00774918 0.000730713 -0.00421142 0.0361017 0.00385356 0.000924112 0.0063034 0.0144529 0.0223503 0.0362633 0.0118112 -0.00281741 -0.0054329 -0.00865151 -0.00664958 -0.00281453 0.00460641 0.0114751
internal_weight=4998.88 4912.42 3702.28 3682.28 2086.04 1726.98 1596.24 1210.14 1002.8 1694.76 1522.56 496.913 172.199 1025.65 396.508 11.4564 629.139 460.394 308.037 162.94 113.394 50.8597 168.744 145.097 385.051 301.11 283.288 229.974 134.028 95.8258
internal_count=43425 37961 32354 31289 20739 12928 10550 5607 4491 12736 11721 4268 1015 7453 3034 151 4419 3274 2332 1031 688 226 1145 1301 2883 2256 2004 1602 1061 630
cat_boundaries=0 1
cat_threshold=2
is_linear=0
shrinkage=0.05


Tree=57
num_leaves=31
num_cat=2
split_feature=8 1 5 13 7 13 4 3 1 7 3 10 1 1 8 4 4 4 4 13 7 4 7 7 13 12 12 6 7 7
split_gain=55.4182 20.8714 14.6688 11.9267 11.3579 8.54854 7.84403 7.57077 7.89194 7.07806 8.90682 13.8395 21.0201 6.43658 8.9228 6.04325 7.67136 10.8855 5.78028 5.54066 5.39281 5.18754 9.7031 6.37449 5.14415 5.07599 5.04409 5.01199 7.18005 7.47109
threshold=0.65519553422927868 0.79795917868614208 0.62470659613609325 0.37070909142494207 0.017256637103855613 0.38322634994983679 0.84756097197532665 0.36140660941600805 0.73401361703872692 0.003274336340837181 0.1978823319077492 0.85619068145751964 1.0000000180025095e-35 0.59137290716171276 0.32715731859207159 0.26999843120574957 0.33489097654819494 0.33782868087291723 0.59523808956146251 0.55146872997283947 0.041327433660626418 0.47039544582366949 0.0080530971754342335 0.015309734269976618 0.46069999039173132 0 1 0.22326064109802249 0.12566372007131579 0.14672566205263141
decision_type=2 2 2 2 2 2 2 2 2 2 2 2 2 2 2 2 2 2 2 2 2 2 2 2 2 1 1 2 2 2
left_child=1 2 3 4 9 25 19 15 13 10 11 12 -1 14 -9 -6 20 -18 -11 21 26 24 -23 -24 -5 27 -17 28 -3 -30
right_child=-2 5 -4 6 7 -7 -8 8 -10 18 -12 -13 -14 -15 -16 16 17 -19 -20 -21 -22 22 23 -25 -26 -27 -28 -29 29 -31
leaf_value=0.15708195153471677 -0.040587402617094009 -0.008066411181789742 -0.045403956303500748 -0.0018240946066726345 -0.011635404390647254 0.0093722357297668282 -0.034248975688954873 -0.0044037800978650688 0.076233474720833846 -0.020763433295821022 -0.050823690263564862 -0.0018575135643230875 -0.0094574046880963256 -0.0085424671873179838 0.084825493971199997 0.031431324308366336 -0.031107425167575593 -0.0022133245738372473 0.006185986900002877 0.02860181595987496 0.017683039300781713 -0.019634533582893667 0.042468224270475335 0.0096499732013620235 0.0044382169772065501 -0.0039680936213034217 -0.025683758086672656 -0.0015574176901779143 0.021586705213668216 0.0058869366708593426
leaf_weight=3.7036728970706454 83.111616096459329 71.39069152250886 19.149868339300156 1077.8258165977895 193.77624358609319 668.6243253191933 15.488672441802917 5.4733249638229626 5.2377175614237776 198.95026097260416 6.0689659193158141 27.648443063721061 3.6481967344880104 17.92296864464879 5.4134241100400686 5.0132413189858198 34.107164785265923 712.54973243921995 21.755349839106202 18.39167109131813 75.21012232452631 26.489283662289381 16.31824804097414 164.43769718334079 471.17783239483833 255.68812237679958 15.239095330238344 267.70941055193543 93.668957903981209 405.66638556867838
leaf_count=65 5464 440 1065 8075 2082 3261 1054 58 33 5103 151 324 92 184 51 59 396 5623 452 143 451 356 182 1088 2208 1218 206 1278 444 1819
internal_value=-0.000124311 0.000561276 -0.00188124 -0.00161122 -0.00519478 0.00491623 0.00105202 -0.00290428 0.0202383 -0.0145329 0.00441998 0.014259 0.0747517 0.00965677 0.0398785 -0.00367163 -0.00183202 -0.00354389 -0.0180827 0.00136485 0.0114947 0.00107516 0.00850258 0.0126622 7.77189e-05 0.00218797 -0.0112149 0.00407153 0.00672045 0.00884576
internal_weight=4986.86 4903.74 3141 3121.85 1331.72 1762.75 1790.13 1069.94 34.0474 261.775 41.0693 35.0003 7.35187 28.8097 10.8867 1035.9 842.119 746.657 220.706 1774.64 95.4625 1756.25 207.245 180.756 1549 1094.12 20.2523 838.435 570.726 499.335
internal_count=43425 37961 29501 28436 15330 8460 13106 9143 326 6187 632 481 157 293 109 8817 6735 6019 5555 12052 716 11909 1626 1270 10283 5199 265 3981 2703 2263
cat_boundaries=0 1 2
cat_threshold=2 1
is_linear=0
shrinkage=0.05


Tree=58
num_leaves=31
num_cat=1
split_feature=8 1 5 13 4 4 4 3 13 3 6 7 13 7 7 5 5 12 7 3 13 1 8 6 13 4 3 13 13 6
split_gain=52.095 18.8863 14.5457 12.2149 10.1775 13.3893 8.0574 7.95536 7.87721 6.54427 6.39548 6.40828 5.96122 9.21447 17.0563 6.74687 11.6287 7.81506 7.33171 22.5526 6.5369 5.92789 6.42373 6.60569 5.77404 5.55006 8.67563 5.76467 5.42742 5.40108
threshold=0.65519553422927868 0.94519516825675975 0.62470659613609325 0.33318836987018591 0.37014016509056097 0.38905704021453863 0.84756097197532665 0.32562056183815008 0.28847679495811468 0.1978823319077492 0.20841107517480853 0.031946902163326747 0.49253094196319586 0.022035398520529274 0.027699114754796032 0.2225274741649628 0.35774062573909765 0 0.0080530971754342335 0.33290378749370581 0.34520520269870764 0.72318005561828624 0.32999163866043096 0.25826159119606024 0.37070909142494207 0.59523808956146251 0.24486105889081958 0.33956031501293188 0.27012483775615698 0.29185217618942266
decision_type=2 2 2 2 2 2 2 2 2 2 2 2 2 2 2 2 2 1 2 2 2 2 2 2 2 2 2 2 2 2
left_child=1 2 3 4 10 21 12 9 -3 -7 11 -1 13 15 -15 17 -17 25 19 -18 -19 22 23 -6 -20 26 27 -5 -23 -16
right_child=-2 8 -4 6 5 7 -8 -9 -10 -11 -12 -13 -14 14 29 16 18 20 24 -21 -22 28 -24 -25 -26 -27 -28 -29 -30 -31
leaf_value=-0.021162130588542567 -0.040138977554919464 -0.030696614745359729 -0.045102327473797423 -0.032506566793260909 0.0048303146945994592 -0.0063681715490814424 -0.034603781465373837 0.0098682645850086334 0.0085398649680274892 -0.030465822823942303 -0.023442039143987695 -0.0019344846398946373 0.0084139771204386968 0.037863057484012086 0.0011242152808617857 -0.033712759911116816 0.15880370393353091 0.044662304541884502 -0.020547799208742983 -0.048951790491848397 0.0044379346343550903 0.0070127101849703629 -0.010871796627210016 0.070327604939146318 0.0024383806318752752 0.022953738912492624 -0.033286220461812184 -0.0031119764133606034 0.03970608363020673 0.012067737421390223
leaf_weight=63.480564532801509 79.920411312952638 12.870050996541975 18.33534927573055 17.092886742204428 12.159266214817764 370.31982166133821 15.858466133475302 71.275907745584846 733.78395745716989 30.573059175163507 102.00892897695303 138.31457230821252 250.40349411964417 33.345060717314482 1758.2755656167865 46.813912218436599 2.483957525342702 10.532987669110296 45.802956998348236 2.5183364823460579 219.41401163674891 22.441283613443375 33.167395640164614 5.6756069585680953 66.649028867483139 17.965364474803209 26.153507996350527 616.41426268592477 30.612930424511433 120.54944559931755
leaf_count=1558 5464 59 1065 339 127 3553 1106 460 3576 522 1272 1010 1150 208 9165 861 47 197 887 54 1807 100 354 58 844 218 426 6081 160 697
internal_value=-0.000120953 0.000532166 -0.000784329 -0.000585293 -0.00581123 -0.00189603 0.000828254 -0.00548209 0.00785283 -0.00822552 -0.0132177 -0.00801535 0.00100459 0.000380893 0.00246257 -0.00332804 -0.0126537 -0.0016334 -0.00419615 0.0543226 0.00632081 0.0143178 0.00202974 0.0262283 -0.00688966 -0.0043405 -0.00509479 -0.00391798 0.0260105 0.00182964
internal_weight=4975.21 4895.29 4148.64 4130.3 880.029 576.225 3250.27 472.169 746.654 400.893 303.804 201.795 3234.41 2984.01 1912.17 1071.84 164.268 907.573 117.454 5.00229 229.947 104.056 51.0023 17.8349 112.452 677.626 659.661 633.507 53.0542 1878.83
internal_count=43425 37961 34326 33261 9174 5334 24087 4535 3635 4075 3840 2568 22981 21831 10070 11761 2693 9068 1832 101 2004 799 539 185 1731 7064 6846 6420 260 9862
cat_boundaries=0 1
cat_threshold=2
is_linear=0
shrinkage=0.05


Tree=59
num_leaves=31
num_cat=1
split_feature=8 7 13 4 5 8 5 13 4 12 13 13 7 5 4 4 1 5 3 6 13 3 6 4 1 3 10 13 4 13
split_gain=48.9527 17.5383 13.1295 12.493 9.45723 14.1032 12.6591 9.43275 8.52067 7.38681 9.24955 8.11159 6.94485 6.62033 6.50501 8.17091 6.18571 5.61477 5.79302 8.61217 6.51923 7.87458 5.58412 6.21194 5.334 8.88665 10.8025 7.27383 7.12509 10.6667
threshold=0.65519553422927868 0.12566372007131579 0.29338400065898901 0.84756097197532665 0.019794563762843612 0.32670532166957861 0.49264955520629888 0.41338202357292181 0.506115883588791 0 0.30138748884201055 0.52688080072402965 0.31805309653282171 0.41143791377544409 0.52086955308914196 0.54395446181297313 0.030612244270741943 0.32318785786628729 0.049116889014840133 0.037058494985103614 0.37370128929615026 0.060754165053367622 0.20718534290790561 0.40257234871387487 0.4708049893379212 1.0000000180025095e-35 0.28185342252254492 0.31744125485420233 0.50125628709793102 0.40625938773155218
decision_type=2 2 2 2 2 2 2 2 2 1 2 2 2 2 2 2 2 2 2 2 2 2 2 2 2 2 2 2 2 2
left_child=1 2 -1 4 9 6 7 14 13 11 -11 24 -3 -9 17 -16 -8 -6 -19 -20 21 -21 -18 -24 27 26 -26 -4 29 -27
right_child=-2 12 3 -5 5 -7 16 8 -10 10 -12 -13 -14 -15 15 -17 22 18 19 20 -22 -23 23 -25 25 28 -28 -29 -30 -31
leaf_value=-0.020735705230788784 -0.039680147306872818 0.0022929592299203894 -0.022803197663748106 -0.038956237230583321 -0.022618937049863484 -0.046019080019997952 0.02381616147484732 -0.0085540862822561566 0.037004272091807282 0.057426605807088707 0.0055260449621732299 0.017943627489980511 0.0089135824243108987 0.019032792079014562 0.038555426269406265 -0.0045931259288891869 -0.0032643093046472145 -0.016159395917730832 -0.023532807916201343 0.04200075338311865 0.01500750336596956 -0.014880367132360052 0.027734093845948972 -0.015515365193013936 0.0047048663632810296 -0.0056204173278755869 0.068662365352393714 -0.0026977418268340301 0.013504666528730669 0.021373048412930976
leaf_weight=90.391479028388858 76.880829906091094 1453.1605152785778 47.392963398247957 21.852342492900789 115.88450686074793 20.734549675136805 40.447168929502368 76.437030620872974 17.317411281168461 8.6846579723060113 434.17560942657292 55.308699280023575 546.25573186576366 30.262460045516491 12.866228953003882 70.776875834912062 126.96975697390735 170.71323975920677 38.174658278003335 6.7586672753095618 61.908278416842222 52.032569913193583 34.034136801958084 10.737871699035166 16.899003058671955 295.371438190341 10.952183764427899 887.68556389212608 90.776894170790911 41.631756760179996
leaf_count=2002 5464 6591 797 1630 2308 648 294 482 98 102 3303 311 2846 134 137 784 762 1923 397 85 435 636 201 94 97 2153 78 7773 650 210
internal_value=-0.000117827 0.000504383 -0.00198716 -0.00137871 -0.00107959 -0.00534195 -0.00435627 -0.00780645 0.00457389 0.000917372 0.00656786 -0.000810033 0.00410462 -0.000672494 -0.010718 0.00202252 0.00623871 -0.0131213 -0.00976089 -0.00284828 0.00366646 -0.00819617 0.00205847 0.0172385 -0.0015607 0.00286873 0.03019 -0.00372443 0.00107162 -0.00226559
internal_weight=4963.48 4886.59 2887.18 2796.79 2774.93 886.055 865.321 653.132 124.017 1888.88 442.86 1446.02 1999.42 106.699 529.115 83.6431 212.189 445.472 329.587 158.874 120.7 58.7912 171.742 44.772 1390.71 455.631 27.8512 935.079 427.78 337.003
internal_count=43425 37961 28524 26522 24892 9418 8770 7419 714 15474 3405 12069 9437 616 6705 921 1351 5784 3476 1553 1156 721 1057 295 11758 3188 175 8570 3013 2363
cat_boundaries=0 1
cat_threshold=2
is_linear=0
shrinkage=0.05


Tree=60
num_leaves=31
num_cat=1
split_feature=8 1 5 13 13 12 5 5 13 6 1 4 4 5 7 3 4 3 5 1 3 10 1 7 7 5 4 7 4 13
split_gain=45.9833 16.0462 12.732 9.73057 7.37341 7.26115 6.75614 11.7755 11.379 8.38352 7.90054 7.15288 6.79141 7.31374 6.46871 5.8386 7.25772 10.9797 9.48452 7.27582 8.99826 5.80832 5.75743 7.28694 6.54437 6.73166 5.55006 5.53502 13.7347 5.4261
threshold=0.65519553422927868 0.79795917868614208 0.62470659613609325 0.31918284296989446 0.39086769521236425 0 0.018833460286259655 0.49264955520629888 0.41513071954250341 0.22771719843149188 0.55051019787788402 0.84756097197532665 0.506115883588791 0.41143791377544409 0.022035398520529274 0.027973395772278312 0.52086955308914196 0.03916651941835881 0.32318785786628729 0.46802721917629247 0.28643822669982916 0.22886110097169879 0.49489796161651617 0.0042477876413613566 0.061769910156726844 0.4275322705507279 0.1225140728056431 0.00026548672030912718 0.53950104117393505 0.257095217704773
decision_type=2 2 2 2 2 1 2 2 2 2 2 2 2 2 2 2 2 2 2 2 2 2 2 2 2 2 2 2 2 2
left_child=1 2 3 14 5 -3 11 8 15 10 -9 -5 13 -10 -1 22 18 -18 -17 20 -19 -12 23 -8 -25 -26 -16 -2 -29 -28
right_child=27 4 -4 6 -6 -7 7 9 12 -11 21 -13 -14 -15 26 16 17 19 -20 -21 -22 -23 -24 24 25 -27 29 28 -30 -31
leaf_value=-0.020843070547129184 -0.046197055447311397 0.0042048409558931308 -0.044609234942439943 0.0015487848456386124 0.0089988740476539385 -0.005043103276125175 0.05322370280878165 0.018317754293373619 -0.0084055228544366312 0.027136455705928195 -0.03604413345069258 -0.033286817692386506 0.035579397562422212 0.018827917924380603 -0.051668250981318789 -0.024714604482934568 0.076659229307998317 0.0064821081331022691 -0.002060791330444749 -0.011673815482209022 0.094117016839514761 -0.0014914424310617565 -0.028769465073918726 -0.021032265067954636 0.0071154832461835368 -0.023070352655100462 -0.031799034898845752 -0.028926357220718291 0.119445837819593 -0.0023987538963393461
leaf_weight=88.611213818192482 58.754507140256464 916.43544849008322 17.079194375313818 1864.1115840673447 566.23485308792442 275.72156173735857 4.1220833696424952 48.659869659692049 67.183561198413372 39.164134291931987 13.757383853197096 14.742709716781972 16.955828301608562 38.759348548948765 6.2294231858104459 67.569795021787286 5.7247897721827021 10.404031842947004 147.51052396930754 27.611172158271074 4.0669510252773753 102.77129062265158 65.315353348851204 109.93344218097627 57.674673676490784 26.990774340927601 16.669315280392766 13.576922347769139 1.6544387638568867 257.49913026206195
leaf_count=2286 4889 4351 1065 14099 2794 1315 80 295 432 203 65 1110 94 188 123 1321 55 156 1546 229 39 561 409 1891 275 135 259 511 64 2585
internal_value=-0.00011433 0.000478483 -0.00167363 -0.00143419 0.00429872 0.00206154 -0.000403147 -0.00409125 -0.00738674 0.00636214 0.00139312 0.00127102 0.00628399 0.00151907 -0.0090548 -0.0105854 -0.00527907 0.01228 -0.00920914 0.00324246 0.0319312 -0.00564101 -0.0158456 -0.0115603 -0.0129849 -0.00246444 -0.00530555 -0.0392108 -0.01181 -0.00421545
internal_weight=4951.5 4877.51 3119.12 3102.04 1758.39 1192.16 2733.03 854.175 649.822 204.353 165.189 1878.85 122.899 105.943 369.009 526.924 262.887 47.8069 215.08 42.0822 14.471 116.529 264.036 198.721 194.599 84.6654 280.398 73.9859 15.2314 274.168
internal_count=43425 37961 29501 28436 8460 5666 23183 7974 6850 1124 921 15209 714 620 5253 6136 3346 479 2867 424 195 626 2790 2381 2301 410 2967 5464 575 2844
cat_boundaries=0 1
cat_threshold=2
is_linear=0
shrinkage=0.05


Tree=61
num_leaves=31
num_cat=0
split_feature=8 7 5 13 7 4 1 13 6 7 4 7 7 4 13 13 5 13 4 3 4 7 13 4 4 6 1 3 3 13
split_gain=43.1997 15.0753 12.6538 9.63987 8.37013 6.99156 6.86035 6.84151 6.63637 6.14621 10.695 5.50909 12.0736 5.46325 5.25494 4.73058 4.72013 8.58105 6.52797 5.11716 6.78657 5.84498 4.57571 4.49453 8.70557 7.08547 5.26083 9.76823 5.05283 4.96605
threshold=0.65519553422927868 0.31805309653282171 0.62470659613609325 0.33318836987018591 0.022035398520529274 0.1011171229183674 0.70320320129394542 0.49253094196319586 0.29185217618942266 0.087610617280006423 0.13231695443391803 0.00026548672030912718 0.0017699114396236839 0.84756097197532665 0.46702450513839727 0.33443541824817663 0.0122595326974988 0.36377321183681494 0.13426374644041064 0.22311647981405261 0.52086955308914196 0.041946902871131904 0.29199804365634924 0.34656305611133581 0.38791178166866308 0.075315129011869444 0.61167800426483165 0.083948746323585524 0.36140660941600805 0.23036389052867892
decision_type=2 2 2 2 2 2 2 2 2 2 2 2 2 2 2 2 2 2 2 2 2 2 2 2 2 2 2 2 2 2
left_child=1 2 3 4 -1 -6 7 13 9 10 -8 -2 -13 15 -11 -5 -17 19 -19 -18 21 -21 -3 25 26 -7 -25 -28 -29 -26
right_child=11 22 -4 6 5 23 8 -9 -10 14 -12 12 -14 -15 -16 16 17 18 -20 20 -22 -23 -24 24 29 -27 27 28 -30 -31
leaf_value=-0.016230229008691827 -0.045965827839723652 -0.018061758786735705 -0.044286643507895185 0.024146931527551069 -0.046910346646926719 0.0012953440602149248 0.06533436801184811 0.006830761009751371 0.017054617672233346 0.0012417209743652421 0.009250843355546606 0.089434125348273177 -0.031113234765100126 -0.034521851268274673 0.025680825093088666 -0.00026183264902753949 -0.018061265950727823 -0.017438152698383374 0.0011080652419215671 -0.028600507580298074 0.039437972835476107 0.02184659757460684 0.0091045991268136339 -0.0080842528965088308 -0.039917813061695888 -0.016991878374629121 0.033012879992867943 -0.030975531430410208 0.012709679030386389 -0.0021695067493506092
leaf_weight=140.32342027686536 56.163640423677862 15.759773477911947 16.3623265940696 17.255496891215444 8.8269608952105028 98.25443946197629 9.4464048128575069 246.36159633845091 85.728861086070538 1165.5094522535801 82.360878482460976 2.3697782643139353 12.692836301401256 12.773821840062736 22.348910510540009 1200.8436194490641 160.48362866602838 55.01534135080874 338.73491406999528 15.865935754030945 9.3035296611487848 8.7767389677464944 527.49695660173893 21.605804547667503 8.8233875483274442 113.59726848453283 49.221984717994928 10.628621265292169 17.043831963092089 412.03383180871606
leaf_count=3534 4889 74 1065 218 168 849 64 1252 417 5377 468 59 516 978 110 9887 2082 757 2757 321 80 60 2772 173 53 995 271 67 97 3015
internal_value=-0.000111211 0.000453455 -0.000531093 -0.000362843 -0.00503075 -0.00289848 0.000833616 -0.000982383 0.00358419 0.00267659 0.0151407 -0.0387424 -0.0113532 -0.00204361 0.00170786 -0.00180926 -0.00206375 -0.00573341 -0.00147431 -0.0143279 0.00317653 -0.0104155 0.00830413 -0.002354 0.000140578 -0.00849027 0.0135228 0.0196615 -0.00394031 -0.00298208
internal_weight=4942.01 4870.79 4327.53 4311.17 880.36 740.036 3430.81 2065.41 1365.39 1279.67 91.8073 71.2263 15.0626 1819.05 1187.86 1806.28 1789.02 588.18 393.75 194.43 33.9462 24.6427 543.257 731.209 519.357 211.852 98.5002 76.8944 27.6725 420.857
internal_count=43425 37961 35115 34050 9222 5688 24828 18392 6436 6019 532 5464 575 17140 5487 16162 15944 6057 3514 2543 461 381 2846 5520 3676 1844 608 435 164 3068
is_linear=0
shrinkage=0.05


Tree=62
num_leaves=31
num_cat=1
split_feature=8 7 5 13 13 7 7 13 4 4 13 6 7 4 6 5 8 7 1 4 7 4 12 1 13 3 4 10 6 1
split_gain=40.5755 13.7501 11.2802 10.81 6.86317 9.46713 8.76817 6.43756 6.27546 6.12779 5.72433 7.18062 5.4721 11.3327 5.28307 6.73097 5.2547 5.0724 12.1273 13.1178 26.6774 62.4658 10.3809 8.46887 6.80874 12.1243 6.24512 5.12462 7.80341 5.07993
threshold=0.65519553422927868 0.12566372007131579 0.62470659613609325 0.27857570350170141 0.41010548174381262 0.016371681354939941 0.11283186078071596 0.39764653146266943 0.47281807661056524 0.84756097197532665 0.35787290334701544 0.046527104452252395 0.00026548672030912718 0.53950104117393505 0.31281407177448278 0.2344322353601456 0.32722838222980505 0.007168141659349204 1.0000000180025095e-35 0.12403846159577371 0.0026548672467470173 0.65896359086036693 0 0.39736843109130865 0.34209133684635168 0.28643822669982916 0.21419331431388858 0.62779873609542858 0.052195154130458839 0.46802721917629247
decision_type=2 2 2 2 2 2 2 2 2 2 2 2 2 2 2 2 2 2 2 2 2 2 1 2 2 2 2 2 2 2
left_child=1 2 3 -1 5 17 -7 -8 -3 14 11 -10 -2 -14 -6 -16 -13 18 19 -5 21 -21 -22 24 -19 -26 -25 -24 -29 -28
right_child=12 8 -4 4 9 6 7 -9 10 -11 -12 16 13 -15 15 -17 -18 23 -20 20 22 -23 27 26 25 -27 29 28 -30 -31
leaf_value=-0.028735971995983663 -0.045727489728213257 0.0025449707300422581 -0.043955791375919567 -0.0046123317239174658 0.0018972953403962026 -1.8372288069932965e-05 -0.025056523208095739 0.0074936938048231552 0.020293182776028665 -0.035682384366623791 0.015666240587331948 -0.037362552204819537 -0.027928462847024427 0.10048290294672774 0.056173454920101687 0.0030299624980333496 -0.0010278003292780178 -0.037067964233822234 -0.026251301527293477 0.35972609824241092 0.074904264337044793 -0.011497863859645834 -0.020227952902406365 -0.033615756712697113 -0.01658639058659888 0.087818827977081182 0.025489296684969867 0.09211055158619165 -0.0040837835406065098 -0.0051460325940419086
leaf_weight=36.019836224615574 53.696526329033077 1740.0657880976796 15.679284955374895 111.68745698966086 982.79666968435049 1289.1245734151453 60.951098464429379 19.885535523295403 25.310287624597549 10.515705851837991 182.40672619640827 14.698803082108496 13.025784593075512 1.8690790031105269 10.218367844820023 14.638141244649887 31.30848990380764 44.631674200296402 44.373446300625801 1.8309144601225842 5.3917956482619047 2.6685433452948928 14.241723902523523 10.831661818549035 126.04950919747353 2.731622625142335 23.237092662602663 3.0096243508160097 6.2438865005970001 31.675826631486416
leaf_count=983 4889 8089 1065 1197 5797 10588 454 84 108 864 1040 64 511 64 64 76 136 1343 1196 24 125 178 373 249 2581 54 470 67 127 565
internal_value=-0.000107837 0.00043024 -0.00178535 -0.00155029 -0.00119986 -0.0030579 -0.00102452 -0.0169881 0.00362022 0.00207737 0.0109708 -0.000973809 -0.0382683 -0.0109187 0.00247989 0.0252148 -0.0128006 -0.00954386 -0.00339515 0.00357464 0.0310437 0.14301 0.0129981 -0.0143902 -0.0201818 -0.0142666 0.000817843 -0.00125371 0.0273183 0.00774957
internal_weight=4930.82 4862.22 2868.43 2852.75 2816.73 1798.57 1369.96 80.8366 1993.79 1018.17 253.724 71.3176 68.5914 14.8949 1007.65 24.8565 46.0073 428.605 189.447 145.074 33.3865 4.49946 28.887 239.157 173.413 128.781 65.7446 23.4952 9.25351 54.9129
internal_count=43425 37961 28524 27459 26476 19675 11126 538 9437 6801 1348 308 5464 575 5937 140 200 8549 3287 2091 894 202 692 5262 3978 2635 1284 567 194 1035
cat_boundaries=0 1
cat_threshold=1
is_linear=0
shrinkage=0.05


Tree=63
num_leaves=31
num_cat=1
split_feature=8 1 5 13 4 4 3 13 3 3 6 7 7 3 7 5 13 8 1 6 13 7 7 12 5 5 13 13 10 4
split_gain=38.0878 12.798 11.1954 8.94045 8.37875 10.887 6.92091 6.80065 6.20178 5.84679 5.82529 5.43373 10.2767 5.13313 4.9954 6.13348 6.04557 4.94467 7.80702 6.01119 4.90698 5.96264 15.0274 6.39719 7.85988 8.38714 6.48266 5.94627 5.06152 5.19566
threshold=0.65519553422927868 0.94519516825675975 0.62470659613609325 0.33318836987018591 0.37014016509056097 0.38905704021453863 0.32562056183815008 0.28847679495811468 0.51051300764083873 0.1978823319077492 0.20841107517480853 0.00026548672030912718 0.0017699114396236839 0.44617819786071783 0.031946902163326747 0.36090452969074255 0.31297855079174047 0.32999163866043096 0.61167800426483165 0.051505981013178832 0.50151199102401745 0.022035398520529274 0.027699114754796032 0 0.19924677163362506 0.37347440421581274 0.34584514796733862 0.33956031501293188 0.47917099297046667 0.40711779892444616
decision_type=2 2 2 2 2 2 2 2 2 2 2 2 2 2 2 2 2 2 2 2 2 2 2 1 2 2 2 2 2 2
left_child=1 2 3 4 10 17 9 -3 13 -7 -1 -2 -13 20 16 -16 -8 -6 -19 -20 21 23 -23 27 26 -26 -25 -5 -27 -30
right_child=11 7 -4 8 5 6 14 -9 -10 -11 -12 12 -14 -15 15 -17 -18 18 19 -21 -22 22 -24 24 25 28 -28 -29 29 -31
leaf_value=-0.0068716645664127704 -0.045481712319944904 -0.029547333744283439 -0.043616362249277583 -0.027634121603068319 0.028129503719361626 -0.0056318318206008333 0.083943558461171727 0.0071105879440758512 -0.035914052729963744 -0.028979106404036999 -0.021844632057463415 0.077605917885613551 -0.030144300407742294 0.032118766743458399 -0.0045538555525960304 0.030813450013506761 -0.0003717953338153114 -0.019580471747337128 -0.0063689396878523156 0.030306606698538727 0.008583655413896973 0.034822456867899913 0.0013104603001074628 0.0443679049331114 -0.044324436517941976 -0.016544743982015161 0.0052288450166518311 -0.004055460718070259 -0.0059073939956933797 0.078995218461725775
leaf_weight=196.82168382406235 51.347382019273937 12.72967119514942 15.028523915447293 27.635722441598773 35.844667727127671 365.3265117071569 4.5449644550681096 725.75332623533905 11.427048197016118 29.007967052981257 98.16066513210535 2.5885895937681189 12.14979389682412 12.952488766051827 46.678773690015078 16.446868792176247 3.7031819429248571 21.64431893453002 17.539213560521603 29.620397847145796 185.41581165697426 33.980508740991354 1866.3616186399013 11.036899132654069 16.315305471420288 10.178940210491421 232.85563755687326 821.60396383795887 3.2715056948363772 3.6220844052731991
leaf_count=2568 4889 59 1065 589 272 3553 60 3576 549 522 1272 59 516 94 258 91 51 251 105 171 915 208 9797 198 307 127 1946 9233 67 57
internal_value=-0.000105692 0.000406817 -0.000679313 -0.000519726 -0.00503458 -0.00148561 -0.00476849 0.00646801 0.000685921 -0.00736889 -0.0118768 -0.0377804 -0.0104871 0.000818255 0.00951878 0.00461589 0.0459384 0.0130667 0.00511752 0.0165761 0.000689493 0.000204003 0.00191413 -0.00267631 0.00390676 -0.0187695 0.00703796 -0.0048318 0.00547663 0.0384795
internal_weight=4921.59 4855.51 4117.03 4102 865.339 570.357 465.708 738.483 3236.66 394.334 294.982 66.0858 14.7384 3225.23 71.3738 63.1256 8.24815 104.649 68.8039 47.1596 3212.28 3026.86 1900.34 1126.52 277.28 33.3878 243.893 849.24 17.0725 6.89359
internal_count=43425 37961 34326 33261 9174 5334 4535 3635 24087 4075 3840 5464 575 23538 460 349 111 799 527 276 23444 22529 10005 12524 2702 558 2144 9822 251 124
cat_boundaries=0 1
cat_threshold=2
is_linear=0
shrinkage=0.05


Tree=64
num_leaves=31
num_cat=0
split_feature=8 7 5 13 7 4 3 3 6 13 3 7 8 6 13 7 13 6 7 4 6 3 1 3 3 1 6 13 1 13
split_gain=35.7448 12.0844 10.6516 7.69406 6.96638 7.09879 5.70412 6.85224 6.23666 7.1106 7.88801 5.89438 5.61682 8.03799 7.50103 9.0196 6.26844 6.2486 5.3848 9.49865 5.18656 7.27877 6.89429 5.16763 5.09523 17.2176 5.93266 5.1288 4.7648 4.69128
threshold=0.65519553422927868 0.31805309653282171 0.62470659613609325 0.33318836987018591 0.019026548601686958 0.11055555567145349 0.52066960930824291 0.28643822669982916 0.29185217618942266 0.46069999039173132 0.035265678539872176 0.022035398520529274 0.3311124593019486 0.2838463038206101 0.33699487149715429 0.02008849568665028 0.34267382323741918 0.2477144002914429 0.00026548672030912718 0.53950104117393505 0.25606176257133489 0.031277174130082137 0.6885775923728944 0.019058887846767906 0.30183246731758123 0.55051019787788402 0.0084389690309762972 0.42891812324523931 0.04540816321969033 0.36877711117267614
decision_type=2 2 2 2 2 2 2 2 2 2 2 2 2 2 2 2 2 2 2 2 2 2 2 2 2 2 2 2 2 2
left_child=1 2 3 4 -1 -6 7 8 9 12 -11 -10 13 16 15 -14 -5 -18 -2 -20 22 23 -19 29 25 -9 -26 -28 -8 -22
right_child=18 -3 -4 6 5 -7 28 24 11 10 -12 -13 14 -15 -16 -17 17 20 19 -21 21 -23 -24 -25 26 -27 27 -29 -30 -31
leaf_value=-0.01637852243073205 -0.045228162093019178 0.0074481740155203369 -0.043268049688845019 -0.016270017733046104 -0.043005083466079605 -0.0022597277772251679 0.046877606459489345 0.10110281782864156 -0.0028859831093135118 0.0036735958033851978 0.046838267634694425 0.015080720717150276 -0.029597286269583963 -0.028457413476389998 0.00022803534797297283 0.032886732853928943 -0.0035492953641922571 0.06058264112779789 -0.02693313882981295 0.086131816120918733 -0.035340302690276035 0.016796035053148375 0.0088001721389396638 -0.045232200083541785 -0.033139062826561282 -0.0067593098180146471 0.0043954552773328463 0.022331596628386172 -0.047924241697537964 0.0065061092604596282
leaf_weight=108.88964165654033 49.110674971714616 538.36761847138405 14.408564433455465 87.283722890540957 10.761956179514526 752.24774844385684 1.4015025114640582 5.8609902057796708 71.448595599271357 491.14643995091319 10.744119338691233 124.19227134436369 6.796023227274417 32.492908429354429 758.2338884640485 33.827199429273605 1150.9408311210573 9.8874731138348597 12.51408397965133 2.0685037598013869 8.5713781714439374 45.354808941483498 18.966096922755241 8.9625139459967595 9.7493229620158655 9.5194975771009904 456.1765366345644 43.807585418224335 9.5899539301171881 29.001267414540052
leaf_count=3058 4889 2846 1065 827 231 5933 55 62 1379 2532 55 697 151 225 5693 192 8799 61 511 64 71 259 86 51 108 72 2597 210 494 152
internal_value=-0.000102818 0.000385376 -0.000495786 -0.000350158 -0.00454394 -0.00284654 0.000716416 0.000834161 -0.000119558 -0.000747762 0.00461674 0.00849556 -0.00197942 -0.00389875 0.00135749 0.0222637 -0.00330582 -0.00241087 -0.0372871 -0.0100772 0.00839335 0.00251582 0.0268655 -0.0113011 0.00608766 0.0344079 0.00521675 0.00598113 -0.0350718 -0.00297598
internal_weight=4912.32 4848.63 4310.26 4295.85 871.899 763.01 3423.95 3412.96 2887.85 2692.21 501.891 195.641 2190.32 1391.46 798.857 40.6232 1358.97 1271.68 63.6933 14.5826 120.744 91.89 28.8536 46.5352 525.114 15.3805 509.733 499.984 10.9915 37.5726
internal_count=43425 37961 35115 34050 9222 6164 24828 24279 21230 19154 2587 2076 16567 10531 6036 343 10306 9479 5464 575 680 533 147 274 3049 134 2915 2807 549 223
is_linear=0
shrinkage=0.05


Tree=65
num_leaves=31
num_cat=1
split_feature=8 7 5 8 6 13 12 13 7 7 13 6 1 1 13 13 13 6 1 5 3 10 5 3 7 7 4 4 10 13
split_gain=33.5276 11.2888 12.366 18.1862 8.29569 7.7062 5.79543 8.30409 5.33448 8.82986 5.17487 7.06095 6.94251 6.43512 6.18448 5.3483 5.31619 5.49016 5.1194 7.80247 8.91729 8.66929 5.07803 6.05195 4.96426 6.86364 5.3794 4.81832 7.1604 4.52982
threshold=0.65519553422927868 0.041327433660626418 0.03347339108586312 0.31782911717891699 0.030959768220782283 0.41684278845787054 0 0.50151199102401745 0.00026548672030912718 0.0017699114396236839 0.34332872927188879 0.0245190653949976 0.4708049893379212 0.65108695626258861 0.39688654243946081 0.42213201522827154 0.41010548174381262 0.029933058656752113 0.40678434073925024 0.42022895812988287 0.026298499666154388 0.62779873609542858 0.00026548672030912718 0.14008718729019168 0.031946902163326747 0.016371681354939941 0.33923077583312994 0.42942523956298834 0.44078992307186132 0.42891812324523931
decision_type=2 2 2 2 2 2 1 2 2 2 2 2 2 2 2 2 2 2 2 2 2 2 2 2 2 2 2 2 2 2
left_child=1 2 6 4 29 -3 7 10 -2 -10 12 14 -1 24 -12 16 17 -13 19 -6 21 -21 23 -7 25 -14 -27 -28 -29 -4
right_child=8 5 3 -5 18 22 -8 -9 9 -11 11 15 13 -15 -16 -17 -18 -19 -20 20 -22 -23 -24 -25 -26 26 27 28 -30 -31
leaf_value=-0.019038517353694037 -0.044966519259933002 0.0011920168653882445 -0.024849566179626907 -0.040526697841214654 -0.013142773065962454 -0.016295950239376588 0.005007295417378245 0.0086680562006611686 0.068168337297635495 -0.029174818939234178 -0.018947701615669083 0.058162449981335518 -0.034865964317120954 -0.026375791550842454 -0.0033539029419354994 -0.020998481186452294 0.036655897269276143 0.0038462763854829711 0.0054228391312212271 0.024106701008377335 -0.013081340763255914 0.1326199476118812 0.010415846453536132 0.025216535060596519 -0.013418896184026112 -0.011759338463423127 0.094932810221696057 0.066359163670883084 -0.016553875639888988 0.024902224162152591
leaf_weight=113.6548916446045 46.981127872131765 2645.3072676956654 68.925629832781851 45.345413418486714 127.29113958775997 37.763545840978622 342.69275517109782 143.79971872642636 2.7914326544851056 11.64610002376139 73.720408827066422 4.706556972116231 3.4238208765164044 12.29701532050967 471.00585080124438 17.295626265928149 14.788142393343149 166.19752957485616 113.22177772317082 6.6050007753074187 9.0442098286002857 2.5789434183388948 376.93901887536049 11.268912881612776 9.7725137881934625 3.7564447969198254 4.8768222369253627 6.3898334912955743 4.1593126840889454 4.7215645303949705
leaf_count=2466 4889 13948 1373 1589 2279 182 3224 745 59 516 1095 63 98 167 3800 208 120 2174 1432 146 275 66 1866 51 126 79 59 79 64 187
internal_value=-9.9519e-05 0.000365518 -0.00281325 -0.0108365 -0.00676005 0.00219941 -0.000632692 -0.00247877 -0.0367801 -0.00967057 -0.00425418 -0.00250614 -0.0124709 0.00413048 -0.00547655 0.00543924 0.00793858 0.00540448 -0.00252065 -0.00873493 0.0216769 0.0562171 0.00844188 -0.00662165 0.0159158 0.0288205 0.0405689 0.0536273 0.0333503 -0.0215627
internal_weight=4902.97 4841.55 1770.27 377.734 332.388 3071.28 1392.54 1049.84 61.4187 14.4375 906.045 747.714 158.331 44.6758 544.726 202.988 185.692 170.904 258.741 145.519 18.2282 9.18394 425.971 49.0325 32.3787 22.6062 19.1824 15.426 10.5491 73.6472
internal_count=43425 37961 21914 7347 5758 16047 14567 11343 5464 575 10598 7460 3138 672 4895 2565 2357 2237 4198 2766 487 212 2099 233 505 379 281 202 143 1560
cat_boundaries=0 1
cat_threshold=2
is_linear=0
shrinkage=0.05


Tree=66
num_leaves=31
num_cat=0
split_feature=8 3 7 1 13 4 4 1 3 3 3 4 6 3 3 7 7 3 6 13 7 7 5 5 13 5 13 5 4 1
split_gain=31.4385 10.7381 10.6319 7.83774 6.91413 6.33519 7.84283 6.81226 14.7097 6.6169 7.62387 6.29727 6.04183 5.92324 5.8631 5.48513 9.39666 7.28024 11.7009 5.81353 8.78241 10.6351 5.91943 7.53146 7.82357 7.44854 7.44466 7.00531 8.65544 5.86701
threshold=0.65519553422927868 0.52314388751983654 0.31805309653282171 0.030612244270741943 0.33318836987018591 0.33923077583312994 0.38905704021453863 0.61167800426483165 0.019058887846767906 0.083948746323585524 0.36074022948741918 0.84756097197532665 0.074488926678895964 0.28643822669982916 0.036235980689525611 0.28300885856151586 0.17752212285995486 0.010222206357866527 0.072323430329561247 0.46069999039173132 0.15415929257869723 0.15265487134456637 0.49264955520629888 0.012564592994749548 0.40065722167491918 0.54240113496780407 0.35137860476970678 0.41143791377544409 0.42502371966838842 0.56949809193611156
decision_type=2 2 2 2 2 2 2 2 2 2 2 2 2 2 2 2 2 2 2 2 2 2 2 2 2 2 2 2 2 2
left_child=1 2 4 -3 5 12 7 -7 -9 14 -11 13 -1 15 -10 16 19 -18 -19 20 21 22 23 -6 -25 -24 -27 28 -26 -22
right_child=-2 3 -4 -5 11 6 -8 8 9 10 -12 -13 -14 -15 -16 -17 17 18 -20 -21 29 -23 25 24 27 26 -28 -29 -30 -31
leaf_value=-0.0027532853253535642 -0.036267966381404448 0.087645629774554965 0.0071226795466447909 -0.051335984350439207 -0.00015684787943000625 -0.0051208028476741442 -0.0045117004071269073 0.079562377266377965 -0.0014977784157966054 -0.04289839149506805 0.010590661381073854 -0.036592623730988677 -0.017970795892685791 0.0056653531169010068 0.036707292689729457 -0.0090129920030029894 0.024895297279022691 -0.011367085602640421 0.016908018744664199 0.0044125342909570415 0.0097427753591371805 0.016582534074670981 0.017120276031210691 -0.011459430647904306 -0.018464870587444164 -0.040251383545967911 0.0024712249720960544 0.014841292187066058 0.0081914191684880483 -0.021371786746629158
leaf_weight=124.52473364770412 59.246565565466881 0.97743179462849994 535.3875776976347 14.179891110397874 1093.0873240251094 50.213816991075873 473.63647926412523 8.651618152856825 15.209305375814436 9.9422974698245543 19.477360103279352 11.199752848595379 139.04427394084632 526.1127905305475 28.079186361283064 162.88235498964787 62.442658424377441 64.921455129981041 83.294116199016571 497.88203605078161 18.135683551430702 83.501589745283127 89.775448150932789 373.42748436331749 64.065733108669519 11.821774260140954 69.444380679167807 61.809097476303577 57.582168962806463 84.844133831560612
leaf_count=1572 5464 71 2843 851 9222 767 4684 51 78 73 116 967 1827 3040 163 671 262 269 347 2486 87 374 450 4586 488 91 489 287 346 403
internal_value=-9.67041e-05 0.000346183 0.000479756 -0.0415302 -0.00034922 -0.00433245 -0.00150454 0.00927781 0.0182211 0.0107542 -0.00740053 0.000662387 -0.0108039 0.000787464 0.0231963 -0.000102383 0.000430463 0.0105711 0.00448992 -0.000420577 -0.0016219 -0.000849709 -0.00165267 -0.00257284 -0.00730526 0.00719103 -0.00372401 0.00112498 -0.00580965 -0.0158396
internal_weight=4894.8 4835.55 4820.4 15.1573 4285.01 868.779 605.21 131.574 81.3598 72.7081 29.4197 3416.23 263.569 3405.03 43.2885 2878.92 2716.04 210.658 148.216 2505.38 2007.49 1904.52 1821.01 1649.97 556.884 171.042 81.2662 183.457 121.648 102.98
internal_count=43425 37961 37039 922 34196 9331 5932 1248 481 430 189 24865 3399 23898 241 20858 20187 878 616 19309 16823 16333 15959 14929 5707 1030 580 1121 834 490
is_linear=0
shrinkage=0.05


Tree=67
num_leaves=31
num_cat=1
split_feature=8 3 1 1 13 4 4 12 7 4 7 4 4 1 5 7 13 4 1 4 7 5 8 3 4 4 7 7 4 13
split_gain=29.4383 10.0552 9.76162 7.17017 6.65029 5.78698 5.5163 6.02228 8.15546 5.70597 5.4856 8.30097 5.00032 9.69942 10.1143 6.68281 5.36199 8.33578 9.03725 9.81702 8.37755 11.8982 11.3981 7.81929 12.9358 7.23298 7.29762 8.27096 6.78586 6.94564
threshold=0.65519553422927868 0.52314388751983654 0.91366460919380199 0.030612244270741943 0.33318836987018591 0.84756097197532665 0.33923077583312994 0 0.015309734269976618 0.56966492533683788 0.00026548672030912718 0.53950104117393505 0.47039544582366949 0.73941797018051159 0.00228809891268611 0.0047787611838430175 0.4297721683979035 0.43827861547470098 0.88047617673873912 0.18724341690540316 0.007168141659349204 0.39387755095958715 0.32392811775207525 0.14008718729019168 0.39794188737869268 0.34731592237949377 0.016371681354939941 0.28300885856151586 0.34656305611133581 0.42312873899936682
decision_type=2 2 2 2 2 2 2 1 2 2 2 2 2 2 2 2 2 2 2 2 2 2 2 2 2 2 2 2 2 2
left_child=1 2 4 -3 6 12 -1 8 -8 -10 -2 -12 16 15 -15 -14 17 18 19 -6 21 22 -21 24 -24 28 -27 -28 29 -22
right_child=10 3 -4 -5 5 -7 7 -9 9 -11 11 -13 13 14 -16 -17 -18 -19 -20 20 25 -23 23 -25 -26 26 27 -29 -30 -31
leaf_value=-0.011468239849273743 -0.044471082590010244 0.077498270768642671 0.0046830072993869791 -0.051059566470249153 -0.0072543544105992813 -0.036058591185733006 -0.028168109297653988 0.008504061930730375 -0.001308448339826697 -0.032150463258143226 -0.025008824870648361 0.079051567116962679 -0.023673351758830598 0.051767698480602177 0.0093188069648997753 0.0039377979746658834 0.0029082264346869629 -0.01094106390270475 -0.019525926817942501 -0.041975785607059203 0.0039450296432721995 0.13300522311400956 0.14116705383109665 -0.0037395206090840259 0.013629193558629028 -0.01623046092251882 0.0017889366253157194 -0.025004198224170767 0.030670042883646401 0.043693928338530232
leaf_weight=228.76797852199525 43.381204358302057 1.0609065759927023 1063.8860181048512 13.560056791640816 343.8386894017458 10.808798368088899 34.39430220797658 105.60039813816547 341.87665493227541 15.615603191778062 11.634458631277083 2.1809206157922736 23.187393356114626 20.913715090602636 43.607747681438923 363.40240347012877 816.95575323328376 226.71735931187868 60.831290028989315 5.2993645388633057 432.59233049117029 2.5523157734423867 3.7467321287840587 5.0942526906728753 4.3649753406643867 76.095234602689743 514.8248728774488 30.405978336930275 27.279873132705688 11.21125268936157
leaf_count=3239 4889 71 5106 851 3954 967 1153 1183 2918 192 511 64 417 93 199 3098 4568 1568 294 121 3179 48 71 94 85 1422 2773 124 118 55
internal_value=-9.35254e-05 0.000328225 0.000455419 -0.0409286 -0.000742725 0.000287685 -0.00503912 -0.00207095 -0.00493477 -0.00267825 -0.0357231 -0.00777231 0.000420929 0.00527523 0.0232142 0.00226308 -0.00043209 -0.001999 -0.00065967 0.000125705 0.0024096 0.0335856 0.0189633 0.0439248 0.0741485 0.00180105 -0.00173519 0.00028128 0.0064751 0.00497004
internal_weight=4885.69 4828.49 4813.87 14.621 3749.99 3023.73 726.255 497.487 391.887 357.492 57.1966 13.8154 3012.92 451.111 64.5215 386.59 2561.81 1744.85 1518.14 1457.31 1113.47 21.0576 18.5053 13.206 8.11171 1092.41 621.326 545.231 471.083 443.804
internal_count=43425 37961 37039 922 31933 23248 8685 5446 4263 3110 5464 575 22281 3807 292 3515 18474 13906 12338 12044 8090 419 371 250 156 7671 4319 2897 3352 3234
cat_boundaries=0 1
cat_threshold=2
is_linear=0
shrinkage=0.05


Tree=68
num_leaves=31
num_cat=1
split_feature=8 5 7 13 7 7 1 12 4 5 6 3 7 7 6 7 10 13 7 5 4 3 13 13 5 1 10 13 13 4
split_gain=27.5744 9.6946 8.73767 5.89344 7.97744 6.90636 11.1845 15.7941 10.9189 6.59403 5.61082 5.43824 5.40886 7.86085 4.84249 6.25753 7.87555 5.2154 4.78904 4.8337 4.68831 4.67604 4.64851 4.62391 4.5303 6.30082 6.08293 9.2039 4.41129 4.36337
threshold=0.65519553422927868 0.62470659613609325 0.31805309653282171 0.37070909142494207 0.017256637103855613 0.007168141659349204 1.0000000180025095e-35 0 0.3299319744110108 0.4465929120779038 0.29185217618942266 0.0785675384104252 0.00026548672030912718 0.0017699114396236839 0.025218237191438678 0.14672566205263141 0.22886110097169879 0.33501596748828893 0.019026548601686958 0.030536131002008918 0.84756097197532665 0.28643822669982916 0.55146872997283947 0.36199311912059789 0.011561267077922823 0.2828571498394013 0.48648083209991461 0.35018461942672735 0.23036389052867892 0.33782868087291723
decision_type=2 2 2 2 2 2 2 1 2 2 2 2 2 2 2 2 2 2 2 2 2 2 2 2 2 2 2 2 2 2
left_child=1 2 3 4 5 6 7 9 -9 -1 20 23 -2 -14 15 16 -6 -17 -18 -20 21 22 -5 -7 25 -13 -27 -28 -16 -30
right_child=12 -3 -4 10 14 11 -8 8 -10 -11 -12 24 13 -15 28 17 18 -19 19 -21 -22 -23 -24 -25 -26 26 27 -29 29 -31
leaf_value=-0.0083349260697366864 -0.044185025233708611 -0.04246783944889037 0.0064609873638714829 -0.00016041568892975354 0.034648906245525225 -0.028014059825883182 -0.02367314654680008 0.027152126574688757 0.11864018798273179 0.071009013898666512 0.012076754486502604 -0.029172795807165433 0.063942193247534918 -0.027391627488006078 -0.028557465014400679 -0.049075684202062507 -0.05163380848241949 -0.011305454829119224 0.0026945867328880941 -0.019852196867119441 -0.033994842359595025 0.0069530436735981476 0.025839321395508381 -3.328809483210158e-05 -0.020295392458697041 -0.0048965857285512933 0.014601147264933624 0.11267664563878151 -0.0040553905166297232 0.0016743001648776578
leaf_weight=36.76728480309248 41.526601439341903 13.105326176621018 533.75488790869713 1861.6277214512229 11.858563244342802 89.585064323619008 30.516311257146299 10.47273546643555 4.8409048169851294 2.7140290550887576 116.8371358178556 6.9153963550925281 2.8907032981514922 10.813692240044473 13.59796238876879 15.791776329278944 5.8889103531837454 22.784065097570419 64.966570779681206 37.102114168927073 9.5148655669763667 284.89696900732815 17.250633351504803 18.103809496387839 20.565912464633584 8.4608519114553946 6.6515832468867284 3.8003896176815033 476.29670662432909 1098.0643256865442
leaf_count=805 4889 1065 2846 11695 55 2514 994 112 109 59 1089 192 59 516 88 86 105 115 651 466 888 1522 143 396 579 176 185 67 3792 7167
internal_value=-9.08343e-05 0.00031079 0.000429274 -0.000322626 -0.00231699 -0.010877 0.000480183 0.0140413 0.0569795 -0.00258871 0.00140451 -0.0171938 -0.0351879 -0.0074405 -0.00114014 -0.00947499 -0.00377843 -0.0269836 -0.0080739 -0.00546367 0.000827932 0.000984934 7.69984e-05 -0.0233609 -0.00275168 0.0110492 0.0260953 0.0514656 -0.000305088 -5.60941e-05
internal_weight=4877.96 4822.73 4809.63 4275.87 1985.75 239.394 85.3113 54.795 15.3136 39.4813 2290.13 154.083 55.231 13.7044 1746.35 158.392 119.816 38.5758 107.958 102.069 2173.29 2163.78 1878.88 107.689 46.3941 25.8282 18.9128 10.452 1587.96 1574.36
internal_count=43425 37961 36896 34050 18713 6188 2079 1085 221 864 15337 4109 5464 575 12525 1478 1277 201 1222 1117 14248 13360 11838 2910 1199 620 428 252 11047 10959
cat_boundaries=0 1
cat_threshold=2
is_linear=0
shrinkage=0.05


Tree=69
num_leaves=31
num_cat=0
split_feature=8 5 1 13 7 5 5 8 6 6 4 5 4 6 13 6 7 6 7 6 13 6 3 8 6 6 5 4 13 4
split_gain=25.82 9.13366 8.00426 5.99529 9.40135 6.36977 9.30843 13.9395 7.65837 8.15703 6.50692 6.91169 7.1378 6.45126 6.35426 6.14796 8.14319 7.48355 7.27246 7.20676 8.26162 10.3004 8.95514 6.45845 5.97448 6.85876 5.81792 5.63527 7.50204 5.65571
threshold=0.65519553422927868 0.62470659613609325 0.91366460919380199 0.40065722167491918 0.016371681354939941 0.50488919019699108 0.030816714279353622 0.31782911717891699 0.03519896604120732 0.038596967235207565 0.46834814548492437 0.01771555840969086 0.42360590398311621 0.049339246004819877 0.39307318627834326 0.22326064109802249 0.28300885856151586 0.2370678707957268 0.31805309653282171 0.19724349677562716 0.38739532232284551 0.040051745250821121 0.07458051294088365 0.33293820917606359 0.16871757060289386 0.027707984670996669 0.014269287232309582 0.54395446181297313 0.32585169374942785 0.51542207598686229
decision_type=2 2 2 2 2 2 2 2 2 2 2 2 2 2 2 2 2 2 2 2 2 2 2 2 2 2 2 2 2 2
left_child=1 2 3 4 26 6 10 -8 -7 -10 11 15 13 -13 27 18 17 -17 19 20 24 -22 23 -23 25 -6 -1 28 29 -12
right_child=-2 -3 -4 -5 5 8 7 -9 9 -11 14 12 -14 -15 -16 16 -18 -19 -20 -21 21 22 -24 -25 -26 -27 -28 -29 -30 -31
leaf_value=-0.0048795160843612797 -0.034648522139251806 -0.042087610664596445 0.0042370548895587206 0.0019822243625125979 -0.013865991126393393 -0.017385588900798672 -0.0054737315360771617 -0.050419126008155152 0.051292256692633403 0.0085954204945196087 -0.003408510987459857 0.077205026978920899 -0.010515572950613439 0.012904077400279539 -0.033273360738195826 -0.022828394191227591 -0.03860561106858882 -0.0016038760417317972 0.025038471169948458 0.019373440654914892 0.042620857483686179 -0.008463208797045936 -0.038022543195445388 0.039276005619286021 -0.01840827799073786 0.0015746016367988746 -0.018136680395026864 -0.0024209730454596776 0.020039169703332655 0.033544040932731702
leaf_weight=236.15867762826383 53.353742657229304 12.57685942109674 1062.5233354121447 1350.1015923740342 94.332881551235914 25.892734199762344 595.80884357169271 17.70345851033926 12.040757488459347 154.72673940658569 79.772365035489202 7.7057597544044318 9.0965394824743253 8.3365117181092483 9.4255304932594282 51.893805606290698 20.440954625606537 209.71018388681114 29.126747235655785 41.907005466520786 21.756844267249107 14.21291646361351 11.107795588672159 13.711773306131363 65.696353992447257 300.07792750187218 128.69252514839172 89.871655529364944 131.01492736116052 11.784172555431722
leaf_count=4672 5464 1065 5110 8788 742 156 4670 413 76 879 647 65 56 83 49 371 87 1424 128 271 111 68 56 67 478 2086 3525 928 706 184
internal_value=-8.85996e-05 0.000293848 0.000406702 -0.000679626 -0.00218414 -0.0008514 -0.00176204 -0.00678683 0.00779014 0.011737 0.000759036 -0.00142037 0.0243594 0.0443871 0.00686112 -0.00217032 -0.00824555 -0.00584036 0.000716885 -0.000537171 -0.00215202 0.0151381 -0.000122936 0.0148561 -0.00445004 -0.00210829 -0.00957305 0.00809812 0.0123672 0.00132448
internal_weight=4870.56 4817.21 4804.63 3742.11 2392.01 2027.16 1834.49 613.512 192.66 166.767 1220.98 899.114 25.1388 16.0423 321.869 873.975 282.045 261.604 591.93 562.803 520.896 60.7893 39.0325 27.9247 460.107 394.411 364.851 312.443 222.571 91.5565
internal_count=43425 37961 36896 31786 22998 14801 13690 5083 1111 955 8607 6093 204 148 2514 5889 1882 1795 4007 3879 3608 302 191 135 3306 2828 8197 2465 1537 831
is_linear=0
shrinkage=0.05


Tree=70
num_leaves=31
num_cat=0
split_feature=8 3 7 1 7 4 5 13 6 3 7 4 4 1 3 3 3 6 3 3 3 3 7 8 4 5 6 13 5 13
split_gain=24.1388 8.94442 7.83651 6.82259 5.52622 7.24544 5.41584 5.30885 5.04934 5.57405 4.97278 4.84969 6.6535 5.83112 12.5742 5.96185 7.01173 5.69883 5.15308 4.699 5.27589 4.73699 6.45611 4.6185 5.12163 4.59824 6.78938 4.30331 4.21645 4.20251
threshold=0.65519553422927868 0.52314388751983654 0.31805309653282171 0.030612244270741943 0.00026548672030912718 0.53950104117393505 0.62470659613609325 0.33318836987018591 0.29185217618942266 0.44617819786071783 0.022035398520529274 0.33923077583312994 0.38905704021453863 0.61167800426483165 0.019058887846767906 0.083948746323585524 0.36074022948741918 0.074488926678895964 0.036235980689525611 0.32562056183815008 0.1978823319077492 0.43714080750942236 0.15265487134456637 0.3298183828592301 0.37254935503005987 0.36090452969074255 0.038144992664456374 0.39835169911384588 0.37248815596103674 0.55146872997283947
decision_type=2 2 2 2 2 2 2 2 2 2 2 2 2 2 2 2 2 2 2 2 2 2 2 2 2 2 2 2 2 2
left_child=1 2 6 -3 -2 -6 7 11 9 29 -10 17 13 23 -15 18 -17 25 -16 20 -14 22 -21 24 -13 26 -1 -12 -27 -9
right_child=4 3 -4 -5 5 -7 -8 8 10 -11 27 12 19 14 15 16 -18 -19 -20 21 -22 -23 -24 -25 -26 28 -28 -29 -30 -31
leaf_value=-0.020194606523463169 -0.043650028884784503 0.07303827119020162 0.0061228884135528768 -0.050786207690414448 -0.023102178028917342 0.072852106439436223 -0.038781889720301464 -0.00015638769884950563 -0.0026950053462067888 0.029464973465768984 0.0083721928941415044 -0.024650596281458634 -0.00473535724672129 0.072358959474138271 -0.0016658391573486126 -0.042056152169066469 0.0095497919301358123 -0.016571522942079364 0.034022674657793774 0.024513838701833688 -0.027462413823214123 -0.02356739122294629 -0.0062009431804677792 -0.015842405885849092 0.034156611500175384 0.032364322356497686 0.0081165567805308245 0.028465148797355923 -0.0016424081162574383 0.024726250727495895
leaf_weight=48.941427448764443 38.428523275069892 1.1008713012561191 530.90950134396553 12.553682080470024 10.870103314518927 2.2884573545306912 9.0333552751690132 3134.8358887117356 75.77064838539809 16.009426931850612 122.06603671237826 5.1648370400071171 360.37495331652462 8.9948690906167013 15.217017732560633 9.7243297062814253 19.606084708124399 135.09964979067445 28.557469308376312 40.816549189388752 27.534417355433106 10.854756765067576 28.98059618473053 32.747989101335406 11.941931510344146 15.977378554642199 36.886650510132313 34.570378877222538 20.425860295072198 16.960995483212173
leaf_count=699 4889 71 2843 851 511 64 719 21703 1459 103 719 114 3559 51 78 73 116 1812 163 282 522 85 127 525 128 156 463 152 240 148
internal_value=-8.61922e-05 0.000277865 0.00039431 -0.0399812 -0.0340743 -0.00561367 -0.000317392 -0.000233707 0.000651845 0.00012824 0.00776417 -0.00374923 -0.00127807 0.00862324 0.01682 0.00982863 -0.00747473 -0.00949385 0.021527 -0.00407835 -0.00636811 0.00686695 0.0116985 -0.00478155 0.016071 -0.00162302 -0.00797374 0.012854 0.0131939 -2.01183e-05
internal_weight=4863.24 4811.66 4798 13.6546 51.5871 13.1586 4267.09 4258.06 3400.21 3167.81 232.407 857.847 600.516 131.955 82.0998 73.1049 29.3304 257.331 43.7745 468.561 387.909 80.6519 69.7971 49.8548 17.1068 122.231 85.8281 156.636 36.4032 3151.8
internal_count=43425 37961 37039 922 5464 575 34196 33477 24284 21954 2330 9193 5823 1248 481 430 189 3370 241 4575 4081 494 409 767 242 1558 1162 871 396 21851
is_linear=0
shrinkage=0.05


Tree=71
num_leaves=31
num_cat=2
split_feature=8 3 1 13 5 8 5 13 5 1 6 4 5 7 7 13 12 12 4 4 13 13 4 3 5 3 7 1 7 10
split_gain=22.5778 8.36525 7.35738 6.98886 6.66346 12.7569 9.33921 7.19192 6.39911 6.30307 6.03184 5.81249 5.78711 5.42366 6.976 5.28389 7.53625 6.26589 4.9019 7.32698 5.52273 5.13014 6.08019 4.90603 4.88749 5.093 12.375 6.55003 7.16027 6.30926
threshold=0.65519553422927868 0.52314388751983654 0.79795917868614208 0.27608405053615576 0.018833460286259655 0.32670532166957861 0.49264955520629888 0.41513071954250341 0.01771555840969086 0.030612244270741943 0.25121679902076727 0.506115883588791 0.41143791377544409 0.00026548672030912718 0.0017699114396236839 0.44226951897144323 0 1 0.45891098678112036 0.44127418100833898 0.43505682051181799 0.32660061120986944 0.4714068621397019 0.010222206357866527 0.48266786336898809 0.02768652327358723 0.0042477876413613566 0.505102038383484 0.061769910156726844 0.13292532414197925
decision_type=2 2 2 2 2 2 2 2 2 2 2 2 2 2 2 2 1 1 2 2 2 2 2 2 2 2 2 2 2 2
left_child=1 2 3 -1 8 6 7 24 -5 -3 -8 12 -9 -2 -15 16 18 -17 19 20 -4 22 -20 -23 25 26 -6 28 -28 -29
right_child=13 9 15 4 5 -7 10 11 -10 -11 -12 -13 -14 14 -16 17 -18 -19 21 -21 -22 23 -24 -25 -26 -27 27 29 -30 -31
leaf_value=-0.019923361367621236 -0.04333746300358074 0.065382647792266019 0.0038081426518199925 0.00064255513933961575 0.070356317654001729 -0.040035457259464849 0.0024890059558543482 -0.0086443210659109676 0.049993570537203734 -0.050487164000227819 0.028114360834346347 0.031549520613582786 0.015851677065155372 0.060044783152478867 -0.025617563652486509 0.007947037925100011 -0.0039794228407785152 0.03994251259546696 -0.017238051348406724 -0.016581770338658649 -0.023859053592472115 0.034554784450443389 0.0089777848363185291 0.010280241273180502 -0.034656950902057913 -0.0028681198024752687 -0.017811868275496384 -0.06554015829064426 0.00064786625733973815 -0.021041043313739519
leaf_weight=48.466805351898074 36.812111557926983 1.177864609286188 827.51111344248056 2046.9643086828291 4.3245613742619744 24.202808036934584 204.65040126722306 65.508388571441174 6.4930023979395619 12.010976018384097 25.874766980297863 17.356937475502491 38.005737602710724 2.9875902440398923 10.088931461796163 79.937401875853539 370.34468735009432 19.060888007283211 36.250348061323166 49.3873480707407 18.296483784914017 22.802744179964066 56.266200497746468 259.82188484817743 17.375550366938114 277.27852046303451 115.13751487992704 9.3937382698059064 95.595969919115305 57.08922329172492
leaf_count=988 4889 71 3944 17214 77 782 1412 425 58 851 181 94 188 59 516 438 1781 102 166 255 93 117 269 1288 112 3879 2234 38 486 418
internal_value=-8.34013e-05 0.000263228 0.00037408 -0.00110325 -0.000797416 -0.00425622 -0.00331306 -0.00620138 0.000803464 -0.0393487 0.00539789 0.00485784 0.000307872 -0.0335136 -0.00535968 0.00297008 0.00228909 0.0141919 0.00412067 0.00210227 0.00320099 0.00892198 -0.00124779 0.012268 -0.00853043 -0.00770307 -0.0124444 -0.013779 -0.00941785 -0.0274926
internal_weight=4856.47 4806.59 4793.4 3053.72 3005.25 951.794 927.591 697.066 2053.46 13.1888 230.525 120.871 103.514 49.8886 13.0765 1739.68 1640.68 98.9983 1270.34 895.195 845.808 375.141 92.5165 282.625 576.195 558.82 281.541 277.216 210.733 66.483
internal_count=43425 37961 37039 28586 27598 10326 9544 7951 17272 922 1593 707 613 5464 575 8453 7913 540 6132 4292 4037 1840 435 1405 7244 7132 3253 3176 2720 456
cat_boundaries=0 1 2
cat_threshold=2 2
is_linear=0
shrinkage=0.05


Tree=72
num_leaves=31
num_cat=2
split_feature=8 5 7 7 4 13 7 7 1 12 4 5 3 6 13 4 3 3 1 13 3 13 7 5 12 13 5 5 1 6
split_gain=21.1113 7.91078 6.44667 5.31362 20.6468 4.748 6.18869 6.55891 9.86297 13.5494 8.34371 5.55623 5.13023 4.80238 4.42078 4.17716 4.22546 4.20815 5.26924 4.41871 4.48907 5.39836 4.32811 4.362 6.45265 4.17782 5.49041 4.01514 5.694 5.30124
threshold=0.65519553422927868 0.62470659613609325 0.31805309653282171 0.00026548672030912718 0.65896359086036693 0.37070909142494207 0.017256637103855613 0.007168141659349204 1.0000000180025095e-35 0 0.22576153278350833 0.4465929120779038 0.0785675384104252 0.29185217618942266 0.36199311912059789 0.84756097197532665 0.28643822669982916 0.33290378749370581 0.63211598992347728 0.42405171692371374 0.31598296761512762 0.39019943773746496 0.018318584188818935 0.4275322705507279 1 0.47537976503372198 0.0036182464100420479 0.011561267077922823 0.2828571498394013 0.34405763447284704
decision_type=2 2 2 2 2 2 2 2 2 1 2 2 2 2 2 2 2 2 2 2 2 2 2 2 1 2 2 2 2 2
left_child=1 2 5 -2 -5 6 7 8 9 11 -11 -1 14 15 -9 16 25 18 -18 20 -20 -22 -19 -24 -25 -7 -27 28 -14 -30
right_child=3 -3 -4 4 -6 13 -8 12 -10 10 -12 -13 27 -15 -16 -17 17 22 19 -21 21 -23 23 24 -26 26 -28 -29 29 -31
leaf_value=-0.0074096025390332863 -0.043014882427142263 -0.041148769746091551 0.0055554523462671961 -0.025456235058878549 0.19003600031490564 -0.0011741208521250056 -0.0010645287883676345 -0.026878052103765634 -0.022094270477175024 0.024387273715336253 0.10069948188638796 0.063474932160568195 -0.028268914656768358 0.011136712536615913 0.000191240847422714 -0.033054817734352572 0.043382877894521082 -0.020118755245808334 -0.014816052004831812 0.038713613680294169 0.03802831154652174 -0.0025536723291661005 0.011365485041989974 0.0056041732532123752 -0.025750783989585697 0.0036569233462343644 0.039516659706385585 -0.018932691797411399 0.013490657448244523 0.088199551778258417
leaf_weight=36.060979961417615 35.273540592752397 11.409954116679726 529.10028779506683 11.868622329086064 1.124040625989436 1502.1756949145347 1741.0436697583646 85.836569024249911 28.968191277235746 10.169230880215762 5.7300370186567298 2.8889148384332648 6.6686546485871103 116.62689670361578 17.848201600834727 9.0084447665140015 14.719680733978747 18.604522880166769 19.724446788430214 11.022192507982252 14.439075008034704 18.27089948952198 111.73603207990527 52.386429950594902 23.685528546571732 363.58368679881096 10.93765004724264 19.770888639613986 16.442743817344311 2.7478190269321194
leaf_count=805 4889 1065 2846 562 13 10091 12525 2514 994 99 122 59 192 1089 396 888 117 240 121 49 66 83 511 230 105 1687 60 579 359 69
internal_value=-8.04154e-05 0.000249628 0.000350137 -0.0329497 -0.00512228 -0.000295149 -0.00209242 -0.00974358 0.00139497 0.0139093 0.0526599 -0.00187497 -0.0160264 0.00125418 -0.0221745 0.000720318 0.000864932 0.00654107 0.016426 0.0100358 0.00385011 0.0152692 0.00276693 0.00507013 -0.00411376 1.21548e-06 0.0047278 -0.00192877 0.010902 0.0248489
internal_weight=4849.87 4801.61 4790.2 48.2662 12.9927 4261.1 1974.18 233.132 83.8174 54.8492 15.8993 38.9499 149.315 2286.92 103.685 2170.29 2161.29 284.589 78.1763 63.4566 52.4344 32.71 206.413 187.808 76.072 1876.7 374.521 45.6301 25.8592 19.1906
internal_count=43425 37961 36896 5464 575 34050 18713 6188 2079 1085 221 864 4109 15337 2910 14248 13360 1522 436 319 270 149 1086 846 335 11838 1747 1199 620 428
cat_boundaries=0 1 2
cat_threshold=2 2
is_linear=0
shrinkage=0.05


Tree=73
num_leaves=31
num_cat=2
split_feature=8 3 1 13 1 5 8 5 13 7 5 6 6 7 4 12 13 4 13 4 5 13 5 13 12 13 13 6 1 4
split_gain=19.7383 7.52771 6.33536 6.38744 5.97164 5.95876 11.8668 8.46177 6.76024 5.80795 11.2986 6.09829 5.38578 5.19179 16.6666 5.07694 5.64393 4.83799 5.08389 10.1648 5.02523 6.31233 13.8379 4.81818 5.42968 4.64626 8.24568 4.6413 5.53626 4.61312
threshold=0.65519553422927868 0.52314388751983654 0.79795917868614208 0.27608405053615576 0.030612244270741943 0.018833460286259655 0.32670532166957861 0.49264955520629888 0.46702450513839727 0.17752212285995486 0.0096938442438840883 0.25606176257133489 0.25121679902076727 0.00026548672030912718 0.65896359086036693 0 0.52688080072402965 0.52086955308914196 0.30367738008499151 0.54395446181297313 0.33513319492340093 0.2962097972631455 0.14358107745647433 0.39086769521236425 1 0.30138748884201055 0.29338400065898901 0.29915967583656317 0.65108695626258861 0.35832114517688757
decision_type=2 2 2 2 2 2 2 2 2 2 2 2 2 2 2 1 2 2 2 2 2 2 2 2 1 2 2 2 2 2
left_child=1 2 3 -1 -3 9 7 8 17 15 11 -11 29 -2 -15 16 -5 20 -19 -20 21 22 -7 24 -4 26 -17 -27 -29 -9
right_child=13 4 23 5 -6 6 -8 12 -10 10 -12 -13 -14 14 -16 25 -18 18 19 -21 -22 -23 -24 -25 -26 27 -28 28 -30 -31
leaf_value=-0.019168337268491323 -0.042682044742320194 0.061203411830505407 0.0028027116622903747 -0.0018952724736641009 -0.050145080527455713 0.12681060837795963 -0.03922129645026487 0.013175959851716696 0.043278683520053401 0.012111653693249964 0.052352459149964198 -0.016799211212391515 0.026518421229927393 -0.024795269658693549 0.15737689888354661 -0.0048405859878188654 0.014652615335038616 -0.03758506581491227 0.047282333407844809 2.2053107925823959e-05 -0.0053722461801023434 -0.018021372887950811 -0.03225826027774107 0.0066065154536154138 -0.0052303002884185922 0.0025436239861716362 0.064966467780430068 0.010879487012909481 0.06874902373921575 -0.0028064498768083784
leaf_weight=47.716471925377846 33.809110591188073 1.2233274802565564 911.43004114553332 1432.9137905295938 11.23801101464778 2.3031973075121632 23.282373495865613 66.818201396614313 6.7957167252898207 81.37945231795311 14.731269955635069 23.295385554432869 26.094348852522671 11.585707785561679 1.3048265203833569 8.0882484074682015 53.298698189668357 6.6333532594144335 13.417369347065685 73.218587536364794 443.38921725936234 143.93224481493235 3.0225911941379309 552.49225822091103 273.12040749937296 408.40322872903198 8.4664342012256366 16.288064694032077 5.6029557771980754 137.82520889630541
leaf_count=988 4889 71 4351 12787 851 41 782 419 39 369 69 108 181 562 13 147 324 119 128 784 4132 2596 112 2791 1311 3084 97 252 35 993
internal_value=-7.77228e-05 0.000236535 0.000339063 -0.00103358 -0.0384158 -0.000742767 -0.00402487 -0.00312792 -0.00589345 0.000768842 0.0114662 0.00561993 0.00515195 -0.0323928 -0.00490072 0.000104916 -0.00129752 -0.00639415 0.00415207 0.00744501 -0.00806275 -0.0160128 0.0366807 0.0027496 0.000946044 0.00477983 0.0307358 0.0037627 0.0261637 0.00239144
internal_weight=4843.12 4796.42 4783.96 3046.92 12.4613 2999.2 946.732 923.45 692.712 2052.47 119.406 104.675 230.738 46.6996 12.8905 1933.06 1486.21 685.917 93.2693 86.636 592.647 149.258 5.32579 1737.04 1184.55 446.849 16.5547 430.294 21.891 204.643
internal_count=43425 37961 37039 28586 922 27598 10326 9544 7951 17272 546 477 1593 5464 575 16726 13111 7912 1031 912 6881 2749 153 8453 5662 3615 244 3371 287 1412
cat_boundaries=0 1 2
cat_threshold=2 2
is_linear=0
shrinkage=0.05


Tree=74
num_leaves=31
num_cat=0
split_feature=8 5 13 7 4 7 7 4 7 1 13 7 7 7 1 5 13 13 7 13 4 4 7 3 3 1 4 13 5 5
split_gain=18.4472 7.22907 5.8071 6.39313 6.62707 5.76653 5.06591 13.8155 3.91354 6.91309 3.88676 3.94121 12.344 9.2748 5.41221 5.18437 12.8645 4.92603 3.92983 4.31186 3.74959 4.10873 8.11325 6.94141 7.76666 9.55676 5.97097 13.4499 6.7912 6.17063
threshold=0.65519553422927868 0.62470659613609325 0.32276158034801489 0.022035398520529274 0.1225140728056431 0.31805309653282171 0.00026548672030912718 0.65896359086036693 0.0042477876413613566 0.030612244270741943 0.23036389052867892 0.15265487134456637 0.17752212285995486 0.13831858336925509 0.29864865541458135 0.0074794194661080846 0.27608405053615576 0.257095217704773 0.11283186078071596 0.30814042687416082 0.84756097197532665 0.47039544582366949 0.0047787611838430175 0.029707981273531917 0.010973221156746151 0.40678434073925024 0.43827861547470098 0.41338202357292181 0.31476190686225897 0.0018764103879220786
decision_type=2 2 2 2 2 2 2 2 2 2 2 2 2 2 2 2 2 2 2 2 2 2 2 2 2 2 2 2 2 2
left_child=1 2 3 8 -5 20 -2 -8 9 -1 -6 13 -13 17 -14 -15 -17 -12 -19 -20 21 26 -23 24 25 -24 -4 29 -29 -28
right_child=6 -3 5 4 10 -7 7 -9 -10 -11 11 12 14 15 -16 16 -18 18 19 -21 -22 22 23 -25 -26 -27 27 28 -30 -31
leaf_value=0.037430817158130132 -0.042338712286539765 -0.040537921559338552 0.00045677274433526582 -0.051347530504360063 -0.026383620629060467 0.0063678168027789658 -0.024136974347215005 0.13402789595208464 -0.021080323449774434 -0.032998304830957441 -0.050435286075867905 -0.035343292280459376 0.019234037945321268 0.001606014020354982 -0.0049605675817739094 0.0039290349414015224 0.046616522855765459 0.00014489543756479085 -0.036384840970766823 -0.00067273352403734662 -0.028108080605920238 -0.024166832031812309 -0.00085928260735088243 0.010292953343789059 -0.016449403106053702 0.0322062985521143 -0.026285294896914304 0.027095720198344986 -0.0028906959388835646 -0.007769133324328395
leaf_weight=8.1290420070290548 32.415292681660503 10.750366127584128 2757.0187101969495 6.6519035138189784 15.225341375917194 452.43039683997631 11.316276547498999 1.4682160466909397 73.942495666444302 5.9004383105784646 5.3503899257630101 31.201724141836166 27.078624114394188 56.90382844209671 153.47857166826725 42.55229215323925 30.434445589780807 217.05995626188815 16.477887779474258 17.848320193588734 11.408786127809433 23.670168906450272 131.27230860292912 323.64783861674368 60.5584153868258 26.054598089307547 66.273508230224252 34.879155643284321 40.418777100741863 144.04405790753663
leaf_count=167 4889 1065 19352 153 101 2528 562 13 2153 236 181 199 121 257 664 204 147 2532 113 115 1111 449 1267 2382 398 139 592 156 177 1002
internal_value=-7.48717e-05 0.000224379 0.000317949 -0.00385889 -0.00205938 0.00104578 -0.0318329 -0.00468545 -0.0164732 0.00743237 -0.00150864 -0.000863064 -0.0063504 0.00213033 -0.00129573 0.0130205 0.021837 -0.00336278 -0.00232137 -0.018017 0.000378952 0.000471196 0.0043862 0.0056477 -0.00123099 0.00460186 -0.000254537 -0.00713599 0.0109507 -0.0136373
internal_weight=4835.86 4790.66 4779.91 708.235 620.263 4071.68 45.1998 12.7845 87.972 14.0295 613.611 598.386 211.759 386.627 180.557 129.891 72.9867 256.737 251.386 34.3262 3619.25 3607.84 565.203 541.533 217.885 157.327 3042.63 285.615 75.2979 210.318
internal_count=43425 37961 36896 7343 4787 29553 5464 575 2556 403 4634 4533 984 3549 785 608 351 2941 2760 228 27025 25914 4635 4186 1804 1406 21279 1927 333 1594
is_linear=0
shrinkage=0.05


Tree=75
num_leaves=31
num_cat=0
split_feature=8 3 1 1 13 5 8 5 13 5 7 4 6 1 5 10 4 5 5 6 5 3 7 1 4 7 5 1 6 13
split_gain=17.2319 6.81441 5.7069 5.55938 5.58932 5.4078 10.9251 7.79135 6.13989 5.39876 4.93658 11.6683 4.89058 7.5031 5.6305 5.52837 4.86661 5.38276 8.86328 4.6337 4.51098 4.76926 10.2631 6.6898 5.77885 4.66696 6.99767 5.55938 4.5293 4.43725
threshold=0.65519553422927868 0.52314388751983654 0.030612244270741943 0.79795917868614208 0.27608405053615576 0.018833460286259655 0.32670532166957861 0.49264955520629888 0.41513071954250341 0.01771555840969086 0.00026548672030912718 0.65896359086036693 0.22771719843149188 0.52919501066207897 0.50488919019699108 0.22886110097169879 0.506115883588791 0.37248815596103674 0.2225274741649628 0.03769377805292607 0.48266786336898809 0.025385500863194469 0.0042477876413613566 0.73401361703872692 0.081877991557121291 0.061769910156726844 0.4275322705507279 0.55051019787788402 0.049339246004819877 0.37003780901432043
decision_type=2 2 2 2 2 2 2 2 2 2 2 2 2 2 2 2 2 2 2 2 2 2 2 2 2 2 2 2 2 2
left_child=1 3 -3 4 -1 9 7 8 20 -6 -2 -12 13 14 -9 -15 17 18 -10 -19 21 22 -7 25 -23 -24 27 -27 -29 -26
right_child=10 2 -4 -5 5 6 -8 12 16 -11 11 -13 -14 15 -16 -17 -18 19 -20 -21 -22 24 23 -25 29 26 -28 28 -30 -31
leaf_value=-0.018143866472448256 -0.041984675092179111 0.05805539517411349 -0.04981587517274777 0.002567056747378409 0.00057823224166755991 0.060736878006712736 -0.038335618938509633 0.049795886967374373 0.028266587023933833 0.045350856432816652 -0.02348204924785156 0.11645114860985649 0.019831534417734897 -0.035143346929651799 0.0089250135335527513 -0.0015219377975038391 0.02876853827845835 0.030577378838553573 -0.036854444322806844 0.00056372758610111575 -0.033211193601193421 -0.033760384746355392 -0.017892901462106998 -0.040675656476003276 -0.0065485679139972962 0.0091457355887744826 -0.024671210936921838 0.0093026941227154752 -0.034874801192922598 0.0064916158586804176
leaf_weight=46.628945221193135 31.088721852283925 1.2595740761607874 10.572603116743265 1733.8097067587078 2043.8403820255771 4.6814150139689437 22.339198933448642 10.519578063860534 7.0065921694040325 6.6589323189109555 11.059704104438422 1.6162043288350094 44.433357655070722 13.585888177156447 43.65550676221028 118.79779268056154 17.619319193065166 16.375827871263027 19.122953221201897 60.267817057669163 17.004018306732178 13.853918638080357 119.23901477269828 20.25319604575634 146.11376495286822 74.694509729743004 31.430204346776009 9.015652250498535 15.291659627109764 117.55198823846877
leaf_count=988 4889 71 851 8453 17214 77 782 67 54 58 562 13 315 65 442 704 94 87 137 335 112 391 2313 112 2360 388 158 55 94 1184
internal_value=-7.32818e-05 0.000211616 -0.0375233 0.000306976 -0.000980427 -0.000710796 -0.0038455 -0.00299899 -0.00566467 0.000728273 -0.03127 -0.00447708 0.00493557 0.00135224 0.0170305 -0.005034 0.00456464 0.000342621 -0.0191605 0.00707314 -0.00783776 -0.0070414 -0.0117166 -0.0130137 -0.00239475 -0.0107344 -0.00414319 0.00234173 -0.0183134 -0.000715556
internal_weight=4829.39 4785.62 11.8322 4773.79 3039.98 2993.35 942.853 920.514 689.522 2050.5 43.7646 12.6759 230.992 186.559 54.1751 132.384 120.393 102.773 26.1295 76.6436 569.129 552.125 274.606 269.924 277.52 249.671 130.432 99.0018 24.3073 263.666
internal_count=43425 37961 922 37039 28586 27598 10326 9544 7951 17272 5464 575 1593 1278 509 769 707 613 191 422 7244 7132 3197 3120 3935 3008 695 537 149 3544
is_linear=0
shrinkage=0.05


Tree=76
num_leaves=31
num_cat=0
split_feature=8 5 13 6 6 4 6 13 6 13 13 4 4 1 13 13 1 5 1 5 6 13 7 7 4 3 3 3 3 3
split_gain=16.0904 6.64926 5.30484 6.68586 5.23344 5.67099 4.92445 5.78889 4.88449 6.6893 6.68539 4.98544 8.45245 6.31762 6.23231 7.65728 5.01548 6.54189 6.18408 5.83488 5.1748 4.84562 4.82521 4.80438 9.99132 4.75004 4.50307 5.51771 4.47877 4.99195
threshold=0.65519553422927868 0.62470659613609325 0.38322634994983679 0.37749999761581426 0.025218237191438678 0.063352478668093695 0.34405763447284704 0.35787290334701544 0.0245190653949976 0.39688654243946081 0.46537935733795172 0.35432548820972448 0.19897611439228061 0.24407060444355014 0.42891812324523931 0.44226951897144323 0.9506097435951234 0.37854015827178961 0.92770034074783336 0.43890526890754705 0.043560761958360679 0.27608405053615576 0.28300885856151586 0.00026548672030912718 0.65896359086036693 0.029054382815957073 0.085142057389020934 0.16152751445770266 0.033407738432288177 0.43416345119476324
decision_type=2 2 2 2 2 2 2 2 2 2 2 2 2 2 2 2 2 2 2 2 2 2 2 2 2 2 2 2 2 2
left_child=1 2 3 4 -1 -6 21 -8 9 -4 11 12 26 22 -15 -16 17 -13 19 -19 -21 28 -14 -2 -25 -12 -10 -28 -7 -30
right_child=23 -3 8 -5 5 6 7 -9 10 -11 25 16 13 14 15 -17 -18 18 -20 20 -22 -23 -24 24 -26 -27 27 -29 29 -31
leaf_value=-0.0073813315350558005 -0.041619737473421049 -0.0399581991516322 -0.015875596045595994 -0.025898073550324408 -0.039700791342371505 -0.022698951097769579 0.034252842325463072 -0.024145738107874296 -0.011909852203876152 0.00057662456904799555 0.0017253219587983913 0.0025005305609371894 0.036413230737672893 0.012103416085552349 -0.021738243015860727 0.015773002144591819 0.0081115537098279782 -0.020099564199278781 -0.039905266409630588 -0.020954846793882809 0.0049364757878532037 0.0002522762654595659 0.0063064897379005438 -0.022831193082394216 0.10270751585949117 0.035903890133760087 0.044590928335594748 -0.0019173010995617843 0.0028676528018021716 -0.042078758178669115
leaf_weight=283.26111631467938 29.826185795012861 10.183797288686035 66.299873245880008 27.103322417475283 8.9395673889666778 44.717244289815426 19.959167847409848 5.2015152815729371 70.517407393082976 884.22309009823948 16.530851533636451 363.18603100301698 39.731028266251087 219.62669658660889 33.468263477087021 22.653590865433216 184.09601479768753 52.971061613410711 14.838771417737005 23.984094187617302 96.951648475602269 2150.4011559542269 20.718322202563286 10.815392322838305 1.7504488751292218 27.731661859899759 8.6295591406524199 22.965985545888543 56.579957416281104 6.821138121187686
leaf_count=3666 4889 1065 693 817 299 482 307 108 510 6191 120 2327 269 1176 182 129 989 312 63 107 439 16619 114 562 13 180 66 158 530 43
internal_value=-7.10614e-05 0.000200072 0.000287654 -0.00123291 -0.000970451 -0.000175897 -1.72538e-05 0.0219343 0.00211464 -0.000567223 0.0042105 0.00348539 0.00770802 0.0115382 0.00829666 -0.00650677 0.000963281 -0.001413 -0.00896725 -0.00627729 -0.000170077 -0.000264975 0.0262045 -0.030704 -0.00427579 0.0232845 -0.00485269 0.0107282 -0.0105897 -0.00194791
internal_weight=4824.68 4782.29 4772.11 2602.98 2575.88 2292.62 2283.68 25.1607 2169.12 950.523 1218.6 1174.34 438.311 336.198 275.749 56.1219 736.028 551.932 188.746 173.907 120.936 2258.52 60.4494 42.392 12.5658 44.2625 102.113 31.5955 108.118 63.4011
internal_count=43425 37961 36896 22871 22054 18388 18089 415 14025 6884 7141 6841 2604 1870 1487 311 4237 3248 921 858 546 17674 383 5464 575 300 734 224 1055 573
is_linear=0
shrinkage=0.05


Tree=77
num_leaves=31
num_cat=0
split_feature=8 4 13 7 4 7 3 3 1 13 3 8 5 5 6 6 6 3 1 13 13 5 5 13 7 4 6 4 4 13
split_gain=15.0181 6.29664 4.99863 5.89083 5.73864 7.98012 6.99921 9.93952 8.82417 5.61514 5.42563 6.1003 7.40563 5.90184 10.5327 10.2855 8.66375 7.29223 7.86577 9.11375 6.68757 5.30137 4.99897 4.7301 4.66991 8.64541 4.64766 5.55338 4.44342 6.0303
threshold=0.65519553422927868 0.84756097197532665 0.32276158034801489 0.022035398520529274 0.47039544582366949 0.0047787611838430175 0.029707981273531917 0.010973221156746151 0.40678434073925024 0.40625938773155218 0.037214621901512153 0.32658188045024877 0.40555556118488317 0.2344322353601456 0.066946782171726241 0.054018178954720504 0.098780486732721343 0.052805855870246894 0.42481203377246862 0.3538001030683518 0.43194150924682623 0.0071068138349801311 0.0032247933559119706 0.33956031501293188 0.00026548672030912718 0.65896359086036693 0.020050250925123695 0.506115883588791 0.51078385114669811 0.36942702531814581
decision_type=2 2 2 2 2 2 2 2 2 2 2 2 2 2 2 2 2 2 2 2 2 2 2 2 2 2 2 2 2 2
left_child=1 2 3 -1 -4 -6 7 8 9 21 11 12 -8 14 -12 26 -17 -16 19 -19 -18 28 -13 -20 -2 -26 -15 -28 -7 -30
right_child=24 -3 4 -5 5 6 10 -9 -10 -11 13 22 -14 15 17 16 20 18 23 -21 -22 -23 -24 -25 25 -27 27 -29 29 -31
leaf_value=-0.015720859006843141 -0.041243730223904471 -0.032691895604524082 0.00010896368653390791 -0.0018605427032091868 -0.023586652536999774 0.017940108146385237 0.079520005145611472 -0.015641207874799789 0.027289640753725017 0.019569554103960447 0.0004243009307400862 0.02539329367925949 0.018302725018144509 0.050161234749638073 -0.00011140743968997174 -0.057236372064173896 -0.01169001610661291 0.1196022051172546 -0.0034182605507198181 0.025479508786754135 0.034285361946407092 -0.016529928979389926 -0.020624673891844379 0.028067698834830176 -0.022185092465026153 0.091643092756510433 0.020778056457050571 -0.018059032444878966 0.0079285228896344203 -0.034735865021853142
leaf_weight=87.666127735748887 28.62462906120345 14.412697351071982 3360.556742968969 618.02017198409885 23.272920042276382 32.728210194036365 9.3296547494828719 75.048854885622859 38.196204699575901 30.357835233211517 97.974504020065069 17.582598755136136 11.112729132175444 8.5850336644798499 28.62413277477026 9.1853805966675264 60.780814476311207 4.806269519031046 13.663893943652509 5.9124485813081264 8.9571262598037702 51.781379517167807 8.6618370078504068 80.075012821704149 10.582770125009118 1.8723686337470997 32.881959140300751 12.553652076050637 22.46756618283689 12.888078365474938
leaf_count=2666 4889 1632 23378 4787 451 209 79 496 218 198 738 138 60 68 199 63 407 96 102 71 55 531 51 502 562 13 193 122 316 135
internal_value=-6.8597e-05 0.00018948 0.000290697 -0.00359145 0.00096711 0.00509431 0.00609519 -0.000247228 0.00586283 0.000366994 0.0101753 0.0262548 0.046736 0.00809254 0.0129206 -0.000264514 -0.011802 0.0220757 0.0281976 0.0688617 -0.00567272 -0.00446695 0.00999488 0.0234261 -0.0301351 -0.00408154 0.0164898 0.00992165 0.00464504 -0.00753687
internal_weight=4819.16 4778.08 4763.67 705.686 4057.98 697.428 674.155 263.468 188.419 150.223 410.687 46.6868 20.4424 364 231.056 132.944 78.9233 133.082 104.458 10.7187 69.7379 119.865 26.2444 93.7389 41.0798 12.4551 54.0206 45.4356 68.0839 35.3556
internal_count=43425 37961 36329 7453 28876 5498 5047 2103 1607 1389 2944 328 139 2616 1708 908 525 970 771 167 462 1191 189 604 5464 575 383 315 660 451
is_linear=0
shrinkage=0.05


Tree=78
num_leaves=31
num_cat=1
split_feature=8 3 1 1 13 5 8 5 7 5 6 4 8 12 13 13 6 6 6 4 1 3 6 7 4 8 13 4 6 6
split_gain=14.0108 6.1247 5.47857 4.66375 4.69233 4.96987 14.4592 6.54884 5.62598 10.351 5.37029 5.13232 9.55182 4.98808 5.40715 4.88339 6.55226 4.81692 4.78202 4.77338 5.59748 6.48526 5.20749 4.53371 7.54209 4.49853 4.42194 3.87367 5.18628 5.12977
threshold=0.65519553422927868 0.52314388751983654 0.030612244270741943 0.79795917868614208 0.26187285780906683 0.03347339108586312 0.31782911717891699 0.49264955520629888 0.17752212285995486 0.0096938442438840883 0.25606176257133489 0.54395446181297313 0.32151830196380621 0 0.55146872997283947 0.30138748884201055 0.074488926678895964 0.29185217618942266 0.026376795955002311 0.35832114517688757 0.52506268024444591 0.034602491185069091 0.03519896604120732 0.00026548672030912718 0.65896359086036693 0.32668323814868933 0.45682209730148321 0.26999843120574957 0.040051745250821121 0.20718534290790561
decision_type=2 2 2 2 2 2 2 2 2 2 2 2 2 1 2 2 2 2 2 2 2 2 2 2 2 2 2 2 2 2
left_child=1 3 -3 4 25 8 7 17 13 10 -10 -8 -13 14 -6 16 18 26 -15 27 22 -22 -21 -2 -25 -1 -7 29 -29 -9
right_child=23 2 -4 -5 5 6 11 19 9 -11 -12 12 -14 15 -16 -17 -18 -19 -20 20 21 -23 -24 24 -26 -27 -28 28 -30 -31
leaf_value=0.0026678553321775023 -0.040856493764706632 0.055627975401720875 -0.049485641032982995 0.0023393014512217715 -0.0016971069846898022 -0.007650299479788944 -0.042480814714653412 -0.016436771736436623 0.011597958413115322 0.049993855203227071 -0.015341032290272311 0.12246385020029071 -0.047414826207276467 0.016106544242195514 0.030201004383427706 0.003419925985537696 0.00071691566385561614 0.0056776031766349886 0.089734136276830925 -0.021357781461405004 -0.023283162761900109 0.0020941640767435789 0.022637593410964368 -0.021544425669946021 0.082527422757114513 -0.040612523480709643 0.02214890405824458 0.051536545526640533 0.013652084380221672 0.033483027802799534
leaf_weight=9.9056319706141966 27.481135246343911 1.2874139109626401 9.915900035761295 1730.933475419879 1515.345259970054 536.45871970802546 30.239953887183219 17.032973829656843 81.873159050941467 14.897659957408903 23.672557666897774 1.3113241046667092 1.8644571639597414 4.119918670505287 13.289051962085066 438.1394503870979 10.337831111624835 86.964825266972184 5.3311695531010628 8.0350023410283011 37.447581179440022 75.463555756956339 36.675291484221816 10.361291246488689 1.9832002967596043 14.336666231974958 12.568546831607817 12.020947489887474 38.573774952441454 7.244742344133555
leaf_count=158 4889 71 851 8453 13703 5791 1086 113 372 70 110 24 174 71 121 3476 163 1141 74 210 194 426 327 562 13 350 71 74 228 59
internal_value=-6.6143e-05 0.000179428 -0.036579 0.000267685 -0.000912918 -0.000734293 -0.00384074 -0.00259063 0.000593167 0.0110816 0.00549976 -0.0360778 0.0228012 -4.07471e-05 -0.00141458 0.00453369 0.0288006 -0.00521925 0.0586666 0.00457767 -0.000331125 -0.00629127 0.0145895 -0.0295632 -0.0038942 -0.022784 -0.00695511 0.014965 0.0228357 -0.0012588
internal_weight=4815.11 4775.29 11.2033 4764.08 3033.15 3008.91 901.902 868.486 2107.01 120.443 105.546 33.4157 3.17578 1986.56 1528.63 457.928 19.7889 635.992 9.45109 232.494 157.621 112.911 44.7103 39.8256 12.3445 24.2423 549.027 74.8724 50.5947 24.2777
internal_count=43425 37961 922 37039 28586 28078 9918 8634 18160 552 482 1284 198 17608 13824 3784 308 7003 145 1631 1157 620 537 5464 575 508 5862 474 302 172
cat_boundaries=0 1
cat_threshold=2
is_linear=0
shrinkage=0.05


Tree=79
num_leaves=31
num_cat=0
split_feature=3 1 8 7 4 13 7 6 13 6 13 4 4 5 13 13 6 6 6 4 6 3 13 6 1 13 13 6 4 5
split_gain=13.1638 8.16019 6.56313 5.52655 5.08562 4.37753 4.87425 4.80011 8.64096 7.19486 7.17209 4.91938 6.93716 5.04104 4.86145 7.59197 4.77954 13.052 11.449 6.68369 6.46242 5.65204 7.91779 5.26612 4.81951 7.0729 5.77826 4.84036 5.32134 5.65465
threshold=0.52314388751983654 0.030612244270741943 0.48666666448116308 0.00026548672030912718 0.49967658519744879 0.32276158034801489 0.022035398520529274 0.0245190653949976 0.40143805742263799 0.020442989654839042 0.46537935733795172 0.62965035438537609 0.39794188737869268 0.4275322705507279 0.41684278845787054 0.4297721683979035 0.11376707255840303 0.096097234636545195 0.17650170624256137 0.42942523956298834 0.16871757060289386 0.44617819786071783 0.35137860476970678 0.062659781426191344 0.79795917868614208 0.41427718102931982 0.33443541824817663 0.075315129011869444 0.37588028609752661 0.0018356341170147064
decision_type=2 2 2 2 2 2 2 2 2 2 2 2 2 2 2 2 2 2 2 2 2 2 2 2 2 2 2 2 2 2
left_child=2 3 5 -2 -4 6 -1 8 9 -7 16 12 13 -10 -15 -16 17 21 20 -19 -18 23 -23 -9 25 27 -26 28 29 -25
right_child=1 -3 4 -5 -6 7 -8 10 11 -11 -12 -13 -14 14 15 -17 18 19 -20 -21 -22 22 -24 24 26 -27 -28 -29 -30 -31
leaf_value=-0.014689225684189329 0 -0.050278398604443532 -0.036279699966381897 0.16924658689952282 0.0060736138495843623 -0.0056309095623178484 -0.0018350960320388443 0.0014275123567751213 0.00067495378831849745 -0.026337546174204713 0.022074808528293157 -0.040543754722315944 0.024400336341776439 -0.063790159476367292 0.067523139086750922 -0.03252456707445938 -0.0032384907168219249 0.10089750531083359 0.0012801139313290393 0.017759466679594185 -0.023044890890346035 -0.0060983676966293379 0.046483771300746483 0.050614234707003138 -0.015026742681932732 0.030701759277185589 0.024936575233838069 -0.011750659596662182 -0.0049338634236746424 0.0080148362197930562
leaf_weight=83.935872446745634 1.9302613157779007 19.009611692279577 21.529723970219496 0.55559337139129628 10.22838628804311 233.84514817921445 616.85640070494264 1035.3121354579926 807.18286033347249 51.373053975403309 43.654618588276207 7.0807821052148929 30.449921185150743 5.8304326897487035 2.4808882949873787 6.9735452262684703 88.31486701965332 5.0215352606028301 1398.3774600396864 5.0031144674867392 78.266800194978714 11.79295424371958 17.462532717734575 11.53178754262626 10.165340527892111 21.771281879395247 69.491426400840282 52.173329727724195 37.743567930534482 24.868748944252729
leaf_count=2559 223 2443 2971 4 915 2875 4779 6733 4900 505 306 692 199 43 26 161 887 78 9769 59 401 61 85 101 49 120 316 541 380 244
internal_value=-6.34976e-05 -0.0390137 0.000111108 0.0438084 -0.0225057 0.000263622 -0.00338368 0.000895074 -0.00184484 -0.009386 0.00197475 0.000651174 0.00100374 0.000128599 -0.0282159 -0.00531631 0.00166622 0.00390405 -0.000193012 0.0604839 -0.0125826 0.00345664 0.0251689 0.00294782 0.00983341 0.0044496 0.0197615 -5.62157e-05 0.00811027 0.0217491
internal_weight=4810.21 21.4955 4788.72 2.48585 31.7581 4756.96 700.792 4056.17 1145.22 285.218 2910.95 859.998 852.918 822.468 15.2849 9.45443 2867.3 1302.34 1564.96 10.0246 166.582 1292.31 29.2555 1263.06 227.745 148.089 79.6568 126.317 74.1441 36.4005
internal_count=43425 2670 40755 227 3886 36869 7338 29531 9401 3380 20130 6021 5329 5130 230 187 19824 8767 11057 137 1288 8630 146 8484 1751 1386 365 1266 725 345
is_linear=0
shrinkage=0.05


Tree=80
num_leaves=31
num_cat=0
split_feature=3 1 8 7 4 13 6 13 4 6 13 6 13 1 13 6 5 5 5 5 4 7 5 1 6 13 7 3 6 1
split_gain=12.3424 7.75058 6.07966 4.50241 4.30906 4.2298 6.15281 4.80024 4.59847 5.38529 5.09894 4.29219 5.66963 4.54871 4.18691 4.09776 5.402 9.37376 7.75222 5.1389 9.61193 5.24539 8.45228 6.75037 5.11811 14.019 6.93477 5.75732 4.96776 5.11715
threshold=0.52314388751983654 0.030612244270741943 0.65519553422927868 0.00026548672030912718 0.49967658519744879 0.38322634994983679 0.37749999761581426 0.38379319012165075 0.26431480050086981 0.025062814354896549 0.37936225533485418 0.34405763447284704 0.35787290334701544 0.59137290716171276 0.40065722167491918 0.21946597844362262 0.0099751241505146044 0.0088261873461306112 0.0094167301431298273 0.49839228391647344 0.35832114517688757 0.13831858336925509 0.37248815596103674 0.83503401279449474 0.049081858247518546 0.33699487149715429 0.31805309653282171 0.13336677104234698 0.20841107517480853 0.9595918357372285
decision_type=2 2 2 2 2 2 2 2 2 2 2 2 2 2 2 2 2 2 2 2 2 2 2 2 2 2 2 2 2 2
left_child=2 3 5 14 -4 6 8 -7 10 -10 -1 15 13 -13 -2 16 17 28 -19 21 -21 -18 23 -23 25 -24 27 -26 29 -11
right_child=1 -3 4 -5 -6 7 -8 -9 9 11 -12 12 -14 -15 -16 -17 19 18 -20 20 -22 22 24 -25 26 -27 -28 -29 -30 -31
leaf_value=-0.0038612322456378296 0.11027701000453533 -0.050064766146274357 -0.03674801207163917 0.14801995240173652 0.0054628267866460309 0.024663772418416986 -0.025118412960162907 0.0016289243217819356 -0.0079082960108245916 0.0016992626982797827 -0.024892710835741585 0.045033289363961906 -0.029288538871746869 -0.016464299559147143 -0.043900067371774945 -0.0024512867000532259 -0.0099127895785283936 0.074736348350082873 0.0088997089292907408 0.03782846684169705 0.00022302816363872996 0.0331894081523662 -0.036161066776421412 0.0041170554043836651 -0.017913577984747173 0.025352478784704494 0.001740485607367461 -0.060915010363742306 0.020587821865811068 0.016815653048131485
leaf_weight=470.52888719458133 0.5216471035964817 18.158154689241201 18.774510965216908 0.61612021178007115 8.5795393171720189 22.795195978600532 26.348005523439497 2139.8791427416727 187.36530748568475 564.77393312565982 30.738201553002 15.909275185316806 4.2200420610606661 3.5130795799195758 1.4086142121814189 660.66410688590258 192.81042237207294 8.6548742484301346 9.6017951779067499 22.042469181120396 74.235292897559702 25.974712923169136 13.808358669281004 87.777498841285706 24.878553569316864 27.521143049001694 25.75848762691021 11.692532151937483 44.083257354795933 62.222644731402397
leaf_count=5159 57 2443 2871 4 845 160 812 13925 2377 4429 247 240 80 31 166 4815 2425 65 46 133 514 122 64 386 118 123 115 53 308 292
internal_value=-6.11967e-05 -0.0384899 0.000104834 0.0409333 -0.0233549 0.00024125 -0.00111848 0.00187516 -0.000869397 0.000169995 -0.00516558 0.000978072 0.0221096 0.0336262 0 0.000705094 0.00245314 0.00533501 0.0406201 -0.00145944 0.00891486 -0.00390802 0.0013964 0.0108228 -0.00890012 0.00464218 -0.0179529 -0.031927 0.00436173 0.00320982
internal_weight=4805.86 20.7045 4785.15 2.54638 27.3541 4757.8 2595.12 2162.67 2568.77 2067.51 501.267 1880.14 23.6424 19.4224 1.93026 1856.5 1195.84 689.337 18.2567 506.499 96.2778 410.222 217.411 113.752 103.659 41.3295 62.3296 36.5711 671.08 626.997
internal_count=43425 2670 40755 227 3716 37039 22954 14085 22142 16736 5406 14359 351 271 223 14008 9193 5140 111 4053 647 3406 981 508 473 187 286 171 5029 4721
is_linear=0
shrinkage=0.05


Tree=81
num_leaves=31
num_cat=0
split_feature=3 1 8 4 13 7 6 13 6 13 3 4 7 1 7 6 6 13 7 5 5 8 4 6 5 13 3 1 6 6
split_gain=11.5705 7.36985 5.62128 4.11258 4.11062 4.6446 4.39039 7.49628 6.57965 6.50059 4.79436 4.59287 5.81838 12.8672 5.29616 5.2607 13.4406 5.79202 10.4131 5.72406 5.3809 6.4622 5.11508 11.9038 5.05478 7.27445 6.60792 9.50979 8.21897 7.28977
threshold=0.52314388751983654 0.030612244270741943 0.65519553422927868 0.49967658519744879 0.32276158034801489 0.022035398520529274 0.0245190653949976 0.40143805742263799 0.020442989654839042 0.46537935733795172 0.029054382815957073 0.47039544582366949 0.0042477876413613566 0.030612244270741943 0.0047787611838430175 0.16871757060289386 0.17650170624256137 0.32585169374942785 0.076194688677787795 0.40555556118488317 0.0013598550576716664 0.33266556262969976 0.35832114517688757 0.035331947728991515 0.2344322353601456 0.41684278845787054 0.052805855870246894 0.42481203377246862 0.18237251043319705 0.027707984670996669
decision_type=2 2 2 2 2 2 2 2 2 2 2 2 2 2 2 2 2 2 2 2 2 2 2 2 2 2 2 2 2 2
left_child=2 -2 4 -4 5 -1 7 8 -6 11 -11 12 13 -8 -13 19 -17 18 -18 -14 -19 -22 -21 -24 26 -26 29 -28 -29 -16
right_child=1 -3 3 -5 6 -7 9 -9 -10 10 -12 14 15 -15 24 16 17 20 -20 22 21 -23 23 -25 25 -27 27 28 -30 -31
leaf_value=-0.014297733228129758 0.038362038233946204 -0.049844842531047012 -0.036227212604835995 0.0051662258250030034 -0.0052527202256228405 -0.0017875664884484249 0.087722030597610148 0.00053570953528784453 -0.025199451323722068 0 0.034172899557501121 -0.020805054849002184 0.0051420682961505664 -0.016896913729901666 0.049412671371630551 -0.022118478417282324 0.078998459963372625 -0.0070773407954211418 0.0032353312587874022 0.0030461989440720466 3.2787249791554956e-05 0.021986132341483163 -0.03465255988828686 -0.0016332521555603363 -0.0044753420325855378 0.01969825180078319 0.054816903770350034 0.00060123901866628168 0.024150524216336712 0.0021325562939296968
leaf_weight=84.527733858674765 2.5994964311830726 17.347310927696526 18.110564799979333 8.6230900282971543 232.75270858407021 616.24775122664869 5.8044248376972956 860.68460548156872 50.525009319186211 16.53344509145245 26.690104961395264 18.495671685785055 778.04871431738138 5.6690694913268089 8.3946411237120611 77.560603886842728 6.2098213825374868 277.30312215164304 16.704544819891453 176.40091396681964 722.30938718281686 35.076611632481217 35.737310484051704 116.10171325318515 169.94367970153689 37.992074228823185 15.234822945669292 69.318580521270633 80.622569197788835 214.33990640193224
leaf_count=2663 227 2443 2871 845 2891 4784 94 6021 505 149 157 449 5494 137 47 401 104 1966 83 1116 4675 188 190 657 1201 236 225 449 507 1650
internal_value=-5.8888e-05 -0.0379662 9.89781e-05 -0.0227197 0.00022879 -0.0033055 0.00084096 -0.00178111 -0.00883567 0.0018733 0.0211061 0.0015809 0.000533365 0.0358983 0.0054136 0.000348516 -0.00204014 -0.000560988 0.0242385 0.002804 -0.00111732 0.00105888 -0.00272274 -0.00945538 0.0062392 -2.71894e-05 0.00961027 0.0171945 0.0133045 0.00395831
internal_weight=4801.91 19.9468 4781.96 26.7337 4755.23 700.775 4054.45 1143.96 283.278 2910.49 43.2236 2867.27 2252.93 11.4735 614.342 2241.45 1135.16 1057.6 22.9144 1106.29 1034.69 757.386 328.24 151.839 595.846 207.936 387.911 165.176 149.941 222.735
internal_count=43425 2670 40755 3716 37039 7447 29592 9417 3396 20175 306 19869 15105 231 4764 14874 7417 7016 187 7457 6829 4863 1963 847 4315 1437 2878 1181 956 1697
is_linear=0
shrinkage=0.05


Tree=82
num_leaves=31
num_cat=1
split_feature=3 1 8 4 7 13 7 13 13 5 3 1 3 7 7 5 5 6 13 4 13 13 5 4 5 6 6 3 12 13
split_gain=10.8366 6.98772 5.20024 4.43194 3.87646 7.32978 5.75387 4.77759 3.96028 4.72168 5.14024 3.81644 7.55596 5.70558 7.78801 6.56191 5.04178 7.44839 5.03841 5.16228 4.90006 11.6856 4.2488 5.71942 5.9076 4.22898 5.46556 4.16475 3.79648 5.60207
threshold=0.52314388751983654 0.030612244270741943 0.48666666448116308 0.49967658519744879 0.041327433660626418 0.29338400065898901 0.03823008947074414 0.37188619375228887 0.41684278845787054 0.00026548672030912718 0.14008718729019168 0.4708049893379212 1.0000000180025095e-35 0.027699114754796032 0.02008849568665028 0.019794563762843612 0.34259587526321417 0.25826159119606024 0.34267382323741918 0.38201847672462469 0.42705257236957556 0.41513071954250341 0.2225274741649628 0.14093999564647677 0.29736468195915228 0.37749999761581426 0.34405763447284704 0.10140134766697885 0 0.50151199102401745
decision_type=2 2 2 2 2 2 2 2 2 2 2 2 2 2 2 2 2 2 2 2 2 2 2 2 2 2 2 2 1 2
left_child=2 -2 4 -4 5 -1 11 -8 -6 10 -10 22 -13 14 20 -16 18 -18 -15 -20 21 -14 28 -24 -25 26 -26 -17 29 -7
right_child=1 -3 3 -5 8 6 7 -9 9 -11 -12 12 13 16 15 27 17 -19 19 -21 -22 -23 23 24 25 -27 -28 -29 -30 -31
leaf_value=-0.021090685566183556 0.035340717239774069 -0.049618436612116457 -0.034719248118585372 0.005292417631229264 0.00057759457304772794 -0.0037082646557515006 -0.037006874568057832 -0.0072641315715667792 -0.01772990951297659 0.0077759722422871191 0.020916005129978026 0.057378845150141813 0.00088273636189352606 -0.028316965301777054 0.050673670416387123 -0.012833140820917653 -0.016222240664064202 0.0452635299292478 -0.021227998898375622 0.013221517883810395 -0.046416687069530657 0.0880153337329206 -0.025296166335257053 -0.032309065840702866 0 -0.037597585046762388 0.048398199070063694 0.037184923477451913 0.0044747758402453102 0.0071068182225825427
leaf_weight=47.206574885174632 2.686834751628342 16.575134408660233 19.468005789443854 10.364424955099819 2623.3856110665947 769.48720191139728 18.309400822967291 53.386239383369684 37.279463022947311 367.04871791601181 10.986213982105253 6.768041191622614 70.036187456920743 27.335985336452723 19.13305988907814 9.9451173376292008 8.8771606292575616 10.630462197586892 18.466606367379427 26.099857330322266 4.6825343593955031 3.9802068546414366 40.372813542373478 15.715835928916929 100.3639447754249 6.8054624032229176 6.0831560231745234 6.9239770025014868 298.19801477342844 141.46132866572589
leaf_count=1578 227 2443 2971 915 13942 9022 199 377 182 1866 51 71 1159 316 150 93 117 92 203 153 40 33 1203 272 1986 195 104 55 2695 715
internal_value=-5.67974e-05 -0.037388 9.34069e-05 -0.0206801 0.000225389 -0.00167742 -0.00112213 -0.0149703 0.00129801 0.00583534 -0.0088049 -0.000494182 0.00573034 0.00398312 0.0114191 0.0306598 -0.00529521 0.0170887 -0.0114529 -0.000956647 0.00252596 0.00574816 -0.0014594 -0.00887595 -0.00368134 0.000272157 0.00277322 0.00750044 -0.000415933 -0.0020227
internal_weight=4798.06 19.262 4778.8 29.8324 4748.97 1710.27 1663.06 71.6956 3038.7 415.314 48.2657 1591.37 212.879 206.111 114.701 36.0022 91.4101 19.5076 71.9024 44.5665 78.6989 74.0164 1378.49 169.341 128.968 113.253 106.447 16.8691 1209.15 910.949
internal_count=43425 2670 40755 3886 36869 20828 19250 576 16041 2099 233 18674 2482 2411 1530 298 881 209 672 356 1232 1192 16192 3760 2557 2285 2090 148 12432 9737
cat_boundaries=0 1
cat_threshold=2
is_linear=0
shrinkage=0.05


Tree=83
num_leaves=31
num_cat=0
split_feature=3 1 8 4 13 7 4 6 3 6 13 13 4 7 7 13 13 7 4 4 13 4 7 5 6 13 13 3 1 4
split_gain=10.144 6.63796 4.81 3.84926 3.82647 7.30358 7.00955 5.84011 5.63129 9.75756 5.4038 3.95071 3.94759 7.99909 4.72261 6.17644 9.86823 5.77155 4.1081 10.0887 6.8838 4.71258 4.70989 8.12652 5.74106 5.0924 6.90007 4.69541 8.21385 4.01893
threshold=0.52314388751983654 0.030612244270741943 0.65519553422927868 0.84756097197532665 0.34830765426158911 0.0026548672467470173 0.109621848911047 0.37749999761581426 0.44617819786071783 0.14561489224433902 0.34769299626350408 0.23036389052867892 0.47039544582366949 0.0080530971754342335 0.015309734269976618 0.36690069735050207 0.3538001030683518 0.076194688677787795 0.39448615908622747 0.40257234871387487 0.43608143925666815 0.39154426753520971 0.17752212285995486 0.010544848162680866 0.06846578419208528 0.4297721683979035 0.43608143925666815 0.01202242122963071 0.93605443835258495 0.19897611439228061
decision_type=2 2 2 2 2 2 2 2 2 2 2 2 2 2 2 2 2 2 2 2 2 2 2 2 2 2 2 2 2 2
left_child=2 -2 3 4 5 -1 -7 10 12 -10 11 -8 18 -14 15 16 -15 -16 21 20 -20 29 25 27 -25 -21 -27 -24 -29 -6
right_child=1 -3 -4 -5 8 6 7 -9 9 -11 -12 -13 13 14 17 -17 -18 -19 19 22 -22 -23 23 24 -26 26 -28 28 -30 -31
leaf_value=0.037307891490489749 0.032641026615384407 -0.049385362250233454 -0.021483180225029406 -0.032640650680169359 -0.0010588899977387479 -0.029104228239941844 -0.025995676187339181 -0.037476798596044879 0.043480248986286885 -0.0058734657757793492 -0.028343116859109577 -0.00080037160626708669 -0.019478394221161863 0.062889868763495935 -0.0007704081159222606 0.043097323315250548 -0.034273317590842081 0.010558053960854814 -0.021175901144397307 -0.0043424512042098918 0.020590900554192014 0.032032241246474372 0.051058641955412959 0.018293816557310518 -0.022617703322113193 0.043520564148493257 0.0017295506329153465 -0.012018840556533184 0.035839929747595645 0.0033146018973976114
leaf_weight=11.662854983471332 2.7696455307304886 15.839771712664513 25.60026679513976 8.8005536124110204 1054.9230691636913 23.785036193206906 15.659646872431038 11.267168833874164 20.7923175515607 18.894933745265007 18.367266668006778 1338.3363350117579 31.138253558427095 3.7522198036313075 209.06719991564751 19.034325998276472 7.9975083097815514 241.18989011645317 99.299745712429285 409.19231959432364 10.752340897917746 12.311121240258215 12.006403416395186 13.479285284876822 22.871909201145172 13.030825581401585 41.031071335077286 15.851369917392729 20.087800174951553 1043.7647637985647
leaf_count=148 227 2443 3716 979 7675 759 135 412 107 89 148 12145 525 71 1541 214 146 1341 564 2903 58 53 50 57 96 58 195 64 85 6421
internal_value=-5.54264e-05 -0.0368009 8.75324e-05 0.000205332 0.000268064 -0.00190368 -0.0022348 -0.00176722 0.00119774 0.0199018 -0.00146769 -0.00109736 0.000969359 0.00500179 0.00660052 0.0255593 -0.00255389 0.00528782 0.000221418 -0.00322692 -0.0170348 0.00129809 -0.000439949 0.0104127 -0.00730168 -0.00242737 0.0119567 0.0239345 0.0146178 0.0011139
internal_weight=4792.56 18.6094 4773.95 4748.35 4739.55 1419.08 1407.42 1383.63 3320.47 39.6873 1372.36 1354 3280.78 512.179 481.041 30.7841 11.7497 450.257 2768.6 657.603 110.052 2111 547.551 84.2968 36.3512 463.254 54.0619 47.9456 35.9392 2098.69
internal_count=43425 2670 40755 37039 36060 13747 13599 12840 22313 196 12428 12280 22117 3838 3313 431 217 2882 18279 4130 622 14149 3508 352 153 3156 253 199 149 14096
is_linear=0
shrinkage=0.05


Tree=84
num_leaves=31
num_cat=1
split_feature=3 1 5 13 7 12 3 3 3 6 8 5 5 13 8 6 6 6 7 7 7 4 4 3 5 3 7 6 13 10
split_gain=9.49788 6.0832 4.45897 3.85136 3.94839 4.86905 5.37077 4.09305 3.86155 3.76674 7.05422 6.87604 7.1626 5.66561 5.39611 5.38407 9.79028 8.24751 4.98882 6.74985 8.11064 5.52086 4.98586 7.95575 7.59974 4.80607 4.60003 7.36987 6.36492 8.11378
threshold=0.52066960930824291 0.030612244270741943 0.62470659613609325 0.27608405053615576 0.13831858336925509 0 0.052805855870246894 0.36074022948741918 0.081198658794164671 0.025218237191438678 0.3329847007989884 0.053342817351222045 0.27919691801071173 0.46537935733795172 0.33277195692062383 0.11376707255840303 0.17650170624256137 0.096097234636545195 0.00026548672030912718 0.14672566205263141 0.076194688677787795 0.65896359086036693 0.45891098678112036 0.02887451741844416 0.52959111332893383 0.029054382815957073 0.061769910156726844 0.034470714628696449 0.41010548174381262 0.49839413166046148
decision_type=2 2 2 2 2 1 2 2 2 2 2 2 2 2 2 2 2 2 2 2 2 2 2 2 2 2 2 2 2 2
left_child=2 -2 3 4 7 6 -6 -1 -8 10 11 14 -13 15 -5 17 -17 26 -12 20 21 -20 24 -24 -14 -15 27 -11 -29 -30
right_child=1 -3 -4 9 5 -7 8 -9 -10 13 18 12 22 25 -16 16 -18 -19 19 -21 -22 -23 23 -25 -26 -27 -28 28 29 -31
leaf_value=-0.029918643452261907 0.030216614894202732 -0.047273374305377397 -0.037026814694389433 0.00046382513617798313 -0.0090871851803725097 -0.024322090651190332 0.040501139246013292 0.04213188258237921 0.0040209629487221819 -0.019755811762368757 -0.037995580147613062 -0.045451195245194122 -0.018248188299748423 -0.0012860786564407904 0.037088768440541924 -0.011882223869509968 0.00039040496634342369 0.041238664416443464 -0.012456021518818161 -0.032377290226204648 0.027574044753858207 0.054800442410604333 -0.025277976443022956 0.025662790562387752 0.035696246977222144 0.032658896079102967 0.0043229595233413454 -0.001687219499193972 0.007545692210244633 0.070003737165406921
leaf_weight=27.037772985640917 2.8481845478527275 16.116049240343273 7.9784302297048262 941.90172301791608 41.282239757478237 21.598788172006607 12.006688773632051 1.9838581373915065 19.043826147913933 51.334788294509053 16.953512593638152 13.689635222777722 78.465290080755949 16.841478707268834 10.072083093225954 179.77080188691616 1677.2004112666473 14.052760091610251 77.904530266299844 24.591207288205624 17.559847600758076 3.0542779117822638 11.296489937230943 23.020765339955688 6.9722235947847357 26.12385623017326 1171.5081895701587 247.24560992326587 20.927337273955349 6.9389399699866763
leaf_count=1012 227 2448 935 6263 210 102 56 40 85 745 3054 329 868 247 50 1497 13021 200 1371 121 94 47 118 185 41 159 5874 3809 155 62
internal_value=-5.35466e-05 -0.0352756 8.62235e-05 0.000150252 -0.00857861 -0.00352538 0.00264056 -0.024694 0.0183725 0.000382941 -0.00199312 -0.000625066 -0.0112525 0.00123786 0.000860431 0.0010059 -0.000795575 0.0032216 -0.0125511 -0.00897859 -0.00306044 -0.00979252 -0.00726679 0.0087242 -0.013751 0.019265 0.00285889 -0.00237958 0.000850587 0.0234718
internal_weight=4787.32 18.9642 4768.36 4760.38 122.953 93.9315 72.3328 29.0216 31.0505 4637.43 1225.48 1085.42 133.444 3411.94 951.974 3368.98 1856.97 1512.01 140.063 123.11 98.5187 80.9588 119.755 34.3173 85.4375 42.9653 1497.95 326.447 275.112 27.8663
internal_count=43425 2675 40750 39815 1505 453 351 1052 141 38310 12541 7854 1541 25769 6313 25363 14518 10845 4687 1633 1512 1418 1212 303 909 406 10645 4771 4026 217
cat_boundaries=0 1
cat_threshold=2
is_linear=0
shrinkage=0.05


Tree=85
num_leaves=31
num_cat=0
split_feature=3 1 5 7 8 4 13 6 13 4 13 6 13 6 6 7 4 5 7 5 1 1 3 13 5 3 3 1 13 1
split_gain=8.90199 6.02102 4.1815 3.61188 3.52897 3.97389 3.31235 5.21787 4.42883 3.8314 4.7327 3.75061 5.12153 3.46597 3.84851 3.75184 11.0069 6.88928 6.37651 3.54633 3.4726 8.50719 5.3044 10.0184 4.53 4.07229 5.0535 9.3008 3.97927 4.12074
threshold=0.52314388751983654 0.030612244270741943 0.62470659613609325 0.00026548672030912718 0.48666666448116308 0.49967658519744879 0.38322634994983679 0.37749999761581426 0.38379319012165075 0.26431480050086981 0.37936225533485418 0.34405763447284704 0.35787290334701544 0.026376795955002311 0.02780846226960421 0.007168141659349204 0.39794188737869268 0.024937811307609085 0.019026548601686958 0.32318785786628729 0.73401361703872692 0.67783784866333019 0.03020223788917065 0.3538001030683518 1.0000000180025095e-35 0.32781545817852026 0.033964859321713455 0.87038075923919689 0.30461841821670538 0.52919501066207897
decision_type=2 2 2 2 2 2 2 2 2 2 2 2 2 2 2 2 2 2 2 2 2 2 2 2 2 2 2 2 2 2
left_child=2 3 4 -2 6 -6 7 9 -8 10 -1 13 -13 15 19 16 -11 -18 -17 -15 21 22 -20 28 -22 26 27 -26 -24 -30
right_child=1 -3 -4 -5 5 -7 8 -9 -10 11 -12 12 -14 14 -16 18 17 -19 20 -21 24 -23 23 -25 25 -27 -28 -29 29 -31
leaf_value=-0.0034215080700229247 -0.002941870084527759 -0.048908016020883793 -0.036509407785664055 0.11796873885732517 -0.032491616176980688 0.0066015865417395174 0.023569457593685214 -0.023646844758958983 0.0014538842087659951 0.10869849162793287 -0.023826100637261191 0.030348780331574128 -0.02929064165394453 0.0065527859594783494 0.0003463610681272894 -0.027621593480258624 -0.040126568999062528 0.067437910329119014 -0.011220890084201487 0.039721435063270999 -0.031175728467063141 0.050686343502378661 -0.041734005404768681 0.060903782139738565 -0.024505464813253205 0.015954461348440127 -0.023440643200013024 0.04087684196144694 0.047064020815064583 -0.0091121402245775175
leaf_weight=466.3544193720445 2.2046350520104201 14.497386700008063 7.6955558951012781 0.71805490553379048 17.067412082105879 10.115893823094664 22.816778891719878 25.022438840940595 2130.1410618340597 2.6745735034346563 30.294947542250156 20.058728318661455 4.2163921836763611 29.897456584498286 1767.6178137473762 32.674287844449282 5.0102634048089385 1.9868705384433267 50.878419987857342 11.230458058416842 20.304232239723206 8.5278194900602085 5.0389002133160892 8.4739669486880285 10.923172429203989 18.158990852534771 33.346326638013124 10.574074223637579 4.7644501179456702 9.5763943865895254
leaf_count=5081 223 2443 935 4 2755 915 156 804 13423 71 242 271 80 191 13308 853 184 63 477 59 107 63 106 67 60 86 185 50 59 104
internal_value=-5.2004e-05 -0.0356279 7.77396e-05 0.0280297 0.000138736 -0.0177895 0.000243187 -0.000964742 0.00169167 -0.000739518 -0.00468077 0.000210315 0.0197071 -2.11381e-05 0.000701496 -0.0059048 0.0242812 -0.00835875 -0.00730808 0.0158055 -0.00359134 0.00353454 -0.00156707 0.0158651 -0.0103056 -0.00439788 -0.0112444 0.00746366 -0.00378336 0.00940166
internal_weight=4782.86 17.4201 4765.44 2.92269 4757.75 27.1833 4730.56 2577.61 2152.96 2552.58 496.649 2055.93 24.2751 2031.66 1808.75 222.913 9.67171 6.99713 213.241 41.1279 180.567 87.26 78.7321 27.8537 93.3068 73.0026 54.8436 21.4972 19.3797 14.3408
internal_count=43425 2670 40755 227 39820 3670 36150 22571 13579 21767 5323 16444 351 16093 13558 2535 318 247 2217 250 1364 876 813 336 488 381 295 110 269 163
is_linear=0
shrinkage=0.05


Tree=86
num_leaves=31
num_cat=1
split_feature=3 1 5 13 7 12 3 3 1 13 5 3 5 5 8 4 4 6 6 6 7 8 7 4 4 6 6 7 13 5
split_gain=8.33533 5.7414 3.92026 3.48835 3.65946 4.42979 4.83996 3.7558 3.45837 3.52174 3.49556 3.39916 3.30936 4.93233 10.2392 7.59035 5.49703 11.8917 5.97305 10.8286 9.69604 8.65739 7.64282 5.08881 6.01382 6.31873 6.57556 4.89808 7.11646 5.87858
threshold=0.52314388751983654 0.030612244270741943 0.62470659613609325 0.27608405053615576 0.13831858336925509 0 0.052805855870246894 0.36074022948741918 0.91366460919380199 0.53683203458786022 0.51541250944137584 0.081198658794164671 0.49839228391647344 0.03347339108586312 0.31782911717891699 0.54395446181297313 0.46834814548492437 1.0000000180025095e-35 0.077046748250722899 0.062659781426191344 0.0057522123679518708 0.64570158720016491 0.15265487134456637 0.54395446181297313 0.52402746677398693 0.052195154130458839 0.19174208492040637 0.061769910156726844 0.32585169374942785 0.0074794194661080846
decision_type=2 2 2 2 2 1 2 2 2 2 2 2 2 2 2 2 2 2 2 2 2 2 2 2 2 2 2 2 2 2
left_child=2 -2 3 4 7 6 -6 -1 9 12 -10 -8 13 16 -15 -16 18 -18 19 21 -20 -5 -21 24 27 -26 -27 -19 29 -29
right_child=1 -3 -4 8 5 -7 11 -9 10 -11 -12 -13 -14 14 15 -17 17 23 20 22 -22 -23 -24 -25 25 26 -28 28 -30 -31
leaf_value=-0.029186405952330165 0.026395408711147525 -0.048654091289535205 -0.035982261174512517 0.00028758263317825054 -0.0087035877575229164 -0.023327416871145087 0.037916141794407554 0.038802282275989246 0.0033164137351561814 0.014356873782248198 -0.020367764680793064 0.0038144655390929872 0.0047480295011690004 -0.0031889253926921119 -0.042417512516037967 0.050939871575582163 -0.031422608559377577 0 0.039756037683732426 0.012176507352884633 -0.0059041241679126007 -0.044841497871419896 0.055441058800985349 -0.00082415264294588358 -0.0042181068265560919 0.084485413477087962 0.024369004193920251 -0.011930748277354734 0.021230388701902331 0.033023954590093878
leaf_weight=26.257090021856133 2.9570715241134193 13.861026312690226 7.4262190512381485 1293.3141910843551 41.12566202878952 21.40100984275341 12.170808941125872 2.0546390069648615 993.19064273685217 40.035324894823134 15.674680456519125 19.06569892168045 273.51807170547545 866.95158095285296 24.915729177184406 2.2537778448313466 20.839575437363237 101.28865178581327 11.732150441966949 53.483710649423301 601.45424514077604 10.6147178793326 12.712856292724608 133.64909017970785 7.8354041567072299 7.6530352449044612 12.129517305642365 35.058490082621574 106.7203506976366 9.0486853048205358
leaf_count=1012 227 2443 935 9136 210 102 56 40 4865 318 72 85 1508 8125 807 40 1318 1379 583 498 4726 2075 60 1682 89 83 172 226 495 58
internal_value=-5.05236e-05 -0.0350848 7.28514e-05 0.000130954 -0.00820684 -0.00337732 0.00247795 -0.0239571 0.000351847 -0.000367513 0.0029415 0.0173398 -0.000533729 -0.000971603 -0.00414458 -0.0343315 0.00019997 0.00529649 -0.000913543 0.000919061 -0.00501601 -7.93698e-05 0.0206318 0.00716683 0.0110015 0.0331759 0.0481849 0.00854039 0.0142485 -0.00254125
internal_weight=4780.39 16.8181 4763.58 4756.15 122.075 93.7632 72.3622 28.3117 4634.07 3625.21 1008.87 31.2365 3585.17 3311.66 894.121 27.1695 2417.53 434.223 1983.31 1370.13 613.186 1303.93 66.1966 413.383 279.734 27.618 19.7826 252.116 150.828 44.1072
internal_count=43425 2670 40755 39820 1505 453 351 1052 38315 33378 4937 141 33060 31552 8972 847 22580 5502 17078 11769 5309 11211 558 4184 2502 344 255 2158 779 284
cat_boundaries=0 1
cat_threshold=2
is_linear=0
shrinkage=0.05


Tree=87
num_leaves=31
num_cat=0
split_feature=3 1 5 13 7 7 1 6 7 7 3 3 6 4 13 7 5 7 6 6 6 13 1 13 4 5 13 13 4 1
split_gain=7.78798 5.48093 3.6737 3.25985 4.44829 4.50627 6.9059 4.07817 4.41479 9.72235 5.11885 11.3769 5.01703 4.85192 4.53674 5.91126 7.52459 4.19299 5.94401 4.80901 7.2146 5.32692 4.27023 4.13074 4.09168 9.84015 5.2829 4.71527 4.02323 3.98349
threshold=0.52314388751983654 0.030612244270741943 0.62470659613609325 0.32276158034801489 0.022035398520529274 0.0042477876413613566 0.030612244270741943 0.21083837747573855 0.15265487134456637 0.17752212285995486 0.037074185907840736 0.063866645097732558 0.049339246004819877 0.43323189020156866 0.26187285780906683 0.13831858336925509 0.0074794194661080846 0.041946902871131904 0.037754381075501449 0.014599318150430919 0.0084389690309762972 0.28667604923248297 0.61564627289772045 0.29014998674392706 0.46834814548492437 0.012658453080803158 0.30367738008499151 0.29469327628612524 0.14000570774078372 0.72318005561828624
decision_type=2 2 2 2 2 2 2 2 2 2 2 2 2 2 2 2 2 2 2 2 2 2 2 2 2 2 2 2 2 2
left_child=2 -2 3 4 5 6 -1 8 14 -10 12 -12 -11 -13 -6 17 23 18 19 20 -16 -21 24 -17 27 26 -26 -20 -9 -19
right_child=1 -3 -4 -5 7 -7 -8 28 9 10 11 13 -14 -15 15 16 -18 29 22 21 -22 -23 -24 -25 25 -27 -28 -29 -30 -31
leaf_value=0.040451609268894309 0.024574029540647413 -0.048392764212153917 -0.035445601875558279 0.00066847429994971747 -0.0084270331213004545 -0.019032039223892776 -0.031194131331526476 -0.035098187154976333 -0.033183361599255869 -0.0030774929054408601 -0.042914724110301811 0.01997408203958654 0.025196680525952544 -0.013098773285533863 -0.017433549923781776 0.020766355837418125 0.036072988042065039 -0.015678836562920108 -0.027681545133356956 0.034988349992552681 0.076101414698845238 -0.033591606245476038 -0.0024762971203007326 -0.017921443182897481 0.12301272599395525 0.0024889234776356859 0.041149902207619195 0.033839048786801974 -0.0054611840087151579 0.0068135476372085391
leaf_weight=8.3892839946784061 3.0230770162306753 13.254967447370289 7.1697812131606034 4053.2351608499885 47.929118412546813 69.839270955882967 5.4137265132740131 12.15764930937439 25.965458199381828 32.072043508291245 18.175268307328224 22.820397704839706 30.076289400458336 21.253477081656456 4.2907632375136044 13.659354090690615 36.50898414850235 40.783107619732618 4.3432665178552297 3.3471503267064717 3.7091997060924768 14.724004182964562 10.399107553064821 13.704496398568152 4.6769848745316249 5.9503218419849864 4.009738752618432 9.9513378702104074 196.74659999832511 37.525247041136026
leaf_count=215 227 2443 935 32099 422 2342 268 172 170 140 78 99 130 92 79 61 171 384 122 104 50 229 127 62 73 86 42 126 1574 303
internal_value=-4.89791e-05 -0.0344691 6.84297e-05 0.000123814 -0.00302956 -0.0138482 0.0119693 -0.00154752 0.00136387 -0.00541512 0.000362775 -0.00972216 0.0105438 0.00391882 0.00537327 0.00858624 0.0212423 0.00291554 0.0122733 -0.0060759 0.025721 -0.0204914 0.0245478 0.00121378 0.0344085 0.0530503 0.0866928 0.0147369 -0.00722587 -0.00484181
internal_weight=4775.1 16.278 4758.83 4751.66 698.422 83.6423 13.803 614.779 405.875 150.363 124.397 62.2491 62.1483 44.0739 255.512 207.583 63.8728 143.71 65.4019 26.0711 7.99996 18.0712 39.3308 27.3639 28.9316 14.637 8.68672 14.2946 208.904 78.3084
internal_count=43425 2670 40755 39820 7721 2825 483 4896 3150 709 539 269 270 191 2441 2019 294 1725 1038 462 129 333 576 123 449 201 115 248 1746 687
is_linear=0
shrinkage=0.05


end of trees

feature_importances:
text_embedding_similarity=700
popularity_prior=640
age_group_fit=355
occupation_fit=227
region_fit=226
cooccurrence_score=173
known_hobby_compatibility=171
mismatch_penalty=79
is_cold_start=51
novelty_bonus=18

parameters:
[boosting: gbdt]
[objective: binary]
[metric: auc]
[tree_learner: serial]
[device_type: cpu]
[data_sample_strategy: bagging]
[data: ]
[valid: ]
[num_iterations: 500]
[learning_rate: 0.05]
[num_leaves: 31]
[num_threads: -1]
[seed: 42]
[deterministic: 0]
[force_col_wise: 0]
[force_row_wise: 0]
[histogram_pool_size: -1]
[max_depth: -1]
[min_data_in_leaf: 50]
[min_sum_hessian_in_leaf: 0.001]
[bagging_fraction: 1]
[pos_bagging_fraction: 1]
[neg_bagging_fraction: 1]
[bagging_freq: 0]
[bagging_seed: 400]
[bagging_by_query: 0]
[feature_fraction: 1]
[feature_fraction_bynode: 1]
[feature_fraction_seed: 30056]
[extra_trees: 0]
[extra_seed: 12879]
[early_stopping_round: 0]
[early_stopping_min_delta: 0]
[first_metric_only: 0]
[max_delta_step: 0]
[lambda_l1: 0.1]
[lambda_l2: 0.1]
[linear_lambda: 0]
[min_gain_to_split: 0]
[drop_rate: 0.1]
[max_drop: 50]
[skip_drop: 0.5]
[xgboost_dart_mode: 0]
[uniform_drop: 0]
[drop_seed: 17869]
[top_rate: 0.2]
[other_rate: 0.1]
[min_data_per_group: 100]
[max_cat_threshold: 32]
[cat_l2: 10]
[cat_smooth: 10]
[max_cat_to_onehot: 4]
[top_k: 20]
[monotone_constraints: ]
[monotone_constraints_method: basic]
[monotone_penalty: 0]
[feature_contri: ]
[forcedsplits_filename: ]
[refit_decay_rate: 0.9]
[cegb_tradeoff: 1]
[cegb_penalty_split: 0]
[cegb_penalty_feature_lazy: ]
[cegb_penalty_feature_coupled: ]
[path_smooth: 0]
[interaction_constraints: ]
[verbosity: -1]
[saved_feature_importance_type: 0]
[use_quantized_grad: 0]
[num_grad_quant_bins: 4]
[quant_train_renew_leaf: 0]
[stochastic_rounding: 1]
[linear_tree: 0]
[max_bin: 255]
[max_bin_by_feature: ]
[min_data_in_bin: 3]
[bin_construct_sample_cnt: 200000]
[data_random_seed: 175]
[is_enable_sparse: 1]
[enable_bundle: 1]
[use_missing: 1]
[zero_as_missing: 0]
[feature_pre_filter: 1]
[pre_partition: 0]
[two_round: 0]
[header: 0]
[label_column: ]
[weight_column: ]
[group_column: ]
[ignore_column: ]
[categorical_feature: 12]
[forcedbins_filename: ]
[precise_float_parser: 0]
[parser_config_file: ]
[objective_seed: 16083]
[num_class: 1]
[is_unbalance: 0]
[scale_pos_weight: 1]
[sigmoid: 1]
[boost_from_average: 1]
[reg_sqrt: 0]
[alpha: 0.9]
[fair_c: 1]
[poisson_max_delta_step: 0.7]
[tweedie_variance_power: 1.5]
[lambdarank_truncation_level: 30]
[lambdarank_norm: 1]
[label_gain: ]
[lambdarank_position_bias_regularization: 0]
[eval_at: ]
[multi_error_top_k: 1]
[auc_mu_weights: ]
[num_machines: 1]
[local_listen_port: 12400]
[time_out: 120]
[machine_list_filename: ]
[machines: ]
[gpu_platform_id: -1]
[gpu_device_id: -1]
[gpu_use_dp: 0]
[num_gpu: 1]

end of parameters

pandas_categorical:null
