tree
version=v4
num_class=1
num_tree_per_iteration=1
label_index=0
max_feature_idx=12
objective=binary sigmoid:1
feature_names=lightgcn_score cooccurrence_score segment_popularity_score known_hobby_compatibility age_group_fit occupation_fit region_fit popularity_prior mismatch_penalty popularity_penalty novelty_bonus category_diversity_reward is_cold_start
feature_infos=none [0:1] none [0:1] [0:1] [0:1] [0:1] [0:1] [0:1] [0:1] [0:1] none -1:1:0
tree_sizes=3322 3458 3456 3470 3458 3471 3441 3463 3455 3469 3456 3450 3484 3467 3482 3453 3469 3480 3471 3466 3471 3460 3468 3470 3488 3495 3482 3474 3486 3492 3469 3503 3492 3491 3495 3467 3488 3491 3495 3472 3507 3505 3458 3487 3488 3489 3516 3507 3491 3512 3514 3472 3464 3466 3459 3467 3462 3474 3452 3500 3517 3449 3484 3484 3489 3490 3480 3462 3459 3462 3481 3481 3457 3480 3465 3460 3452 3478 3450 3447 3454 3489 3483 3490 3461 3453 3477 3424 3460 3475 3458 3454 3493 3455 3485 3464 3470 3452 3449 3453 3458 3432 3458 3484 3443 3471 3432 3467 3421 3456 3417 3443 3452 3428 3462 3454 3454 3471 3459 3475 3462 3464 3472 3469 3449 3465 3464

Tree=0
num_leaves=31
num_cat=0
split_feature=7 7 7 7 7 1 7 7 7 1 4 1 4 7 4 7 7 4 6 5 6 4 1 3 5 6 3 5 1 7
split_gain=7289.35 1339.02 1096.61 533.78 400.566 751.441 341.594 261.51 90.4381 601.307 56.1206 48.5587 34.8086 37.0242 31.3345 29.7841 24.5125 18.2854 14.9839 14.0351 13.9862 18.0104 12.967 11.7884 10.9645 12.5366 10.7618 9.86767 9.40522 8.94093
threshold=0.12566372007131579 0.67185840010643016 0.00044247785990592098 1.0000000180025095e-35 0.016371681354939941 0.505102038383484 0.23654867708683017 0.047610620036721236 0.022035398520529274 0.34013606607913976 0.34656305611133581 0.9506097435951234 0.42875768244266516 0.15415929257869723 0.25211864709854132 0.003274336340837181 0.094336282461881651 0.37014016509056097 0.29185217618942266 0.0024952194653451447 0.049592409282922752 0.51542207598686229 0.91864311695098888 0.060138480737805373 0.011053615249693395 0.26004481315612799 0.39718089997768408 0.0043768915347754964 0.81605800986289989 0.31805309653282171
decision_type=2 2 2 2 2 2 2 2 2 2 2 2 2 2 2 2 2 2 2 2 2 2 2 2 2 2 2 2 2 2
left_child=2 6 3 -1 5 15 10 8 9 -6 -2 18 13 19 -10 -4 17 -9 29 -12 -16 -22 -15 -19 -18 -26 -14 -24 -27 -8
right_child=1 -3 4 -5 7 -7 11 16 14 -11 12 -13 26 22 20 -17 24 23 -20 -21 21 -23 27 -25 25 28 -28 -29 -30 -31
leaf_value=-1.4100630951058832 -1.3551298794455475 -1.1933032552022635 -1.2632606486938869 -1.4484273163525467 -1.1417611308358886 -1.4362943629817739 -1.313804554574878 -1.3964640373748747 -1.4330809797840576 -1.4215784419363893 -1.3491914673718497 -1.2656040911377933 -1.3373242791184241 -1.2951244206655907 -1.4189074175840024 -1.1602017116892678 -1.3676186015150893 -1.3799512046652467 -1.2619971677426047 -1.3125004090670964 -1.4117265905514951 -1.3888457287484022 -1.2871022568993113 -1.3606436233510968 -1.3570219496165499 -1.3408586747810989 -1.3067280783788864 -1.2189896075901703 -1.2809484452626361 -1.2885055333450577
leaf_weight=1826.87995916605 211.83999526500702 294.2399934232235 8.7999998033046705 1801.4399597346783 23.679999470710754 48.799998909235001 102.8799977004528 91.839997947216034 166.07999628782272 99.519997775554657 42.079999059438705 282.39999368786812 306.71999314427376 53.919998794794083 199.35999554395676 53.439998805522919 227.19999492168427 175.679996073246 24.799999445676804 73.279998362064362 209.27999532222748 146.87999671697617 11.039999753236772 145.11999675631523 183.51999589800835 23.999999463558197 32.639999270439148 12.959999710321425 9.4399997889995557 58.239998698234558
leaf_count=11418 1324 1839 55 11259 148 305 643 574 1038 622 263 1765 1917 337 1246 334 1420 1098 155 458 1308 918 69 907 1147 150 204 81 59 364
internal_value=-1.38629 -1.28899 -1.41325 -1.42911 -1.38149 -1.28952 -1.31222 -1.3875 -1.40724 -1.36768 -1.33329 -1.27875 -1.32462 -1.30762 -1.414 -1.17447 -1.36804 -1.37683 -1.2988 -1.3258 -1.40828 -1.40231 -1.28087 -1.3712 -1.35988 -1.35181 -1.33434 -1.24957 -1.32353 -1.30457
internal_weight=6948 1507.04 5440.96 3628.32 1812.64 111.04 1212.8 1701.6 844.8 123.2 744.48 468.32 532.64 193.28 721.6 62.24 856.8 412.64 185.92 115.36 555.52 356.16 77.92 320.8 444.16 216.96 339.36 24 33.44 161.12
internal_count=43425 9419 34006 22677 11329 694 7580 10635 5280 770 4653 2927 3329 1208 4510 389 5355 2579 1162 721 3472 2226 487 2005 2776 1356 2121 150 209 1007
is_linear=0
shrinkage=1


Tree=1
num_leaves=31
num_cat=1
split_feature=7 7 7 7 7 1 7 7 7 1 4 1 5 4 7 4 7 5 6 12 3 4 6 5 4 6 4 1 3 3
split_gain=6302.76 1028.91 971.415 522.282 338.327 583.838 267.268 237.078 72.146 475.599 46.3149 36.0997 34.5353 27.9284 28.8044 26.7158 19.2366 18.0883 17.7568 15.8983 12.7628 11.5095 11.7548 11.3801 11.379 11.2765 11.0657 9.54139 9.43006 9.31841
threshold=0.12566372007131579 0.00044247785990592098 0.67185840010643016 1.0000000180025095e-35 0.016371681354939941 0.505102038383484 0.23654867708683017 0.061769910156726844 0.022035398520529274 0.34013606607913976 0.34656305611133581 0.9506097435951234 0.52959111332893383 0.42875768244266516 0.15415929257869723 0.37838028371334081 0.0034513274440541868 0.38491770625114446 0.049592409282922752 0 0.23570261150598529 0.32274959981441503 0.25040192902088171 0.0024952194653451447 0.32274959981441503 0.29185217618942266 0.37014016509056097 0.91864311695098888 0.36656315624713903 0.34719188511371618
decision_type=2 2 2 2 2 2 2 2 2 2 2 2 2 2 2 2 2 2 2 1 2 2 2 2 2 2 2 2 2 2
left_child=1 3 6 19 5 16 10 8 9 -6 -2 25 15 14 23 -10 -3 24 -17 -1 -14 22 -19 -12 -9 -8 -26 -16 -28 -15
right_child=2 4 -4 -5 7 -7 11 17 12 -11 13 -13 20 29 27 18 -18 21 -20 -21 -22 -23 -24 -25 26 -27 28 -29 -30 -31
leaf_value=-0.025383885376289213 0.029049020184606589 0.11456221936269884 0.16381605061265159 -0.061365795933600531 0.20200227942249446 -0.04900668032133644 0.073915009874874288 0.0015046134024654589 -0.037725940378635865 -0.034263951872787808 0.03446530865236383 0.10670198925802017 -0.00051236849815962154 0.043478511916599356 0.082009736057171351 -0.032657535590806634 0.18964728787488061 0.036343318832406359 -0.010559026054024713 -0.01392302558033868 0.058826443202721471 0.02259062015148898 0.082312281501606119 0.06705782035176025 0.039150742334437855 0.10971307922276688 0.013821295892093896 0.11990360125827111 0.052642299892957184 0.063677283256409256
leaf_weight=1412.3844641447067 215.80464434623718 11.085888370871542 328.32394583523273 1734.4607780724764 27.148310601711273 47.338991910219193 169.02487626671791 125.5456183552742 325.0036551207304 97.415996879339218 43.017730832099915 302.88457117974758 74.432271093130112 275.22548009455204 56.874621361494064 141.08656243979931 59.047969058156013 60.891881018877029 258.67857898771763 388.46487271785736 10.193019583821295 122.6696131080389 18.468614965677261 76.529778689146042 57.319855868816376 26.652646884322166 365.14251033961773 25.960529297590256 16.372744917869568 74.718740791082382
leaf_count=8955 1324 64 1839 11259 148 305 1007 782 2076 622 263 1765 468 1671 337 898 325 374 1626 2463 63 751 112 458 354 155 2260 150 101 450
internal_value=-6.83942e-05 -0.0260636 0.0871691 -0.0417822 0.00450341 0.0865328 0.067287 -0.00116554 -0.0180801 0.01731 0.0487597 0.0958064 -0.0235342 0.0564453 0.0712995 -0.0270643 0.17803 0.0194399 -0.0183768 -0.0229153 0.00663691 0.0322986 0.0471942 0.0554102 0.0148231 0.07887 0.0186208 0.0940762 0.0155138 0.0478225
internal_weight=6948.17 5353.15 1595.02 3535.31 1817.84 117.473 1266.69 1700.37 933.958 124.564 768.132 498.562 809.394 552.327 202.383 724.769 70.1339 766.411 399.765 1800.85 84.6253 202.03 79.3605 119.548 564.381 195.678 438.835 82.8352 381.515 349.944
internal_count=43425 34006 9419 22677 11329 694 7580 10635 5901 770 4653 2927 5131 3329 1208 4600 389 4734 2524 11418 531 1237 486 721 3497 1162 2715 487 2361 2121
cat_boundaries=0 1
cat_threshold=2
is_linear=0
shrinkage=0.05


Tree=2
num_leaves=31
num_cat=0
split_feature=7 7 7 7 7 1 7 7 7 1 7 4 4 1 7 4 4 7 6 4 6 3 3 3 5 6 3 5 6 1
split_gain=5522.26 1077.12 583.988 511.649 351.026 472.419 272.346 87.0407 75.6004 391.823 55.3026 38.8908 29.3965 27.9046 25.0519 22.9427 14.8674 13.9166 12.5013 16.2278 10.4102 9.9203 9.29257 13.1498 11.7954 8.79716 8.61036 8.1667 9.75107 7.93967
threshold=0.094336282461881651 0.23654867708683017 0.00044247785990592098 1.0000000180025095e-35 0.016371681354939941 0.505102038383484 0.67185840010643016 0.047610620036721236 0.022035398520529274 0.34013606607913976 0.12566372007131579 0.3369396179914475 0.25211864709854132 0.9506097435951234 0.15415929257869723 0.43323189020156866 0.37014016509056097 0.003274336340837181 0.049592409282922752 0.51542207598686229 0.2420746982097626 0.060138480737805373 0.020898846909403804 0.0091431704349815863 0.017358704470098022 0.29185217618942266 0.30925156176090246 0.011053615249693395 0.26004481315612799 0.76095238327980053
decision_type=2 2 2 2 2 2 2 2 2 2 2 2 2 2 2 2 2 2 2 2 2 2 2 2 2 2 2 2 2 2
left_child=2 10 3 -1 5 17 13 8 9 -6 27 -12 -10 25 22 -16 -9 -4 -14 -20 -17 -18 23 24 -13 -3 -21 -2 -29 -25
right_child=1 6 4 -5 7 -7 -8 16 12 -11 11 14 18 -15 15 20 21 -19 19 26 -22 -23 -24 29 -26 -27 -28 28 -30 -31
leaf_value=-0.022085169843875322 0.016492342548854701 0.067297703079886556 0.096821060351237179 -0.060651655499855656 0.17387477375018201 -0.048040518883917138 0.14295797959885542 -0.0093262796089864913 -0.044938871886147945 -0.033265008453266659 0.024623404214674405 0.028305196629244612 -0.030640602986496068 0.095531466180885358 0.084794847139253851 0.045208765410384363 0.0054913250412639454 0.16311949727782513 -0.02381095008409588 -0.0067547403971677626 0.087325333861295207 0.023052677843932629 0.048655394259019519 -0.016864133974548799 0.067672941816643212 0.098120348145892433 0.028707750795760045 0.025373525456942832 0.054110259984783672 0.030957505867556207
leaf_weight=1775.8100542277098 232.12372994422913 176.17599964141846 10.052760541439055 1668.8034733682871 29.898468852043152 45.914866402745247 356.61512830853462 90.780175805091858 157.69118714332581 95.37978595495224 181.37296298146248 54.812708556652069 191.68942537903786 320.89371465146542 87.202206552028656 108.59210284054279 177.35655725002289 66.495096534490585 203.46877022087574 126.04113274812698 17.446269944310188 148.63061326742172 275.86849868297577 18.26912721991539 29.934042721986771 28.277813941240311 19.684005618095398 190.02018325030804 35.507938414812088 16.271094396710396
leaf_count=11418 1420 1007 55 11259 148 305 1839 574 1038 622 1094 325 1246 1765 487 640 1098 334 1308 794 103 907 1624 108 176 155 124 1147 209 96
internal_value=-0.000120243 0.0669091 -0.0298101 -0.0407721 -0.0021039 0.0786159 0.109202 -0.0100816 -0.0195022 0.0162296 0.0369967 0.0450183 -0.0259187 0.0862549 0.051085 0.0649611 0.00852918 0.154616 -0.020357 -0.0146904 0.0511428 0.0135182 0.0435698 0.0317358 0.0423329 0.0716311 -0.00191391 0.0231363 0.0299421 0.00554352
internal_weight=6937.08 2129.38 4807.7 3444.61 1363.08 122.463 881.963 1240.62 823.853 125.278 1247.42 789.769 698.575 525.348 608.396 213.241 416.767 76.5479 540.883 349.194 126.038 325.987 395.155 119.287 84.7468 204.454 145.725 457.652 225.528 34.5402
internal_count=43425 12195 31230 22677 8553 694 4766 7859 5280 770 7429 4653 4510 2927 3559 1230 2579 389 3472 2226 743 2005 2329 705 501 1162 918 2776 1356 204
is_linear=0
shrinkage=0.05


Tree=3
num_leaves=31
num_cat=1
split_feature=7 7 8 4 4 7 7 1 5 7 7 7 1 4 7 1 4 7 6 5 8 1 5 5 6 12 4 1 5 3
split_gain=4895.72 877.641 564.921 301.045 227.309 214.167 202.649 204.204 52.4149 47.0382 37.7367 48.3021 204.985 32.8271 25.0729 22.2404 19.9578 17.9362 17.1677 15.6692 22.1187 24.9417 29.509 16.5228 18.3636 13.0112 9.93257 9.77866 8.83745 8.726
threshold=0.094336282461881651 0.23654867708683017 0.65519553422927868 0.84756097197532665 0.34731592237949377 0.67185840010643016 0.016371681354939941 0.505102038383484 0.73333334922790538 0.12566372007131579 0.047610620036721236 0.024867256172001365 0.20204082131385806 0.34656305611133581 0.0037168140988796954 0.9506097435951234 0.42875768244266516 0.15415929257869723 0.049592409282922752 0.37347440421581274 0.32670532166957861 0.4463601559400559 0.49839228391647344 0.36765615642070776 0.31991825997829443 0 0.51542207598686229 0.48814120888710028 0.0024952194653451447 0.060138480737805373
decision_type=2 2 2 2 2 2 2 2 2 2 2 2 2 2 2 2 2 2 2 2 2 2 2 2 2 1 2 2 2 2
left_child=2 9 3 4 8 15 7 14 19 -2 11 12 -8 -11 -6 -3 17 28 -13 23 21 22 -21 24 25 -1 -20 -28 -15 -12
right_child=1 5 -4 -5 6 -7 10 -9 -10 13 29 18 -14 16 -16 -17 -18 -19 26 20 -22 -23 -24 -25 -26 -27 27 -29 -30 -31
leaf_value=-0.023047450808960059 0.021681795539453663 0.065457307597927269 -0.0596816298078564 -0.059756948686738524 0.058835685274593263 0.12721540074902268 0.1375977118366303 -0.040160612668877542 -0.060271039329842992 0.025297570693976246 0.005199485053367303 -0.033532503763903862 -0.023733916723030421 0.029465420145287004 0.14483514208802487 0.086373630995597805 0.040763259326764417 0.077019257955409162 -0.021727354953064559 0.1209270919303454 -0.060264867820790213 -0.0065502838686652175 -0.0044702286919361721 -0.047851318520136937 0.047929616081509641 -0.013393967934039634 -0.020931342899533908 0.0095634349624945433 0.057506425611446955 0.021600914188325541
leaf_weight=1645.7091455310583 463.78957179188728 212.35072116553783 1133.2898081690073 405.22330567240715 10.675598233938215 380.05478717386723 27.220661044120789 24.673521161079407 86.653418451547623 223.07059805095196 177.9359866976738 122.42780686914921 70.301936194300652 44.869582965970039 50.339687287807465 336.74168936908245 369.09085510671139 91.10784587264061 100.03155055642128 9.8717457205057162 11.944462120532988 44.602388277649879 8.7069575190544111 57.703074008226395 9.5759347379207593 447.30284588038921 38.891205579042435 80.55887097120285 81.493995919823647 150.64193080365658
leaf_count=10738 2776 1162 7937 2843 60 1839 135 169 608 1324 1098 811 462 263 236 1765 2121 487 648 51 80 292 55 390 56 2901 246 507 458 907
internal_value=-0.000160152 0.0613788 -0.0289137 -0.0191736 -0.013992 0.0983293 0.00806477 0.0809489 -0.0221032 0.0344085 -7.00611e-05 -0.00965953 0.0213408 0.0416892 0.129991 0.0783071 0.047909 0.0599894 -0.01852 -0.0206188 0.00176554 0.0136482 0.0621823 -0.0213995 -0.020669 -0.0209875 -0.0101118 -0.000332601 0.0476202 0.0127385
internal_weight=6916.85 2202.57 4714.28 3580.99 3175.77 929.147 853.699 85.6888 2322.07 1273.42 768.01 439.432 97.5226 809.633 61.0153 549.092 586.562 217.471 341.909 2235.42 75.1256 63.1811 18.5787 2160.29 2102.59 2093.01 219.482 119.45 126.364 328.578
internal_count=43425 12195 31230 23293 20450 4766 5279 465 15171 7429 4814 2809 597 4653 296 2927 3329 1208 2212 14563 478 398 106 14085 13695 13639 1401 753 721 2005
cat_boundaries=0 1
cat_threshold=2
is_linear=0
shrinkage=0.05


Tree=4
num_leaves=31
num_cat=0
split_feature=7 7 8 4 4 7 7 1 5 7 7 7 1 4 7 1 7 6 4 5 8 1 5 6 1 3 7 8 10 4
split_gain=4358.58 729.677 548.119 289.348 208.508 177.117 175.423 172.629 50.8009 40.2921 34.0948 43.796 175.359 28.4084 20.3572 18.1975 18.1438 16.1345 14.9083 14.432 20.5951 21.83 16.0404 16.6216 9.39189 85.821 17.9919 10.5201 21.2758 9.14942
threshold=0.094336282461881651 0.23654867708683017 0.65519553422927868 0.84756097197532665 0.34731592237949377 0.016371681354939941 0.67185840010643016 0.505102038383484 0.73333334922790538 0.12566372007131579 0.047610620036721236 0.024867256172001365 0.20204082131385806 0.3369396179914475 0.0037168140988796954 0.9506097435951234 0.15415929257869723 0.049592409282922752 0.43323189020156866 0.37347440421581274 0.32670532166957861 0.4463601559400559 0.36885663866996771 0.31991825997829443 0.38435374200344091 0.015795755200088028 0.047610620036721236 0.33330383896827703 0.41446101665496832 0.51542207598686229
decision_type=2 2 2 2 2 2 2 2 2 2 2 2 2 2 2 2 2 2 2 2 2 2 2 2 2 2 2 2 2 2
left_child=2 9 3 4 8 7 15 14 19 -2 11 12 -7 -11 -6 -3 -15 -13 -18 22 21 -21 23 24 25 27 -26 -1 -29 -19
right_child=1 6 -4 -5 5 10 -8 -9 -10 13 -12 17 -14 16 -16 -17 18 29 -20 20 -22 -23 -24 -25 26 -27 -28 28 -30 -31
leaf_value=-0.020284919989578515 0.02033744592736926 0.060107202290286869 -0.059046424863057667 -0.059127747908641004 0.054278843862849979 0.12385317905956808 0.11485773113694063 -0.039193554504893355 -0.059658370930567944 0.021470966985602503 0.0120104838286653 -0.032559691029001948 -0.022896374874374622 0.037428186907192441 0.13060372719316363 0.078706703914229029 0.070413389181917294 -0.020929952150543479 0.044145441874051276 0.057507478409816737 -0.05958020210296501 -0.0062496155050469487 -0.053392961201515099 0.044420225071110882 -0.036444844022894246 0.13481202376636703 -0.0066478259443624663 -0.018217421597958628 0.074833014055491795 -0.00031751839768159136
leaf_weight=1774.8612474650145 469.57709524035454 219.50304178893566 1089.3220570683479 389.45899373292923 10.99302317202091 28.698783487081528 399.36614862084389 24.036994084715843 83.253260374069214 186.6269416809082 331.01160244643688 119.85078303515911 69.260534942150116 414.06637494266033 52.970162987709045 350.69197423756123 94.586310997605324 98.689160227775574 132.57813441753387 19.065866142511368 11.490291416645048 44.420370936393738 36.791277602314949 9.8172357231378538 204.49396979808807 8.9138301461935026 67.980581283569336 19.961000680923465 8.7327174097299558 119.42217461764812
leaf_count=11718 2776 1162 7937 2843 60 135 1839 169 608 1094 2005 811 462 2329 236 1765 487 648 743 106 80 292 257 56 1389 44 438 134 49 753
internal_value=-0.000190424 0.0565981 -0.0280367 -0.0184759 -0.013438 0.00762734 0.0894139 0.0747701 -0.0213054 0.0320662 -7.90536e-05 -0.00927121 0.0201278 0.0387097 0.117669 0.0715672 0.0437151 -0.0178108 0.055131 -0.0198534 0.00164357 0.0128793 -0.0206119 -0.0200313 -0.0203393 -0.0190278 -0.0290342 -0.0197984 0.0100897 -0.00967229
internal_weight=6890.49 2267 4623.5 3534.17 3144.71 854.933 969.561 88.0002 2289.78 1297.43 766.933 435.921 97.9593 827.858 63.9632 570.195 641.231 337.962 227.164 2206.53 74.9765 63.4862 2131.55 2094.76 2084.94 1812.47 272.475 1803.55 28.6937 218.111
internal_count=43425 12195 31230 23293 20450 5279 4766 465 15171 7429 4814 2809 597 4653 296 2927 3559 2212 1230 14563 478 398 14085 13828 13772 11945 1827 11901 183 1401
is_linear=0
shrinkage=0.05


Tree=5
num_leaves=31
num_cat=1
split_feature=7 7 8 4 4 7 7 1 5 7 7 7 1 4 7 1 4 7 6 5 8 1 5 6 4 12 4 4 1 7
split_gain=3894.17 616.718 531.861 278.145 191.279 156.148 148.275 148.192 49.2431 34.7083 30.8094 39.7579 152.195 24.318 17.1292 15.769 18.6706 15.3717 15.1536 13.3121 19.1965 19.0954 15.4456 15.0094 12.5401 12.2016 11.2742 8.4243 8.89597 8.1629
threshold=0.094336282461881651 0.23654867708683017 0.65519553422927868 0.84756097197532665 0.34731592237949377 0.016371681354939941 0.67185840010643016 0.505102038383484 0.73333334922790538 0.12566372007131579 0.047610620036721236 0.024867256172001365 0.35714286565780645 0.3369396179914475 0.0037168140988796954 0.9595918357372285 0.46368466317653662 0.15415929257869723 0.049592409282922752 0.37347440421581274 0.32670532166957861 0.4463601559400559 0.36885663866996771 0.31991825997829443 0.43323189020156866 0 0.38905704021453863 0.51542207598686229 0.48814120888710028 0.02008849568665028
decision_type=2 2 2 2 2 2 2 2 2 2 2 2 2 2 2 2 2 2 2 2 2 2 2 2 2 1 2 2 2 2
left_child=2 9 3 4 8 7 15 14 19 -2 11 12 -7 -11 -6 16 26 -15 -13 22 21 -21 23 25 -19 -1 -3 -20 -29 -14
right_child=1 6 -4 -5 5 10 -8 -9 -10 13 -12 18 29 17 -16 -17 -18 24 27 20 -22 -23 -24 -25 -26 -27 -28 28 -30 -31
leaf_value=-0.021598929856684067 0.019094340515834442 0.056185181573676704 -0.058450425583659975 -0.058537919247704656 0.050246696182012045 0.11195645645613071 0.10486177595802666 -0.038242594834302909 -0.05908665513048518 0.020147958361868376 0.011328804680948172 -0.031605437757422743 -0.038018040153650713 0.034840292528576532 0.11935810417469078 0.075756222509809693 0.073419516980989558 0.064720083749714705 -0.020154385886326471 0.053133191278903015 -0.058938627396579395 -0.0059616804516774945 -0.052596581582213864 0.041272997373533987 0.040950796554440567 -0.012179157018234903 0.029281579758734091 -0.02013696705879741 0.0090499616297171018 -0.002915469301137486
leaf_weight=1617.1815761625767 475.00274939835072 159.47384607791901 1046.4937395006418 374.10388265550137 11.281631723046301 30.340662002563477 415.13364145159721 23.421263098716736 79.940694883465767 188.88408234715462 333.32747942209244 117.36309254169464 37.754842549562454 422.36590948700905 55.01475727558136 239.78611245751381 136.45659554004669 97.6856479793787 97.399839848279953 19.597533985972404 11.046919882297514 44.246860772371292 35.514903083443642 10.039191037416456 135.69836950302124 440.7427412122488 53.213743984699249 38.390630543231964 81.008620455861092 30.058259844779968
leaf_count=10851 2776 804 7937 2843 60 138 1839 169 608 1094 2005 811 259 2329 236 1166 685 487 648 106 80 292 257 56 743 2921 272 246 507 200
internal_value=-0.00021468 0.0524144 -0.0271875 -0.0178043 -0.0129069 0.00722472 0.0819465 0.069594 -0.0205341 0.0299363 -8.52838e-05 -0.00889801 0.0190419 0.0360246 0.107766 0.0657701 0.0588778 0.0405864 -0.017123 -0.0191144 0.00153654 0.0121545 -0.0198521 -0.0192848 0.0509446 -0.0195846 0.0494944 -0.00924902 -0.000301714 -0.0225596
internal_weight=6857.97 2323.7 4534.27 3487.78 3113.67 855.361 1004.06 89.7177 2258.31 1319.64 765.643 432.316 98.1538 844.634 66.2964 588.93 349.144 655.75 334.162 2178.37 74.8913 63.8444 2103.48 2067.96 233.384 2057.92 212.688 216.799 119.399 67.8131
internal_count=43425 12195 31230 23293 20450 5279 4766 465 15171 7429 4814 2809 597 4653 296 2927 1761 3559 2212 14563 478 398 14085 13828 1230 13772 1076 1401 753 459
cat_boundaries=0 1
cat_threshold=2
is_linear=0
shrinkage=0.05


Tree=6
num_leaves=31
num_cat=0
split_feature=7 7 8 4 7 4 7 1 7 5 4 1 3 7 5 5 4 7 3 7 6 3 1 4 6 5 1 3 3 5
split_gain=3494.06 667.447 438.312 235.308 128.452 112.482 164.228 296.99 60.0644 46.7375 20.9411 20.3409 152.501 17.3328 16.5248 13.8967 13.7486 119.573 13.4563 13.1426 13.0365 11.0684 10.9203 10.676 8.0139 7.38454 9.8411 7.38138 10.7351 9.10907
threshold=0.061769910156726844 0.23654867708683017 0.65519553422927868 0.84756097197532665 0.67185840010643016 0.34731592237949377 0.022035398520529274 0.42261904478073126 0.12566372007131579 0.73333334922790538 0.3369396179914475 0.38435374200344091 0.015795755200088028 0.0037168140988796954 0.54240113496780407 0.52959111332893383 0.063352478668093695 0.022035398520529274 0.081117331981658949 0.15415929257869723 0.038043128326535232 0.32562056183815008 0.78319624066352855 0.43323189020156866 0.2420746982097626 0.37248815596103674 0.8989795744419099 0.020898846909403804 0.0091431704349815863 0.017358704470098022
decision_type=2 2 2 2 2 2 2 2 2 2 2 2 2 2 2 2 2 2 2 2 2 2 2 2 2 2 2 2 2 2
left_child=2 8 3 5 18 9 7 13 21 11 25 12 16 -7 20 -13 -1 -18 -3 27 -8 22 -2 -21 -25 26 -10 28 29 -12
right_child=1 4 -4 -5 -6 6 14 -9 10 -11 19 15 -14 -15 -16 -17 17 -19 -20 23 -22 -23 -24 24 -26 -27 -28 -29 -30 -31
leaf_value=-0.019239255615949816 0.0077980064050934758 0.055043421487401434 -0.057890181649297962 -0.05798402256713367 0.096581500257988506 0.046650874896477956 -0.03005117826926847 -0.033395346994032682 0.003531622050306995 -0.058552443225712639 0.019534574210928371 -0.03399513740254935 0.12647993444833019 0.11346373765695383 0.018279490725864996 0.0074504871027019541 0.13505827075705404 -0.025598553139448844 0.070799637264787982 0.059753609692440826 -0.0092842861492284778 0.029049316956779953 0.021287500619169685 0.033072944875508305 0.067997423059669937 0.03288206407889914 0.035135243200079817 0.036811754776514466 -0.00031395545547527803 0.052568738407228921
leaf_weight=1698.8863389343023 466.92401222884655 388.04819189012051 1004.8458832800388 359.17264704406261 427.8440019339323 11.544266939163206 103.52148219943047 65.768820032477379 93.928373277187347 76.718993663787842 59.142370417714119 274.86396542191505 18.275755733251572 81.537277057766914 41.485128849744797 21.586175590753555 13.856907039880751 67.934835404157639 217.51189482212067 100.4477383941412 284.54314218461514 113.61303663253784 222.57334472239017 119.03593856096268 19.534317135810852 63.550051808357239 33.520906448364258 301.00534483790398 36.869187399744987 33.027824655175209
leaf_count=11513 2770 1900 7937 2843 1839 60 722 470 538 608 325 1932 84 341 248 140 65 462 1027 487 1847 661 1303 640 103 364 192 1624 204 176
internal_value=-0.000233467 0.0440226 -0.0291691 -0.019915 0.075581 -0.0149581 0.00442629 0.0478538 0.0244075 -0.0202113 0.0335937 -0.0188024 -0.0167948 0.10529 -0.0116292 -0.0309589 -0.0182751 0.00169007 0.0607219 0.0377707 -0.0148433 0.0145607 0.0121622 0.0472292 0.0380778 0.0189236 0.011904 0.0324923 0.0223569 0.0314702
internal_weight=6821.12 2696.58 4124.54 3119.7 1033.4 2760.52 588.4 158.85 1663.17 2172.12 860.062 2095.4 1798.95 93.0815 429.55 296.45 1780.68 81.7917 605.56 669.063 388.065 803.11 689.497 239.018 138.57 190.999 127.449 430.045 129.039 92.1702
internal_count=43425 14153 29272 21335 4766 18492 3688 871 9387 14804 4653 14196 12124 401 2817 2072 12040 527 2927 3559 2569 4734 4073 1230 743 1094 730 2329 705 501
is_linear=0
shrinkage=0.05


Tree=7
num_leaves=31
num_cat=1
split_feature=7 7 8 4 7 4 7 1 7 5 1 3 4 6 12 7 5 5 1 4 7 5 4 7 4 4 4 6 5 4
split_gain=3150.06 578.337 426.91 227.048 113.514 103.303 147.839 262.073 52.3815 45.3361 19.1839 133.888 18.13 15.4794 14.9264 14.6985 13.8721 13.0431 12.318 15.1391 11.3261 10.6085 9.6611 83.7758 9.4228 9.31768 9.17478 8.574 8.03618 7.72344
threshold=0.061769910156726844 0.23654867708683017 0.65519553422927868 0.84756097197532665 0.67185840010643016 0.34731592237949377 0.022035398520529274 0.505102038383484 0.12566372007131579 0.73333334922790538 0.38435374200344091 0.015795755200088028 0.3369396179914475 0.034470714628696449 0 0.0037168140988796954 0.54240113496780407 0.52959111332893383 0.9595918357372285 0.46368466317653662 0.15415929257869723 0.38491770625114446 0.063352478668093695 0.022035398520529274 0.39448615908622747 0.32274959981441503 0.43323189020156866 0.25040192902088171 0.56470659375190746 0.51542207598686229
decision_type=2 2 2 2 2 2 2 2 2 2 2 2 2 2 1 2 2 2 2 2 2 2 2 2 2 2 2 2 2 2
left_child=2 8 3 5 18 9 7 15 21 10 11 14 -10 -8 22 -7 29 -12 19 24 -14 -2 -1 -24 -3 27 -22 -23 -27 -15
right_child=1 4 -4 -5 -6 6 13 -9 12 -11 17 -13 20 16 -16 -17 -18 -19 -20 -21 26 25 23 -25 -26 28 -28 -29 -30 -31
leaf_value=-0.020958731008781095 0.010219140791401035 0.046131761827100319 -0.057362587245785884 -0.05746297228251912 0.089587879161421635 0.043422356238308313 -0.028759315453008361 -0.034152219774988342 0.017790222717924693 -0.058052671679489201 -0.033048431252131687 0.11546750647195599 0.030355866834515705 -0.018401419479275677 -0.0086841449878925399 0.1043189430273966 0.023183508200387729 0.0070464697185888938 0.064853603374337473 0.0630309947280384 0.055376368981141726 0.026926027553452466 0.12024884401639067 -0.025603821687193454 0.015787957633965156 0.0051381136651270061 0.035486718513113594 0.064206427952863007 0.03074691700394018 -0.0020885748400785139
leaf_weight=1312.5995145440102 591.11617906391621 192.48100319504738 964.40829176455736 344.67589370906353 437.91019682586193 11.783458888530729 96.449487745761871 62.75235740840435 192.97304719686508 73.590513348579407 268.76085810363293 19.0068698823452 437.10552936792374 134.37841306626797 373.72854149341583 84.744178578257561 36.151860818266869 21.6857540756464 253.36426043510437 144.26353019475937 102.90936632454395 65.881259113550186 11.620307788252829 61.402093678712845 30.269654110074043 82.982225656509399 141.19955565035343 20.629253596067429 49.075583070516586 159.35468696057796
leaf_count=9045 3497 927 7937 2843 1839 60 679 459 1094 608 1932 84 2329 900 2518 352 214 140 1166 685 487 374 52 425 149 473 743 112 278 1024
internal_value=-0.000248586 0.0411047 -0.028339 -0.0192263 0.0700701 -0.0143914 0.00421099 0.0453025 0.0228943 -0.0194786 -0.0181013 -0.0161477 0.0313857 -0.0111362 -0.0175789 0.0969895 -0.00596143 -0.0300362 0.0562727 0.0503194 0.0352265 0.0137174 -0.0199736 -0.0021927 0.0420397 0.0231467 0.0439113 0.0359375 0.0147088 -0.00957219
internal_weight=6779.25 2742.16 4037.09 3072.68 1058.29 2728.01 585.614 159.28 1683.87 2142.39 2068.8 1778.36 874.187 426.334 1759.35 96.5276 329.885 290.447 620.378 367.014 681.214 809.685 1385.62 73.0224 222.751 218.568 244.109 86.5105 132.058 293.733
internal_count=43425 14153 29272 21335 4766 18492 3688 871 9387 14804 14196 12124 4653 2817 12040 412 2138 2072 2927 1761 3559 4734 9522 477 1076 1237 1230 486 751 1924
cat_boundaries=0 1
cat_threshold=2
is_linear=0
shrinkage=0.05


Tree=8
num_leaves=31
num_cat=0
split_feature=7 7 8 4 7 4 7 1 7 5 1 3 4 6 7 5 5 4 7 4 6 1 3 1 5 6 7 5 1 7
split_gain=2844.98 505.581 415.812 219.086 101.826 94.8164 133.475 232.665 45.8162 43.9783 18.0778 118.491 15.8536 14.4114 13.8269 12.4711 12.236 11.818 93.6756 11.2441 11.1436 11.0996 9.49415 9.56021 7.71637 9.45829 7.68963 7.5869 9.42615 7.2977
threshold=0.061769910156726844 0.23654867708683017 0.65519553422927868 0.84756097197532665 0.67185840010643016 0.34731592237949377 0.022035398520529274 0.42261904478073126 0.12566372007131579 0.73333334922790538 0.38435374200344091 0.015795755200088028 0.34656305611133581 0.034470714628696449 0.0037168140988796954 0.54240113496780407 0.52959111332893383 0.063352478668093695 0.022035398520529274 0.42875768244266516 0.28139615058898931 0.9506097435951234 0.32562056183815008 0.81605800986289989 0.016003186814486984 0.04896161891520024 0.10530973598361017 0.0024952194653451447 0.91864311695098888 0.097964603453874602
decision_type=2 2 2 2 2 2 2 2 2 2 2 2 2 2 2 2 2 2 2 2 2 2 2 2 2 2 2 2 2 2
left_child=2 8 3 5 21 9 7 14 22 10 11 17 -10 -8 -7 -15 -12 -1 -19 20 27 -3 23 26 -25 -26 -2 -14 -29 -27
right_child=1 4 -4 -5 -6 6 13 -9 12 -11 16 -13 19 15 -16 -17 -18 18 -20 -21 -22 -23 -24 24 25 29 -28 28 -30 -31
leaf_value=-0.017812559795836926 0.003784183603538565 0.043792152745348943 -0.056864835591419041 -0.056971983258908732 0.083584398539251842 0.040506402282537129 -0.027858505359853403 -0.031598937530424524 0.018250968556686772 -0.057584572676717016 -0.032117662835296122 0.10645865411560562 0.030959291536805829 -0.009152306520794103 0.099095433630871269 0.021734173854260627 0.0066661585182562558 0.11445247443450249 -0.023907185676021014 0.028267007778757448 0.011803496873361081 0.057599492366601994 0.026180911606056029 0.010668098335419124 0.0069289929379777945 0.023781323835054095 0.017470614520703864 0.04610179158578382 0.079670292320382113 0.060676200258081375
leaf_weight=1658.2018210440874 390.81293334066868 242.56871247291565 925.20084890723228 330.62064881622791 445.68693360686302 12.001469597220419 94.639780461788177 62.99156779050827 237.46548119187355 70.556849390268326 262.87654833495617 19.577072829008102 63.355606213212013 291.96601724624634 84.248792693018913 36.628457605838776 21.780010998249054 14.921642288565634 65.781719386577606 405.98463322222233 27.700556322932243 390.88724498450756 116.39107230305672 87.331654265522957 25.835194543004036 25.653466448187828 139.84362056851387 126.81596153974533 25.946741119027138 29.932615533471107
leaf_count=11513 2304 1162 7937 2843 1839 60 679 470 1324 608 1932 84 321 1924 341 214 140 65 462 2121 145 1765 661 506 149 153 797 623 119 164
internal_value=-0.000260367 0.0384709 -0.0275288 -0.0185585 0.065248 -0.0138442 0.00400981 0.0430216 0.021498 -0.0187666 -0.0174208 -0.0155208 0.029366 -0.0106633 0.0918915 -0.00568861 -0.0291313 -0.016903 0.00172292 0.0334168 0.0419561 0.0523279 0.0129319 0.0107166 0.0210962 0.0321931 0.00740299 0.0457905 0.0518845 0.043812
internal_weight=6734.21 2782.21 3951.99 3026.79 1079.14 2696.17 582.476 159.242 1703.07 2113.7 2043.14 1758.48 887.269 423.234 96.2503 328.594 284.657 1738.91 80.7034 649.803 243.819 633.456 815.801 699.409 168.753 81.4213 530.657 216.118 152.763 55.5861
internal_count=43425 14153 29272 21335 4766 18492 3688 871 9387 14804 14196 12124 4653 2817 401 2138 2072 12040 527 3329 1208 2927 4734 4073 972 466 3101 1063 742 317
is_linear=0
shrinkage=0.05


Tree=9
num_leaves=31
num_cat=1
split_feature=7 7 8 4 7 4 7 1 5 7 1 3 12 4 6 7 5 5 1 7 5 4 7 4 5 6 4 3 4 1
split_gain=2573.3 445.138 404.957 211.392 92.4936 87.0027 120.878 208.175 42.6565 40.2021 17.0171 105.525 14.0871 13.993 13.5045 12.1128 11.4729 10.073 9.71458 9.0675 8.45339 8.17837 65.1713 7.8358 7.11342 6.87836 6.83428 8.16052 7.73245 7.1558
threshold=0.061769910156726844 0.23654867708683017 0.65519553422927868 0.84756097197532665 0.67185840010643016 0.34731592237949377 0.022035398520529274 0.505102038383484 0.73333334922790538 0.12566372007131579 0.38435374200344091 0.015795755200088028 0 0.3369396179914475 0.038043128326535232 0.0037168140988796954 0.52959111332893383 0.54240113496780407 0.9506097435951234 0.15415929257869723 0.38491770625114446 0.063352478668093695 0.022035398520529274 0.32274959981441503 0.56470659375190746 0.25040192902088171 0.32274959981441503 0.12147029116749765 0.37014016509056097 0.79795917868614208
decision_type=2 2 2 2 2 2 2 2 2 2 2 2 1 2 2 2 2 2 2 2 2 2 2 2 2 2 2 2 2 2
left_child=2 9 3 5 18 8 7 15 10 20 11 12 21 -11 -8 -7 -12 -16 -3 -15 26 -1 -23 25 -25 -22 27 -2 29 -28
right_child=1 4 -4 -5 -6 6 14 -9 -10 13 16 -13 -14 19 17 -17 -18 -19 -20 -21 23 22 -24 24 -26 -27 28 -29 -30 -31
leaf_value=-0.019533016930430191 -0.0080753086980943529 0.040869744278704885 -0.056394386203264396 -0.056508527073970555 0.07835926106475688 0.037859016784906961 -0.025511926434218797 -0.032358004357386165 -0.057145651118524501 0.015666007800360749 -0.031202285557427441 0.098930719584298887 -0.0075432538357392241 0.026521009485189592 -0.008043277942504496 0.09225559949520383 0.0063079685934577844 0.020983184599283011 0.053679421016890931 0.038462034472548562 0.023991355163236389 0.10181349957265229 -0.023933071922996985 0.0038334936726647849 0.027677568419128957 0.056735225266668111 0.036463031247630021 0.021458234786376987 0.0093412486838094829 -0.0061388352429447967
leaf_weight=1279.7747550681233 98.835166290402412 246.81096297502518 887.23482123762369 317.01088742911816 451.48148475587368 12.200320601463316 107.34322085976601 60.00199967622757 67.618931278586388 196.73819598555565 257.20811828970909 20.008978217840195 367.5401813313365 450.0457778275013 279.63367956876755 86.497295200824738 21.869245976209641 33.294699788093567 398.26839883625507 252.51122699677944 67.526337876915932 12.3581455796957 59.445663511753082 84.096570938825607 50.313773944973946 21.606948539614677 50.729022398591042 30.510640814900398 405.94476817548275 11.956736296415327
leaf_count=9045 599 1162 7937 2843 1839 60 778 459 608 1094 1932 84 2518 2329 1847 352 140 192 1765 1230 374 52 425 473 278 112 287 183 2361 67
internal_value=-0.000269119 0.0360788 -0.0267387 -0.0179114 0.0609769 -0.0133159 0.00382449 0.040995 -0.018076 0.0202074 -0.0167618 -0.0149149 -0.0162485 0.0275162 -0.010206 0.0856272 -0.0282438 -0.00493325 0.0487932 0.0308248 0.0121983 -0.0186113 -0.00210981 0.0205107 0.0128102 0.0320396 0.00907953 -0.00105899 0.0118881 0.0282606
internal_weight=6686.42 2817.38 3869.04 2981.81 1096.56 2664.8 578.971 158.7 2085.82 1720.82 2018.21 1739.13 1719.12 899.295 420.272 98.6976 279.077 312.928 645.079 702.557 821.52 1351.58 71.8038 223.544 134.41 89.1333 597.976 129.346 468.631 62.6858
internal_count=43425 14153 29272 21335 4766 18492 3688 871 14804 9387 14196 12124 12040 4653 2817 412 2072 2039 2927 3559 4734 9522 477 1237 751 486 3497 782 2715 354
cat_boundaries=0 1
cat_threshold=2
is_linear=0
shrinkage=0.05


Tree=10
num_leaves=31
num_cat=0
split_feature=7 7 8 4 7 4 7 1 5 1 1 3 4 6 7 5 5 4 7 3 7 3 1 1 5 7 1 3 3 4
split_gain=2330.35 394.386 394.358 203.96 84.8444 79.7925 109.678 187.011 41.3704 36.0016 16.0047 94.4465 12.5715 12.903 11.9064 11.8192 10.7513 10.1331 75.5122 8.92429 8.76135 16.3335 15.6268 12.8993 10.8183 7.48141 19.1101 6.74151 6.48652 6.43667
threshold=0.061769910156726844 0.23654867708683017 0.65519553422927868 0.84756097197532665 0.67185840010643016 0.34731592237949377 0.022035398520529274 0.35714286565780645 0.73333334922790538 0.81165540218353283 0.38435374200344091 0.015795755200088028 0.38201847672462469 0.038043128326535232 0.0037168140988796954 0.51541250944137584 0.52959111332893383 0.063352478668093695 0.022035398520529274 0.081117331981658949 0.10530973598361017 0.32562056183815008 0.4463601559400559 0.65411680936813366 0.00156885979231447 0.17752212285995486 0.91547620296478283 0.30925156176090246 0.14008718729019168 0.32274959981441503
decision_type=2 2 2 2 2 2 2 2 2 2 2 2 2 2 2 2 2 2 2 2 2 2 2 2 2 2 2 2 2 2
left_child=2 9 3 5 19 8 7 14 10 20 11 17 -8 -14 -7 25 -12 -1 -19 -3 21 -2 24 -24 29 28 -27 -15 -11 -22
right_child=1 4 -4 -5 -6 6 12 -9 -10 15 16 -13 13 27 -16 -17 -18 18 -20 -21 22 -23 23 -25 -26 26 -28 -29 -30 -31
leaf_value=-0.016467853385226796 0.0030449816914328268 0.041148384260094914 -0.055948928953419963 -0.056070304712063201 0.073757128106577405 0.03544440965421141 0.023720074165859022 -0.029374286213515666 -0.056733636818535542 0.019099173940736215 -0.030301878365489084 0.092528669687472309 -0.027524772587777926 -0.0098963979754646235 0.089057615221038861 0.048209693969665172 0.0059704367292150364 0.10016033841652679 -0.022294324553990278 0.053478352804398048 -0.020617990305337154 0.026786261469750688 -0.0070308116268923944 0.017290889986677358 0.037906375306672332 0.010043719647189586 0.048327607479140514 0.011251310567226176 0.03020031606920839 0.020187805329345967
leaf_weight=1620.8328458741307 393.89186361432076 419.20143204927444 850.51403810083866 303.84793591499329 455.56141546368599 12.381826877593992 26.082766264677048 60.960360318422318 64.777099505066872 445.77344085276127 251.7520434781909 20.321888774633408 99.953068390488625 247.23130457103252 84.498047947883606 58.548531785607338 21.953742578625679 15.576944038271902 63.793132066726685 236.17864470183849 12.567130237817763 88.880022555589676 80.372677937150002 167.53311422467232 113.86336374282837 50.27638453245163 94.900646671652794 44.165483221411705 191.10102854669094 39.693845331668854
leaf_count=11513 2304 1900 7937 2843 1839 60 152 473 608 2395 1932 84 744 1638 338 285 140 65 462 1027 71 495 431 897 594 248 463 283 997 207
internal_value=-0.000275909 0.0338923 -0.0259655 -0.0172827 0.0571605 -0.012805 0.00365047 0.0391471 -0.0174049 0.0190087 -0.0161221 -0.0143279 -0.00976576 -0.0120158 0.0823007 0.0264478 -0.0273731 -0.0156134 0.00177115 0.0456068 0.0120281 0.00743083 0.0173734 0.00938582 0.0292503 0.0248063 0.0351199 -0.00667124 0.0224423 0.0102592
internal_weight=6636.99 2848.34 3788.64 2938.13 1110.94 2634.28 575.273 157.84 2059.01 1737.4 1994.23 1720.52 417.433 391.35 96.8799 840.6 273.706 1700.2 79.3701 655.38 896.802 482.772 414.03 247.906 166.124 782.052 145.177 291.397 636.874 52.261
internal_count=43425 14153 29272 21335 4766 18492 3688 871 14804 9387 14196 12124 2817 2665 398 4388 2072 12040 527 2927 4999 2799 2200 1328 872 4103 711 1921 3392 278
is_linear=0
shrinkage=0.05


Tree=11
num_leaves=31
num_cat=0
split_feature=7 8 7 4 7 4 7 1 5 1 1 3 6 7 5 5 5 4 7 4 1 4 7 1 1 3 5 4 3 3
split_gain=2112.49 383.944 351.256 196.759 78.4569 73.1485 99.7665 168.974 40.1139 31.6574 15.0357 84.8734 11.7032 10.5051 10.2684 10.0691 9.59487 9.25418 68.2252 8.63557 8.4784 12.308 8.28112 8.49071 15.747 7.94781 7.90057 7.8376 7.32551 7.55605
threshold=0.061769910156726844 0.65519553422927868 0.23654867708683017 0.84756097197532665 0.67185840010643016 0.34731592237949377 0.022035398520529274 0.505102038383484 0.73333334922790538 0.81165540218353283 0.38435374200344091 0.015795755200088028 0.034470714628696449 0.0037168140988796954 0.51541250944137584 0.52959111332893383 0.54240113496780407 0.063352478668093695 0.024867256172001365 0.201944574713707 0.9595918357372285 0.46368466317653662 0.12566372007131579 0.46306306123733526 0.7124060094356538 0.32562056183815008 0.0067463025916367778 0.38905704021453863 0.016779279336333278 0.24231127649545672
decision_type=2 2 2 2 2 2 2 2 2 2 2 2 2 2 2 2 2 2 2 2 2 2 2 2 2 2 2 2 2 2
left_child=1 3 9 5 20 8 7 13 10 19 11 17 -8 -7 -11 -12 -14 -1 -19 28 21 27 25 26 -25 -21 -24 -4 -2 -30
right_child=2 -3 4 -5 -6 6 12 -9 -10 14 15 -13 16 -15 -16 -17 -18 18 -20 22 -22 -23 23 24 -26 -27 -28 -29 29 -31
leaf_value=-0.015820787212940727 0.010310420917387255 -0.055526348626126654 0.035940663896576845 -0.055655233273449005 0.06966134709924765 0.033233147341704752 -0.025331776654175377 -0.030632068691469706 -0.05634649082016141 0.023289155122652248 -0.029416130314932721 0.087002545179060461 -0.0080288316710250811 0.083262084103371325 0.044908417331890632 0.0056522162180096917 0.018765826145403702 0.078050039447809028 -0.026591894712333166 0.0073872897957032784 0.049585319394304557 0.048976655744740138 0.017927269362451637 -0.01084081323467578 0.026199099306618834 0.023867745295980441 0.045524618676691386 0.014718675686939759 -0.03180654600695778 0.01335480963728101
leaf_weight=1603.2305419296026 47.238948091864586 815.03596092015505 179.07460762560368 291.13081090152264 458.160749360919 12.547616824507712 89.723001554608345 57.4703269302845 62.031187161803246 791.12747932970524 246.50428979098797 20.532430410385132 287.34589920938015 86.573637366294861 59.686540961265564 22.033766344189644 37.621275424957275 21.259245336055756 57.414286583662033 498.6810290813446 271.75229915976524 154.80067807435989 54.058195993304253 46.261448830366135 74.671169593930244 86.175736635923386 51.700782284140587 58.921966701745987 30.318807229399681 13.066635385155676
leaf_count=11513 272 7937 804 2843 1839 60 679 459 608 4103 1932 84 1924 352 285 140 214 105 422 2848 1166 685 274 238 379 470 253 272 184 81
internal_value=-0.000280824 -0.0252105 0.0318835 -0.0166735 0.0537204 -0.0123119 0.00348819 0.0374841 -0.0167542 0.0178928 -0.0155028 -0.0137608 -0.00934294 0.0770193 0.0248168 -0.0265191 -0.00490663 -0.0149989 0.00168427 0.0113555 0.0427139 0.0379359 0.0129912 0.0211227 0.0119913 0.00982782 0.0314959 0.030716 -0.00323612 -0.0180906
internal_weight=6586.15 3710.45 2875.7 2895.42 1122.71 2604.29 571.282 156.592 2033.01 1752.99 1970.97 1702.44 414.69 99.1213 850.814 268.538 324.967 1681.9 78.6735 902.173 664.55 392.797 811.548 226.692 120.933 584.857 105.759 237.997 90.6244 43.3854
internal_count=43425 29272 14153 21335 4766 18492 3688 871 14804 9387 14196 12124 2817 412 4388 2072 2138 12040 527 4999 2927 1761 4462 1144 617 3318 527 1076 537 265
is_linear=0
shrinkage=0.05


Tree=12
num_leaves=31
num_cat=1
split_feature=7 8 7 4 7 4 7 1 5 7 1 3 12 4 7 6 5 5 4 1 4 4 4 6 1 5 4 7 8 6
split_gain=1916.7 373.749 314.322 189.791 72.9488 67.2693 103.115 153.788 38.5535 28.6217 15.356 78.4087 13.4984 11.3079 10.9665 10.9078 10.2728 9.39041 8.67399 7.51173 10.7399 7.05402 7.03469 10.4026 6.87342 6.76402 6.73903 6.53903 8.51003 6.4475
threshold=0.061769910156726844 0.65519553422927868 0.23654867708683017 0.84756097197532665 0.67185840010643016 0.33923077583312994 0.022035398520529274 0.35714286565780645 0.73333334922790538 0.12566372007131579 0.29889455437660223 0.016779279336333278 0 0.3369396179914475 0.0037168140988796954 0.034470714628696449 0.52959111332893383 0.54240113496780407 0.51542207598686229 0.9595918357372285 0.46368466317653662 0.39448615908622747 0.42875768244266516 0.27909746766090399 0.48814120888710028 0.38491770625114446 0.32274959981441503 0.00026548672030912718 0.66026899218559276 0.040196964517235763
decision_type=2 2 2 2 2 2 2 2 2 2 2 2 1 2 2 2 2 2 2 2 2 2 2 2 2 2 2 2 2 2
left_child=1 3 9 5 19 8 7 14 10 25 11 12 -1 -11 -7 -8 -12 18 -17 20 21 -4 23 -15 -20 -2 -27 -3 -29 -28
right_child=2 27 4 -5 -6 6 15 -9 -10 13 16 -13 -14 22 -16 17 -18 -19 24 -21 -22 -23 -24 -25 -26 26 29 28 -30 -31
leaf_value=-0.016878960608422543 0.0073620528165426 -0.055857022520982715 0.03226506393142508 -0.055261400300011171 0.065982693769914044 0.031200795569519421 -0.024886067685778248 -0.023157051470969792 -0.055982345257860083 0.012394316807902608 -0.030205152459177806 0.089024737656725916 -0.0058740126646082517 0.035413976073695501 0.081956727645203689 -0.017249569404748588 0.0053520715292349041 0.017645802995845197 -0.014504085518394367 0.046514728014355598 0.045843641543095101 0.0069175145514389141 0.021637603439104092 0.0081225656904275103 0.0074044505050739244 0.027975043874647304 -0.010397892495992973 -0.051740695156020367 0.016179726652084857 0.0160115339537064
leaf_weight=1297.2327613309026 608.30049090087414 761.65876767039299 208.08790810406208 278.85657940804958 459.48459966480732 12.699155390262602 95.067201793193817 65.12954968214035 59.380615033209324 202.63752019405365 218.05138743668795 18.380789682269096 356.98472054302692 259.66113096475601 86.838588982820511 149.49185041338205 22.109563827514648 38.004877090454102 55.475475817918777 275.12255349755287 157.05692504346371 32.286619633436203 426.62460657954216 40.988514885306358 100.44964669644833 91.941590458154678 29.051020532846451 11.821677654981615 7.3120664805173865 108.38877695798874
leaf_count=9460 3497 7761 927 2843 1839 60 733 525 608 1094 1742 74 2509 1230 350 1053 140 214 369 1166 685 149 2121 208 655 486 160 112 64 591
internal_value=-0.00028414 -0.0244704 0.0300336 -0.0160811 0.0506055 -0.0118347 0.00277017 0.0365001 -0.0163039 0.0168536 -0.0150666 -0.0133616 -0.0145076 0.0228965 0.0755692 -0.00989057 -0.02691 -0.00571888 -0.00864748 0.0400842 0.0356095 0.0288855 0.0258137 0.0317138 -0.000362484 0.0101374 0.0174691 -0.0551247 -0.0255754 0.0103894
internal_weight=6534.58 3634.95 2899.63 2854.15 1132.04 2575.3 603.156 164.667 1972.14 1767.59 1912.76 1672.6 1654.22 929.912 99.5377 438.489 240.161 343.422 305.417 672.554 397.431 240.375 727.274 300.65 155.925 837.682 229.381 780.793 19.1337 137.44
internal_count=43425 29272 14153 21335 4766 18492 3959 935 14533 9387 13925 12043 11969 4653 410 3024 1882 2291 2077 2927 1761 1076 3559 1438 1024 4734 1237 7937 176 751
cat_boundaries=0 1
cat_threshold=2
is_linear=0
shrinkage=0.05


Tree=13
num_leaves=31
num_cat=0
split_feature=7 8 7 4 7 4 7 1 5 1 1 3 4 7 6 7 5 5 4 3 4 7 7 7 3 4 1 6 7 6
split_gain=1740.37 363.865 282.265 183.385 68.1529 61.6973 93.8722 137.184 37.4615 26.3224 13.9147 69.7057 12.9602 10.3657 10.1161 9.96105 9.50484 8.3937 8.189 7.49991 7.48159 51.0931 7.109 9.48524 6.97185 6.45226 6.33853 5.82392 8.01386 5.95876
threshold=0.061769910156726844 0.48919753730297094 0.23654867708683017 0.84756097197532665 0.67185840010643016 0.33923077583312994 0.022035398520529274 0.35714286565780645 0.73333334922790538 0.83728626370430004 0.29889455437660223 0.016779279336333278 0.201944574713707 0.0037168140988796954 0.034470714628696449 0.12566372007131579 0.52959111332893383 0.54240113496780407 0.51542207598686229 0.015418577007949354 0.063352478668093695 0.024867256172001365 0.00026548672030912718 0.024867256172001365 0.10576450079679491 0.36695635318756109 0.48814120888710028 0.29185217618942266 0.31805309653282171 0.031890114769339568
decision_type=2 2 2 2 2 2 2 2 2 2 2 2 2 2 2 2 2 2 2 2 2 2 2 2 2 2 2 2 2 2
left_child=1 3 9 5 24 8 7 13 10 12 11 20 19 -7 -8 -14 -12 18 -16 -2 -1 -22 -3 -24 27 -9 -20 28 -4 -30
right_child=2 22 4 -5 -6 6 14 25 -10 -11 16 -13 15 -15 17 -17 -18 -19 26 -21 21 -23 23 -25 -26 -27 -28 -29 29 -31
leaf_value=-0.014594502329482801 0.0098770593723162374 -0.055504966838261532 0.026353896816655203 -0.054887050807792576 0.062651713416111893 0.02932686925331195 -0.023973729951435135 0.021026280866676329 -0.055639501097130895 0.024004207402401889 -0.029121511350428387 0.084369168231801794 0.0094964772643647138 0.078476387552004451 -0.016579363470508639 0.019879064571997857 0.0050688504009337556 0.016604828801954331 -0.013796367612591063 -0.01603073718688541 0.070094527543309346 -0.025599882098286904 0.011589081203714737 -0.052943713030209144 0.045283543366908853 -0.027888737159675998 0.0073230116616589099 0.051531037102645089 0.012276781129883549 0.04347032134150592
leaf_weight=1570.2944475710392 49.280777230858803 728.99193325638771 243.78540061414242 267.02063412964344 459.7130878418684 12.837761670351027 93.189740985631943 7.4701370745897284 56.824427828192711 640.62620621919632 211.99533976614475 18.136659622192383 672.17159400880337 85.619814723730087 147.80609294772148 355.04947257041931 22.181370541453362 38.364776194095612 54.835184916853905 63.863797217607498 19.631501153111458 47.462733559310436 9.3606209754943848 13.90837088227272 212.37047718465328 55.983033925294876 100.44291624426842 44.977405115962029 17.533153921365738 160.94106177985668
leaf_count=11508 280 7761 1073 2843 1839 60 731 61 608 3214 1731 73 3757 348 1053 1756 140 214 368 380 97 358 77 130 891 459 652 193 76 694
internal_value=-0.000286034 -0.0237428 0.0283259 -0.0154713 0.0477626 -0.0113288 0.00273171 0.0352229 -0.0156403 0.0158873 -0.014432 -0.0128109 0.0113213 0.0721548 -0.00936567 0.0130916 -0.0258609 -0.00535829 -0.00815946 -0.00470354 -0.0138955 0.00238815 -0.0546284 -0.0268311 0.0376759 -0.0220274 -0.000107023 0.0341984 0.0323286 0.0404425
internal_weight=6482.67 3562.36 2920.31 2810.1 1139.32 2543.08 596.549 161.911 1946.53 1780.99 1889.7 1655.53 1140.37 98.4576 434.639 1027.22 234.177 341.449 303.084 113.145 1637.39 67.0942 752.261 23.269 679.607 63.4532 155.278 467.237 422.26 178.474
internal_count=43425 29272 14153 21304 4766 18461 3946 928 14515 9387 13907 12036 6173 408 3018 5513 1871 2287 2073 660 11963 455 7968 207 2927 520 1020 2036 1843 770
is_linear=0
shrinkage=0.05


Tree=14
num_leaves=31
num_cat=1
split_feature=7 8 7 4 7 4 7 1 5 1 1 3 12 6 6 3 4 5 4 7 8 4 1 4 3 3 7 7 10 7
split_gain=1581.27 353.987 254.326 176.497 63.9239 56.3703 85.7943 127.234 36.234 23.5555 13.5387 64.5055 12.6261 10.0796 9.43916 9.43076 9.05454 8.62562 6.66001 6.65548 7.69352 6.59755 6.49362 9.12022 6.00227 7.03413 5.97768 35.7023 13.8132 5.92984
threshold=0.061769910156726844 0.65519553422927868 0.23654867708683017 0.84756097197532665 0.67185840010643016 0.33923077583312994 0.022035398520529274 0.505102038383484 0.73333334922790538 0.81165540218353283 0.29889455437660223 0.016779279336333278 0 0.0082209734246134775 0.052871976047754295 0.30925156176090246 0.22863636910915378 0.51541250944137584 0.201944574713707 0.00026548672030912718 0.66026899218559276 0.36695635318756109 0.9595918357372285 0.46368466317653662 0.016779279336333278 0.24231127649545672 0.027699114754796032 0.00070796458749100577 0.44078992307186132 0.10530973598361017
decision_type=2 2 2 2 2 2 2 2 2 2 2 2 1 2 2 2 2 2 2 2 2 2 2 2 2 2 2 2 2 2
left_child=1 3 9 5 22 8 7 13 10 18 11 12 26 -7 -8 -16 -12 -11 24 -3 -21 -9 23 -4 -2 -26 27 -1 -29 -20
right_child=2 19 4 -5 -6 6 14 21 -10 17 16 -13 -14 -15 15 -17 -18 -19 29 20 -22 -23 -24 -25 25 -27 -28 28 -30 -31
leaf_value=-0.016168855274842672 0.0086150533334233073 -0.055172356223995522 0.025199376527392195 -0.054530570207310648 0.059613557737169635 0.01969151493680418 -0.019285680106446827 0.019688230841849019 -0.055316399760920468 0.019469687936699773 -0.038141634209720526 0.08068931913757646 -0.004961052461095506 0.073501346193497713 -0.0077875487505733761 0.01660483064240972 -0.017544957443305999 0.03896106376014373 0.0068544988440295152 -0.050669171464534896 0.014507308968789418 -0.029603442492147039 0.041383535765933177 0.040664525520563329 -0.030591287632513571 0.01308572981395845 -0.033255014739486423 0.0071018511379777258 0.086315068070480477 0.015381318902251208
leaf_weight=1200.7611795067787 48.029225632548332 697.51378590613604 245.00349199771881 255.61699010431767 459.00465939939022 10.01544715464115 148.34969406574965 7.5827246978878966 54.361366726458073 814.14889147877693 86.128769725561142 18.32673966884613 352.27690069377422 90.407924041152 236.86592736840248 47.396208100020885 145.12847676128149 61.680559188127518 446.52369317412376 10.925494834780695 7.4596757590770713 53.198569662868977 280.29392448067665 160.5729101151228 29.640488028526306 13.103085428476332 47.044385641813278 11.014891989529135 11.245966359972952 380.67266136407852
leaf_count=8968 272 7761 1076 2843 1839 46 1133 61 608 4103 732 74 2509 378 1586 305 1150 285 2511 112 64 450 1166 685 184 81 368 78 46 1951
internal_value=-0.000286952 -0.0230342 0.0267386 -0.0149455 0.0451518 -0.0109263 0.00253472 0.0336635 -0.0150784 0.0149819 -0.0139044 -0.0123006 -0.013359 0.0682094 -0.00905839 -0.00369851 -0.0252507 0.0208524 0.00937378 -0.0543827 -0.0240183 -0.0233497 0.035459 0.0313431 -0.00343768 -0.0170861 -0.0156838 -0.0150012 0.0475502 0.0107859
internal_weight=6430.29 3491.62 2938.67 2775.72 1144.87 2520.11 593.816 161.205 1926.29 1793.8 1871.93 1640.67 1622.34 100.423 432.612 284.262 231.257 875.829 917.969 715.899 18.3852 60.7813 685.87 405.576 90.7728 42.7436 1270.07 1223.02 22.2609 827.196
internal_count=43425 29272 14153 21335 4766 18492 3959 935 14533 9387 13925 12043 11969 424 3024 1891 1882 4388 4999 7937 176 511 2927 1761 537 265 9460 9092 124 4462
cat_boundaries=0 1
cat_threshold=2
is_linear=0
shrinkage=0.05


Tree=15
num_leaves=31
num_cat=0
split_feature=7 8 7 4 7 4 7 1 5 1 1 3 1 1 7 5 3 7 6 5 7 7 10 4 4 7 7 1 1 5
split_gain=1438.7 331.933 246.254 166.11 73.0455 46.4344 83.3262 113.987 34.9451 18.6612 14.9191 57.5972 13.5267 15.5921 12.4304 11.5888 9.50201 10.1679 9.32177 9.286 8.59273 39.4169 15.3354 7.90126 7.16057 7.15865 8.58133 7.11584 11.987 8.88458
threshold=0.047610620036721236 0.48919753730297094 0.17752212285995486 0.84756097197532665 0.67185840010643016 0.33923077583312994 0.022035398520529274 0.35714286565780645 0.73333334922790538 0.81165540218353283 0.29889455437660223 0.016779279336333278 0.90692642331123363 0.56711712479591381 0.0034513274440541868 0.52959111332893383 0.32562056183815008 0.10530973598361017 0.049592409282922752 0.51541250944137584 0.027699114754796032 0.00044247785990592098 0.44078992307186132 0.51542207598686229 0.49412102997303015 0.00026548672030912718 0.024867256172001365 0.4463601559400559 0.57417583465576183 0.00156885979231447
decision_type=2 2 2 2 2 2 2 2 2 2 2 2 2 2 2 2 2 2 2 2 2 2 2 2 2 2 2 2 2 2
left_child=1 3 9 5 12 8 7 14 10 16 11 20 13 -4 -7 -12 17 -2 -8 -11 21 -1 -23 -20 -15 -3 -27 29 -29 -19
right_child=2 25 4 -5 -6 6 18 -9 -10 19 15 -13 -14 24 -16 -17 -18 27 23 -21 -22 22 -24 -25 -26 26 -28 28 -30 -31
leaf_value=-0.013262217040122893 0.0010360015047221917 -0.05485774675770945 0.03470489892514831 -0.054190478016524213 0.05682438641178808 0.01543036551613724 -0.022435808194776155 -0.020592990941200762 -0.055011624978758583 0.016285177790703351 -0.02969873548232348 0.076933077112051954 0.036222123193365985 0.0065415164508676842 0.072763927141870785 0.013866455553767729 0.022256215725774648 0.0024973626377956222 -0.015573230743084573 0.0365145079726431 -0.035006982865197107 0.0057415932921744354 0.082653833397275236 0.0026540623641903255 0.047516635662264356 0.010119206091750203 -0.05196587090217062 -0.022760759381298137 0.010747061062750776 0.029002051049513429
leaf_weight=1530.76486877352 493.609609618783 667.20507024228573 132.26029580831528 244.63843303918839 457.49863238632679 10.947907373309134 119.04137579351664 61.534389011561871 51.989905551075935 668.79762877523899 188.18785072118044 17.961039811372757 614.99903059005737 119.03029622137547 85.823035761713982 16.391254007816315 97.952110514044762 46.937307506799698 105.24568589776754 62.507151558995247 42.667544469237328 11.971839323639871 14.465945720672606 135.59247390925884 11.691572308540342 9.4817571565508842 12.901386678218842 30.277970731258392 216.11537390947342 99.705658346414566
leaf_count=11430 2902 7761 590 2843 1839 51 955 520 608 3392 1607 73 2617 543 357 105 528 245 769 285 342 84 59 880 50 77 130 159 1126 498
internal_value=-0.00028702 -0.0230301 0.0245072 -0.0149502 0.0406086 -0.0109337 0.00230542 0.0325326 -0.0145964 0.011971 -0.0134377 -0.0118219 0.0321477 0.0225904 0.0663519 -0.0261787 0.00746731 0.00582554 -0.0109825 0.0180258 -0.0128262 -0.0122131 0.0481669 -0.00529363 0.010278 -0.0539164 -0.0255155 0.0118262 0.00660161 0.02056
internal_weight=6378.19 3326.81 3051.38 2637.22 1335.48 2392.59 518.185 158.305 1874.4 1715.9 1822.41 1617.83 877.981 262.982 96.7709 204.579 984.598 886.646 359.88 731.305 1599.87 1557.2 26.4378 240.838 130.722 689.588 22.3831 393.036 246.393 146.643
internal_count=43425 28651 14774 20683 5639 17840 3532 928 14308 9135 13700 11988 3800 1183 408 1712 5458 4930 2604 3677 11915 11573 143 1649 593 7968 207 2028 1285 743
is_linear=0
shrinkage=0.05


Tree=16
num_leaves=31
num_cat=0
split_feature=7 8 7 4 7 4 7 1 5 7 1 1 3 5 6 6 3 7 1 5 7 7 10 7 7 6 4 1 1 1
split_gain=1309.52 322.968 222.289 160.186 52.585 42.4598 76.472 110.167 33.845 20.3768 16.5734 13.9893 52.5088 10.7946 10.2337 9.61979 8.41614 9.09494 8.31301 8.20965 8.10492 35.6782 15.0542 7.23763 8.17641 6.42209 6.37034 7.10548 6.31359 11.217
threshold=0.047610620036721236 0.48919753730297094 0.31805309653282171 0.84756097197532665 0.17752212285995486 0.33923077583312994 0.024867256172001365 0.35714286565780645 0.73333334922790538 0.67185840010643016 0.81165540218353283 0.29889455437660223 0.016779279336333278 0.52959111332893383 0.049592409282922752 0.0082209734246134775 0.32562056183815008 0.10530973598361017 0.9506097435951234 0.51541250944137584 0.027699114754796032 0.00070796458749100577 0.44078992307186132 0.00026548672030912718 0.024867256172001365 0.29185217618942266 0.51542207598686229 0.48814120888710028 0.4463601559400559 0.65411680936813366
decision_type=2 2 2 2 2 2 2 2 2 2 2 2 2 2 2 2 2 2 2 2 2 2 2 2 2 2 2 2 2 2
left_child=1 3 4 5 10 8 7 15 11 -4 16 12 20 -13 -8 -7 17 -2 25 -12 21 -1 -23 -3 -25 -6 -16 -28 -19 -30
right_child=2 23 9 -5 18 6 14 -9 -10 -11 19 13 -14 -15 26 -17 -18 28 -20 -21 -22 22 -24 24 -26 -27 27 -29 29 -31
leaf_value=-0.012697992529366485 0.00098362847902735864 -0.054559804410018932 0.036175778666363671 -0.053865407398031966 0.020592972750482975 0.017972664510266155 -0.024763650625654336 -0.014893285607941174 -0.054723869764850358 0.054248739901930333 0.015354924343127322 -0.02884972887704711 0.073787000835828107 0.013063999003968683 -0.014955382188097627 0.068142229617912928 0.020904357887606789 0.019355453623157812 0.034461231996178003 0.034271820109763755 -0.034117759663780729 0.005436207765786588 0.082719275782769844 0.0095552307365705837 -0.051449071512640859 0.042760466780767101 -0.016287301571616102 0.010417814819544324 -0.0095973310732457243 0.013397778573170569
leaf_weight=1517.9343040511012 493.89556668698788 638.04381316155195 242.15318812429905 234.07675224542618 319.07800835371017 11.086042806506155 108.99836058914661 82.540507525205612 49.708305202424526 455.31766368448734 673.72512526810169 184.14681809395552 17.798784106969833 16.530633136630058 104.14675329625607 90.785833418369293 99.049452289938927 147.95527936518192 286.42403003573418 63.254160985350609 41.620153523981571 12.016588628292086 13.534811094403265 9.5435920208692551 12.393321767449379 37.011196240782738 36.050242826342583 79.703484758734703 76.612346440553665 170.54989644885063
leaf_count=11434 2902 7761 1012 2843 1445 53 894 675 608 1839 3392 1607 73 105 769 391 528 743 1188 285 342 84 55 77 130 155 246 504 407 878
internal_value=-0.000286113 -0.022343 0.023177 -0.0144121 0.0158641 -0.0105056 0.00221125 0.0279841 -0.0140304 0.0479873 0.0113105 -0.0129031 -0.0113381 -0.0253674 -0.0122284 0.0627546 0.007068 0.00551862 0.0280786 0.0169898 -0.0123017 -0.011708 0.0467316 -0.0535808 -0.0247595 0.0229224 -0.00598391 0.00205076 0.011173 0.00624881
internal_weight=6325.69 3260.66 3065.03 2600.68 2367.56 2366.6 513.311 184.412 1853.29 697.471 1725.04 1803.58 1602.9 200.677 328.899 101.872 988.063 889.013 642.513 736.979 1585.11 1543.49 25.5514 659.981 21.9369 356.089 219.9 115.754 395.118 247.162
internal_count=43425 28651 14774 20683 11923 17840 3532 1119 14308 2851 9135 13700 11988 1712 2413 444 5458 4930 2788 3677 11915 11573 139 7968 207 1600 1519 750 2028 1285
is_linear=0
shrinkage=0.05


Tree=17
num_leaves=31
num_cat=2
split_feature=7 8 7 4 7 4 7 1 5 7 3 1 3 12 7 7 5 6 1 12 1 1 1 7 7 10 7 8 4 4
split_gain=1192.37 314.161 202.679 154.16 47.0255 38.6842 69.9943 102.287 32.7051 19.6703 15.1506 13.5849 49.0222 12.2256 11.2848 10.3223 10.1631 9.55958 7.48341 7.25479 7.49778 11.5752 7.23421 7.18198 26.8651 10.1253 6.83787 6.64283 6.47704 9.39464
threshold=0.047610620036721236 0.65519553422927868 0.31805309653282171 0.84756097197532665 0.17752212285995486 0.33923077583312994 0.024867256172001365 0.35714286565780645 0.73333334922790538 0.67185840010643016 0.32562056183815008 0.29889455437660223 0.016779279336333278 0 0.0034513274440541868 0.10530973598361017 0.52959111332893383 0.049592409282922752 0.9506097435951234 1 0.87171053886413585 0.56949809193611156 0.81605800986289989 0.027699114754796032 0.00070796458749100577 0.44078992307186132 0.00026548672030912718 0.66026899218559276 0.26999843120574957 0.40257234871387487
decision_type=2 2 2 2 2 2 2 2 2 2 2 2 2 1 2 2 2 2 2 1 2 2 2 2 2 2 2 2 2 2
left_child=1 3 4 5 10 8 7 14 11 19 15 12 13 23 -7 22 -13 -8 -6 20 21 -4 -2 24 -1 -26 -3 -28 -17 -30
right_child=2 26 9 -5 18 6 17 -9 -10 -11 -12 16 -14 -15 -16 28 -18 -19 -20 -21 -22 -23 -24 -25 25 -27 27 -29 29 -31
leaf_value=-0.014508347321168702 0.0009339294132188205 -0.054277297467516361 0.04059011503092827 -0.053554076984549254 0.021624464411811296 0.012184425891057043 -0.0240650649243433 -0.014632402487296288 -0.054451936849832849 0.051857684471581324 0.02058207158232192 -0.028225554760020324 0.071255559830635848 -0.0034776800259113966 0.066199272302664244 0.0034825131736967658 0.012314789764440863 -0.0058169485152215891 0.032541046125053305 0.015264343366198436 0.044491874373526925 -0.0042397796910513359 0.015473099527310394 -0.035545588510242858 0.0061881907695428978 0.073882057647568569 -0.049142247706627964 0.012496131422780721 0.021524508635237097 0.0092665601407374478
leaf_weight=1166.5172486081719 494.16704601049423 610.00567077845335 36.682592466473579 223.92299495637417 358.54910817742348 11.145455762743948 107.41692956537008 82.286665923893452 47.514654353260994 452.56958502531052 316.98262445628643 181.52939250320196 17.846269026398659 344.58994397521019 90.244665950536728 172.80728846788406 16.662107527256012 219.39747530221939 288.11942559480667 43.078222557902336 140.74308604001999 23.323691233992577 103.61371451616287 38.248481027781963 11.136764638125898 11.254972770810125 9.7026354074478167 7.6435573101043692 271.24168065190315 374.77462577819824
leaf_count=8968 2902 7761 156 2843 1600 51 897 680 608 1839 1576 1618 74 2505 395 913 105 1522 1188 178 578 100 559 324 78 46 112 64 1316 1869
internal_value=-0.000284541 -0.0216684 0.0219345 -0.0139203 0.0149888 -0.0101327 0.00203303 0.0267295 -0.0135192 0.0456621 0.0106905 -0.0124256 -0.0108796 -0.0118199 0.0603287 0.00847236 -0.0247876 -0.0118355 0.0265003 0.0341255 0.0381384 0.023104 0.00346454 -0.0141579 -0.0134627 0.0406133 -0.0533903 -0.0217789 0.0121213 0.0144236
internal_weight=6273.72 3197.07 3076.65 2569.71 2380.26 2345.79 510.491 183.677 1835.3 696.397 1733.59 1787.79 1589.59 1571.75 101.39 1416.6 198.192 326.814 646.669 243.828 200.749 60.0063 597.781 1227.16 1188.91 22.3917 627.352 17.3462 818.824 646.016
internal_count=43425 28651 14774 20714 11923 17871 3545 1126 14326 2851 9135 13718 11995 11921 446 7559 1723 2419 2788 1012 834 256 3461 9416 9092 124 7937 176 4098 3185
cat_boundaries=0 1 2
cat_threshold=2 2
is_linear=0
shrinkage=0.05


Tree=18
num_leaves=31
num_cat=0
split_feature=7 8 7 4 7 5 6 7 1 7 1 3 3 4 7 7 7 1 4 5 4 4 5 4 6 1 1 1 5 1
split_gain=1085.99 305.574 185.186 148.853 42.0935 36.6762 30.9828 69.1611 125.853 18.9439 16.5192 35.4425 13.4319 11.1936 9.22197 7.28407 7.40626 6.75931 6.59091 7.62243 5.97363 5.7706 8.42971 8.32272 5.73738 5.58101 13.0679 5.42846 5.86384 5.28175
threshold=0.047610620036721236 0.48919753730297094 0.31805309653282171 0.84756097197532665 0.17752212285995486 0.90000000596046459 0.038043128326535232 0.022035398520529274 0.34013606607913976 0.67185840010643016 0.35714286565780645 0.015795755200088028 0.32562056183815008 0.51542207598686229 0.10530973598361017 0.00026548672030912718 0.024867256172001365 0.9506097435951234 0.50125628709793102 0.028902865946292881 0.25211864709854132 0.26999843120574957 0.37248815596103674 0.40257234871387487 0.29185217618942266 0.86576578021049511 0.69722220301628124 0.846052646636963 0.38491770625114446 0.48814120888710028
decision_type=2 2 2 2 2 2 2 2 2 2 2 2 2 2 2 2 2 2 2 2 2 2 2 2 2 2 2 2 2 2
left_child=1 3 4 5 12 6 10 8 -8 25 11 -1 14 -9 18 -3 -17 24 27 -20 -12 22 -16 -23 -6 26 -4 28 -2 -15
right_child=2 15 9 -5 17 -7 7 13 -10 -11 20 -13 -14 29 21 16 -18 -19 19 -21 -22 23 -24 -25 -26 -27 -28 -29 -30 -31
leaf_value=-0.011552818052861511 -0.0042589814660353052 -0.054009088404942431 0.037571778797948652 -0.053255306875199949 0.018220524654526813 -0.054194036735939088 0.066304101904224436 -0.016276286028231186 -0.019754368245527495 0.049627370712320235 -0.04860732611808502 0.06432663260354303 0.01937697185459792 -0.012003250594864658 -0.0048616437566613886 0.0082994866818451984 -0.050542980314636027 0.03075483471903008 0.025734418711525087 -0.0087295476112255101 -0.023210415963582365 0.020267952131756747 0.018152573915336215 0.0087668249254616148 0.039036743038520033 0.036771813578815413 -0.0083426393153838464 0.015110883324846195 0.0083119294594666427 0.0076762016199806993
leaf_weight=1546.5730718821287 326.50244942307472 583.06450666487217 38.916701808571815 214.16750870645046 323.4184625595808 45.329869396984577 94.841032490134239 259.72315527498722 76.699182860553265 449.34926640987396 31.308169566094875 15.426793791353701 319.79314276576042 52.004194185137749 111.52031555771828 9.6468456164002419 11.495209686458111 289.57710961997509 59.703775823116302 21.609235480427742 97.208598494529724 273.59850309789181 61.582388535141945 376.29645512998104 37.479265406727791 180.85605621337891 25.404546409845352 61.64751809835434 129.38353207707405 98.362443849444389
leaf_count=11836 1951 7761 164 2843 1445 607 410 2115 674 1839 294 68 1576 356 594 77 130 1188 342 124 843 1316 319 1869 155 739 109 330 714 637
internal_value=-0.000282273 -0.0210063 0.0207706 -0.0133775 0.0141673 -0.00968797 -0.00879552 0.00115054 0.0278074 0.0435014 -0.0122203 -0.0107961 0.010108 -0.00999186 0.00801858 -0.0529555 -0.0235459 0.025025 0.00328548 0.0165146 -0.0294693 0.0114557 0.0033027 0.0136187 0.0204064 0.0322379 0.0193748 0.00119452 -0.000679266 0.000833393
internal_weight=6222.49 3135.85 3086.64 2531.64 2392.11 2317.48 2272.15 581.63 171.54 694.527 1690.52 1562 1741.64 410.09 1421.84 604.207 21.1421 650.475 598.847 81.313 128.517 822.998 173.103 649.895 360.898 245.177 64.3212 517.533 455.886 150.367
internal_count=43425 28651 14774 20683 11923 17840 17233 4192 1084 2851 13041 11904 9135 3108 7559 7968 207 2788 3461 466 1137 4098 913 3185 1600 1012 273 2995 2665 993
is_linear=0
shrinkage=0.05


Tree=19
num_leaves=31
num_cat=0
split_feature=7 8 7 4 7 5 4 7 1 7 1 1 3 7 5 6 7 7 7 10 5 7 6 1 5 3 6 5 3 7
split_gain=989.229 297.02 169.427 143.431 37.7447 35.3045 28.2679 60.2574 85.0414 18.2312 12.4089 11.5132 40.323 9.84279 9.39203 8.55905 7.36251 7.16637 28.557 10.7408 7.08158 7.06085 6.22034 6.63543 10.1216 12.3282 9.36706 9.61774 5.89753 6.35146
threshold=0.047610620036721236 0.48919753730297094 0.31805309653282171 0.84756097197532665 0.17752212285995486 0.62470659613609325 0.33923077583312994 0.024867256172001365 0.35714286565780645 0.67185840010643016 0.81165540218353283 0.29889455437660223 0.016779279336333278 0.0034513274440541868 0.52959111332893383 0.049592409282922752 0.00026548672030912718 0.027699114754796032 0.00044247785990592098 0.44078992307186132 0.51541250944137584 0.024867256172001365 0.29185217618942266 0.90692642331123363 0.01510427473112941 0.0091431704349815863 0.04512110352516175 0.0017953017959371211 0.32562056183815008 0.10530973598361017
decision_type=2 2 2 2 2 2 2 2 2 2 2 2 2 2 2 2 2 2 2 2 2 2 2 2 2 2 2 2 2 2
left_child=1 3 4 5 10 6 11 8 13 -4 28 12 17 -8 -13 -9 -3 18 -1 -20 -12 -18 23 24 25 26 -6 -28 29 -2
right_child=2 16 9 -5 22 -7 7 15 -10 -11 20 14 -14 -15 -16 -17 21 -19 19 -21 -22 -23 -24 -25 -26 -27 27 -29 -30 -31
leaf_value=-0.011203555374269494 0.00079038638850267634 -0.053754133463653903 0.030482349055780095 -0.052967992124292387 0.065493020969470475 -0.053263780796185801 0.011654751520555997 -0.022618333571876734 -0.01282124908971209 0.047538033241461872 0.01291502916776381 -0.026493659289140339 0.066096850674108976 0.062505282219257829 0.012605139733912963 -0.0051298144846625184 0.0078467096330072528 -0.031979071339730748 0.005677096997237706 0.070235839375489176 0.030311379543025513 -0.050052985359850359 0.037876975315023646 0.025533070325089863 0.00089450115044734243 0.0019321028249795161 -0.0032258814334763155 0.045547070438343433 0.017300938649543209 0.009267522457839376
leaf_weight=1479.4540340527892 494.88960099220276 557.19273879379034 246.30730096995831 204.80015315115452 21.129453554749489 44.715893417596817 11.02931299805641 103.956053994596 79.421083196997643 445.74001367390156 686.48986439406872 173.46502246707678 17.105988681316376 86.383002117276192 16.610936686396599 217.11009952425957 9.697746679186821 39.209250420331955 11.981406055390837 14.356969475746153 64.500168815255165 11.039884522557259 69.723322406411171 402.59847812354565 82.276219829916954 37.536283731460571 17.795590981841087 22.72468963265419 102.0160536468029 401.21555715799332
leaf_count=11430 2902 7761 1012 2843 92 616 50 894 671 1839 3392 1607 73 390 105 1519 77 342 84 59 285 130 285 1692 373 167 79 100 528 2028
internal_value=-0.000279634 -0.0203532 0.0196794 -0.0128804 0.0133971 -0.00929841 -0.00842014 0.00208428 0.0255226 0.0414802 0.00956007 -0.0114079 -0.00998721 0.056817 -0.0230457 -0.0108132 -0.0526573 -0.0108371 -0.0102811 0.0411895 0.0144196 -0.0228291 0.0236517 0.0219388 0.0139272 0.0246759 0.0384172 0.0240488 0.00589763 0.00459207
internal_weight=6172.47 3077.53 3094.94 2499.6 2402.9 2294.8 2250.08 497.9 176.833 692.047 1749.11 1752.18 1562.11 97.4123 190.076 321.066 577.93 1545 1505.79 26.3384 750.99 20.7376 653.784 584.061 181.462 99.186 61.6497 40.5203 998.121 896.105
internal_count=43425 28651 14774 20683 11923 17840 17224 3524 1111 2851 9135 13700 11988 440 1712 2413 7968 11915 11573 143 3677 207 2788 2503 811 438 271 179 5458 4930
is_linear=0
shrinkage=0.05


Tree=20
num_leaves=31
num_cat=2
split_feature=7 8 7 4 5 7 6 7 1 7 1 3 12 1 4 7 7 12 5 1 1 5 4 1 6 4 3 7 1 1
split_gain=901.311 288.516 155.117 138.141 33.8948 33.8821 26.2375 58.0074 106.671 17.5669 14.9551 29.9217 11.2393 11.0667 9.8406 7.43976 6.73145 6.4509 6.30238 6.18284 9.10733 5.91322 5.89425 5.77758 5.67062 5.30599 5.24958 5.69306 5.59353 10.059
threshold=0.047610620036721236 0.48919753730297094 0.31805309653282171 0.84756097197532665 0.90000000596046459 0.17752212285995486 0.038043128326535232 0.022035398520529274 0.34013606607913976 0.67185840010643016 0.35714286565780645 0.015795755200088028 0 0.81165540218353283 0.51542207598686229 0.00026548672030912718 0.024867256172001365 1 0.51541250944137584 0.87171053886413585 0.56949809193611156 0.0035768887028098111 0.25211864709854132 0.9506097435951234 0.086564276367425932 0.42360590398311621 0.32562056183815008 0.10530973598361017 0.4463601559400559 0.57417583465576183
decision_type=2 2 2 2 2 2 2 2 2 2 2 2 1 2 2 2 2 1 2 2 2 2 2 2 2 2 2 2 2 2
left_child=1 3 5 4 6 13 10 8 -8 17 11 12 -1 26 -9 -3 -17 19 -15 20 21 -4 -12 25 -20 -7 27 -2 -29 -30
right_child=2 15 9 -5 -6 23 7 14 -10 -11 22 -13 -14 18 -16 16 -18 -19 24 -21 -22 -23 -24 -25 -26 -27 -28 28 29 -31
leaf_value=-0.012908812377010867 0.00075053468475985837 -0.053511454016165839 0.0087125521838647326 -0.052691097113162888 -0.0537225915666684 0.011240857283705698 0.062037385335494979 -0.01506943853156005 -0.018379413672706121 0.04557314177490096 -0.047620186038082123 0.060260656617473075 -0.0025616917836011918 0.012200084527421159 0.0010563785509202612 0.0074208740915047413 -0.049570044081052984 0.011162161787264343 0.043694482196206717 0.0383075888518878 -0.0052212836416644856 0.049987442711410354 -0.021753147853476498 0.027649462159407914 0.013829347538497412 0.023483157601194907 0.016300287795619744 0.016375141397351575 -0.022775669198047615 0.0078856981917153155
leaf_weight=1183.2178367078304 495.1076166331768 532.36151301115751 14.464906975626944 195.81036372482777 41.394211411476135 160.29810592532158 91.881362587213516 253.87386821210384 74.552021987736225 441.81496605277061 29.559823378920555 14.923093132674692 338.95583739131689 690.28851464390755 149.86243113130331 9.7459891438484192 10.602149099111557 43.583528056740761 31.795414760708809 142.79289607703686 23.442009389400482 23.093444168567657 94.111735761165619 291.80415366590023 33.255998075008392 204.62318220734596 102.84875942766666 151.231550604105 30.268800184130669 221.37642614543438
leaf_count=9324 2902 7761 60 2843 607 713 410 2115 674 1839 294 68 2512 3392 993 77 130 178 140 578 100 96 843 1188 145 887 528 743 159 1126
internal_value=-0.000276133 -0.0197163 0.0186534 -0.0124002 -0.00892395 0.0126738 -0.00808812 0.00115804 0.0259961 0.0395758 -0.0112654 -0.00991316 -0.0106083 0.00904495 -0.00907255 -0.0523693 -0.0221262 0.0288304 0.0136182 0.0325771 0.0190401 0.0342893 -0.0280097 0.0223675 0.028548 0.0181238 0.00558745 0.00435324 0.00876701 0.00417019
internal_weight=6122.94 3020.85 3102.09 2468.14 2272.33 2412.9 2230.94 570.17 166.433 689.192 1660.77 1537.1 1522.17 1756.17 403.736 552.71 20.3481 247.377 755.34 203.793 61.0004 37.5584 123.672 656.725 65.0514 364.921 1000.83 897.984 402.877 251.645
internal_count=43425 28651 14774 20683 17840 11923 17233 4192 1084 2851 13041 11904 11836 9135 3108 7968 207 1012 3677 834 256 156 1137 2788 285 1600 5458 4930 2028 1285
cat_boundaries=0 1 2
cat_threshold=2 2
is_linear=0
shrinkage=0.05


Tree=21
num_leaves=31
num_cat=0
split_feature=7 7 7 7 4 7 1 7 7 1 4 8 5 1 1 1 7 4 3 7 5 3 5 6 6 6 5 1 6 1
split_gain=821.415 359.759 212.891 51.2927 38.7138 37.6693 64.7026 40.3339 13.3499 63.609 12.8206 10.2401 13.2907 8.35073 10.916 7.6268 6.99791 5.68183 5.57772 5.43448 5.3974 5.95096 5.08065 4.99057 4.95741 14.131 13.1867 5.87824 4.77314 6.96044
threshold=0.00044247785990592098 1.0000000180025095e-35 0.17752212285995486 0.67185840010643016 0.15779159218072894 0.016371681354939941 0.505102038383484 0.061769910156726844 0.024867256172001365 0.34013606607913976 0.063352478668093695 1.0000000180025095e-35 0.030816714279353622 0.90692642331123363 0.56711712479591381 0.81165540218353283 0.016371681354939941 0.49412102997303015 0.33290378749370581 0.061769910156726844 0.36885663866996771 0.028359654359519485 0.51541250944137584 0.086564276367425932 0.14561489224433902 0.18733490258455279 0.50488919019699108 0.56949809193611156 0.060868855565786369 0.76095238327980053
decision_type=2 2 2 2 2 2 2 2 2 2 2 2 2 2 2 2 2 2 2 2 2 2 2 2 2 2 2 2 2 2
left_child=1 -1 4 13 10 6 -6 8 9 -7 -2 20 -13 14 -4 24 -12 -16 -11 -18 -10 -22 -17 -24 28 27 -27 -26 -9 -30
right_child=2 -3 3 -5 5 7 -8 15 11 18 16 12 -14 -15 17 22 19 -19 -20 -21 21 -23 23 -25 25 26 -28 -29 29 -31
leaf_value=-0.01023686186412554 -0.046910895972268052 -0.05300995737081448 0.025356549656582985 0.043718809889875226 0.059645399854767071 0.061731753907460579 -0.033780556345229515 0.0077585004176688038 -0.012681985379802014 -0.01704749057513125 0.023981080225355781 -0.01147994311054684 -0.057761439840620071 0.026004486513661957 0.0019955512897966636 0.012242353066883354 -0.024538092239795719 0.037856553992761104 0.029838166275708702 -0.0054921091815945859 -0.0073975414881351596 0.014296172550233001 0.0410192105978796 0.013090623723546883 0.0021352153594215626 0.0034492203727230042 0.034185899337494018 -0.027732732354556207 0.013210210634249007 0.047858603808224848
leaf_weight=1455.8149128109217 29.144756063818932 742.49481988698244 138.00568078458309 437.6381923109293 75.6995799690485 40.109995782375336 24.38267308473587 343.28038492798805 52.831491507589817 85.7286232188344 13.044932857155798 320.08954121917486 16.282639622688293 635.04731816053391 122.40893162786961 659.6840852200985 67.620753847062588 12.092036604881285 6.6873008087277404 85.916166380047798 50.162815824151039 84.207863494753838 32.172044992446899 33.378449395298958 24.786187902092934 315.71976637840271 39.227575778961182 47.244012057781219 65.051728010177612 18.895254150032997
leaf_count=11418 274 11259 590 1839 342 196 235 1823 418 740 84 2541 138 2617 543 3208 661 50 55 507 347 564 140 145 129 1682 190 252 340 98
internal_value=-0.000272401 -0.0246878 0.0135721 0.0296456 0.0050276 0.00681928 0.0368235 0.0054722 -0.0049425 0.00921081 -0.0163196 -0.00853557 -0.0137516 0.0228497 0.0154725 0.00980168 -0.0109125 0.00528244 -0.0135722 -0.0139234 0.000812495 0.00616089 0.013579 0.0269157 0.00658759 0.00276048 0.00686889 -0.0173969 0.0103992 0.0211162
internal_weight=6074.85 2198.31 3876.54 1345.19 2531.35 2335.62 100.082 2235.54 656.1 132.526 195.727 523.574 336.372 907.554 272.507 1579.44 166.582 134.501 92.4159 153.537 187.202 134.371 725.235 65.5505 854.205 426.978 354.947 72.0302 427.227 83.947
internal_count=43425 22677 20748 5639 15109 13583 577 13006 4999 991 1526 4008 2679 3800 1183 8007 1252 593 795 1168 1329 911 3493 285 4514 2253 1872 381 2261 438
is_linear=0
shrinkage=0.05


Tree=22
num_leaves=31
num_cat=0
split_feature=7 7 7 7 4 7 1 7 4 7 1 8 5 1 1 1 7 7 3 4 3 5 4 6 4 6 4 5 3 6
split_gain=752.211 351.417 192.39 48.4133 35.1889 34.9218 59.4062 36.2599 12.2293 12.1438 57.9162 9.38265 12.7694 7.50369 9.73669 6.80943 6.35571 5.4572 5.38162 5.26109 5.04565 4.89163 5.8298 4.78593 7.35459 4.84235 4.72463 4.68544 4.66295 5.52654
threshold=0.00044247785990592098 1.0000000180025095e-35 0.17752212285995486 0.67185840010643016 0.15779159218072894 0.016371681354939941 0.505102038383484 0.061769910156726844 0.063352478668093695 0.024867256172001365 0.34013606607913976 1.0000000180025095e-35 0.030816714279353622 0.90692642331123363 0.56711712479591381 0.81165540218353283 0.016371681354939941 0.022035398520529274 0.36086349189281469 0.21389906853437426 0.33290378749370581 0.36885663866996771 0.25211864709854132 0.049592409282922752 0.51542207598686229 0.18463078141212466 0.38961258530616766 0.42036484181880956 0.028359654359519485 0.22962705045938495
decision_type=2 2 2 2 2 2 2 2 2 2 2 2 2 2 2 2 2 2 2 2 2 2 2 2 2 2 2 2 2 2
left_child=1 -1 4 13 8 6 -6 9 -2 10 17 21 23 14 27 -9 -10 -7 -18 -16 -12 -11 -23 -13 25 -25 -24 -4 -28 -30
right_child=2 -3 3 -5 5 7 -8 15 16 11 20 12 -14 -15 19 -17 18 -19 -20 -21 -22 22 26 24 -26 -27 28 -29 29 -31
leaf_value=-0.0097969210875524324 -0.046156278253972227 -0.052769131658096859 0.028477201317027162 0.041963296430889446 0.057611770447146007 0.070378479516805814 -0.032960479216423304 0.0062389049082431621 0.022711629189372206 -0.012158161956671902 -0.016403660258558422 -0.019982783510909024 -0.05727097367347659 0.024617053418597164 -0.019860966715209073 0.012832250335265276 -0.016496560738560508 0.027190671124618274 0.01478188176342648 0.0089502850393926078 0.027773256429546672 -0.030243454121491948 0.019054523984108479 0.00042683994972961124 0.0057359246277231372 -0.019664033757208248 -0.01812832399183428 0.0050514152355329023 -0.0020926325556551027 0.037427731227728155
leaf_weight=1445.4065772816539 28.16676227748394 709.42534846067429 111.70656150579453 433.26578687131405 74.487628377974033 29.228649601340294 23.758391000330448 856.7769321501255 13.089770771563051 52.368689961731434 84.670186452567577 101.33953236788511 15.618641398847101 637.24384567141533 18.159990191459656 729.02354031801224 137.02833212167025 10.558565348386763 15.038584917783735 116.48899126052856 6.8289072662591925 10.190591454505919 59.250314578413963 42.539784952998161 75.886371240019798 97.782529093325138 23.642646327614784 27.111973062157631 29.360770732164383 12.42839142680168
leaf_count=11418 274 11259 475 1839 342 138 235 4514 84 418 740 903 138 2617 87 3493 1071 58 97 506 55 77 383 328 515 795 169 115 204 78
internal_value=-0.000268645 -0.0239486 0.0129051 0.028192 0.00477863 0.00647708 0.035647 0.00519249 -0.015709 -0.0047309 0.00883514 -0.00816392 -0.0131966 0.021631 0.0146481 0.00927377 -0.0104613 0.0591397 -0.0133628 0.00501558 -0.0130253 0.000766464 0.0058272 -0.0109957 -0.00675291 -0.0135418 0.00883729 0.0239449 -0.00035335 0.00960293
internal_weight=6027.87 2154.83 3873.04 1343.98 2529.06 2335.74 98.246 2237.5 193.323 651.695 131.286 520.408 333.167 910.711 273.468 1585.8 165.157 39.7872 152.067 134.649 91.4991 187.241 134.873 317.548 216.209 140.322 124.682 138.819 65.4318 41.7892
internal_count=43425 22677 20748 5639 15109 13583 577 13006 1526 4999 991 4008 2679 3800 1183 8007 1252 196 1168 593 795 1329 911 2541 1638 1123 834 590 451 282
is_linear=0
shrinkage=0.05


Tree=23
num_leaves=31
num_cat=0
split_feature=7 7 7 7 7 1 7 7 1 4 3 7 1 1 4 8 5 1 5 6 6 6 6 4 4 6 4 3 4 3
split_gain=688.741 343.024 173.972 45.6789 32.0004 74.7362 51.7596 17.6162 62.9675 15.2894 9.37267 6.8404 6.75177 8.70317 6.56973 6.24384 11.6446 5.14293 6.52576 7.25759 6.75146 6.61722 6.43901 5.83272 11.4251 11.9998 6.66187 6.42625 5.0235 4.89951
threshold=0.00044247785990592098 1.0000000180025095e-35 0.17752212285995486 0.67185840010643016 0.016371681354939941 0.505102038383484 0.047610620036721236 0.024867256172001365 0.20204082131385806 0.25211864709854132 0.32562056183815008 0.022035398520529274 0.90692642331123363 0.56711712479591381 0.1649659872055054 1.0000000180025095e-35 0.030816714279353622 0.81165540218353283 0.0018356341170147064 0.22477751225233081 0.055809069424867637 0.25324466824531561 0.044065866619348533 0.39154426753520971 0.35832114517688757 0.074185702949762358 0.44127418100833898 0.083703000098466887 0.49412102997303015 0.05774903483688832
decision_type=2 2 2 2 2 2 2 2 2 2 2 2 2 2 2 2 2 2 2 2 2 2 2 2 2 2 2 2 2 2
left_child=1 -1 4 12 5 -2 7 8 11 -9 14 -6 13 -4 -8 -11 29 -16 19 20 22 -21 -19 24 25 -20 -25 -28 -15 -17
right_child=2 -3 3 -5 6 -7 10 9 -10 15 -12 -13 -14 28 17 16 -18 18 23 21 -22 -23 -24 26 -26 -27 27 -29 -30 -31
leaf_value=-0.0093731610855598453 0.054954006165591887 -0.052537242103644299 0.022628726395583842 0.040296638378852619 0.069616394519476141 -0.036399572298749579 -0.0086147770607536769 -0.031791223918776493 -0.014716263457798499 -0.00028400857118422192 0.015338578576952583 0.024866494676868359 0.023315195556156746 0.0016582491749686885 0.0043728853125746181 -0.016651188275175911 -0.056820294217092338 0.0063027513548292906 -0.0034042833813434127 -0.03489358471669924 0.023060373088688843 0.0015551643558746565 -0.036827849255136505 -0.0075049447290791368 0.041636851379456885 0.027387770582032341 0.0084185499119724481 0.03559970838770575 0.035261750868912346 -0.0022712459543401853
leaf_weight=1435.4795054420829 83.325476050376892 677.73016703873873 139.54513239860535 428.74666450917721 30.77519054710865 30.452766612172127 72.903567761182785 92.353679485619068 104.91689733415842 132.76017162203789 329.02250424027443 12.569922029972075 639.13928605616093 122.60493414103985 858.27034815400839 152.32560011744499 14.681195564568041 40.307751715183258 59.103831455111504 20.927239686250687 48.883083418011665 29.91462154686451 10.887325942516325 49.382090538740158 48.365288779139519 67.31148986518383 111.4637221544981 27.238075286149979 12.183552041649817 98.37957002222538
leaf_count=11418 389 11259 590 1839 148 305 443 957 935 1004 1576 72 2617 543 4642 1244 135 197 285 101 242 147 54 247 213 324 531 133 50 785
internal_value=-0.0002647 -0.0232206 0.0122734 0.0268205 0.00454248 0.0304488 0.00331752 -0.00888226 0.00619444 -0.01345 0.00771341 0.0568413 0.0204862 0.0138708 0.00597272 -0.00917608 -0.0136038 0.00675204 0.010715 0.0019373 0.00977866 -0.0133886 -0.00282599 0.0143505 0.0209437 0.0129605 0.00818918 0.0138142 0.00475663 -0.0110314
internal_weight=5981.95 2113.21 3868.74 1342.22 2526.52 113.778 2412.74 638.762 148.262 490.5 1773.98 43.3451 913.473 274.334 1444.96 398.147 265.386 1372.05 513.785 150.92 100.078 50.8419 51.1951 362.864 174.781 126.415 188.084 138.702 134.788 250.705
internal_count=43425 22677 20748 5639 15109 694 14415 5280 1155 4125 9135 220 3800 1183 7559 3168 2164 7116 2474 741 493 248 251 1733 822 609 911 664 593 2029
is_linear=0
shrinkage=0.05


Tree=24
num_leaves=31
num_cat=1
split_feature=7 7 7 7 7 1 7 4 7 1 12 3 3 5 6 6 3 1 6 3 4 5 6 7 5 1 1 6 4 3
split_gain=630.565 334.589 157.382 43.072 29.6315 68.7048 46.8085 16.7391 12.3346 48.7564 9.40598 8.36006 6.36867 6.21963 8.88411 8.21475 7.34097 6.61942 6.45922 8.62323 5.79416 5.61917 5.5992 5.49302 5.28945 5.25016 10.5335 5.21902 5.10717 4.61181
threshold=0.00044247785990592098 1.0000000180025095e-35 0.17752212285995486 0.67185840010643016 0.016371681354939941 0.505102038383484 0.047610620036721236 0.23182243108749392 0.024867256172001365 0.34013606607913976 0 0.32562056183815008 0.3860259354114533 0.45527841150760656 0.031890114769339568 0.091627478599548354 0.31598296761512762 0.9416099786758424 0.074038933962583556 0.043557312339544303 0.46515600383281713 0.36090452969074255 0.049592409282922752 0.022035398520529274 0.46868900954723364 0.81165540218353283 0.46306306123733526 0.038144992664456374 0.38961258530616766 0.33290378749370581
decision_type=2 2 2 2 2 2 2 2 2 2 1 2 2 2 2 2 2 2 2 2 2 2 2 2 2 2 2 2 2 2
left_child=1 10 4 12 5 -2 7 27 9 23 -1 13 -4 15 28 16 17 18 -8 -20 -17 -22 24 -9 -10 26 -16 -6 -15 -11
right_child=2 -3 3 -5 6 -7 11 8 22 29 -12 -13 -14 14 25 20 -18 -19 19 -21 21 -23 -24 -25 -26 -27 -28 -29 -30 -31
leaf_value=-0.011170030685685362 0.053087901283237919 -0.052313517756962205 0.017710958164605852 0.038710349281944091 -0.046700813141977715 -0.035600821342619403 0.0082196895177091608 0.067224405784060998 -0.021928374029131573 -0.015210308044226432 -0.0014660894927795943 0.014482212632102557 0.029825367375815814 0.0043509180164166793 0.027264496158789377 -0.0034182997229610422 -0.029911600137715284 -0.027699948478429822 0.012437725421360754 0.062202298194518425 0.015250209323503862 -0.0104589531916973 -0.0054010098901256121 0.024078041402364195 0.0057424181883121549 0.022514109903561817 0.0021579434261319542 -0.020201207918804254 -0.027636290481218451 0.026884682148757527
leaf_weight=1101.4556896314025 81.979773752391338 647.36486570164561 788.05046367645264 424.12349206209183 28.249159686267376 29.603241451084614 469.40820136666298 27.642681732773781 115.44744947552681 82.75738438218832 324.5577308088541 331.00769060850143 127.83404631912708 32.002974703907967 58.483433201909065 418.99436681717634 12.254836134612558 11.837132275104521 26.3504938185215 13.216650210320948 89.538263514637947 27.543229848146439 281.81516827642918 10.821710348129271 19.941691488027573 121.13248980045319 147.50566135346889 58.539093218743801 20.122370988130569 6.8913310542702666
leaf_count=8955 389 11259 3286 1839 309 305 2498 138 1074 740 2463 1576 514 162 290 2265 76 58 135 67 457 136 2151 58 162 555 759 593 101 55
internal_value=-0.00026051 -0.022504 0.0116769 0.0255251 0.00431938 0.029503 0.00315085 -0.00853232 -0.00527243 0.00827242 -0.0089652 0.00730419 0.0194103 0.00565943 0.0111666 0.00370038 0.0080956 0.00900509 0.00987383 0.0293016 -0.00066155 0.00915574 -0.00944468 0.055309 -0.0178146 0.0142265 0.00932011 -0.0289281 -0.0079309 -0.0118924
internal_weight=5936.47 2073.38 3863.09 1340.01 2523.09 111.583 2411.5 632.106 545.317 128.113 1426.01 1779.4 915.885 1448.39 379.247 1069.14 533.067 520.812 508.975 39.5671 536.076 117.081 417.204 38.4644 135.389 327.122 205.989 86.7883 52.1253 89.6487
internal_count=43425 22677 20748 5639 15109 694 14415 5280 4378 991 11418 9135 3800 7559 1867 5692 2834 2758 2700 202 2858 593 3387 196 1236 1604 1049 902 263 795
cat_boundaries=0 1
cat_threshold=2
is_linear=0
shrinkage=0.05


Tree=25
num_leaves=31
num_cat=1
split_feature=7 7 7 7 4 7 1 7 4 7 1 12 8 5 1 3 7 5 4 4 7 6 3 6 5 4 1 6 6 1
split_gain=577.192 326.105 142.399 40.6142 27.4776 28.2037 45.7771 26.5904 11.3469 9.32137 44.8448 8.62381 7.65348 11.9226 5.95653 7.88226 5.52437 5.17123 7.37815 6.76637 5.46903 8.25411 9.08761 8.36634 6.72361 5.73232 5.67942 5.21786 5.41744 5.50329
threshold=0.00044247785990592098 1.0000000180025095e-35 0.17752212285995486 0.67185840010643016 0.15779159218072894 0.016371681354939941 0.505102038383484 0.061769910156726844 0.063352478668093695 0.024867256172001365 0.34013606607913976 0 1.0000000180025095e-35 0.030816714279353622 0.90692642331123363 0.0091431704349815863 0.022035398520529274 0.37111482024192816 0.32274959981441503 0.40257234871387487 0.15265487134456637 0.15922193974256518 0.031152950599789623 0.025945976376533512 0.0010998016223311426 0.37014016509056097 0.8313007950782777 0.20841107517480853 0.14561489224433902 0.47295321524143225
decision_type=2 2 2 2 2 2 2 2 2 2 2 1 2 2 2 2 2 2 2 2 2 2 2 2 2 2 2 2 2 2
left_child=1 11 4 14 8 6 -6 9 -2 10 16 -1 -11 -14 15 -4 -7 18 -9 27 25 23 -23 -22 -25 -20 -27 28 29 -19
right_child=2 -3 3 -5 5 7 -8 17 -10 12 -12 -13 13 -15 -16 -17 -18 19 20 -21 21 22 -24 24 -26 26 -28 -29 -30 -31
leaf_value=-0.010698794864176898 -0.04492550134527646 -0.052097220954064952 0.017970238926449274 0.037197151463616962 0.052191454833028297 0.065831323059249089 -0.030320235631164677 -0.004203087848254009 -0.0093194134251216084 0.00087189838147039192 -0.011400372533766788 -0.0013942448544101123 -0.0097198895830959142 -0.056338237953597416 0.021045638796840155 -0.00010324547055919486 0.022618000500753455 0.034520034322052411 0.015911209267156907 0.0049498363192706793 -0.0057038285078453372 -0.01438034398375657 0.020737370274695174 0.06270847896697021 0.025022701151713352 0.00072864922339186148 0.011368282428693751 0.024343716799512912 -0.0042926600613407678 0.011276069470768995
leaf_weight=1092.7047010883689 26.070205979049206 618.28516886010766 188.3550216704607 419.43326389789581 70.705438338220119 26.838797390460968 21.887129321694374 156.64234259724617 160.56320246309042 186.72182710468769 88.852454513311386 324.23057310283184 310.64835537225008 14.314725033938883 641.95650359988213 87.921431288123131 10.947369500994681 30.995193108916283 117.68478044867516 227.32728840410709 13.511585682630537 33.232376411557198 40.89227531850338 18.31971874833107 36.05292534828186 431.80472742021084 177.35687275230885 124.06414616107941 43.3736582249403 151.07642911374569
leaf_count=8955 274 11259 794 1839 342 138 235 822 1252 1329 795 2463 2541 138 2617 389 58 151 585 1091 63 158 189 85 167 2321 857 583 213 722
internal_value=-0.000256118 -0.0218 0.0111093 0.0242945 0.00410731 0.00558568 0.0326216 0.00446481 -0.0143413 -0.00415939 0.00796281 -0.00857346 -0.0071703 -0.0118055 0.018392 0.0122025 0.0535363 0.00790361 0.00576269 0.0116994 0.00756541 0.0165565 0.00492749 0.029155 0.0379037 0.00579986 0.00383593 0.0160725 0.0114898 0.0152773
internal_weight=5892.77 2035.22 3857.55 1337.67 2519.88 2333.25 92.5926 2240.66 186.633 638.324 126.639 1416.94 511.685 324.963 918.233 276.276 37.7862 1602.33 1025.5 576.837 868.855 142.009 74.1247 67.8842 54.3726 726.846 609.162 349.509 225.445 182.072
internal_count=43425 22677 20748 5639 15109 13583 577 13006 1526 4999 991 11418 4008 2679 3800 1183 196 8007 5247 2760 4425 662 347 315 252 3763 3178 1669 1086 873
cat_boundaries=0 1
cat_threshold=2
is_linear=0
shrinkage=0.05


Tree=26
num_leaves=31
num_cat=1
split_feature=7 7 7 7 7 1 7 4 7 1 12 3 3 7 6 6 4 5 4 1 3 3 1 5 6 6 6 6 4 4
split_gain=528.225 317.6 128.934 38.2502 25.7684 59.1386 38.9343 14.9415 10.304 41.2762 7.90164 7.20558 5.63802 5.54434 5.20196 5.14434 5.12578 4.97211 4.66097 5.9249 4.20196 4.19009 3.97726 5.58554 6.24489 5.96726 5.93354 5.78429 4.74894 10.0877
threshold=0.00044247785990592098 1.0000000180025095e-35 0.17752212285995486 0.67185840010643016 0.016371681354939941 0.505102038383484 0.047610620036721236 0.23182243108749392 0.024867256172001365 0.34013606607913976 0 0.32562056183815008 0.3860259354114533 0.022035398520529274 0.049592409282922752 0.038144992664456374 0.1649659872055054 0.46868900954723364 0.51542207598686229 0.48814120888710028 0.33290378749370581 0.028817758895456794 0.81165540218353283 0.0018356341170147064 0.22477751225233081 0.25324466824531561 0.055809069424867637 0.044065866619348533 0.39154426753520971 0.35832114517688757
decision_type=2 2 2 2 2 2 2 2 2 2 1 2 2 2 2 2 2 2 2 2 2 2 2 2 2 2 2 2 2 2
left_child=1 10 4 12 5 -2 7 15 9 13 -1 16 -4 -9 17 -6 -8 -10 -16 -20 -11 -5 -18 24 26 -26 27 -24 29 -25
right_child=2 -3 3 21 6 -7 11 8 14 20 -12 -13 -14 -15 18 -17 22 -19 19 -21 -22 -23 23 28 25 -27 -28 -29 -30 -31
leaf_value=-0.010244201709018819 0.049968738153646164 -0.051887671381683466 0.015842722382887239 0.028382107794262791 -0.045803411987201351 -0.03418869409862043 -0.0078938462647861578 0.06453520290135005 -0.020923445917475116 -0.014170642162668549 -0.0013258590127530614 0.013213881665518352 0.027227194779939692 0.021265761760096497 -0.010245978133634431 -0.018899223705296547 0.0036454846306530949 0.0059961491730820549 -0.014201592197168997 0.010318757004992641 0.025842493101069376 0.039325158268527387 0.0050204103201784943 0.010980196859978931 -0.033792803484238715 0.00090482000263369554 0.020623547283396122 -0.035989942576014171 0.0069915270047012984 0.037714726152517225
leaf_weight=1084.3571013584733 79.305421285331249 590.44683411344886 792.03353667259216 136.20645666122437 26.741797216236591 28.167896553874016 72.230814278125763 26.0314572006464 112.87313436716795 81.142013721168041 323.91960078477859 333.83644150197506 128.08696185052395 11.064551085233687 163.2194646447897 56.946481965482235 863.6586407572031 19.855333209037781 35.217936664819717 80.851728111505508 6.9657102003693572 278.50161254405975 40.699916943907738 128.17366828024387 20.656126663088799 30.067601501941681 49.707758292555809 10.761148303747175 189.7569639980793 49.156147822737694
leaf_count=8955 389 11259 3286 604 309 305 443 138 1074 740 2463 1576 514 58 1363 593 4642 162 261 527 55 1235 197 609 101 147 242 54 911 213
internal_value=-0.000251327 -0.021108 0.01057 0.0231319 0.00390563 0.027854 0.00283431 -0.00794861 -0.0048734 0.00766271 -0.00819667 0.00658039 0.0174357 0.0518556 -0.00869594 -0.0276003 0.00505402 -0.0168573 -0.00479481 0.00282992 -0.0109248 0.0357508 0.00573457 0.0092001 0.00109901 -0.0131653 0.00830614 -0.00351156 0.0125373 0.0184363
internal_weight=5850.64 1998.72 3851.92 1334.83 2517.09 107.473 2409.61 620.91 537.221 125.204 1408.28 1788.71 920.12 37.096 412.018 83.6883 1454.87 132.728 279.289 116.07 88.1077 414.708 1382.64 518.979 151.893 50.7237 101.169 51.4611 367.087 177.33
internal_count=43425 22677 20748 5639 15109 694 14415 5280 4378 991 11418 9135 3800 196 3387 902 7559 1236 2151 788 795 1839 7116 2474 741 248 493 251 1733 822
cat_boundaries=0 1
cat_threshold=2
is_linear=0
shrinkage=0.05


Tree=27
num_leaves=31
num_cat=2
split_feature=7 7 7 7 7 1 7 4 7 7 1 6 4 12 3 3 12 7 6 6 6 5 6 1 4 1 1 3 3 3
split_gain=483.329 309.087 117.49 37.9256 30.43 54.4332 19.0335 13.9106 11.2191 9.38989 38.0107 7.56101 7.75265 7.23546 6.49793 14.0708 5.80405 5.55327 5.02442 4.80667 5.02829 5.14664 4.78887 4.37886 4.24246 5.35537 4.18551 6.24913 4.51922 3.91156
threshold=0.00044247785990592098 1.0000000180025095e-35 0.31805309653282171 0.12566372007131579 0.016371681354939941 0.505102038383484 0.047610620036721236 0.23182243108749392 0.67185840010643016 0.024867256172001365 0.34013606607913976 0.29185217618942266 0.21458838135004046 0 0.083703000098466887 0.07525773718953134 1 0.022035398520529274 0.038144992664456374 0.049592409282922752 0.046257391571998603 0.46868900954723364 0.25939275324344641 0.87171053886413585 0.51542207598686229 0.48814120888710028 0.83503401279449474 0.018750732764601711 1.0000000180025095e-35 0.028817758895456794
decision_type=2 2 2 2 2 2 2 2 2 2 2 2 2 1 2 2 1 2 2 2 2 2 2 2 2 2 2 2 2 2
left_child=1 13 3 4 5 -2 7 18 16 10 17 12 26 -1 15 -14 22 -9 -6 20 21 -11 -4 -24 -21 -26 28 -28 -5 -10
right_child=2 -3 8 11 6 -7 -8 9 29 19 -12 -13 14 -15 -16 -17 -18 -19 -20 24 -22 -23 23 -25 25 -27 27 -29 -30 -31
leaf_value=-0.0098059091079807023 0.048333900298412141 -0.051684207010173615 0.029039971630050593 0.00071012721153444606 -0.045196652973184093 -0.03340159884739026 0.0035845367932067483 0.063324618554797998 0.027215819620506315 -0.017800360503892859 -0.010465766208022764 0.027895516851741339 0.010890757096908085 -0.0012607691354814012 0.017819614716887127 -0.041144533937881547 0.0042368088805384511 0.02001079055302294 -0.018216059311760707 -0.0098074559533351882 -0.051485650413773502 0.010623815823736853 -0.0094030852572918686 0.020888167839148923 -0.01362640137858798 0.0097400884735289548 0.038216090783267487 0.0034057556799254062 -0.028325789294688333 0.037847698100278
leaf_weight=1076.3960102945566 77.927250623703003 563.80616018921137 150.42593498528004 39.843980863690376 25.771791506558657 27.411844320595264 983.81580336391926 25.225052163004875 134.97735750675201 103.10354179888964 87.38023641705513 70.961048528552055 775.83012397587299 323.62400642037392 408.41081093251705 13.078396737575529 44.11013525724411 11.173900365829466 56.15244248509407 162.02726827561855 9.3940985649824125 18.530142202973366 16.802244633436203 39.185548558831215 34.88228490203619 81.364810138940811 14.18551394343376 138.58680447936058 19.848938629031181 274.99907411634922
leaf_count=8955 389 11259 608 197 309 305 5355 138 604 1003 795 285 3443 2463 1755 59 178 58 593 1363 82 151 69 157 261 527 67 655 107 1235
internal_value=-0.0002464 -0.0204281 0.0100592 0.00607673 0.000987424 0.0270054 -0.000725235 -0.00762711 0.0292512 -0.00466532 0.00737615 0.0119301 0.011121 -0.00783445 0.0126837 0.0100167 0.020849 0.0502562 -0.0268093 -0.00831996 -0.016228 -0.0134239 0.024371 0.0117079 -0.00457393 0.00267984 0.00228902 0.00669362 -0.00889243 0.034367
internal_weight=5809.23 1963.83 3845.41 3184.91 1704.16 105.339 1598.82 615.006 660.5 533.081 123.779 1480.75 1409.78 1400.02 1197.32 788.909 250.524 36.399 81.9242 409.302 131.028 121.634 206.414 55.9878 278.274 116.247 212.465 152.772 59.6929 409.976
internal_count=43425 22677 20748 17897 11329 694 10635 5280 2851 4378 991 6568 6283 11418 5257 3502 1012 196 902 3387 1236 1154 834 226 2151 788 1026 722 304 1839
cat_boundaries=0 1 2
cat_threshold=2 2
is_linear=0
shrinkage=0.05


Tree=28
num_leaves=31
num_cat=2
split_feature=7 7 7 7 7 1 7 4 7 7 1 6 4 12 3 3 7 12 6 8 5 7 6 4 7 1 1 5 1 6
split_gain=442.241 297.446 107.125 33.8539 29.794 53.2666 17.303 12.9401 10.7391 8.55542 35.0219 6.82842 6.94887 6.62146 5.82827 12.8025 5.5515 5.22364 4.90236 4.6696 11.2443 4.8421 4.47629 6.77216 4.46421 4.41852 6.47378 5.15764 4.70706 4.30759
threshold=0.00070796458749100577 1.0000000180025095e-35 0.31805309653282171 0.12566372007131579 0.016371681354939941 0.505102038383484 0.047610620036721236 0.23182243108749392 0.67185840010643016 0.024867256172001365 0.34013606607913976 0.29185217618942266 0.21458838135004046 0 0.083703000098466887 0.07525773718953134 0.022035398520529274 1 0.038144992664456374 1.0000000180025095e-35 0.030816714279353622 0.027699114754796032 0.049592409282922752 0.51542207598686229 0.00026548672030912718 0.87171053886413585 0.56949809193611156 0.0035768887028098111 0.95875850319862377 0.012475360650569202
decision_type=2 2 2 2 2 2 2 2 2 2 2 2 2 1 2 2 2 1 2 2 2 2 2 2 2 2 2 2 2 2
left_child=1 13 3 4 5 -2 7 18 17 10 16 12 -5 -1 15 -14 -9 25 -6 21 22 -11 29 -24 -3 26 27 -4 -27 -21
right_child=2 24 8 11 6 -7 -8 9 -10 19 -12 -13 14 -15 -16 -17 -18 -19 -20 20 -22 -23 23 -25 -26 28 -28 -29 -30 -31
leaf_value=-0.0093835554667540122 0.049839428272493824 -0.051767192295245484 0.00096714157183368666 0.0021732341924100263 -0.044591539401221236 -0.032618610862843088 0.0033990583537060227 0.062189667296130124 0.033040371946321735 0.030419547827857569 -0.010022642665480083 0.026469541779672104 0.01031416130416386 -0.0011988148458034916 0.01686754686302577 -0.039644950736480895 0.018843919914433169 0.0040243353623904002 -0.017549420062366931 0.014382313149730847 -0.055890117896783109 -0.0032499785318556222 -0.013237260541607974 0.0064948288458531594 -0.017393838435926776 0.054651850178341621 -0.0084817165673909088 0.038897713228031552 0.024770104112988165 -0.022966445865434545
leaf_weight=1068.8050147891045 72.340365260839462 532.33824547752738 14.801432490348814 212.55777096748352 24.840506251901388 26.687362238764763 985.58412807434797 24.423332631587982 405.2569944113493 11.594106063246725 86.703442618250847 71.047671228647232 778.18478189408779 323.34301927685738 409.85712763667107 12.902746066451071 11.276007130742071 44.122041016817093 55.394692845642567 8.3902186751365644 13.630315802991388 122.47354693710804 102.21860840916634 75.161404632031918 10.195038728415964 15.072857260704039 23.809458196163177 23.763584434986115 129.17796418070793 73.250848203897476
leaf_count=8955 368 11207 60 1026 309 305 5355 138 1839 90 795 285 3443 2463 1755 59 58 178 593 84 138 949 887 515 73 61 100 96 517 724
internal_value=-0.000241417 -0.0197308 0.00959077 0.00579168 0.000957647 0.0275566 -0.000692333 -0.00731749 0.027987 -0.0044663 0.00709753 0.0113038 0.0105362 -0.00748637 0.0120119 0.00948809 0.048729 0.01979 -0.0260289 -0.00795963 -0.0117158 -0.000280485 -0.00935126 -0.00484904 -0.0511338 0.0231288 0.0118426 0.0245093 0.0279628 -0.0190541
internal_weight=5769.2 1934.68 3834.52 3178.52 1693.97 99.0277 1594.94 609.357 656.004 529.122 122.403 1484.55 1413.5 1392.15 1200.94 791.088 35.6993 250.747 80.2352 406.719 272.651 134.068 259.021 177.38 542.533 206.625 62.3745 38.565 144.251 81.6411
internal_count=43425 22698 20727 17876 11308 673 10635 5280 2851 4378 991 6568 6283 11418 5257 3502 196 1012 902 3387 2348 1039 2210 1402 11280 834 256 156 578 808
cat_boundaries=0 1 2
cat_threshold=2 2
is_linear=0
shrinkage=0.05


Tree=29
num_leaves=31
num_cat=2
split_feature=7 7 7 7 7 1 7 4 7 7 1 6 4 12 7 3 3 6 12 7 6 8 5 1 7 5 3 6 1 3
split_gain=404.455 288.939 97.8696 30.3643 27.5295 49.1806 15.7287 12.028 10.2392 7.79468 32.2805 6.17174 6.23463 6.056 5.53942 5.23108 11.6523 4.77819 4.71073 4.57272 4.29662 4.28591 10.7971 4.33032 4.29108 3.95059 3.84844 3.75562 3.7335 3.71576
threshold=0.00070796458749100577 1.0000000180025095e-35 0.31805309653282171 0.12566372007131579 0.016371681354939941 0.505102038383484 0.047610620036721236 0.23182243108749392 0.67185840010643016 0.024867256172001365 0.34013606607913976 0.29185217618942266 0.21458838135004046 0 0.022035398520529274 0.083703000098466887 0.07525773718953134 0.038144992664456374 1 0.00026548672030912718 0.25939275324344641 1.0000000180025095e-35 0.030816714279353622 0.75255101919174205 0.027699114754796032 0.01771555840969086 0.33290378749370581 0.29780831933021551 0.87171053886413585 0.028817758895456794
decision_type=2 2 2 2 2 2 2 2 2 2 2 2 2 1 2 2 2 2 1 2 2 2 2 2 2 2 2 2 2 2
left_child=1 13 3 4 5 -2 7 17 18 10 14 12 25 -1 -9 16 -14 -6 20 -3 -4 24 23 -23 -11 -5 -12 -26 -22 -10
right_child=2 19 8 11 6 -7 -8 9 29 21 26 -13 15 -15 -16 -17 -18 -19 -20 -21 28 22 -24 -25 27 -27 -28 -29 -30 -31
leaf_value=-0.008976784808164778 0.048377604646254568 -0.051593116649402262 0.026383816930729539 -0.0096987247106473246 -0.043987125424345117 -0.0318397800739511 0.0032234987602612246 0.061121723829946177 0.024735339281164347 0.028308845786625667 -0.012788689919444372 0.025127276817576167 0.0097701824067798673 -0.0011398610054722251 0.017757133697865746 0.015971570065146701 -0.038207767778295564 -0.016899411147989745 0.0038226024049578438 -0.016676897999004545 -0.0095184111957675368 -0.010248625279063801 -0.055501462824520113 0.023633035326478383 -0.0072065313051021904 0.0060132808391904317 0.025485011808403013 0.015636646562832524 0.018454171331544155 0.035200324450174125
leaf_weight=1061.5682354941964 70.841443985700607 508.04162085056305 150.70115524530411 53.132886007428169 23.946868248283863 25.993428230285645 987.25958751887083 23.629484102129936 132.24719709157944 11.836584024131296 79.066760264337063 71.104528173804283 780.38392838835716 323.07594202458858 11.371411100029944 411.17743101716042 12.726972430944441 54.671738296747208 44.132991641759872 10.108221240341662 16.791451841592789 247.52427966147661 13.054735563695429 9.627004422247408 100.47511445730925 159.60310485959053 6.9915156215429297 21.727965891361237 39.197180196642876 268.33067893981934
leaf_count=8955 368 11207 608 266 309 305 5355 138 604 90 740 285 3443 2463 58 1755 59 593 178 73 69 2129 138 81 786 760 55 163 157 1235
internal_value=-0.000236318 -0.0190765 0.00912869 0.00550545 0.000911859 0.0267826 -0.000661003 -0.00701893 0.0267839 -0.00427524 0.00682882 0.0107123 0.00998372 -0.00715204 0.0472662 0.0113785 0.00898926 -0.0252591 0.0187995 -0.050925 0.0219698 -0.0076138 -0.0112392 -0.00895206 -0.000265176 0.00206285 -0.00959527 -0.00309462 0.00997381 0.0317649
internal_weight=5730.34 1902.79 3827.55 3176.15 1688.02 96.8349 1591.18 603.923 651.401 525.305 121.059 1488.13 1417.02 1384.64 35.0009 1204.29 793.111 78.6186 250.823 518.15 206.69 404.246 270.206 257.151 134.04 212.736 86.0583 122.203 55.9886 400.578
internal_count=43425 22698 20727 17876 11308 673 10635 5280 2851 4378 991 6568 6283 11418 196 5257 3502 902 1012 11280 834 3387 2348 2210 1039 1026 795 949 226 1839
cat_boundaries=0 1 2
cat_threshold=2 2
is_linear=0
shrinkage=0.05


Tree=30
num_leaves=31
num_cat=0
split_feature=8 7 4 7 5 4 7 7 5 7 7 1 3 5 4 5 4 3 4 3 3 5 3 3 6 5 7 6 3 6
split_gain=373.109 201.517 98.6081 58.8587 24.5885 19.1322 13.1641 8.74096 8.08372 6.84865 12.7874 6.68645 6.2623 5.65479 7.35201 4.7021 6.30508 4.77354 10.2454 8.31843 4.73713 5.49517 5.41788 4.9968 6.18267 6.19731 6.17285 5.56818 5.5155 4.71548
threshold=0.48919753730297094 0.094336282461881651 0.84756097197532665 0.67185840010643016 0.62470659613609325 0.50125628709793102 0.17752212285995486 0.016371681354939941 0.37347440421581274 0.00026548672030912718 0.019026548601686958 0.77411872148513805 0.23570261150598529 0.36885663866996771 0.38791178166866308 0.011053615249693395 0.32274959981441503 0.34460227191448217 0.35142973065376287 0.40991145372390753 0.053722498938441283 0.0014736613957211377 0.020074732601642612 0.039916142821311958 0.068574033677577986 0.0011594206443987789 0.13831858336925509 0.22477751225233081 0.031152950599789623 0.22771719843149188
decision_type=2 2 2 2 2 2 2 2 2 2 2 2 2 2 2 2 2 2 2 2 2 2 2 2 2 2 2 2 2 2
left_child=1 2 4 6 5 8 15 -7 13 -2 -11 -9 -10 -1 -15 16 -3 18 -18 -19 22 -22 -20 24 25 -24 -25 -28 29 -26
right_child=9 3 -4 -5 -6 7 -8 11 12 10 -12 -13 -14 14 -16 -17 17 19 20 -21 21 -23 23 26 28 -27 27 -29 -30 -31
leaf_value=-0.006242363408539532 -0.051595270398714969 -0.0054605873803786273 -0.050286594037421195 0.030540486736599246 -0.051728172646749851 0.034700022751282859 0.014256274613897491 0.0025455987600314974 0.0012310776595457996 0.051541740360834212 -0.0440017040123784 0.030394594426451788 0.030324911703592479 -0.042682583282174891 0.025912449403399058 0.0094453320372719085 0.024193921180187289 0.031284122633540877 -0.0024196462612459274 0.0011272305888399166 -0.019179858262949073 0.0037239312776225549 0.059635413921432359 -0.021493683606387343 -0.028483864236507069 0.015532787875437557 0.029342640820033433 -0.010224013770879847 0.027475744533454305 0.013809543817384149
leaf_weight=2013.8045559972525 335.43844572454691 150.4507906883955 123.5755329541862 395.94575227797031 27.248130898922682 26.161877937614918 924.89234212040901 291.80986471474171 105.86960939317942 4.5791495740413675 13.552857153117657 23.24434282630682 22.423807203769684 20.84561533480883 4.6345056667923918 682.02402836084366 54.415718778967857 46.679284781217575 140.25325390696526 45.447059333324432 53.786446288228035 50.315240472555161 15.253071710467337 20.641253784298897 13.089010968804361 17.586245685815811 21.025758922100067 15.043796062469481 19.934959083795547 12.921122804284094
leaf_count=16271 7761 786 2843 1839 616 182 3800 2034 733 34 173 131 158 257 37 3233 262 209 695 207 260 247 75 107 64 84 95 69 100 63
internal_value=-0.000231062 0.00306238 -0.00668655 0.01274 -0.00455815 -0.0040418 0.00965044 0.00695518 -0.00577547 -0.0499668 -0.0194481 0.00462512 0.00637485 -0.00654259 -0.029958 0.00651105 0.00354597 0.00613022 0.00392002 0.0164789 0.000996902 -0.00806889 0.00443927 0.0115725 0.0197114 0.036288 0.000162808 0.0127194 0.00770152 -0.00730974
internal_weight=5692.89 5339.32 2659.62 2679.71 2536.04 2508.79 2283.76 341.216 2167.58 353.57 18.132 315.054 128.293 2039.28 25.4801 1358.87 676.843 526.392 434.266 92.1263 379.85 104.102 275.748 135.495 78.7844 32.8393 56.7108 36.0696 45.9451 26.0101
internal_count=43425 35457 23262 12195 20419 19803 10356 2347 17456 7968 207 2165 891 16565 294 6556 3323 2537 2121 416 1859 507 1352 657 386 159 271 164 227 127
is_linear=0
shrinkage=0.05


Tree=31
num_leaves=31
num_cat=1
split_feature=8 7 4 7 5 4 7 1 1 1 3 7 7 7 3 12 4 1 4 7 5 4 4 1 1 6 5 6 4 6
split_gain=352.468 182.167 94.358 54.5648 23.4541 17.8409 18.7287 29.8244 11.9228 9.90917 10.7089 6.88386 13.7168 6.2715 6.23146 5.63514 5.12732 5.31919 4.9185 6.63844 4.68322 4.29598 4.42846 4.09944 10.543 6.0402 5.86469 4.64383 5.21862 4.49859
threshold=0.48919753730297094 0.094336282461881651 0.84756097197532665 0.67185840010643016 0.62470659613609325 0.33923077583312994 0.024867256172001365 0.35714286565780645 0.94868421554565441 0.58114033937454235 0.0091431704349815863 0.00026548672030912718 0.0057522123679518708 0.0034513274440541868 0.021911535412073139 0 0.50125628709793102 0.77411872148513805 0.36695635318756109 0.02008849568665028 0.030270306393504146 0.33489097654819494 0.27356395125389105 0.37117347121238714 0.65411680936813366 0.072323430329561247 0.42036484181880956 0.028000991791486744 0.37254935503005987 0.037615552544593818
decision_type=2 2 2 2 2 2 2 2 2 2 2 2 2 2 2 1 2 2 2 2 2 2 2 2 2 2 2 2 2 2
left_child=1 2 4 8 5 15 7 13 23 -8 -11 -2 -13 -7 -12 21 20 -18 -9 -20 -16 22 -1 27 25 26 -25 28 -3 -29
right_child=11 3 -4 -5 -6 6 9 18 -10 10 14 12 -14 -15 16 -17 17 -19 19 -21 -22 -23 -24 24 -26 -27 -28 29 -30 -31
leaf_value=-0.0083296315498449947 -0.051438744093051172 -0.024306420973186551 -0.050070966052193203 0.029360383722582213 -0.051476412152075962 0.0026737286802171966 -0.0091348834268596534 0.035972274040234724 0.016033127374180875 0.051684417331416967 -0.01891238316883849 0.056774451471925051 -0.044098224358433476 0.045043435301556529 -0.0062678551739478883 -0.0014295300738390113 0.0072823760132577856 0.034562500469112183 -0.022868486197566207 0.010051444765568095 0.0087103723977841122 -0.025039013938215428 0.0098559571484522785 0.015856293441675658 0.0073063815875541371 -0.019555497369138072 -0.02107122784118869 0.030951717847186797 0.012514828544455426 0.012043544031718881
leaf_weight=1236.3607699126005 320.0257304571569 17.356390759348869 118.0426208563149 391.38929402828217 26.043298073112965 10.327631130814551 252.40678006410599 6.3760894164443007 494.35606205463409 11.105274699628351 32.271345518529415 4.3637548983097085 13.407395619899035 67.851793214678764 141.4175378754735 383.74179104715586 120.2663085013628 21.119348891079426 38.097973294556141 25.237562760710716 82.493469752371311 37.586252294480801 34.077153280377388 33.630482599139214 1350.7531014531851 59.587828785181046 15.621188268065451 36.29513044655323 21.202687829732895 259.30337856709957
leaf_count=10642 7761 83 2843 1839 616 50 1889 61 2011 65 195 32 175 390 893 3007 773 115 410 200 488 362 263 171 6257 302 79 162 97 1194
internal_value=-0.000225816 0.0029159 -0.00639172 0.0121048 -0.00434729 -0.00385244 0.00225002 0.0183306 0.00914987 -0.00134206 0.0034598 -0.0497462 -0.0188698 0.0395208 0.00208751 -0.00677344 0.00396105 0.0114142 -0.00538436 -0.00967676 -0.000725819 -0.00833716 -0.00783716 0.00724928 0.006098 -0.00884573 0.00402369 0.0122598 -0.00394999 0.0143918
internal_weight=5662.12 5324.32 2644.82 2679.5 2526.78 2500.74 808.971 147.891 2288.11 661.08 408.673 337.797 17.7712 78.1794 397.568 1691.77 365.297 141.386 69.7116 63.3355 223.911 1308.02 1270.44 1793.75 1459.59 108.839 49.2517 334.158 38.5591 295.599
internal_count=43425 35457 23262 12195 20419 19803 5529 1111 10356 4418 2529 7968 207 440 2464 14274 2269 888 671 610 1381 11267 10905 8345 6809 552 250 1536 180 1356
cat_boundaries=0 1
cat_threshold=2
is_linear=0
shrinkage=0.05


Tree=32
num_leaves=31
num_cat=1
split_feature=8 7 4 7 5 4 7 1 7 1 3 7 7 7 3 12 6 1 1 4 7 4 5 3 1 6 3 6 4 3
split_gain=333.022 164.712 90.2293 50.5592 22.3579 16.1952 17.1339 27.5408 11.0724 8.98608 9.3649 6.91368 12.5663 5.92702 5.66961 5.14821 5.0905 4.42679 6.55021 4.37518 6.10615 4.37085 4.35363 8.72225 5.71344 7.18695 4.92809 8.17111 6.73057 4.5718
threshold=0.48919753730297094 0.094336282461881651 0.84756097197532665 0.67185840010643016 0.62470659613609325 0.33923077583312994 0.024867256172001365 0.35714286565780645 0.17752212285995486 0.58114033937454235 0.0091431704349815863 0.00026548672030912718 0.0057522123679518708 0.0057522123679518708 0.021911535412073139 0 0.28090120851993566 0.90692642331123363 0.56711712479591381 0.36695635318756109 0.02008849568665028 0.21389906853437426 0.36090452969074255 0.23570261150598529 0.67006802558898937 0.056370716542005546 0.1235790252685547 0.21946597844362262 0.39154426753520971 0.034061161801218993
decision_type=2 2 2 2 2 2 2 2 2 2 2 2 2 2 2 1 2 2 2 2 2 2 2 2 2 2 2 2 2 2
left_child=1 2 4 8 5 15 7 13 -3 -8 -11 -2 -13 -7 -12 -1 22 18 -10 -9 -21 -20 26 24 25 -24 27 28 -16 -30
right_child=11 3 -4 -5 -6 6 9 19 17 10 14 12 -14 -15 16 -17 -18 -19 21 20 -22 -23 23 -25 -26 -27 -28 -29 29 -31
leaf_value=-0.0079695835879312685 -0.051286689533108346 0.0058057688143744457 -0.049856908660663057 0.028223781611333727 -0.051220835926596854 0.010932854342924016 -0.008732144767810885 0.033272123596473406 0.01511816019092776 0.047737652430094001 -0.018167967887601218 0.052600615682276586 -0.043445983976617503 0.045459880732044822 -0.014202598830666859 -0.0013594355369246328 0.013144059850494327 0.015185946941587211 -0.022644604082707052 -0.022134704756352132 0.0094830100328137309 0.0033632843675246724 0.051436240458822405 0.038243652564597892 -0.015058849538297822 -0.012922711974421569 -0.013992140961957568 -0.02912277920879007 0.045548129044287518 0.010051649213555985
leaf_weight=1300.1999293491244 305.29802668467164 1365.5842581838369 112.75603554025292 386.91347280144691 24.894157811999321 16.240016803145409 250.89001099765301 6.5522228628396979 142.93802461028099 11.421934656798838 31.9270084425807 4.4793348908424386 12.941616274416447 60.55539558827877 26.383082523941994 383.36778105050325 103.44204970449209 645.78053846955299 18.575500547885895 37.413923539221287 25.41416198015213 119.46930731832981 9.2090964317321795 20.419954501092434 27.832207530736923 7.8803103417158118 72.749703951179981 17.53838562220335 10.494488932192324 70.104149773716927
leaf_count=11267 7761 6556 2843 1839 616 82 1889 61 590 65 195 32 175 358 181 3007 631 2617 87 410 200 506 66 118 174 46 459 109 68 417
internal_value=-0.000220689 0.00277766 -0.00611568 0.0115016 -0.00415066 -0.00367603 0.00214529 0.0176308 0.00867582 -0.00127747 0.00327972 -0.049528 -0.0183055 0.0382471 0.00197955 -0.00646752 0.00375495 0.0128984 0.00761953 -0.00513923 -0.00927104 -0.000114038 3.39714e-05 0.0112288 -0.000997948 0.0215655 -0.00365256 0.00235451 0.00758391 0.0147862
internal_weight=5629.67 5306.95 2627.69 2679.26 2514.93 2490.04 806.468 146.176 2292.35 660.292 409.402 322.719 17.421 76.7954 397.98 1683.57 366.053 926.763 280.983 69.3803 62.8281 138.045 262.611 65.3416 44.9216 17.0894 197.27 124.52 106.982 80.5986
internal_count=43425 35457 23262 12195 20419 19803 5529 1111 10356 4418 2529 7968 207 440 2464 14274 2269 3800 1183 671 610 593 1638 404 286 112 1234 775 666 485
cat_boundaries=0 1
cat_threshold=2
is_linear=0
shrinkage=0.05


Tree=33
num_leaves=31
num_cat=1
split_feature=8 7 4 7 5 4 7 1 7 7 3 1 7 7 4 12 4 3 5 4 8 4 3 7 6 3 3 3 6 7
split_gain=314.682 148.958 86.2481 46.8115 21.304 14.6886 15.7493 28.2565 10.0192 8.91031 7.39832 7.33614 6.93942 11.5336 5.63447 4.69963 4.32291 4.31042 4.26959 5.63368 4.42246 4.82125 9.54377 8.21375 6.38952 6.58661 5.07338 5.48674 5.25058 4.37199
threshold=0.48919753730297094 0.094336282461881651 0.84756097197532665 0.67185840010643016 0.62470659613609325 0.33923077583312994 0.022035398520529274 0.505102038383484 0.17752212285995486 0.003274336340837181 0.05774903483688832 0.77411872148513805 0.00026548672030912718 0.0057522123679518708 0.36695635318756109 0 0.50125628709793102 0.3860259354114533 0.011053615249693395 0.32274959981441503 0.32995180785655981 0.37254935503005987 0.34460227191448217 0.15265487134456637 0.27909746766090399 0.38898989558219915 0.053722498938441283 0.018117990344762806 0.02664279937744141 0.12566372007131579
decision_type=2 2 2 2 2 2 2 2 2 2 2 2 2 2 2 1 2 2 2 2 2 2 2 2 2 2 2 2 2 2
left_child=1 2 4 8 5 15 7 9 18 -7 -8 -12 -2 -14 -9 -1 -13 -10 19 -3 -21 24 26 -24 25 -22 27 28 -23 -29
right_child=12 3 -4 -5 -6 6 10 14 17 -11 11 16 13 -15 -16 -17 -18 -19 -20 20 21 22 23 -25 -26 -27 -28 29 -30 -31
leaf_value=-0.0076153854651119617 -0.051138650843253211 -0.0058168486614189295 -0.049643877616956135 0.027128307339939057 -0.050960613453070652 -0.0078187946895443006 -0.0054865111328379988 0.030845141196803639 0.010866442200056566 0.045845255298664012 0.00071598590099006742 0.011669098268757099 0.048849880373272654 -0.04279335049062117 -0.018142616452492721 -0.0012927075125347585 0.040355535384596464 0.020811213362169859 0.0082859448945251171 -0.027681941006374222 0.021843465355181994 -0.036423504625122359 0.0088496191682906396 0.04822209978072086 -0.011616369052896371 -0.015633244426554949 -0.011383819834688938 -0.0028194531195167953 -0.0012206408028523474 0.017324142851537008
leaf_weight=1292.8372779861093 291.22830170765519 150.98834109306335 107.70599829405546 382.52835956215858 23.798451747745275 8.6423293352127057 381.38294027745724 6.7177967131137839 799.42544937133789 61.27857431769371 236.24206689745188 51.756194517016411 4.5868834629654911 12.494950398802755 40.088868737220764 383.01227331906557 17.987430728971958 127.91941657662392 687.45664621889591 9.9334061294794065 110.66546761989594 11.887332290410994 47.973648071289062 18.478673458099365 21.265904411673546 12.881199091672896 84.455804169178009 40.520613119006157 94.295275583863258 77.870084255933762
leaf_count=11267 7761 786 2843 1839 616 43 2647 61 3286 375 1589 277 32 175 441 3007 96 514 3233 46 533 58 216 80 99 59 410 214 467 355
internal_value=-0.000215626 0.0026457 -0.00585027 0.0109306 -0.00396246 -0.00350739 0.002043 0.0190171 0.00822877 0.0391392 -0.000834583 0.00494718 -0.0493115 -0.0177528 -0.0109544 -0.0061735 0.0191863 0.0122457 0.00550273 0.00268587 0.00511719 0.0057582 0.00275083 0.0199292 0.0135141 0.0178862 -0.000932214 0.00297941 -0.00523927 0.010391
internal_weight=5598.31 5290 2611.45 2678.55 2503.74 2479.95 804.096 116.728 2296.02 69.9209 687.369 305.986 308.31 17.0818 46.8067 1675.85 69.7436 927.345 1368.67 681.216 530.227 520.294 375.481 66.4523 144.813 123.547 309.029 224.573 106.183 118.391
internal_count=43425 35457 23262 12195 20419 19803 5529 920 10356 418 4609 1962 7968 207 502 14274 373 3800 6556 3323 2537 2491 1800 296 691 592 1504 1094 525 569
cat_boundaries=0 1
cat_threshold=2
is_linear=0
shrinkage=0.05


Tree=34
num_leaves=31
num_cat=2
split_feature=8 7 4 7 5 6 7 1 1 3 7 7 7 1 4 12 6 6 6 5 1 4 3 12 4 5 7 1 6 7
split_gain=297.383 134.707 78.6186 48.1597 19.5304 11.0676 20.9906 41.0766 9.25522 11.8387 7.11443 6.96133 10.6026 6.85903 5.77117 5.07195 4.77393 18.7665 13.2318 13.314 8.06377 6.32628 5.27816 4.28968 4.1822 4.14338 4.01335 4.24879 4.81647 3.97093
threshold=0.48919753730297094 0.061769910156726844 0.84756097197532665 0.31805309653282171 0.62470659613609325 0.038043128326535232 0.022035398520529274 0.34013606607913976 0.35714286565780645 0.015795755200088028 0.67185840010643016 0.00026548672030912718 0.0057522123679518708 0.94868421554565441 0.25211864709854132 0 0.091627478599548354 0.085055809468030943 0.18733490258455279 0.42036484181880956 0.91751700639724743 0.32274959981441503 0.37995566427707678 1 0.1225140728056431 0.0042194845154881486 0.019026548601686958 0.48814120888710028 0.011979913804680111 0.0073451327625662097
decision_type=2 2 2 2 2 2 2 2 2 2 2 2 2 2 2 1 2 2 2 2 2 2 2 1 2 2 2 2 2 2
left_child=1 2 4 13 5 8 7 29 9 15 23 -2 -13 16 -10 -1 17 -3 -18 21 -19 -20 -23 -5 -8 -15 -16 -28 -29 -7
right_child=11 3 -4 10 -6 6 24 -9 14 -11 -12 12 -14 25 26 -17 18 20 19 -21 -22 22 -24 -25 -26 -27 27 28 -30 -31
leaf_value=-0.0073764804596619148 -0.050994204235763431 0.0059834825788541348 -0.049431342135271034 0.018158774989411351 -0.050694940828045612 0.026494945042039759 -0.027918690397553399 -0.010159572767316967 -0.041025810135743183 0.04530667665753952 0.026071884775566267 0.045462276089539622 -0.042139729496286554 0.019966521110776712 -0.044386322283875991 -0.00025173959427787995 -0.010868337721512323 0.025836420575176974 -0.0078256618144560159 0.015946368917566171 0.073493429486743395 0.0025671531029531286 0.020686102356736208 0.00087893358602818001 -0.0025329915601471431 0.0084114525942511759 -0.038512701535767524 0.030659018202699298 -0.010355224800672793 0.05319974693379053
leaf_weight=1076.2329547032714 277.79018780216575 981.99533878266811 102.88300492987037 206.69758805632591 22.753971755504608 21.123522631824017 16.809882685542107 63.136041261255741 25.408780969679356 11.340681761503218 378.24210704863071 4.6870021671056774 12.066789794713257 127.0716715157032 9.7357529029250127 327.20280499756336 153.11641512811184 37.282483816146851 140.95491263270378 212.4791543930769 11.933928072452543 481.96016596257687 43.904017567634583 44.221310645341873 437.1610970646143 206.13237877190113 11.527757644653319 7.9049208536744109 64.7633912935853 49.258368909358978
leaf_count=9348 7761 4741 2843 834 616 108 205 669 321 68 1839 32 175 521 109 2514 766 171 724 953 51 2337 195 178 3402 843 115 77 609 300
internal_value=-0.000210571 0.00251993 -0.00675193 0.00940729 -0.0046997 -0.00420168 0.00162705 0.0190522 -0.00643701 -0.00530336 0.0217211 -0.0490961 -0.0172114 0.0061721 -0.0198187 -0.00571909 0.00509283 0.0075017 0.00268142 0.00504756 0.0376192 0.00156533 0.00409304 0.0151349 -0.00348994 0.0128378 -0.0139914 -0.010369 -0.00578895 0.0453048
internal_weight=5567.78 5273.23 2247.24 3025.99 2144.36 2121.61 587.489 133.518 1534.12 1414.78 629.161 294.544 16.7538 2396.83 119.341 1403.44 2063.63 1031.21 1032.41 879.298 49.2164 666.819 525.864 250.919 453.971 333.204 93.9318 84.1961 72.6683 70.3819
internal_count=43425 35457 21304 14153 18461 17845 4684 1077 13161 11930 2851 7968 207 11302 1231 11862 9938 4963 4975 4209 222 3256 2532 1012 3607 1364 910 801 686 408
cat_boundaries=0 1 2
cat_threshold=2 2
is_linear=0
shrinkage=0.05


Tree=35
num_leaves=31
num_cat=0
split_feature=8 7 4 7 5 4 1 7 7 5 7 3 5 4 1 6 6 3 6 3 5 6 6 6 3 1 1 6 5 5
split_gain=281.062 121.995 78.6919 40.0218 19.3131 13.0635 8.37414 6.97965 9.76008 6.41968 6.33338 5.17406 5.04725 6.88892 4.67526 4.20096 3.77151 4.40799 3.78302 3.75662 3.65365 6.12336 12.359 5.24939 7.978 3.48523 9.28927 5.44327 5.30965 4.03509
threshold=0.48919753730297094 0.094336282461881651 0.84756097197532665 0.67185840010643016 0.62470659613609325 0.50125628709793102 0.94868421554565441 0.00026548672030912718 0.0057522123679518708 0.37347440421581274 0.016371681354939941 0.23570261150598529 0.36885663866996771 0.38791178166866308 0.79451090097427379 0.086564276367425932 0.039566276594996459 0.31598296761512762 0.046257391571998603 0.028817758895456794 0.030816714279353622 0.19174208492040637 0.074488926678895964 0.28738410770893102 0.085764225572347655 0.37117347121238714 0.65411680936813366 0.072323430329561247 0.42036484181880956 0.00156885979231447
decision_type=2 2 2 2 2 2 2 2 2 2 2 2 2 2 2 2 2 2 2 2 2 2 2 2 2 2 2 2 2 2
left_child=1 2 4 6 5 9 25 -2 -9 12 -7 -11 -1 -14 16 -13 -12 18 -18 -5 21 22 -20 24 -22 29 27 28 -27 -3
right_child=7 3 -4 19 -6 10 -8 8 -10 11 14 15 13 -15 -16 -17 17 -19 20 -21 23 -23 -24 -25 -26 26 -28 -29 -30 -31
leaf_value=-0.0050691266159181474 -0.05085293317174544 0.0018080802431086011 -0.04921878242947194 0.017802536311368532 -0.050423042369065987 0.030751706845791083 0.013186091359052576 0.042388848564101494 -0.041484606172018136 0.0014558865040540123 -0.0069144144034306776 0.0019073629739642624 -0.0413246485828134 0.025385842150639229 0.031083985784600882 0.046029602024862504 0.02953848327647219 0.021820638829847729 0.0050319005083124127 0.028619056525338811 -0.033501382866997262 -0.00060009748871324453 0.077386041042460163 0.010827568060631525 0.018452571508325934 0.014028973689768976 0.0058987547985113594 -0.019444677901307092 -0.021048080510431201 0.013927163466732237
leaf_weight=1969.7553392723203 264.95809786766768 97.773648530244827 98.27782578766346 123.99436175823212 21.758573986589909 23.821515254676342 494.3517652451992 4.7802448123693493 11.656525962054728 104.53614528477192 76.618317425251007 9.5220169499516505 19.367618981748823 4.6594636961817733 15.11186236143112 13.160845212638376 12.242034658789633 36.441399313509464 20.892035081982616 250.06694465875626 28.663732305169106 85.826628170907497 8.2302974760532361 20.82667475938797 9.735700495541094 34.078292593359947 1361.5859659910202 59.462113440036774 15.615248784422873 239.24381572008133
leaf_count=16271 7761 455 2843 604 616 182 2011 32 175 733 616 68 257 37 82 90 97 206 145 1235 199 563 54 136 67 171 6257 302 79 1081
internal_value=-0.00020538 0.00240074 -0.0053572 0.00988007 -0.00361593 -0.00319776 0.00741158 -0.0488813 -0.0166808 -0.00465467 0.0059174 0.00621339 -0.00535093 -0.028129 0.00401182 0.0278167 0.00261912 0.00592079 0.0027758 0.0250527 0.000850198 0.00607319 0.0258459 -0.00919571 -0.0201855 0.00582907 0.00477128 -0.00923939 0.00288613 0.0104277
internal_weight=5537.02 5255.62 2579.45 2676.17 2481.17 2459.41 2302.11 281.395 16.4368 2121 338.41 127.219 1993.78 24.0271 314.589 22.6829 299.477 222.859 186.417 374.061 174.175 114.949 29.1223 59.2261 38.3994 1807.76 1470.74 109.156 49.6935 337.017
internal_count=43425 35457 23262 12195 20419 19803 10356 7968 207 17456 2347 891 16565 294 2165 158 2083 1467 1261 1839 1164 762 199 402 266 8345 6809 552 250 1536
is_linear=0
shrinkage=0.05


Tree=36
num_leaves=31
num_cat=1
split_feature=8 7 4 7 5 7 6 7 1 1 3 7 7 4 12 7 7 1 6 3 4 6 4 1 5 6 5 4 7 5
split_gain=265.648 111.073 71.8807 40.7622 17.7268 10.2091 9.34628 18.8786 38.0247 8.6163 10.7787 6.99456 8.9951 5.49116 4.64426 3.9402 3.88265 4.01855 4.32116 3.81732 3.79624 3.72301 6.16977 6.39164 8.31259 5.19716 4.05798 5.66077 3.79591 3.99059
threshold=0.48919753730297094 0.061769910156726844 0.84756097197532665 0.67185840010643016 0.62470659613609325 0.17752212285995486 0.038043128326535232 0.022035398520529274 0.34013606607913976 0.35714286565780645 0.015795755200088028 0.00026548672030912718 0.0057522123679518708 0.25211864709854132 0 0.0073451327625662097 0.019026548601686958 0.48814120888710028 0.011979913804680111 0.43301269412040716 0.1011171229183674 0.18961966782808307 0.51542207598686229 0.55051019787788402 0.005000124918296934 0.086564276367425932 0.52959111332893383 0.38961258530616766 0.031946902163326747 0.0061492070090025672
decision_type=2 2 2 2 2 2 2 2 2 2 2 2 2 2 1 2 2 2 2 2 2 2 2 2 2 2 2 2 2 2
left_child=1 2 4 5 6 -3 9 8 15 10 14 -2 -13 -11 -1 -8 -15 -18 -19 -7 -9 25 28 -24 -25 -22 27 -27 29 -23
right_child=11 3 -4 -5 -6 19 7 20 -10 13 -12 12 -14 16 -16 -17 17 18 -20 -21 21 22 23 24 -26 26 -28 -29 -30 -31
leaf_value=-0.0068202818251747914 -0.050714440342791711 0.0040691381644296278 -0.049005697310966427 0.024070869082827254 -0.050144189212104895 0.0096992230582999342 0.025220313991131022 -0.033909194538692178 -0.0098361395904406138 -0.040166437828329578 0.04402207766364493 0.039589207726720435 -0.040827539438010936 -0.043750913980139153 0 0.052027272332196443 -0.037632209497968222 0.028785434370181464 -0.0097473985887844127 0.022473794597667223 -0.001713622423121199 -0.016922252079991689 -0.010796441102082612 -0.0067481445904601801 0.030801947572887241 -0.018382317293598793 0.042770640765742718 0.026730798657173444 -0.015655772434189179 0.018788956043573959
leaf_weight=1066.4469882920384 252.70719651505351 1725.100420743227 93.881484728306532 369.98184014856815 20.810165345668793 865.18760639429092 20.919099733233452 9.8469101041555387 62.751113779842854 24.33508712425828 11.08146797120571 4.8671216815710094 11.263553969562052 9.4044858664274198 326.00418746471405 47.562919452786446 11.151014946401117 8.0627819374203664 64.065666474401951 63.443649634718895 127.49157343804836 13.504246585071089 45.014362826943398 26.15138341486454 33.061186254024506 11.615037582814695 12.272489622235296 16.786939837038517 138.58905028551817 18.163498558104038
leaf_count=9348 7761 8514 2843 1839 616 3544 108 124 669 321 68 32 175 109 2514 300 115 77 609 256 1027 118 322 165 206 105 68 111 1198 163
internal_value=-0.000199961 0.00228527 -0.0062088 0.00852035 -0.00431357 0.0063496 -0.00385559 0.00151555 0.0182107 -0.00592079 -0.00482838 -0.0486665 -0.0161609 -0.0189651 -0.00522387 0.0439602 -0.0133074 -0.00976115 -0.00533694 0.0105797 -0.00331828 -0.00261898 -0.00621355 0.00332806 0.0141501 0.00321864 0.0187674 0.00810652 -0.0120826 0.00339771
internal_weight=5511.52 5242.69 2218.97 3023.71 2125.09 2653.73 2104.28 583.73 131.233 1520.55 1403.53 268.838 16.1307 117.019 1392.45 68.482 92.6839 83.2795 72.1284 928.631 452.497 442.65 274.484 104.227 59.2126 168.166 40.6745 28.402 170.257 31.6677
internal_count=43425 35457 21304 14153 18461 12314 17845 4684 1077 13161 11930 7968 207 1231 11862 408 910 801 686 3800 3607 3483 2172 693 371 1311 284 216 1479 281
cat_boundaries=0 1
cat_threshold=2
is_linear=0
shrinkage=0.05


Tree=37
num_leaves=31
num_cat=2
split_feature=8 7 4 7 5 4 7 1 7 7 7 7 12 3 4 7 7 7 3 12 6 1 1 6 6 7 4 4 6 6
split_gain=251.096 101.223 75.5915 27.7663 18.2664 14.7803 12.1727 36.3757 12.0893 7.00623 8.29847 6.71689 5.50243 5.71951 4.66817 4.8536 3.73537 6.10078 3.55435 3.4836 3.42314 8.17925 5.00867 3.25855 3.78642 3.0877 3.00204 6.33802 2.88148 4.45078
threshold=0.48919753730297094 0.12566372007131579 0.84756097197532665 0.67185840010643016 0.62470659613609325 0.15779159218072894 0.022035398520529274 0.34013606607913976 0.0026548672467470173 0.00026548672030912718 0.0057522123679518708 0.047610620036721236 0 0.10057219490408899 0.49412102997303015 0.31805309653282171 0.027699114754796032 0.061769910156726844 0.028817758895456794 1 0.047591427341103561 0.42261904478073126 0.31698563694953924 0.033052308484911926 0.020945037715137008 0.02008849568665028 0.21389906853437426 0.19515224546194079 0.022748836316168312 0.028000991791486744
decision_type=2 2 2 2 2 2 2 2 2 2 2 2 1 2 2 2 2 2 2 1 2 2 2 2 2 2 2 2 2 2
left_child=1 2 4 12 5 16 7 8 -7 -2 -11 23 13 14 15 -3 19 -18 -5 20 22 -22 -1 24 -8 -9 27 -14 -15 -30
right_child=9 3 -4 18 -6 6 11 25 -10 10 -12 -13 26 28 -16 -17 17 -19 -20 -21 21 -23 -24 -25 -26 -27 -28 -29 29 -31
leaf_value=-0.006352447291170695 -0.050578346931511323 0.0049770887417325107 -0.048791611610919314 0.01601572880040927 -0.049857668627528481 -0.01116109715667659 -0.0053993029093164033 -0.015939254533522344 0.046010362013952921 0.037029738028841942 -0.040168164644358462 0.0024540100199909416 0.009618989423574302 -0.0047466683521262855 0.020366858642463737 0.014464101419345203 -0.029006149345755489 -0.0039542487245580347 0.026635244573674239 -0.00025932335765047743 0.046753738031565295 -0.012925852591838566 -0.052692104309430256 -0.0028395500270353546 -0.026739428177323221 0.013389005593628362 0.0040971682689901001 -0.028484646253928905 0.035512211218849274 0.014077056300399144
leaf_weight=1020.6092391088605 241.01335669867694 808.50145208835602 89.685290835797787 121.77438342571259 19.906721254810691 10.493189513683317 55.405879840254784 58.051255986094475 68.390800923109055 4.9481037929654113 10.887273378670214 939.28935014456511 20.945592686533928 17.657175421714783 65.857663050293922 162.81448955833912 43.114866118878126 56.862586483359337 244.25183832645416 326.02547212690115 9.9682417213916796 13.089887604117392 5.7979514151811591 341.51293931901455 34.00299159437418 10.347726397216318 307.53531922399998 22.302953168749809 26.52463087439537 325.6060553342104
leaf_count=8981 7761 3593 2843 604 616 51 552 648 435 32 175 4988 101 76 265 657 569 367 1235 2528 60 149 78 2730 353 90 1304 102 111 1371
internal_value=-0.000195226 0.00217626 -0.00357965 0.010587 -0.00223057 -0.00191047 0.00155161 0.0152056 0.0383376 -0.0484514 -0.0156513 7.92932e-05 0.00797292 0.0093709 0.00745632 0.0065738 -0.0054744 -0.0148259 0.0231212 -0.00479002 -0.0061926 0.0127488 -0.00662419 -0.0050847 -0.0135918 -0.0114163 0.00235044 -0.00993581 0.0147239 0.0157155
internal_weight=5483.17 5226.33 3102.55 2123.77 3012.87 2992.96 1517.49 147.283 78.884 256.849 15.8354 1370.21 1757.75 1406.96 1037.17 971.316 1475.47 99.9775 366.026 1375.49 1049.47 23.0581 1026.41 430.922 89.4089 68.399 350.784 43.2485 369.788 352.131
internal_count=43425 35457 26038 9419 23195 22579 9847 1224 486 7968 207 8623 7580 6073 4515 4250 12732 936 1839 11796 9268 209 9059 3635 905 738 1507 203 1558 1482
cat_boundaries=0 1 2
cat_threshold=2 2
is_linear=0
shrinkage=0.05


Tree=38
num_leaves=31
num_cat=2
split_feature=8 7 4 7 5 4 7 1 7 7 7 7 12 3 4 7 7 7 3 12 6 1 1 6 6 5 4 3 6 6
split_gain=237.355 91.5406 71.9572 25.7098 17.3356 13.409 11.2128 33.6912 11.3693 7.0148 7.66241 6.07923 4.95383 5.14614 4.21084 4.3873 3.44523 5.73968 3.31119 3.1731 3.10637 7.40339 4.79358 3.01229 5.62492 3.60591 3.32723 3.46094 3.3093 2.95447
threshold=0.48919753730297094 0.12566372007131579 0.84756097197532665 0.67185840010643016 0.62470659613609325 0.15779159218072894 0.022035398520529274 0.34013606607913976 0.0026548672467470173 0.00026548672030912718 0.0057522123679518708 0.047610620036721236 0 0.10057219490408899 0.49412102997303015 0.31805309653282171 0.027699114754796032 0.061769910156726844 0.028817758895456794 1 0.047591427341103561 0.42261904478073126 0.31698563694953924 0.049592409282922752 0.046257391571998603 0.46868900954723364 0.51542207598686229 0.30925156176090246 0.044688943773508079 0.043203210458159454
decision_type=2 2 2 2 2 2 2 2 2 2 2 2 1 2 2 2 2 2 2 1 2 2 2 2 2 2 2 2 2 2
left_child=1 2 4 12 5 16 7 8 -7 -2 -11 23 13 14 15 -3 19 29 -5 20 22 -22 -1 24 25 28 -25 -28 -8 -18
right_child=9 3 -4 18 -6 6 11 -9 -10 10 -12 -13 -14 -15 -16 -17 17 -19 -20 -21 21 -23 -24 26 -26 -27 27 -29 -30 -31
leaf_value=-0.006063940570039502 -0.050444274042545013 0.0047216866398115866 -0.048576029993611505 0.015326733516064754 -0.049562822357585731 -0.010623558842811125 -0.013955775959174931 -0.010948180551671146 0.044943221419716212 0.034682210535477043 -0.039506187772140176 0.0023285015576780476 0.0022314923655999603 0.013966276720630272 0.019335525068915827 0.013741768311636102 -0.046522817652710081 -0.0037662169804357605 0.02562564249436812 -0.00024640765629993809 0.044503368605207302 -0.012415408508164512 -0.052388807707775556 -0.0068052380731591271 -0.050265676555602191 0.012050485159598383 0.00029731703454743833 0.022502380083011517 0.025897416338219528 -0.018138835002621052
leaf_weight=1015.8386679440737 229.85330427624285 809.59906892478466 85.680864972993731 120.91314458847046 19.046276623383164 10.478371933102606 100.91366567462683 67.764397785067558 66.563128888607025 5.0236254408955565 10.52709151431918 940.39818086475134 350.90490457415581 370.35295262932777 65.905913919210434 162.8094699382782 14.68534756451845 56.72503250837326 241.26266814768314 325.9671076387167 9.9541043788194674 12.954302936792372 5.5468710847198954 163.62870036065578 8.5323846563696844 18.173438005149364 111.94315526634455 20.819786906242371 5.3187749907374373 27.402223318815231
leaf_count=8981 7761 3593 2843 604 616 51 1030 738 435 32 175 4988 1507 1558 265 657 223 367 1235 2528 60 149 78 1445 79 151 756 124 50 346
internal_value=-0.000190184 0.00207275 -0.0034194 0.010069 -0.00212761 -0.00182148 0.00147718 0.0147039 0.0373168 -0.0482353 -0.0151518 7.42395e-05 0.00756685 0.00889211 0.00707624 0.00623831 -0.00522548 -0.0142624 0.0222063 -0.00456916 -0.00591353 0.0121854 -0.00632552 -0.00485121 -0.0111103 -0.0083465 -0.00202419 0.00383145 -0.0118909 -0.028248
internal_weight=5455.49 5210.08 3088.33 2121.75 3002.65 2983.61 1514.53 144.806 77.0415 245.404 15.5507 1369.73 1759.57 1408.67 1038.31 972.409 1469.07 98.8126 362.176 1370.26 1044.29 22.9084 1021.39 429.33 132.938 124.406 296.392 132.763 106.232 42.0876
internal_count=43425 35457 26038 9419 23195 22579 9847 1224 486 7968 207 8623 7580 6073 4515 4250 12732 936 1839 11796 9268 209 9059 3635 1310 1231 2325 880 1080 569
cat_boundaries=0 1 2
cat_threshold=2 2
is_linear=0
shrinkage=0.05


Tree=39
num_leaves=31
num_cat=0
split_feature=8 4 7 7 5 4 7 1 7 7 7 7 1 4 6 6 8 7 4 6 6 3 3 6 1 7 3 8 3 5
split_gain=224.372 84.3959 66.8682 23.7864 16.4995 12.1047 9.96877 30.7788 11.2548 7.02039 7.08031 5.5013 4.71637 4.67983 4.68891 8.76266 3.86108 3.17834 5.52009 3.78221 4.44654 3.49159 3.08329 3.07787 7.13491 7.17542 5.93918 7.08483 5.04393 4.8796
threshold=0.48919753730297094 0.84756097197532665 0.12566372007131579 0.67185840010643016 0.90000000596046459 0.15779159218072894 0.022035398520529274 0.34013606607913976 0.0026548672467470173 0.00026548672030912718 0.0057522123679518708 0.047610620036721236 0.9759001135826112 0.49412102997303015 0.046527104452252395 0.29185217618942266 0.33008952438831335 0.027699114754796032 0.092713762074708952 0.019884023815393451 0.091627478599548354 0.12147029116749765 0.028817758895456794 0.02664279937744141 0.7124060094356538 0.15265487134456637 0.035265678539872176 0.32821691036224371 0.10680751129984857 0.0024952194653451447
decision_type=2 2 2 2 2 2 2 2 2 2 2 2 2 2 2 2 2 2 2 2 2 2 2 2 2 2 2 2 2 2
left_child=1 2 4 12 5 17 7 8 -7 -2 -11 -8 13 23 -15 -16 -17 -1 -19 -20 21 -21 -5 24 -4 29 27 -27 -28 -26
right_child=9 -3 3 22 -6 6 11 -9 -10 10 -12 -13 -14 14 15 16 -18 18 19 20 -22 -23 -24 -25 25 26 28 -29 -30 -31
leaf_value=-0.0043592058636379933 -0.05031186364677858 -0.048358486633263607 -0.022344048823491947 0.01466423624338546 -0.050901180407825423 -0.011425242053632323 -0.0046282695745486482 -0.010627264335134484 0.043469724901784745 0.032522744412437625 -0.038841380625044726 0.002209553946658492 0.013139548905169426 0.030812012063000768 -0.0067812020469623265 0.047498373168022828 0.012565911459848153 -0.040887621835055593 -0.042957202921796528 -0.001544494327382502 -0.016784268869455207 0.033603830929821533 0.024649125539907734 0.0060722017386762722 -0.0035106790986691554 -0.020020486333698701 -0.04197718040707147 0.031001218718527318 -0.0018196588833600952 0.027237808742417265
leaf_weight=1365.3199450969696 219.20447344891727 81.860071014612913 32.188319534063339 120.08310979604721 17.078354163095355 10.684303790330885 427.66740404069424 67.395046591758728 65.460268422961235 5.0940877050161353 10.182424664497374 941.44954158365726 280.67564481496811 36.028949692845345 40.73954750597477 14.182058170437811 19.146437793970108 15.684790343046187 7.1663801297545424 26.73493168503046 38.728362902998924 9.3868580721318704 238.35896119475365 1222.0474113225937 19.078956946730614 11.756414830684664 16.304344192147258 15.693384125828741 15.479387730360029 37.971444442868233
leaf_count=11797 7761 2843 147 604 607 52 3635 742 438 32 175 4988 1130 145 164 57 77 230 76 227 329 74 1235 5348 87 50 71 67 65 172
internal_value=-0.000185204 0.00197396 0.00278178 0.00957649 -0.00202933 -0.00174545 0.00138817 0.0139195 0.0356966 -0.0480178 -0.0146625 6.98075e-05 0.00718203 0.00604849 0.0159849 0.00867331 0.0276777 -0.00498868 -0.0137207 -0.00842097 -0.00499475 0.00751891 0.021323 0.00524552 -0.00152461 0.00420966 -0.00791651 0.0089744 -0.0226434 0.0168792
internal_weight=5428.83 5194.35 5112.49 2119.73 2992.76 2975.68 1512.66 143.54 76.1446 234.481 15.2765 1369.12 1761.29 1480.62 110.097 74.068 33.3285 1463.02 97.7013 82.0165 74.8502 36.1218 358.442 1370.52 148.472 116.284 59.2335 27.4498 31.7837 57.0504
internal_count=43425 35457 32614 9419 23195 22588 9855 1232 490 7968 207 8623 7580 6450 443 298 134 12733 936 706 630 301 1839 6007 659 512 253 117 136 259
is_linear=0
shrinkage=0.05


Tree=40
num_leaves=31
num_cat=1
split_feature=8 4 7 7 5 4 7 1 7 7 7 7 12 3 6 1 4 6 6 4 3 3 3 3 8 5 4 3 4 4
split_gain=212.101 79.5848 60.4266 21.989 15.7309 11.0355 9.52086 28.9229 10.0376 7.02308 6.54649 5.01162 4.47454 4.5005 3.60638 4.08374 3.15212 3.37004 3.06177 5.76906 4.07023 3.38273 6.11053 5.93196 3.01673 6.33865 3.00353 3.62809 3.39223 3.84276
threshold=0.48919753730297094 0.84756097197532665 0.12566372007131579 0.67185840010643016 0.62470659613609325 0.15779159218072894 0.022035398520529274 0.34013606607913976 0.0026548672467470173 0.00026548672030912718 0.0057522123679518708 0.041327433660626418 0 0.39602987468242651 0.059964047744870193 0.7124060094356538 0.1649659872055054 0.2420746982097626 0.19174208492040637 0.33782868087291723 0.30925156176090246 1.0000000180025095e-35 0.029520600102841858 0.037397338077425964 1.0000000180025095e-35 0.27919691801071173 0.22863636910915378 0.064902164041996016 0.50125628709793102 0.42680943012237554
decision_type=2 2 2 2 2 2 2 2 2 2 2 2 1 2 2 2 2 2 2 2 2 2 2 2 2 2 2 2 2 2
left_child=1 2 4 12 5 24 7 8 -7 -2 -11 14 13 16 -8 18 17 -4 -16 -20 21 -21 -23 -24 -1 -26 27 -13 29 -28
right_child=9 -3 3 -5 -6 6 11 -9 -10 10 -12 26 -14 -15 15 -17 -18 -19 19 20 -22 22 23 -25 25 -27 28 -29 -30 -31
leaf_value=-0.0044194888930905981 -0.050180769735414313 -0.048138526059834152 0.0030900245360685843 0.020470190830203933 -0.049192243919963602 -0.0095605623721086181 -0.012715455966861459 -0.010049250375145244 0.042888967882750123 0.030530999113378893 -0.038173587308443419 0.0015133927803074 0.0017494342962976991 0.016419548526424906 0.011260692733661084 0.027643670355409447 0.0076323964906549113 -0.024679179700153681 -0.034232823004834448 0.0033903415842671566 0.013187339980463966 -0.040863310398031406 0.035670487627754752 -0.013294219364763805 -0.0040043145418404711 -0.052691520448541855 0.0019267998560866897 0.038997437689976024 0.0085123506267062669 -0.00581306660436376
leaf_weight=1427.2001896575093 209.0450790412724 78.215058295056224 37.957216382026672 354.82639539241791 17.413698175922036 10.447997838258742 112.16639722138643 66.622058473527431 63.075387075543404 5.1598603129386893 9.8526990078389627 14.926230520009996 351.35320173203945 145.76551634073257 29.973317690193653 11.255529940128325 1212.5339030772448 15.109093859791754 16.264447510242462 41.795098565518856 30.691427700221539 16.560843825340271 7.2598410099744788 37.857408478856087 20.404867541044954 10.046547710895537 690.21675469726324 11.694421544671057 139.30004295706749 208.7607554718852
leaf_count=12385 7761 2843 182 1839 616 51 1089 738 435 32 175 76 1507 607 232 83 5211 73 168 325 211 128 56 290 204 143 3904 56 816 1189
internal_value=-0.000180286 0.00187945 0.00264823 0.00910816 -0.00193454 -0.0016538 0.00134098 0.0137486 0.0353649 -0.0477985 -0.014183 6.59869e-05 0.00681717 0.00807501 -0.0055934 -0.00139474 0.00710875 -0.00475395 -0.0032485 -0.00617826 -0.00271707 -0.00749097 -0.014939 -0.00524324 -0.00475711 -0.0203508 0.00168573 0.0182515 0.00125446 0.000123438
internal_weight=5403.75 5179.69 5101.48 2117.55 2983.93 2966.52 1508.87 140.145 73.5234 224.058 15.0126 1368.72 1762.72 1411.37 303.824 191.658 1265.6 53.0663 180.402 150.429 134.165 103.473 61.6781 45.1172 1457.65 30.4514 1064.9 26.6207 1038.28 898.978
internal_count=43425 35457 32614 9419 23195 22579 9847 1224 486 7968 207 8623 7580 6073 2582 1493 5466 255 1410 1178 1010 799 474 346 12732 347 6041 132 5909 5093
cat_boundaries=0 1
cat_threshold=2
is_linear=0
shrinkage=0.05


Tree=41
num_leaves=31
num_cat=1
split_feature=8 4 7 4 5 7 7 7 1 10 1 4 5 6 6 1 7 12 1 4 5 7 6 6 3 5 5 6 6 1
split_gain=200.502 75.0542 54.6133 20.4664 14.2807 12.9649 7.02296 6.56285 26.394 10.0228 7.8223 6.17751 6.11936 6.11356 4.75783 3.36783 3.59978 5.0842 5.27488 3.57032 3.33176 3.33128 3.23921 5.66788 3.21924 3.41584 5.37474 4.50037 4.28415 4.72682
threshold=0.48919753730297094 0.84756097197532665 0.17752212285995486 0.15779159218072894 0.46868900954723364 0.67185840010643016 0.00026548672030912718 0.022035398520529274 0.34013606607913976 0.76022380590438854 0.70135134458541881 0.49967658519744879 0.49264955520629888 0.29780831933021551 0.030331781134009365 0.95875850319862377 0.12566372007131579 0 0.73401361703872692 0.22323627769947055 0.37441588938236242 0.10530973598361017 0.078696139156818404 0.065775897353887572 0.43301269412040716 0.012803985271602871 0.0079164220951497572 0.044688943773508079 0.29185217618942266 0.90360045433044445
decision_type=2 2 2 2 2 2 2 2 2 2 2 2 2 2 2 2 2 1 2 2 2 2 2 2 2 2 2 2 2 2
left_child=1 2 3 4 20 24 -2 8 9 -5 12 -8 -9 15 -14 16 21 18 -18 -19 22 -12 23 -1 25 26 -4 -28 29 -27
right_child=6 -3 5 7 -6 -7 11 10 -10 -11 13 -13 14 -15 -16 -17 17 19 -20 -21 -22 -23 -24 -25 -26 28 27 -29 -30 -31
leaf_value=-0.0043465406344431155 -0.050050641995179071 -0.047915690965088117 0.0084933307140907955 0.040088026578142338 -0.048709236252817076 0.019644496898572159 -0.042389697075278239 -0.0034366100695957212 -0.009756334472680846 -0.020476606024961878 0.0033849504432863437 0.022073867169403905 -0.01746037675607726 0.021445038191747159 0.010958926623319418 -0.013135707881543912 -0.023466129180415875 -0.02082545208434522 0.010026329072000961 0.0016718854047220639 0.031256085491323575 -0.0055953971858673443 -0.015042047654825528 0.039617882472517151 0.019308564949233352 -0.0054550185275772656 0.0019755923598821518 0.034356101244228748 0.022039675314788853 0.0065751826716938635
leaf_weight=1392.2005406841636 199.35411650128663 74.73827214166522 411.5437940955162 65.274169623851776 18.413671998307109 351.34808674454689 8.260642219334839 783.17435769736767 66.295660980045795 7.4521570056676856 401.57857292890549 6.4979952462017527 16.406772047281265 50.362778574228287 129.27127292007208 28.915167510509491 11.882431045174597 20.267119288444519 465.26651687920094 129.92752133309841 6.3560817614197722 138.66604587435722 71.590775281190872 7.2490889728069297 62.984420657157898 120.97380681335926 15.297819361090658 38.809598833322525 30.821093678474426 249.00323486328125
leaf_count=12095 7761 2843 1674 451 643 1839 121 5416 742 39 2178 86 96 259 697 134 55 99 2074 574 50 681 637 55 256 512 62 158 124 1014
internal_value=-0.000175396 0.00178912 0.00252067 -0.000480399 -0.00503968 0.0114526 -0.0475769 0.00246379 0.0129979 0.0337938 0.00178782 -0.0137134 -0.00168174 0.0043764 0.00771416 0.00365204 0.00407316 0.00665075 0.00917705 -0.00134245 -0.00448876 0.00107008 -0.00464871 -0.00411242 0.00834873 0.00754413 0.0104636 0.0253139 0.00413803 0.00262767
internal_weight=5380.18 5166.07 5091.33 3810.55 1495.81 1280.78 214.113 2314.74 139.022 72.7263 2175.72 14.7586 928.852 1246.87 145.678 1196.5 1167.59 627.344 477.149 150.195 1477.4 540.245 1471.04 1399.45 929.434 866.449 465.651 54.1074 400.798 369.977
internal_count=43425 35457 32614 26975 13480 5639 7968 13495 1232 490 12263 207 6209 6054 793 5795 5661 2802 2129 673 12837 2859 12787 12150 3800 3544 1894 220 1650 1526
cat_boundaries=0 1
cat_threshold=2
is_linear=0
shrinkage=0.05


Tree=42
num_leaves=31
num_cat=0
split_feature=8 4 7 4 5 7 7 7 7 1 7 7 4 1 7 3 3 1 1 1 5 1 3 4 5 5 6 6 4 3
split_gain=189.459 70.7885 49.4586 18.5312 13.6425 12.0168 7.09286 6.18421 6.0593 24.4515 9.08519 7.25876 3.03809 5.95877 3.83429 3.40685 4.21189 3.06451 7.85681 3.29095 3.01151 2.98076 3.35398 3.9254 6.49964 3.14576 5.71812 5.15199 3.72431 3.39758
threshold=0.48919753730297094 0.84756097197532665 0.17752212285995486 0.15779159218072894 0.46868900954723364 0.67185840010643016 0.00026548672030912718 0.0057522123679518708 0.022035398520529274 0.48814120888710028 0.0026548672467470173 0.047610620036721236 0.42360590398311621 0.97722566127777111 0.31805309653282171 0.029054382815957073 0.035676850005984313 0.69722220301628124 0.86576578021049511 0.95875850319862377 0.37441588938236242 0.9506097435951234 0.042564805597066886 0.43323189020156866 0.0043768915347754964 0.01771555840969086 0.18337896466255191 0.20795327425003055 0.46368466317653662 0.01202242122963071
decision_type=2 2 2 2 2 2 2 2 2 2 2 2 2 2 2 2 2 2 2 2 2 2 2 2 2 2 2 2 2 2
left_child=1 2 3 4 20 12 -2 -8 9 10 -5 -10 13 14 -4 -15 -17 -16 -19 -20 -1 22 25 24 -24 26 29 -27 -28 -14
right_child=6 -3 5 8 -6 -7 7 -9 11 -11 -12 -13 21 15 17 16 -18 18 19 -21 -22 -23 23 -25 -26 27 28 -29 -30 -31
leaf_value=-0.0044317262005619616 -0.049921159888645504 -0.047689547079126218 -0.0019767123166086662 -0.010316761383887305 -0.048470967916724464 0.018847341389138874 0.029941736906885036 -0.037326788154148381 -0.004163643146065002 -0.010253379758768182 0.039259062466740172 0.0031198289709913202 0.038201543475038666 0.036101095387552427 0.027331666291998787 -0.017182108113427727 0.012082559508722061 -0.025929564522219097 0.037790451813095753 0.0051326226793320835 0.029675987022517194 0.016873610993249671 -0.0086866919335556667 -0.0086116919583517585 0.035138731678192946 -0.0082435230313395707 0.01878377152685809 0.022888152394290217 -0.0065683614448511403 0.012264551772739163
leaf_weight=1466.0890393778682 190.11128962039948 71.422406369820237 242.09507696330547 10.598529085516928 17.600052677094936 347.98973393440247 5.1602595522999755 9.4438841156661493 424.48111250251532 63.055543817579746 63.243431307375431 1752.0180230364203 33.955753549933434 13.624726146459578 20.938382834196091 12.942621409893034 186.02244409918785 14.704675823450087 12.676143661141394 20.661844506859779 6.3648819699883452 148.15500348806381 16.59484988451004 52.867824599146843 16.806727945804596 38.295812621712685 27.888595089316368 20.165994018316269 29.571095913648605 21.36029164493084
leaf_count=12787 7761 2843 1007 52 643 1839 32 175 3635 723 457 8628 138 55 84 52 750 61 51 83 50 600 67 221 68 158 116 82 119 88
internal_value=-0.000170286 0.00170353 0.00239978 -0.000457851 -0.00480745 0.0109122 -0.0473319 -0.013176 0.00234164 0.0125467 0.0320715 0.00169692 0.00793375 0.00539741 0.000969754 0.0118492 0.0101461 0.0113709 0.00426857 0.0177756 -0.00427889 0.0111934 0.00790069 -8.20271e-05 0.0132548 0.0119493 0.0168329 0.0024305 0.00566092 0.0283164
internal_weight=5356.91 5152.19 5080.77 3803.45 1490.05 1277.32 204.715 14.6041 2313.4 136.898 73.842 2176.5 929.328 523.666 311.076 212.59 198.965 68.981 48.0427 33.338 1472.45 405.662 257.507 86.2694 33.4016 171.238 112.776 58.4618 57.4597 55.316
internal_count=43425 35457 32614 26975 13480 5639 7968 207 13495 1232 509 12263 3800 2143 1286 857 802 279 195 134 12837 1657 1057 356 135 701 461 240 235 226
is_linear=0
shrinkage=0.05


Tree=43
num_leaves=31
num_cat=1
split_feature=8 4 7 7 5 4 7 1 7 7 4 7 12 3 7 6 1 4 7 6 3 3 5 5 8 3 1 3 1 4
split_gain=179.096 66.7698 45.0289 17.1713 13.6831 8.09003 7.4805 23.0895 8.46509 7.0841 5.87799 3.90791 3.83187 3.81839 3.32849 3.88634 6.69926 3.26581 3.36704 3.10185 2.9872 3.0445 2.95099 2.85138 11.7508 4.15492 5.88966 3.371 2.84649 4.60592
threshold=0.48919753730297094 0.84756097197532665 0.12566372007131579 0.67185840010643016 0.62470659613609325 0.15779159218072894 0.022035398520529274 0.34013606607913976 0.0026548672467470173 0.00026548672030912718 0.49967658519744879 0.041327433660626418 0 0.10057219490408899 0.027699114754796032 0.059964047744870193 0.63211598992347728 0.49412102997303015 0.31805309653282171 0.36325818300247198 0.028817758895456794 0.043194472789764411 0.0037136946339160208 0.29736468195915228 0.32670532166957861 0.034061161801218993 0.46802721917629247 0.030668457970023159 0.20204082131385806 0.092713762074708952
decision_type=2 2 2 2 2 2 2 2 2 2 2 2 1 2 2 2 2 2 2 2 2 2 2 2 2 2 2 2 2 2
left_child=1 2 4 12 5 28 7 8 -7 -2 -11 14 13 17 23 -16 19 18 -4 -17 -5 22 -22 25 27 -8 -27 -25 -1 -30
right_child=9 -3 3 20 -6 6 11 -9 -10 10 -12 -13 -14 -15 15 16 -18 -19 -20 -21 21 -23 -24 24 -26 26 -28 -29 29 -31
leaf_value=-0.0035090375081166291 -0.049791984656587893 -0.047459647977990793 0.003413267300311649 0.011433966519082593 -0.048752121513641139 -0.0085490105535186069 0.033614824498170937 -0.0088655936707972352 0.040017273564303707 -0.041620417472495258 0.021976765577947366 0.0014362645933582655 0.0011773833032522408 0.011395608396688647 -0.01664624566766057 -0.014440799762346163 0.01271343718490494 0.016265912150406844 0.011317195169256359 0.0091726226407665683 0.013562116511799453 0.019034733336465645 0.046860147440242306 -0.016409944437007686 -0.054656291349351384 -0.036120970287921071 0.016002164882407639 0.023952063504992432 -0.039065374737390662 -0.0078773896512185481
leaf_weight=1343.4200624078512 181.29711172543466 68.260445583611727 814.51632568240166 116.02471190690994 15.272598672658203 10.369827270507811 15.19747271388769 65.138441413640976 58.338726557791233 7.9079971052706224 6.4583695903420448 1067.1893688291311 351.4177383184433 371.35932359099388 83.063196651637554 81.388574279844761 45.78542023152113 65.903412446379662 162.48585599660873 16.426069043576717 10.556576147675516 197.05608808994293 21.113152295351028 7.2322326600551632 9.153425030410288 7.557920657098296 18.414177983999252 16.760388009250164 13.824651300907133 85.664886895567179
leaf_count=11714 7761 2843 3593 604 616 51 102 738 435 121 86 6041 1507 1558 847 672 342 265 657 119 57 1064 114 44 104 72 145 135 208 810
internal_value=-0.000164944 0.00162218 0.00228482 0.00786539 -0.0016922 -0.0014448 0.00112112 0.012398 0.032613 -0.0471042 -0.0127305 1.34348e-05 0.00586765 0.0070294 -0.00501373 -0.00803114 -0.00300495 0.00546893 0.00473392 -0.010419 0.0180779 0.0214197 0.0359958 0.00412063 -0.00668465 0.0129363 0.000562111 0.0115604 -0.00411919 -0.0122962
internal_weight=5334.55 5138.89 5070.63 2110.43 2960.2 2944.92 1502.02 133.847 68.7086 195.663 14.3664 1368.17 1765.68 1414.26 300.979 226.663 143.6 1042.91 977.002 97.8146 344.751 228.726 31.6697 74.3156 33.146 41.1696 25.9721 23.9926 1442.91 99.4895
internal_count=43425 35457 32614 9419 23195 22579 9847 1224 486 7968 207 8623 7580 6073 2582 1980 1133 4515 4250 791 1839 1235 171 602 283 319 217 179 12732 1018
cat_boundaries=0 1
cat_threshold=2
is_linear=0
shrinkage=0.05


Tree=44
num_leaves=31
num_cat=0
split_feature=8 4 7 4 5 7 7 7 7 1 7 1 6 5 6 3 5 5 1 6 5 7 3 5 4 6 6 3 4 4
split_gain=169.216 62.9806 40.7557 15.217 12.5312 10.2498 7.14248 5.83953 5.16841 21.0146 8.41287 6.27553 5.49421 5.27096 4.2835 3.34005 12.174 6.91757 6.86249 6.73323 6.07689 5.03412 3.28379 5.85767 6.97228 4.71085 3.80001 3.59716 3.38768 5.47583
threshold=0.48919753730297094 0.84756097197532665 0.17752212285995486 0.15779159218072894 0.46868900954723364 0.67185840010643016 0.00026548672030912718 0.0057522123679518708 0.022035398520529274 0.34013606607913976 0.0012389380135573449 0.70135134458541881 0.29780831933021551 0.49264955520629888 0.030331781134009365 0.028963592834770683 0.0010998016223311426 0.013263882603496315 0.74537035822868358 0.088810019195079817 0.0087983934208750742 0.11283186078071596 0.13436578959226611 0.0010998016223311426 0.50125628709793102 0.01512598153203726 0.021795962937176231 0.066131714731454863 0.3369396179914475 0.18724341690540316
decision_type=2 2 2 2 2 2 2 2 2 2 2 2 2 2 2 2 2 2 2 2 2 2 2 2 2 2 2 2 2 2
left_child=1 2 3 4 -1 -4 -2 -8 9 10 -5 13 15 -10 -15 16 19 20 21 -13 -18 -19 23 24 27 -25 -27 -17 29 -28
right_child=6 -3 5 8 -6 -7 7 -9 11 -11 -12 12 -14 14 -16 22 17 18 -20 -21 -22 -23 -24 25 -26 26 28 -29 -30 -31
leaf_value=-0.0038926117875457372 -0.049662804095606958 -0.047225574837668871 0.0071906099495812354 -0.018678249522224865 -0.048053913625726002 0.017339897297836113 0.029354123236549581 -0.036495043989333488 -0.0032279870552576065 -0.0086124480342487271 0.037244050016843847 0.049385874566136828 0.019922092477133193 -0.016890238027084042 0.010153700532184493 -0.0061980721697258824 -0.0031240007162246126 -0.038641414872309938 0.017182118339671506 0.011630233747851958 -0.043525878116937054 0.0090140122555731651 0.0055352566029258799 0.033622018228507168 0.024660613081158633 -0.019701855384970886 0.025662045256674582 -0.023976747391715372 0.0048557901614037571 -0.0097885476855622371
leaf_weight=1463.4824368730187 172.89276111871004 65.24562294781208 928.8512894064188 7.3756011128425589 16.166097873821855 341.61844193935394 5.1595466062426558 9.0653068087995035 780.30055958032608 64.869709983468056 60.677345126867294 24.386627838015556 50.933717519044876 16.282369032502174 130.10935153067112 70.718855358660221 59.206713989377022 10.669826701283457 83.507818311452866 23.786961182951927 11.029971286654471 11.089190155267714 376.94064490497112 11.553633913397787 13.114389717578886 20.237424537539482 12.224640995264052 48.826028920710087 332.42436553537846 90.673382513225079
leaf_count=12837 7761 2843 3800 39 643 1839 32 175 5416 742 451 121 259 96 697 358 288 56 381 120 54 50 1748 65 75 103 58 259 1598 461
internal_value=-0.000160094 0.00154411 0.00217474 -0.000421655 -0.0043817 0.00992475 -0.0468514 -0.0122234 0.0021118 0.0116853 0.0310913 0.00152473 0.00383543 -0.00159013 0.00710214 0.00314709 0.00866329 0.00251442 0.0106415 0.0309093 -0.00959266 -0.0141956 0.00187795 -0.000412778 -0.00968785 0.00221213 0.00139736 -0.0135152 0.00239401 -0.00550752
internal_weight=5313.42 5126.3 5061.06 3790.59 1479.65 1270.47 187.118 14.2249 2310.94 132.923 68.0529 2178.02 1251.32 926.692 146.392 1200.39 223.677 175.504 105.267 48.1736 70.2367 21.759 976.713 599.773 132.659 467.113 455.56 119.545 435.322 102.898
internal_count=43425 35457 32614 26975 13480 5639 7968 207 13495 1232 490 12263 6054 6209 793 5795 1070 829 487 241 342 106 4725 2977 692 2285 2220 617 2117 519
is_linear=0
shrinkage=0.05


Tree=45
num_leaves=31
num_cat=1
split_feature=8 4 7 7 5 7 4 7 1 7 4 12 1 4 6 6 7 8 5 7 3 3 5 6 6 5 6 6 4 3
split_gain=159.94 59.4068 37.0612 14.5133 12.4417 7.12505 6.51764 6.30405 19.672 8.05443 5.58853 3.42801 3.48944 4.22258 4.15469 7.04455 3.4221 3.26297 7.17166 2.85347 2.80627 2.89853 2.83325 2.75648 3.36184 2.86921 4.06783 3.17625 2.65424 3.10806
threshold=0.48919753730297094 0.84756097197532665 0.12566372007131579 0.67185840010643016 0.90000000596046459 0.00026548672030912718 0.14558824151754382 0.022035398520529274 0.34013606607913976 0.0026548672467470173 0.49967658519744879 0 0.9759001135826112 0.49412102997303015 0.046527104452252395 0.29185217618942266 0.047610620036721236 1.0000000180025095e-35 0.0021418604301288728 0.02008849568665028 0.028817758895456794 0.043194472789764411 0.0037136946339160208 0.039566276594996459 0.047591427341103561 0.37347440421581274 0.2212806046009064 0.074488926678895964 0.22863636910915378 0.064902164041996016
decision_type=2 2 2 2 2 2 2 2 2 2 2 1 2 2 2 2 2 2 2 2 2 2 2 2 2 2 2 2 2 2
left_child=1 2 4 11 6 -2 17 8 9 -8 -7 12 13 -4 -15 -16 -9 -1 -19 23 -5 22 -22 -10 -25 26 27 -26 29 -18
right_child=5 -3 3 20 -6 10 7 16 19 -11 -12 -13 -14 14 15 -17 28 18 -20 -21 21 -23 -24 24 25 -27 -28 -29 -30 -31
leaf_value=-0.0034484704601329534 -0.049533302320863414 -0.04698689846762015 0.0045132795367645619 0.010147513602493287 -0.050335093255943243 -0.040860325727251449 -0.0093268889668629545 -0.0037433156270688449 -0.033720384749553446 0.037885780010829158 0.021842826456266114 0.00087752127053251016 0.012307413237552398 0.030944632513148509 -0.0074962615733085106 0.027469147186468191 0.0015298690537073085 0.012392825838659721 -0.045228822981514011 0.01594071722625244 0.012234864115995774 0.01756002344371321 0.045197086724087683 0.034266183483349727 -0.040582446489182217 0.017524521303832082 -0.039195010090523126 0.0088550263824272984 0.0011793990817912006 0.036091085745280707
leaf_weight=1403.9405393078923 164.88015335798264 62.37143606133759 1113.4395100474358 114.41094887256622 12.917096797376869 7.5812836214899999 10.517088040709494 429.27970496192575 12.221636429429052 56.44008794426918 6.4207043908536434 351.59875521063805 214.2076632976532 30.267804384231567 32.287733986973763 25.65073236823082 14.923259645700456 8.6429867148399371 13.66549004986882 10.025113724172114 10.389967873692514 193.39338326454163 20.418810725212097 4.3553329333662978 4.1092729717493119 6.7451709732413283 13.011510625481604 13.95777867734432 919.32793476432562 11.901107355952261
leaf_count=12373 7761 2843 4848 604 607 121 52 3730 154 440 86 1507 869 122 130 104 76 77 186 90 57 1064 114 49 51 77 154 167 4856 56
internal_value=-0.000155635 0.00146927 0.00206941 0.00713462 -0.00155011 -0.0466161 -0.00133185 0.000958592 0.0114184 0.0303926 -0.0118018 0.00531311 0.00641093 0.00535471 0.0159024 0.00791826 -3.76688e-05 -0.00375507 -0.0227256 -0.00824026 0.0166232 0.0198994 0.0343182 -0.0128092 -0.00656639 -0.011478 -0.017969 -0.00227558 0.00163856 0.0171264
internal_weight=5293.3 5114.42 5052.05 2106.07 2945.98 178.882 2933.06 1506.81 131.383 66.9572 14.002 1767.45 1415.85 1201.65 88.2063 57.9385 1375.43 1426.25 22.3085 64.4258 338.613 224.202 30.8088 54.4007 42.1791 37.8237 31.0786 18.0671 946.152 26.8244
internal_count=43425 35457 32614 9419 23195 7968 22588 9952 1234 492 207 7580 6073 5204 356 234 8718 12636 263 742 1839 1235 171 652 498 449 372 218 4988 132
cat_boundaries=0 1
cat_threshold=2
is_linear=0
shrinkage=0.05


Tree=46
num_leaves=31
num_cat=1
split_feature=8 4 7 7 5 7 6 7 1 12 4 7 6 6 6 7 3 5 4 6 6 1 6 1 3 6 10 3 4 3
split_gain=151.099 56.0384 33.4986 13.3605 11.8833 7.17183 5.97362 8.35337 27.5946 5.97041 5.74103 5.51218 5.04568 4.90943 4.82057 4.19043 4.13665 3.50323 4.36249 7.11792 4.23875 5.42377 4.11466 3.79168 5.64559 8.72262 6.41742 5.13512 4.43483 3.93857
threshold=0.48919753730297094 0.84756097197532665 0.12566372007131579 0.67185840010643016 0.62470659613609325 0.00026548672030912718 0.021795962937176231 0.022035398520529274 0.34013606607913976 0 0.092713762074708952 0.0057522123679518708 0.016877938061952594 0.022748836316168312 0.016877938061952594 0.0073451327625662097 0.3232553899288178 0.48266786336898809 0.38961258530616766 0.041628966107964523 0.25040192902088171 0.81605800986289989 0.096097234636545195 0.48814120888710028 1.0000000180025095e-35 0.046257391571998603 0.29806570708751684 1.0000000180025095e-35 0.50125628709793102 0.024922360666096214
decision_type=2 2 2 2 2 2 2 2 2 1 2 2 2 2 2 2 2 2 2 2 2 2 2 2 2 2 2 2 2 2
left_child=1 2 4 -4 6 -2 9 8 15 14 -9 -7 -11 -12 16 -8 -1 23 20 -20 -19 -22 -21 27 25 -25 -27 -15 -26 -30
right_child=5 -3 3 -5 -6 11 7 10 -10 12 13 -13 -14 17 -16 -17 -18 18 19 22 21 -23 -24 24 28 26 -28 -29 29 -31
leaf_value=-0.0044702356627749551 -0.049403155711311708 -0.04674320584266041 0.0050458474101065893 0.015936739233719226 -0.048303588291534395 0.028770006682966011 0.016989493742277342 -0.035457675799732642 -0.0090356116784506071 0.0011907659272831345 0.037992672746679258 -0.035678121779506668 0.039379930600735573 -0.0038954250613862161 -0.022592476992780879 0.04604641984615495 -0.046367437522942256 0.0047691361608424221 -0.034390231619489307 0.02099329051339056 0.011583485282531171 0.050203049525133381 -0.0059440926406578417 0.054983614445514355 -0.0027941881695087052 -0.012441311171686365 0.037355079330840306 -0.024658922824159015 -0.014761542051082556 0.0088178626635684165
leaf_weight=1051.6330327950418 157.24194125644863 59.631636381149292 1768.2397686690092 335.70495976507664 13.391861366108058 5.1576683521270743 18.593625128269196 11.340284850448368 66.67093912512064 333.51731979474425 8.3993374407291395 8.7146578151732665 8.7956574447453004 222.5826026275754 39.1740264557302 42.736809425055981 5.852996587753295 143.23027937859297 16.109539344906807 20.696482285857201 34.258213862776756 12.599089145660399 44.085348419845104 11.548480115830897 591.3408020734787 19.760884523391727 9.4647823721170408 34.495283275842667 19.693436436355114 159.14617746323347
leaf_count=9521 7761 2843 7580 1839 616 32 110 181 774 2638 44 175 74 1584 358 344 48 749 93 110 160 54 237 68 3841 109 65 312 124 981
internal_value=-0.000150519 0.00139876 0.00196992 0.00678665 -0.0014765 -0.0463537 -0.00125881 0.000961215 0.0131674 -0.00355593 -0.000185875 -0.0113243 0.00219784 0.000109884 -0.00535652 0.0373606 -0.00471122 -0.000126832 0.00494534 -0.00473513 0.00909146 0.0221589 0.00260388 -0.00141876 0.000252888 0.0183655 0.00358722 -0.00670946 -0.00070178 0.00618661
internal_weight=5273.81 5102.69 5043.06 2103.94 2939.12 171.114 2925.73 1486.75 128.001 1438.97 1358.75 13.8723 342.313 1347.41 1096.66 61.3304 1057.49 1339.01 270.979 80.8914 190.088 46.8573 64.7818 1068.03 810.955 40.7741 29.2257 257.078 770.18 178.84
internal_count=43425 35457 32614 9419 23195 7968 22579 9940 1228 12639 8712 207 2712 8531 9927 454 9569 8487 1403 440 963 214 347 7084 5188 242 174 1896 4946 1105
cat_boundaries=0 1
cat_threshold=2
is_linear=0
shrinkage=0.05


Tree=47
num_leaves=31
num_cat=1
split_feature=8 4 7 5 4 7 7 4 8 5 7 1 7 1 6 5 6 3 5 3 3 6 1 4 6 1 12 3 4 7
split_gain=142.797 52.8586 30.7474 11.7795 9.84618 7.95066 7.14573 5.30956 4.43097 4.7422 4.24544 16.8207 7.3642 5.05172 4.89014 4.52704 3.73818 2.99431 8.58364 6.32001 5.44967 4.31911 5.33431 4.65719 4.0588 3.20057 8.01066 4.55437 3.75797 3.86057
threshold=0.48919753730297094 0.84756097197532665 0.17752212285995486 0.90000000596046459 0.14558824151754382 0.67185840010643016 0.00026548672030912718 0.49967658519744879 1.0000000180025095e-35 0.0021418604301288728 0.022035398520529274 0.34013606607913976 0.0026548672467470173 0.70135134458541881 0.29780831933021551 0.49264955520629888 0.030331781134009365 0.038361204788088805 0.0010998016223311426 0.045124093070626266 0.046137720346450813 0.086564276367425932 0.8075397014617921 0.42875768244266516 0.25040192902088171 0.85182929039001476 0 0.14421734958887103 0.47813564538955694 0.11283186078071596
decision_type=2 2 2 2 2 2 2 2 2 2 2 2 2 2 2 2 2 2 2 2 2 2 2 2 2 2 1 2 2 2
left_child=1 2 3 4 8 -4 -2 -8 -1 -10 11 12 -6 15 17 -12 -17 18 21 -19 -21 22 -15 24 -23 27 -27 28 29 -22
right_child=6 -3 5 -5 10 -7 7 -9 9 -11 13 -13 -14 14 -16 16 -18 19 -20 20 25 23 -24 -25 -26 26 -28 -29 -30 -31
leaf_value=-0.0031041994086288085 -0.049272070342822986 -0.046494090342907302 0.0062441747539181388 -0.05015516250358705 -0.0091773912001125932 0.015269819054835227 -0.040108743426901954 0.021676606259871199 0.00019130319111317377 -0.044665962128002813 -0.0030219185332412439 -0.0075189539771141796 0.03618260138222653 0.052303387305071093 0.018446058905973027 -0.016037754837493028 0.0093502064097162399 -0.01191991667266515 0.0025496644217695001 0.030873900984521127 -0.014541441420574978 0.040367735975114366 0.011215948713667998 -0.016920120279997976 -6.930971736591447e-05 0.0096127344385247143 -0.0064107031255499596 0.0039843554012872024 0.0089995813013699529 0.0030213069627952381
leaf_weight=1422.6913291178644 149.96141369082034 57.020229279994965 928.93962420523167 11.751770030707119 10.488468080759047 332.92561592161655 7.2785382810980064 6.3846829496324062 10.167981319129469 13.22110867127776 785.32815777510405 63.540749162435532 53.742831721901894 19.496537238359451 51.433722428977489 16.083602406084538 130.91500395536423 83.153743989765644 253.88408064097166 16.554373651742935 117.66187819838524 13.545875519514086 13.947398230433462 10.811415359377859 10.930447347462176 280.78412926197052 107.52288652956486 202.08623798936605 31.160709887742996 41.977635502815247
leaf_count=12504 7761 2843 3800 607 52 1839 121 86 85 187 5511 742 440 99 259 96 697 410 1198 77 670 70 65 51 57 1258 484 985 181 190
internal_value=-0.000146241 0.00133068 0.00187422 -0.000384293 -0.000226123 0.00863045 -0.0461092 -0.0109261 -0.00346407 -0.0250344 0.00179434 0.0106551 0.0286952 0.00127398 0.00334624 -0.00151007 0.00652942 0.0026953 0.00681888 0.00117883 0.00255178 0.0224894 0.0354019 0.0100449 0.0221794 0.00194132 0.00516244 -0.00123002 -0.00677823 -0.00989297
internal_weight=5255.39 5091.77 5034.75 3772.88 3761.13 1261.87 163.625 13.6632 1446.08 23.3891 2315.05 127.772 64.2313 2187.28 1254.95 932.327 146.999 1203.52 322.616 880.902 797.748 68.7317 33.4439 35.2877 24.4763 781.193 388.307 392.886 190.8 159.64
internal_count=43425 35457 32614 26975 26368 5639 7968 207 12776 272 13592 1234 492 12358 6054 6304 793 5795 1540 4255 3845 342 164 178 127 3768 1742 2026 1041 860
cat_boundaries=0 1
cat_threshold=2
is_linear=0
shrinkage=0.05


Tree=48
num_leaves=31
num_cat=0
split_feature=8 4 7 5 4 7 7 7 7 1 7 1 6 8 5 5 6 3 3 8 1 6 1 1 3 5 3 6 5 6
split_gain=134.874 49.8585 27.8187 11.2091 8.94203 7.33551 7.18092 5.20181 4.1242 15.8704 6.23572 4.55549 4.36634 4.10146 4.51909 4.08068 3.37886 2.95643 3.23282 10.2598 2.9143 2.81141 3.04735 2.80161 2.78393 6.57815 5.79972 4.37818 4.2812 5.16356
threshold=0.48919753730297094 0.84756097197532665 0.17752212285995486 0.62470659613609325 0.14558824151754382 0.67185840010643016 0.00026548672030912718 0.0057522123679518708 0.022035398520529274 0.48814120888710028 0.0026548672467470173 0.70135134458541881 0.29780831933021551 1.0000000180025095e-35 0.0021418604301288728 0.49264955520629888 0.030331781134009365 0.041575692594051368 0.064390406012535109 0.33179397881031042 0.95875850319862377 0.039566276594996459 0.65653356909751903 0.61167800426483165 0.038361204788088805 0.0010998016223311426 0.043866675347089774 0.18961966782808307 0.006499193375930191 0.21362434327602389
decision_type=2 2 2 2 2 2 2 2 2 2 2 2 2 2 2 2 2 2 2 2 2 2 2 2 2 2 2 2 2 2
left_child=1 2 3 4 13 -4 -2 -8 9 10 -6 15 20 -1 -15 -10 -17 -14 -19 -20 24 -11 23 -23 25 27 -26 -13 29 -28
right_child=6 -3 5 -5 8 -7 7 -9 11 21 -12 12 17 14 -16 16 -18 18 19 -21 -22 22 -24 -25 26 -27 28 -29 -30 -31
leaf_value=-0.0029547585405628445 -0.049139733769640231 -0.046239150896697917 0.0059312529092690486 -0.047889590973033302 -0.0075537754334625415 0.014626883345687137 0.028190923917756107 -0.034875941460082972 -0.002876112793915159 -0.028069307847678662 0.034461563905525149 0.030669206255960153 -0.0066505463034459925 0.00018181257119392012 -0.04391625160785384 -0.01537314840536861 0.0088448878078384776 0.042631840178577636 -0.010317723436330743 0.052382918117208591 -0.013076633717979234 -0.0024795956328738287 -0.025668424841594695 0.030671524194496393 -0.015948261778185525 0.0031807097683777229 0.0027871050107914478 0.0041418671767959386 0.0057306493568018181 -0.0096270341019390818
leaf_weight=1419.459240090102 143.02252451330423 54.531437063589692 929.05348578095436 12.268010463565586 10.272735789418219 330.25569567084312 5.1545880958437911 8.3897762689739448 783.92562317103148 13.320217579603193 54.527984999120235 42.181184977293015 9.9634271413087827 10.16904377564788 12.787259321659802 15.947839744389055 131.46575982123613 14.273486368358133 17.344753019511703 10.249220877885817 28.873556792736053 28.369788624346256 10.478118367493151 8.0419112220406515 45.14817313849926 249.83013892918825 238.58760888129473 25.408616840839386 445.66459628939629 128.71679152548313
leaf_count=12503 7761 2843 3800 616 51 1839 32 175 5511 169 456 205 49 85 187 96 697 71 86 53 134 327 129 94 231 1179 1175 129 2111 631
internal_value=-0.000141891 0.00126599 0.00178326 -0.000366101 -0.000208234 0.00821665 -0.0458358 -0.0104774 0.00171731 0.0105516 0.0277225 0.00120972 0.00317545 -0.00329878 -0.024249 -0.00143645 0.00618234 0.017388 0.0232299 0.0128957 0.00255828 -0.00786086 -0.00196622 0.00476919 0.00294764 0.00695181 0.00146002 0.0207917 0.00243478 -0.00155109
internal_weight=5237.68 5081.12 5026.58 3767.28 3755.01 1259.31 156.567 13.5444 2312.59 125.011 64.8007 2187.58 1256.24 1442.42 22.9563 931.339 147.414 51.8309 41.8675 27.594 1204.41 60.21 46.8898 36.4117 1175.54 317.42 858.117 67.5898 812.969 367.304
internal_count=43425 35457 32614 26975 26359 5639 7968 207 13584 1226 507 12358 6054 12775 272 6304 793 259 210 139 5795 719 550 421 5661 1513 4148 334 3917 1806
is_linear=0
shrinkage=0.05


Tree=49
num_leaves=31
num_cat=1
split_feature=8 4 7 5 6 7 7 7 1 7 4 6 12 6 6 7 6 6 6 5 7 4 5 4 3 1 3 3 6 1
split_gain=127.439 47.0262 25.17 10.664 8.20111 7.14618 6.7617 5.55724 22.9852 5.62231 5.04134 4.78923 4.68436 5.23016 4.45513 4.33517 4.30142 3.91507 10.1722 8.20796 7.88272 5.94306 5.48994 5.24365 4.25393 4.10782 3.65843 4.99514 4.97633 3.63412
threshold=0.48919753730297094 0.84756097197532665 0.17752212285995486 0.90000000596046459 0.021795962937176231 0.00026548672030912718 0.67185840010643016 0.022035398520529274 0.34013606607913976 0.041946902871131904 0.49967658519744879 0.022748836316168312 0 0.019794563762843612 0.033052308484911926 0.0073451327625662097 0.024165906943380836 0.091627478599548354 0.17650170624256137 0.45527841150760656 0.15265487134456637 0.46515600383281713 0.0010998016223311426 0.40257234871387487 0.41930566728115087 0.95875850319862377 0.14008718729019168 0.31598296761512762 0.19339734315872195 0.83728626370430004
decision_type=2 2 2 2 2 2 2 2 2 2 2 2 1 2 2 2 2 2 2 2 2 2 2 2 2 2 2 2 2 2
left_child=1 2 3 4 12 -2 -4 8 15 14 -7 -11 13 -1 -9 -6 -13 20 29 21 25 26 -22 -21 -23 -18 -20 -28 -29 -19
right_child=5 -3 6 -5 7 10 -8 9 -10 11 -12 16 -14 -15 -16 -17 17 18 19 23 22 24 -24 -25 -26 -27 27 28 -30 -31
leaf_value=-0.0041862423930680258 -0.049005846877291336 -0.04597799042354369 0.0056341464825626596 -0.049978404860082752 0.014440791192834302 -0.039365236211840869 0.014007276263767533 -0.024136207426107725 -0.0082433790372515702 0.027574994093334294 0.021482253945594984 -0.024460412259448488 0.0019007376846487054 -0.028701972719526431 -0.0030486466499387139 0.04421827543189151 0.0030507986195219623 -0.017232889083973142 -0.0063816691655538063 0.016438011870027067 0.036519764201556656 0.0052152022498774897 0.010761843367949827 -0.00041835513000659547 0.037422440807705813 -0.023017613437226549 0.029213484716585525 0.03152295590440473 -0.0050298519532058043 -0.001060002791562137
leaf_weight=1105.7793182395399 136.40990700758994 52.159746522083879 929.14592967927456 10.693665012717245 18.673346050083637 6.9979194570332748 327.69253699481487 27.18483966961503 65.694052981212735 18.3601955473423 6.3500308729708195 15.152713820338247 355.07382885366678 22.176544096320868 322.51711703464389 39.644905149936676 649.89614378660917 101.80023829638958 326.41768165677786 138.74999742209911 25.369852662086487 150.38221959769726 118.06199064850807 68.233414635062218 10.990754768252371 15.334958225488661 16.867093130946159 10.526803463697432 74.888923652470112 53.752318471670151
leaf_count=9908 7761 2843 3800 607 113 121 1839 323 779 88 86 81 2775 205 2794 344 3398 527 1810 637 113 760 519 308 47 73 105 60 357 244
internal_value=-0.000137864 0.00120399 0.00169623 -0.000349081 -0.000204952 -0.0455808 0.00782217 0.0016838 0.0119745 0.00108584 -0.0101019 0.00221784 -0.00309735 -0.00467518 -0.00470866 0.0348102 0.00195141 0.00218285 5.55747e-06 0.00229367 0.00474122 -0.000703889 0.0153749 0.0108595 0.00746155 0.00243898 -0.00379024 0.00442919 -0.000434948 -0.0116806
internal_weight=5220.98 5071.22 5019.06 3762.22 3751.53 149.758 1256.84 2268.5 124.012 2144.49 13.348 1794.79 1483.03 1127.96 349.702 58.3183 1776.43 1761.27 952.609 797.057 808.663 590.073 143.432 206.983 161.373 665.231 428.701 102.283 85.4157 155.553
internal_count=43425 35457 32614 26975 26368 7968 5639 13480 1236 12244 207 9127 12888 10113 3117 457 9039 8958 4855 4084 4103 3139 632 945 807 3471 2332 522 417 771
cat_boundaries=0 1
cat_threshold=2
is_linear=0
shrinkage=0.05


Tree=50
num_leaves=31
num_cat=1
split_feature=8 4 7 4 5 7 7 6 6 1 1 7 7 7 1 7 7 3 5 5 3 7 3 3 6 7 3 12 4 4
split_gain=120.339 44.3532 22.7761 12.7458 9.71315 7.16982 4.90799 4.39357 4.05948 3.5447 10.3128 9.77673 6.99509 4.79786 4.73512 5.74874 4.21796 3.49531 9.52132 6.52452 6.42001 5.67464 5.40733 4.08394 3.85092 3.8211 7.43828 6.20538 5.74391 5.4395
threshold=0.48919753730297094 0.84756097197532665 0.31805309653282171 0.14558824151754382 0.49839228391647344 0.00026548672030912718 0.0057522123679518708 0.026268890127539638 0.29185217618942266 0.37797619402408605 0.48814120888710028 0.024867256172001365 0.10530973598361017 0.11283186078071596 0.74537035822868358 0.13831858336925509 0.0026548672467470173 0.028359654359519485 0.00088613361003808688 0.013263882603496315 0.031152950599789623 0.23654867708683017 0.023024651221930984 1.0000000180025095e-35 0.20795327425003055 0.13831858336925509 0.049116889014840133 0 0.22323627769947055 0.45891098678112036
decision_type=2 2 2 2 2 2 2 2 2 2 2 2 2 2 2 2 2 2 2 2 2 2 2 2 2 2 2 1 2 2
left_child=1 2 3 4 -1 -2 -7 -4 9 11 -11 16 -13 -14 15 -12 -5 18 24 22 21 -19 23 -20 -16 26 -22 -27 -28 -30
right_child=5 -3 7 8 -6 6 -8 -9 -10 10 14 12 13 -15 17 -17 -18 20 19 -21 25 -23 -24 -25 -26 27 28 -29 29 -31
leaf_value=-0.0030211557140913648 -0.048870102683880493 -0.045710225365675441 -0.0090415439701944916 -0.011158173646414256 -0.050129942595485255 0.027618162626341577 -0.034088538281500151 0.011935543602041472 0.0085393208514767636 -0.023366530404444624 -0.00029397755495826929 -0.0039037191601156633 0.031186071109181548 0.0065597523113812275 0.038342610457301599 -0.013968574577635774 0.029886526409204563 -0.0019872444177303516 0.0044182260275998329 0.011292938560986211 -0.01417450159992753 -0.034661635009592975 0.016402543824366036 -0.020605907789221962 0.0095289090735889877 0.0076061867591170357 0.03554743367133225 -0.002914749861761835 -0.0014107060626602453 0.016401945137005974
leaf_weight=1475.3222756199539 130.1088016089052 49.899840259924531 25.807425647974014 6.8887120932340613 10.939685171470044 5.1502848118543616 8.0886469874531013 548.47070281207561 240.01986063271761 42.791210770606995 579.99461995437741 195.93801756948233 22.00556768476963 203.41652385890484 31.647763796150684 88.648299366235733 51.024624973535538 35.097912438213825 23.56580314040184 118.98574444651604 86.146881677210331 21.652220159769058 20.326273933053017 50.53830797970295 19.239734441041946 539.64155755937099 12.30679054558277 188.44475826621056 322.78396029770374 49.27952641248703
leaf_count=12946 7761 2843 130 36 620 32 175 2721 1444 365 4240 1428 107 893 142 415 413 160 103 523 441 87 92 229 88 2278 57 802 1594 260
internal_value=-0.000133755 0.00114532 0.00161381 0.000399756 -0.00337461 -0.0452949 -0.00968112 0.0109827 0.00230285 0.00174843 0.000907573 0.0056513 0.00298753 0.00899869 0.00138557 -0.00211624 0.0249073 0.00292969 0.00816011 0.0034938 0.00182392 -0.0145807 -0.00628205 -0.0125854 0.0275867 0.00260595 -0.000896803 0.00487624 0.00206896 0.000938904
internal_weight=5204.17 5060.82 5010.92 4436.65 1486.26 143.348 13.2389 574.278 2950.38 2710.36 2231.09 479.273 421.36 225.422 2188.3 668.643 57.9133 1519.66 264.304 213.416 1255.35 56.7501 94.4304 74.1041 50.8875 1198.6 470.517 728.086 384.37 372.063
internal_count=43425 35457 32614 29763 13566 7968 207 2851 16197 14753 11876 2877 2428 1000 11511 4655 449 6856 1177 947 5679 247 424 332 230 5432 2352 3080 1911 1854
cat_boundaries=0 1
cat_threshold=2
is_linear=0
shrinkage=0.05


Tree=51
num_leaves=31
num_cat=0
split_feature=8 4 7 5 7 4 7 5 4 6 3 6 6 5 1 3 4 3 8 5 4 3 1 6 6 6 6 6 6 3
split_gain=113.679 41.828 20.8077 9.62635 7.12652 6.97855 5.90072 5.85688 4.78406 4.22724 5.71235 3.89984 3.56489 3.48032 3.40381 3.16022 4.15155 3.14162 3.31667 3.13971 6.08847 5.09612 5.58838 6.32863 3.07058 4.78577 2.95729 4.63652 3.63757 3.53828
threshold=0.48919753730297094 0.84756097197532665 0.17752212285995486 0.90000000596046459 0.00026548672030912718 0.26999843120574957 0.67185840010643016 0.37248815596103674 0.49967658519744879 0.17084480077028277 0.32840909063816076 0.31991825997829443 0.04535371437668801 0.46868900954723364 0.89564427733421337 0.062663611024618163 0.45241193473339086 0.33290378749370581 0.3316666334867478 0.49839228391647344 0.38961258530616766 0.23570261150598529 0.55051019787788402 0.085055809468030943 0.037754381075501449 0.18961966782808307 0.021795962937176231 0.022748836316168312 0.020254332572221759 0.025385500863194469
decision_type=2 2 2 2 2 2 2 2 2 2 2 2 2 2 2 2 2 2 2 2 2 2 2 2 2 2 2 2 2 2
left_child=1 2 3 5 -2 7 -4 9 -6 10 -1 19 -12 14 -9 16 -13 -11 -19 26 -21 22 23 -22 -24 -26 28 -28 29 -7
right_child=4 -3 6 -5 8 11 -8 13 -10 17 12 15 -14 -15 -16 -17 -18 18 -20 20 21 -23 24 -25 25 -27 27 -29 -30 -31
leaf_value=-0.0028680348694843667 -0.04873220503314022 -0.045435480233114403 0.0050807049287437582 -0.049798349398415397 -0.038629570415963974 -0.01523792488146612 0.01294257113327384 0.016955005877082503 0.021263526334375719 -0.0083930388670576655 0.038718961950981373 0.022451564823867638 0.0013237873220838382 -0.0041027231771916545 -0.0075167497487549284 0.027989175821820297 -0.0089599560790522212 -0.0061114839038207839 -0.04910110220470798 0.011566620174316833 -0.017709269020648889 0.017395182130231415 -0.041513185781101927 0.03867475591929237 0.0022934836415177341 -0.030718829115663655 0.027433538301329885 0.0009270024106008437 -0.033065479642124716 0.0025640261478673326
leaf_weight=1465.3573816716671 124.1050703600049 47.746649570763111 928.93944375216961 9.7081314604729396 6.737707080319522 43.776744112372398 323.31333829462528 80.00018671900034 6.3165109753608704 141.7839488312602 13.29719039425254 19.134603813290596 12.717654678970574 45.089803893119097 16.901717759668827 24.636272326111794 22.867847517132759 8.4115165732800978 10.385847859084604 187.11054833978415 9.0299780666828173 21.637508809566498 11.330674216151236 10.672550126910208 24.824818998575211 19.211478166282177 16.60573161020875 1450.443946249783 11.760449230670927 75.718701206147671
leaf_count=12826 7761 2843 3800 607 121 323 1839 421 86 1124 81 124 74 254 79 161 143 57 56 889 52 96 59 58 125 100 84 8512 76 594
internal_value=-0.000129895 0.00108884 0.0015346 -0.000326625 -0.0450278 -0.000195638 0.00711539 -0.00244705 -0.00932781 -0.00328683 -0.00245213 0.00187436 0.0207044 0.00728333 0.0126317 0.0137612 0.00525043 -0.0110014 -0.0302627 0.00145013 0.00629717 -0.00384803 -0.0100525 0.0126216 -0.0182196 -0.0120323 0.000585955 0.00123229 -0.00659552 -0.00392314
internal_weight=5189.57 5052.41 5004.67 3752.42 137.159 3742.71 1252.25 1793.95 13.0542 1651.95 1491.37 1948.76 26.0148 141.992 96.9019 66.6387 42.0025 160.581 18.7974 1882.12 283.818 96.707 75.0695 19.7025 55.367 44.0363 1598.31 1467.05 131.256 119.495
internal_count=43425 35457 32614 26975 7968 26368 5639 14972 207 14218 12981 11396 155 754 500 428 267 1237 113 10968 1379 490 394 110 284 225 9589 8596 993 917
is_linear=0
shrinkage=0.05


Tree=52
num_leaves=31
num_cat=0
split_feature=8 4 7 5 7 7 7 4 5 6 5 3 1 4 4 6 6 5 4 6 6 3 6 3 6 6 3 3 3 5
split_gain=107.311 39.4425 19.0132 8.84195 8.0527 7.1387 4.63022 4.28089 4.79783 4.06804 3.58599 6.87853 5.12575 3.31994 5.31382 5.64988 3.78222 3.17213 5.85468 2.95852 9.95027 5.29501 4.87825 7.24198 3.56956 3.54965 5.37403 3.674 3.74999 3.53339
threshold=0.48919753730297094 0.84756097197532665 0.12566372007131579 0.90000000596046459 0.67185840010643016 0.00026548672030912718 0.0057522123679518708 0.50125628709793102 0.37347440421581274 0.0082209734246134775 0.019639145582914356 0.1533312872052193 0.79451090097427379 0.31647802889347082 0.37254935503005987 0.03654561564326287 0.024704072624444965 0.36885663866996771 0.38791178166866308 0.047678871080279357 0.19174208492040637 1.0000000180025095e-35 0.028000991791486744 0.11785249039530755 0.085055809468030943 0.27449114620685583 0.31598296761512762 0.12650953233242038 0.031152950599789623 0.0074794194661080846
decision_type=2 2 2 2 2 2 2 2 2 2 2 2 2 2 2 2 2 2 2 2 2 2 2 2 2 2 2 2 2 2
left_child=1 2 3 7 -4 -2 -7 8 17 -9 12 -12 19 -10 -15 16 -16 -1 -19 22 21 -21 23 -11 -23 29 27 28 -27 -22
right_child=5 -3 4 -5 -6 6 -8 9 13 10 11 -13 -14 14 15 -17 -18 18 -20 20 25 24 -24 -25 -26 26 -28 -29 -30 -31
leaf_value=-0.0024003311874677075 -0.048591855920381649 -0.045153380537964152 0.0037683989488972026 -0.049708392998808096 0.012385167084309616 0.027052757223926402 -0.033316025700814655 -0.02886831276019208 0.009081017851326997 0.030624258706207792 -0.0092281477159741072 0.018551255841091699 0.041645139766527929 -0.023929073971026241 0.003221320022551918 0.0057193167101459511 -0.031354909298393664 -0.037085748607082629 0.026093950123945182 0.075327747241342988 -0.018430038256911863 0.010110919347792676 -0.014952244528950845 -0.029161852131582202 0.051509999121426647 -0.0032977854399427499 0.040037700644614371 -0.028325722946132077 0.024195961710391078 0.017368918275553907
leaf_weight=2169.3492471054196 118.38514631520957 45.695296261459589 1771.6701179891825 9.2511303294450027 321.03507690131664 5.1447517052292806 7.8093967363238335 8.7996017038822156 156.31663040444255 18.449330799281601 83.134349822998047 30.288746260106564 11.519713178277014 21.586116343736649 13.083553105592726 171.75350838154554 18.942863035947084 15.539483647793533 4.6158351749181739 6.8437159731984165 25.877201534807682 15.457077868282797 32.482809796929359 6.8030414506793013 8.137338921427725 27.37139655649662 12.575400307774542 7.5023246556520453 22.153496257960796 9.1646302714943868
leaf_count=17810 7761 2843 7580 607 1839 32 175 71 913 159 636 205 58 138 78 905 102 257 37 49 169 104 257 63 64 185 69 52 148 59
internal_value=-0.000126176 0.00103475 0.00145879 -0.00115593 0.00509319 -0.0447282 -0.00893392 -0.000997486 -0.00168382 0.00438995 0.00533548 -0.00175603 0.0092952 0.00348303 -0.000379937 0.00210058 -0.017108 -0.00258693 -0.0223125 0.00731598 0.0113684 0.0365005 -0.00208233 0.014269 0.024757 0.00398263 0.0105448 0.00389497 0.00892395 -0.00890233
internal_weight=5176.74 5045.4 4999.7 2907 2092.71 131.339 12.9541 2897.75 2571.19 326.56 317.761 113.423 204.337 381.683 225.366 203.78 32.0264 2189.5 20.1553 192.818 135.083 30.4381 57.7352 25.2524 23.5944 104.644 69.6026 57.0272 49.5249 35.0418
internal_count=43425 35457 32614 23195 9419 7968 207 22588 20240 2348 2277 841 1436 2136 1223 1085 180 18104 294 1378 899 217 479 222 168 682 454 385 333 228
is_linear=0
shrinkage=0.05


Tree=53
num_leaves=31
num_cat=0
split_feature=8 4 7 4 8 5 7 4 6 6 3 6 5 3 6 1 3 3 5 3 5 4 6 1 1 7 7 7 1 7
split_gain=101.343 37.1893 17.4829 9.69389 8.10148 9.01998 7.08697 4.53778 4.02983 3.74219 6.02787 4.93383 3.60094 3.322 3.24224 3.26135 4.76462 8.1491 4.60542 5.80308 4.37838 4.21333 3.32817 3.20467 8.74837 8.74135 5.86301 4.30464 4.07671 4.99741
threshold=0.48919753730297094 0.84756097197532665 0.31805309653282171 0.201944574713707 1.0000000180025095e-35 0.27919691801071173 0.00026548672030912718 0.49967658519744879 0.026268890127539638 0.16328698396682742 0.046137720346450813 0.063366986811161055 0.37248815596103674 0.010082612279802563 0.29185217618942266 0.73401361703872692 0.022641832008957866 0.036734255030751235 0.0043768915347754964 0.064390406012535109 0.36457799375057226 0.31647802889347082 0.31991825997829443 0.37797619402408605 0.48814120888710028 0.024867256172001365 0.10530973598361017 0.11283186078071596 0.7124060094356538 0.12566372007131579
decision_type=2 2 2 2 2 2 2 2 2 2 2 2 2 2 2 2 2 2 2 2 2 2 2 2 2 2 2 2 2 2
left_child=1 2 3 4 12 9 -2 -8 -4 11 13 -6 -1 -11 23 20 -17 -18 -19 -20 21 -16 -22 25 -25 -5 -27 -28 29 -26
right_child=6 -3 8 14 5 -7 7 -9 -10 10 -12 -13 -14 -15 15 16 17 18 19 -21 22 -23 -24 24 28 26 27 -29 -30 -31
leaf_value=-0.0024979772576701593 -0.048448753109328668 -0.044863565001723116 -0.0095795810481886599 0.023901472171513283 -0.010423925725887816 -0.050546076642652184 -0.037901673014556159 0.02102384018531812 0.010570000305712575 -0.023302226320051897 -0.041409348703759362 0.029978825904826367 0.0084569154230813952 0.021074313592556015 -0.031949014284578192 0.041790669423694277 -0.017184013490868039 0.03499304803556396 0.032159790470325682 -0.0055393133675940114 0.045748742413595188 0.0013373832512701103 0.0075440058698825301 -0.021988970128754726 -0.0010144685596920036 -0.0034814846149214419 0.029368771879176966 0.00606189801877374 0.0024196511149767318 -0.017267162746856302
leaf_weight=1435.4077829942107 112.93604076839983 43.741121773608029 25.668740406632423 55.797913625836372 24.947452217340469 16.749955391511321 6.4962997995316965 6.2839196361601353 541.85356178879738 7.8358151018619564 17.898566477000713 10.699680984020231 78.874350691214204 8.8972275704145414 10.379289373755453 13.716218307614325 20.850597381591797 25.963150568306446 15.929704889655111 27.607110187411308 8.8944537118077296 100.53446725010872 16.830805636942387 41.356832645833492 430.75925754755735 193.47806131094694 22.26752944290638 187.27730304002762 1601.6616894006729 53.167166084051132
leaf_count=12624 7761 2843 130 442 169 750 121 86 2721 49 116 64 397 60 77 58 89 119 71 125 47 750 105 355 3328 1409 107 812 7389 251
internal_value=-0.000122484 0.00098323 0.00138658 0.000326321 -0.00278045 -0.0176136 -0.0444478 -0.00860205 0.00964831 -0.0096329 -0.0213241 0.00161325 -0.00192355 0 0.00208824 0.0076428 0.0143178 0.0100502 0.0183055 0.00818194 0.0025157 -0.00175849 0.0210728 0.00156896 0.000748572 0.00536012 0.00277541 0.00857531 0.00120288 -0.00281362
internal_weight=5164.76 5039.05 4995.3 4427.78 1601.31 87.0287 125.716 12.7802 567.522 70.2787 34.6316 35.6471 1514.28 16.733 2826.47 240.706 104.067 90.3506 69.5 43.5368 136.639 110.914 25.7253 2585.77 2126.94 458.821 403.023 209.545 2085.59 483.926
internal_count=43425 35457 32614 29763 14229 1208 7968 207 2851 458 225 233 13021 109 15534 1441 462 404 315 196 979 827 152 14093 11323 2770 2328 919 10968 3579
is_linear=0
shrinkage=0.05


Tree=54
num_leaves=31
num_cat=0
split_feature=8 4 1 4 5 7 1 7 1 7 7 7 6 8 5 7 6 3 6 7 5 6 5 1 7 6 3 5 4 3
split_gain=95.6352 35.0615 16.1007 8.79473 7.52306 7.08783 4.7847 8.98376 7.62976 6.85675 5.06197 4.36795 4.16229 3.89313 4.53136 3.53138 3.43294 5.62426 4.4138 3.39684 7.98185 4.6993 3.2592 3.17165 4.82027 4.34173 3.00498 2.88157 2.73837 2.64115
threshold=0.48919753730297094 0.84756097197532665 0.9759001135826112 0.201944574713707 0.73333334922790538 0.00026548672030912718 0.34013606607913976 0.024867256172001365 0.48814120888710028 0.10530973598361017 0.0012389380135573449 0.0057522123679518708 0.29185217618942266 1.0000000180025095e-35 0.27919691801071173 0.11283186078071596 0.16328698396682742 0.046137720346450813 0.063366986811161055 0.14672566205263141 0.0090905772522091883 0.068574033677577986 0.37248815596103674 0.74537035822868358 0.13831858336925509 0.040196964517235763 0.010082612279802563 0.43890526890754705 0.14000570774078372 0.038361204788088805
decision_type=2 2 2 2 2 2 2 2 2 2 2 2 2 2 2 2 2 2 2 2 2 2 2 2 2 2 2 2 2 2
left_child=1 2 3 4 13 -2 7 10 -8 -9 -5 -7 23 22 16 -11 18 26 28 20 21 -17 -1 24 -10 -26 -18 -4 -15 -25
right_child=5 -3 27 6 -6 11 8 9 12 15 -12 -13 -14 14 -16 19 17 -19 -20 -21 -22 -23 -24 29 25 -27 -28 -29 -30 -31
leaf_value=-0.0023774777429385152 -0.048302594369235528 -0.044565688216569067 0.007497240013067028 -0.017415545689728272 -0.049532092861138841 0.026495561319031198 -0.017578729545699317 -0.0031236390524164112 -0.00046728019789242856 0.027575635226358981 0.02747395498097437 -0.032558568836657503 0.0088655477662915681 0.014702167709202078 -0.049845328126630929 -0.037409223971067877 -0.022421968832085179 -0.040214522544533816 0.028110433808434948 0.0098677526733391748 0.01534479618209468 0 0.0080318017443959232 0.0053723936632309663 0.0060593735385514012 -0.020117988729089011 0.019811020057558932 0.016439106926705999 -0.020994649605276316 0.00062880888091072058
leaf_weight=1432.8230015076697 107.74533602502197 41.879658099263906 433.99268418550491 6.777554214000701 8.4219364812597615 5.1379939615726453 54.20456475019455 214.55046804249287 574.98950279131532 22.529238164424896 62.050686754286289 7.5502889957278967 171.59994397312403 7.5254847444593933 7.6172320730984202 17.829937636852264 7.7426141574978855 17.521507542580366 10.843121714890001 224.94631291925907 30.582260817289352 16.229629829525948 79.078736685216427 429.89128220826387 20.925580784678459 61.422102957963943 8.9951228424906713 115.64757744967937 17.296532139182091 933.5625291839242
leaf_count=12624 7761 2843 2042 37 608 32 462 1578 4173 107 504 175 975 66 143 86 49 116 64 998 136 79 396 1867 95 279 60 676 103 4291
internal_value=-0.000118799 0.000934588 0.00131838 0.000317794 -0.00264861 -0.044133 0.00198734 0.00597325 0.000928368 0.00373959 0.0229623 -0.00823401 0.001389 -0.00239394 -0.0133238 0.0084729 -0.00920837 -0.0204982 0.00152363 0.00696049 -0.00307885 -0.0197644 -0.00182923 0.000751228 -0.00209758 -0.0134061 0 0.00939041 -0.00995597 0.00212839
internal_weight=5151.91 5031.48 4989.6 4439.96 1597.87 120.434 2842.09 595.496 2246.6 526.668 68.8282 12.6883 2192.39 1589.44 77.5416 312.117 69.9244 34.2592 35.6651 289.588 64.6418 34.0596 1511.9 2020.79 657.337 82.3477 16.7377 549.64 24.822 1363.45
internal_count=43425 35457 32614 29896 14229 7968 15667 3525 12142 2984 541 207 11680 13621 601 1406 458 225 233 1299 301 165 13020 10705 4547 374 109 2718 169 6158
is_linear=0
shrinkage=0.05


Tree=55
num_leaves=31
num_cat=0
split_feature=8 4 1 5 4 7 1 7 1 7 7 4 4 8 6 8 5 6 3 6 7 7 5 3 5 5 5 1 7 5
split_gain=90.2873 33.0511 14.599 8.08851 7.10691 7.02781 4.38245 8.69746 6.96529 6.27181 5.44673 5.35753 4.38108 3.90202 3.73802 3.56311 4.354 3.15069 5.24623 3.95005 3.12516 3.23741 2.93903 2.86707 3.55885 5.0046 3.15848 2.84406 4.38222 4.35074
threshold=0.48919753730297094 0.84756097197532665 0.9759001135826112 0.62470659613609325 0.201944574713707 0.00026548672030912718 0.34013606607913976 0.022035398520529274 0.48814120888710028 0.0080530971754342335 0.10530973598361017 0.44852940738201147 0.22576153278350833 0.66026899218559276 0.29185217618942266 1.0000000180025095e-35 0.27919691801071173 0.16328698396682742 0.046137720346450813 0.063366986811161055 0.11283186078071596 0.12566372007131579 0.37248815596103674 0.015795755200088028 0.0010459065088070931 0.0077747884206473836 0.43890526890754705 0.74537035822868358 0.13831858336925509 0.015053989365696909
decision_type=2 2 2 2 2 2 2 2 2 2 2 2 2 2 2 2 2 2 2 2 2 2 2 2 2 2 2 2 2 2
left_child=1 2 3 4 15 -2 7 9 -8 11 -9 -6 -7 -14 27 22 17 19 -19 -17 -12 -22 -1 24 -4 -26 -25 28 -10 -30
right_child=5 -3 23 -5 6 12 8 10 14 -11 20 -13 13 -15 -16 16 -18 18 -20 -21 21 -23 -24 26 25 -27 -28 -29 29 -31
leaf_value=-0.0022625968511411887 -0.048153081481677122 -0.044259409673109741 -0.026397174189767388 -0.046697288550208146 0.026387219714910728 -0.045590987578454839 -0.016903258732512801 -0.0021317958527390895 -0.00042863675924593997 0.039829336711477335 0.025919502289943504 -0.01993691445727365 -0.022559947940211659 0.047107236360729304 0.0083977444408565062 -0.0094950866307826811 -0.049362294668881854 0 -0.039051133608260583 0.026387593042940874 -0.012533817310957969 0.0080761802885842195 0.0076090488760847596 0.0080536558418661669 0.033936645740529188 -0.007156053628548327 0.018054918730010579 0.0020211846172686733 -0.0028165178970717838 -0.026259272907059712
leaf_weight=1430.3653288111091 102.80112757813185 40.106630426831543 11.872193098068236 9.0338796004652959 13.979527011513712 4.7369420658797008 53.572545442730188 225.85985976457596 574.65592804178596 30.401416108012199 22.770269066095352 11.029181532561777 3.571185901761055 4.2161675170063972 172.09363754093647 24.713711224496365 7.315815392881631 16.739879943430424 17.153764702379704 10.976485878229139 20.236100807785988 269.19335427880287 79.298429131507874 401.09881965816021 10.481744974851607 24.291710436344147 99.900799468159676 1364.091500736773 47.40575909614563 34.602004632353783
leaf_count=12624 7761 2843 63 616 95 95 462 1636 4169 310 107 74 68 44 975 169 143 109 116 64 102 1197 396 1874 57 131 593 6158 220 154
internal_value=-0.00011526 0.000888401 0.00125366 0.000301451 0.000399552 -0.0438381 0.00189797 0.00572055 0.000885666 0.0245809 0.00376479 0.00576047 -0.00792282 0.0146438 0.00132329 -0.00227936 -0.0127813 -0.00879823 -0.0197027 0.00144379 0.00804598 0.00661409 -0.00174029 0.00895517 -0.00281249 0.00514892 0.0100611 0.000717949 -0.00198155 -0.0127887
internal_weight=5138.57 5023.24 4983.13 4435.49 4426.45 115.325 2839.89 593.47 2246.42 55.4101 538.06 25.0087 12.5243 7.78735 2192.85 1586.56 76.8997 69.5838 33.8936 35.6902 312.2 289.429 1509.66 547.645 46.6456 34.7735 501 2020.76 656.664 82.0078
internal_count=43425 35457 32614 29896 29280 7968 15659 3521 12138 479 3042 169 207 112 11676 13621 601 458 225 233 1406 1299 13020 2718 251 188 2467 10701 4543 374
is_linear=0
shrinkage=0.05


Tree=56
num_leaves=31
num_cat=0
split_feature=8 4 7 5 7 7 4 4 6 5 5 3 1 4 6 3 6 1 3 3 3 6 6 4 6 4 6 6 6 6
split_gain=85.2033 31.1515 13.3042 7.2546 6.98687 5.80092 4.08179 3.47234 3.77964 3.70378 3.23949 6.32212 4.34959 3.02024 4.7907 3.81034 6.51076 4.82115 3.51994 6.58133 6.92293 4.21653 3.89415 3.68727 3.76223 3.63568 3.48654 3.42791 3.28466 4.79823
threshold=0.48919753730297094 0.84756097197532665 0.12566372007131579 0.90000000596046459 0.00026548672030912718 0.67185840010643016 0.49967658519744879 0.50125628709793102 0.0082209734246134775 0.37347440421581274 0.019639145582914356 0.1533312872052193 0.79451090097427379 0.38961258530616766 0.041628966107964523 0.26234818994998937 0.065775897353887572 0.79451090097427379 0.018117990344762806 0.043557312339544303 0.069023333489894881 0.18463078141212466 0.19339734315872195 0.27356395125389105 0.12324766442179681 0.25728709995746618 0.046590983867645271 0.038596967235207565 0.072323430329561247 0.042099276557564742
decision_type=2 2 2 2 2 2 2 2 2 2 2 2 2 2 2 2 2 2 2 2 2 2 2 2 2 2 2 2 2 2
left_child=1 2 3 7 -2 -4 -6 9 -9 -1 12 -12 -10 15 -15 18 27 -18 21 22 23 25 28 -21 -25 -11 -16 -17 29 -20
right_child=4 -3 5 -5 6 -7 -8 8 10 13 11 -13 -14 14 26 16 17 -19 19 20 -22 -23 -24 24 -26 -27 -28 -29 -30 -31
leaf_value=-0.0022895153157057283 -0.047999920500364099 -0.043944407879574293 0.0031230339319696159 -0.049346119208393137 -0.036564458393052911 0.010512490975791433 0.020121757339470671 -0.028396333131053872 0.006802988070072344 -0.0038688230134804138 -0.0090953111466446478 0.01753465302465498 0.038108660577059708 -0.022696693858271652 0.031111383156613222 0.01660390421275065 0.04401543126932405 0.0013932915886216487 -0.037128760712477005 0.0014374527636553504 -0.0069161259540744301 -0.0034277284657226225 0.0035699779633196721 0.049334721641691705 0.0097711748725092373 0.028873581795622522 -0.0014675842636898068 -0.023101300287154514 -0.047124369371501384 0.0080177506745304373
leaf_weight=2175.9879753887653 98.092016880400479 38.417949219234288 1772.1417156755924 7.6430172221735111 6.1498817987740022 313.42692375183105 6.2643627189099789 8.6261821910738927 192.50906002521515 10.80647052451968 82.443382162600756 30.382169350981712 11.781451530754564 25.581389665603638 8.9883584007620794 10.53568208217621 23.315181389451027 9.6105782240629178 11.392730928957464 14.816400568932293 43.846786551177502 27.942172273993492 16.868572738021612 14.945845395326616 10.705234363675116 35.036739148199558 83.417788751423359 10.92950927838683 11.684181384742258 11.714489325881003
leaf_count=18104 7761 2843 7580 607 121 1839 86 71 1378 66 636 205 58 153 50 60 134 43 69 79 264 153 90 80 57 188 461 58 66 65
internal_value=-0.000111728 0.000844554 0.00119216 -0.00100191 -0.0435208 0.0042364 -0.00762822 -0.000870343 0.00398674 -0.00149091 0.00489206 -0.00187082 0.00865061 0.00304286 -0.00357955 0.00602003 0.0178187 0.0317679 0.00292977 -0.00181054 0.00675671 0.0117237 -0.0158758 0.0216751 0.0331195 0.0210549 0.00167753 -0.00339446 -0.0254305 -0.0140898
internal_weight=5126 5015.5 4977.08 2891.51 110.506 2085.57 12.4142 2883.87 325.742 2558.13 317.116 112.826 204.291 382.138 117.988 264.151 54.391 32.9258 209.76 135.974 84.3143 73.7854 51.66 40.4675 25.6511 45.8432 92.4061 21.4652 34.7914 23.1072
internal_count=43425 35457 32614 23195 7968 9419 207 22588 2348 20240 2277 841 1436 2136 664 1472 295 177 1177 770 480 407 290 216 137 254 511 118 200 134
is_linear=0
shrinkage=0.05


Tree=57
num_leaves=31
num_cat=0
split_feature=8 4 1 5 7 6 6 6 6 1 5 4 1 3 3 4 5 1 7 3 3 4 6 3 7 3 4 1 4 1
split_gain=80.3562 29.3554 12.3321 7.20059 6.97036 5.222 6.14525 12.8652 8.51717 7.81764 5.62935 7.20565 5.55713 5.28272 5.06818 7.18714 6.28629 5.80344 5.8441 4.99623 5.2856 5.61044 4.34351 4.24551 4.12947 4.08683 4.03444 5.10123 4.00201 3.87908
threshold=0.48919753730297094 0.84756097197532665 0.94868421554565441 0.90000000596046459 0.00026548672030912718 0.025622757151722911 0.12324766442179681 0.085055809468030943 0.17650170624256137 0.91751700639724743 0.39387755095958715 0.47039544582366949 0.73071852326393139 0.069023333489894881 0.0091431704349815863 0.37254935503005987 0.0025974420132115488 0.34013606607913976 0.041946902871131904 0.19668008387088778 0.024213715456426147 0.45241193473339086 0.19724349677562716 0.34334096312522894 0.0057522123679518708 0.050878273323178298 0.42360590398311621 0.97722566127777111 0.39794188737869268 0.27551020681858068
decision_type=2 2 2 2 2 2 2 2 2 2 2 2 2 2 2 2 2 2 2 2 2 2 2 2 2 2 2 2 2 2
left_child=1 2 3 5 -2 -1 7 14 -8 -9 11 -10 19 25 15 16 29 -16 -19 20 21 -12 -13 -15 -6 -14 27 -4 -17 -7
right_child=4 -3 26 -5 24 6 8 9 10 -11 12 22 13 23 17 28 -18 18 -20 -21 -22 -23 -24 -25 -26 -27 -28 -29 -30 -31
leaf_value=-0.0021377980834107651 -0.047842800509026437 -0.043620361935262079 -0.0050537538088258911 -0.049252233530407273 0.026398794927988401 0.023301896808517429 -0.011797670492281443 0.016693947098440833 -0.003611293045522497 0.059954735048169554 0.0082665356807902768 0.036613955245521329 0.015189980121139866 -0.008795961504027186 0.036935861857071123 -0.011660244579604448 0.009912013374890739 -0.011440099018560785 0.001756791891884672 0.026443039025675463 -0.026021806964389521 -0.021048374855658778 0.0044874435935308181 0.01586065222420421 -0.031679996025409489 0.041140047896590703 0.011636464795330148 0.0070960243386819569 0.0057674459226941871 0.058824204122551293
leaf_weight=1552.0543528683484 93.607125800102949 36.809707561507821 114.04105472564697 7.2839616220444432 5.0875269100069982 27.840858452022076 153.19137714803219 66.982430130243301 753.91376468166709 12.487458303570746 64.942190907895565 10.910993508994578 72.241783179342747 37.637533389031887 10.764029420912264 43.467674434185028 98.640728332102299 95.528802435845137 682.84825740754604 14.424369312822817 22.97524331882596 21.67098493129015 270.11984025686979 32.246985465288162 7.2437188755720854 19.700322099030018 291.19797663390636 350.80237326025963 134.15011191368103 11.19129555672407
leaf_count=13410 7761 2843 472 607 32 161 784 410 4482 52 325 87 311 175 96 239 548 988 3345 96 153 123 1603 138 175 87 1436 1692 736 58
internal_value=-0.000108317 0.00080232 0.00113299 7.75187e-05 -0.0431817 0.000165224 0.00151197 0.004195 -0.000639785 0.0236214 0.000651374 -0.00106006 0.0068637 0.0129661 0.00279062 0.00814947 0.0167231 0.000642475 0.000129477 -0.00106324 -0.00475009 0.000858344 0.00576512 0.00251636 -0.0072965 0.0208432 0.00701304 0.00410409 0.00147014 0.0337389
internal_weight=5116 5010.07 4973.26 4217.22 105.938 4209.93 2657.88 1183.9 1473.98 79.4699 1320.78 1034.94 285.839 161.827 1104.43 315.291 137.673 789.141 778.377 124.013 109.588 86.6132 281.031 69.8845 12.3312 91.9421 756.041 464.843 177.618 39.0322
internal_count=43425 35457 32614 29014 7968 28407 14997 6633 8364 462 7580 6172 1408 711 6171 1742 767 4429 4333 697 601 448 1690 313 207 398 3600 2164 975 219
is_linear=0
shrinkage=0.05


Tree=58
num_leaves=31
num_cat=1
split_feature=8 4 7 7 5 4 4 6 4 8 8 5 12 6 3 3 6 5 6 3 6 3 4 6 1 3 3 5 3 5
split_gain=75.8203 27.6586 11.2387 6.8975 6.84547 5.37664 3.97804 3.79278 5.86179 3.43403 3.42337 4.12848 2.77968 4.61927 4.54164 5.01425 6.12294 2.71385 2.7094 4.91703 3.42866 2.72123 2.55214 2.38034 2.58393 4.29766 7.32582 4.18572 4.90268 3.88973
threshold=0.48919753730297094 0.84756097197532665 0.31805309653282171 0.00026548672030912718 0.62470659613609325 0.201944574713707 0.22576153278350833 0.029767673462629322 0.46368466317653662 0.66026899218559276 1.0000000180025095e-35 0.27919691801071173 0 0.25939275324344641 0.15862533450126651 0.026298499666154388 0.20953451842069629 0.43890526890754705 0.16328698396682742 0.046137720346450813 0.063366986811161055 0.010082612279802563 0.14000570774078372 0.29185217618942266 0.73401361703872692 0.022641832008957866 0.036734255030751235 0.0043768915347754964 0.064390406012535109 0.36090452969074255
decision_type=2 2 2 2 2 2 2 2 2 2 2 2 1 2 2 2 2 2 2 2 2 2 2 2 2 2 2 2 2 2
left_child=1 2 4 -2 5 10 -5 8 17 -8 -1 18 13 -9 15 -14 -17 -4 20 21 22 -20 -12 -7 29 -26 -27 -28 -29 -25
right_child=3 -3 7 6 -6 23 9 12 -10 -11 11 -13 14 -15 -16 16 -18 -19 19 -21 -22 -23 -24 24 25 26 27 28 -30 -31
leaf_value=-0.0014901353222359129 -0.047681423237862015 -0.043286978962288496 -0.031144251291447884 -0.04448984125417562 -0.04577628033095537 0.0011774261467810698 -0.021584946065841822 0.014422945001762911 0.011634648174809581 0.04404898050470793 0.01437696692066903 -0.048828349550361708 -0.015787266075301735 0.0029012157143771698 -0.021052100412413659 0 0.034672315268905178 0.00087069152511657895 -0.021359809473924348 -0.037801181472934021 0.023906764905274026 0.01890587724034349 -0.020123892553036586 -0.002715339091039097 0.038373291670894358 -0.017586123893825589 0.031881325612487861 0.028307570365457748 -0.0062239880276444724 0.017374444508736431
leaf_weight=1503.2951713241637 89.336031569167972 35.278165331110358 19.158549815416336 4.4387121014296991 7.9691204074770203 2581.8473048210144 3.4647340886294842 285.1730539649725 28.331818372011185 4.2755171917378902 7.5331760235130814 7.0007866099476805 17.899611666798592 126.94746777415276 18.219610720872879 30.457232072949409 22.103497311472893 9.6235246956348437 7.6321940347552326 16.755053978413343 11.152967773377894 9.0650972872972471 17.115755699574947 105.83543881773949 13.731412857770918 20.835375756025314 26.171268224716187 16.1086116284132 27.620138056576252 31.012774661183357
leaf_count=13020 7761 2843 98 95 616 14085 68 1446 150 44 66 143 86 650 87 155 122 57 49 116 64 60 103 800 58 89 119 71 125 179
internal_value=-0.000104521 0.000762782 0.00107742 -0.0428635 0.000230424 0.000315871 -0.00701477 0.00776325 -0.00437888 0.0141312 -0.00201861 -0.0123558 0.00915859 0.0108875 0.0010641 0.00687549 0.0147036 -0.0203007 -0.00853169 -0.0187476 0.000900118 0.000185507 -0.00936227 0.0016238 0.00637641 0.0123026 0.00826426 0.0160551 0.00641808 0.00181029
internal_weight=5105.39 5003.87 4968.6 101.515 4410.68 4402.71 12.179 557.914 57.1139 7.74025 1579.55 76.255 500.8 412.121 88.68 70.4603 52.5607 28.7821 69.2542 33.4523 35.8019 16.6973 24.6489 2823.16 241.315 104.467 90.7354 69.9 43.7287 136.848
internal_count=43425 35457 32614 7968 29763 29147 207 2851 305 112 13621 601 2546 2096 450 363 277 155 458 225 233 109 169 15526 1441 462 404 315 196 979
cat_boundaries=0 1
cat_threshold=2
is_linear=0
shrinkage=0.05


Tree=59
num_leaves=31
num_cat=2
split_feature=8 4 1 7 5 6 1 7 1 6 7 7 7 7 7 5 6 4 8 6 12 7 4 6 4 1 6 5 12 4
split_gain=71.5075 26.0542 10.336 6.84001 6.3941 4.29312 5.64906 15.0576 7.58213 6.64555 6.31084 4.78684 4.57054 4.33165 3.81102 3.71662 4.65625 4.12349 3.73996 3.71464 3.6612 4.14149 3.6436 3.56179 3.50076 4.58937 3.44348 6.00738 7.38396 6.00551
threshold=0.48919753730297094 0.84756097197532665 0.94868421554565441 0.00026548672030912718 0.62470659613609325 0.025622757151722911 0.29889455437660223 0.022035398520529274 0.48814120888710028 0.029381474480032924 0.10530973598361017 0.015752212144434456 0.0026548672467470173 0.11283186078071596 0.0057522123679518708 0.0031377195846289401 0.044065866619348533 0.47039544582366949 0.33156105875968939 0.038043128326535232 0 0.15265487134456637 0.324840858578682 0.25606176257133489 0.42360590398311621 0.97722566127777111 0.053443185985088355 0.0080121941864490526 1 0.46368466317653662
decision_type=2 2 2 2 2 2 2 2 2 2 2 2 2 2 2 2 2 2 2 2 1 2 2 2 2 2 2 2 1 2
left_child=1 2 4 -2 5 20 7 12 -8 -10 19 22 -7 -12 -5 16 -15 23 -17 -9 -1 -22 -11 -18 25 -4 27 28 -26 -28
right_child=3 -3 24 14 -6 6 8 10 9 11 13 -13 -14 15 -16 18 17 -19 -20 -21 21 -23 -24 -25 26 -27 29 -29 -30 -31
leaf_value=-0.0033052240061022982 -0.047515488226025727 -0.042943974759149538 -0.0049741985941455652 0.025345180885966191 -0.045273853843872724 -0.0097161589886774723 -0.018693827215727817 -0.019637914559498312 0.014393997452118907 -0.053074080126016179 0.029259756245040305 0.00026475616570888525 0.037168485637855492 0.01920408990191759 -0.030860547068815688 0.007817900385748866 -0.0048243426021771889 0.016356999728808302 0.030515788230410814 -0.00067283701530667468 0.0033735506287246933 -0.027077901047203885 -0.0052060134433085459 -0.03044493910804762 0.0018565686063723224 0.0065566922968034822 0.043985350425002505 0.015166826073684737 -0.041532624168147209 0.012203343953893352
leaf_weight=1181.0983550064266 85.268774011172354 33.819743877276778 114.01110626757145 5.0882108286023122 7.6635684901848427 5.6526634469628325 51.964082032442093 30.022585827857256 83.957659970968962 7.2445533312857178 21.807814478874207 1924.9000539407134 44.806512594223022 21.659057185053825 6.9877122305333614 166.28686836361885 49.23509356379509 15.471959337592123 20.549576714634895 185.44232011586428 355.45620955899358 11.400512486696242 9.2908576056361181 19.002317145466805 47.472506135702133 349.36956059932709 16.604962572455406 62.295827940106392 12.196234434843062 150.7539154291153
leaf_count=10535 7761 2843 472 32 616 27 451 236 415 99 101 10456 408 99 175 745 222 75 93 1346 2823 50 130 87 239 1692 72 317 62 746
internal_value=-0.000101032 0.000724792 0.00102408 -0.0425223 5.85924e-05 0.000143469 0.00136389 0.00572684 0.000143257 0.000629914 0.00322627 3.13985e-05 0.0318085 0.00775182 -0.00675386 0.00612008 -0.00134642 -0.00673991 0.0103561 -0.00334648 -0.00194828 0.00240649 -0.0266717 -0.0120663 0.00642056 0.00370836 0.0107444 0.00429259 -0.00698314 0.0154109
internal_weight=5096.78 4999.44 4965.62 97.3447 4212.91 4205.25 2657.29 579.937 2077.36 2025.39 529.478 1941.44 50.4592 314.013 12.0759 292.205 105.368 83.7094 186.836 215.465 1547.96 366.857 16.5354 68.2374 752.704 463.381 289.323 121.965 59.6687 167.359
internal_count=43425 35457 32614 7968 29014 28398 14990 3439 11551 11100 3004 10685 435 1422 207 1321 483 384 838 1582 13408 2873 229 309 3600 2164 1436 618 301 818
cat_boundaries=0 1 2
cat_threshold=2 2
is_linear=0
shrinkage=0.05


Tree=60
num_leaves=31
num_cat=1
split_feature=8 4 1 7 5 12 4 6 6 6 4 5 3 3 4 3 4 4 4 1 3 1 7 1 7 6 4 6 6 7
split_gain=67.4406 24.5381 9.59767 6.76043 5.86148 4.11887 4.88153 4.90185 10.0719 7.0825 6.396 5.72366 4.94785 4.87362 4.73472 4.71692 3.99116 3.80388 3.55167 6.44158 5.60051 5.18885 7.66173 5.02303 4.78186 4.54643 4.11331 5.0073 7.5727 7.79967
threshold=0.48919753730297094 0.84756097197532665 0.83728626370430004 0.00026548672030912718 0.62470659613609325 0 0.45891098678112036 0.06846578419208528 0.10992091894149782 0.074185702949762358 0.39448615908622747 0.4275322705507279 0.1013128310441971 0.050075225532054908 0.32188832759857183 0.018117990344762806 0.39448615908622747 0.22576153278350833 0.201944574713707 0.20204082131385806 0.016779279336333278 0.34013606607913976 0.024867256172001365 0.39387755095958715 0.097964603453874602 0.019348476082086567 0.56966492533683788 0.12324766442179681 0.059964047744870193 0.047610620036721236
decision_type=2 2 2 2 2 1 2 2 2 2 2 2 2 2 2 2 2 2 2 2 2 2 2 2 2 2 2 2 2 2
left_child=1 2 4 -2 18 6 7 10 9 -9 12 14 -4 -12 15 -10 -13 -5 19 20 -1 22 -20 -23 -24 -21 27 28 29 -25
right_child=3 -3 5 17 -6 -7 -8 8 11 -11 13 16 -14 -15 -16 -17 -18 -19 21 25 -22 23 24 26 -26 -27 -28 -29 -30 -31
leaf_value=-0.0014681527522808152 -0.04734468502059757 -0.042591085517673155 -0.0014112665238381536 -0.04396861533232127 -0.044751244532950291 -0.00057706391226290774 0.010396099694397113 0.011065782105478967 0.019669208382962333 0.051924429056634004 -0.023723474451829863 0.020637740525902466 0.012793083435462439 -0.0016214108235880203 0.0064012311041963367 -0.0094105376974662289 -0.0017812682290435098 0.01413060398553409 0.021122580255015424 -0.046126380509952165 0.048059599316441479 -0.034919197961490615 -0.0034588109571803516 -0.012626539275864622 0.0064598560165369558 -0.010258484451397864 0.012600955320522789 -0.0041253748832085655 0.013095855093190015 0.0025947935458260642
leaf_weight=1319.4021051004529 81.395841085352004 32.431033966131508 187.42352879792452 4.2804949935525638 7.3739552749320856 346.09912684559822 369.1516749560833 23.730326265096664 15.635605067014692 19.776491597294807 44.960656747221947 76.063480451703072 90.647004127502441 57.08248620480299 185.51820284128189 117.50627693533897 26.292532593011856 7.6514009460806847 64.725163720548153 9.5856763832271081 5.6275342106819144 10.559028051793574 189.31288152933121 106.44897404685616 336.68168807029724 117.58361170068383 57.621281236410141 649.73552315682173 125.8362989872694 399.85374061763287
leaf_count=11818 7761 2843 883 95 616 1571 1748 104 78 83 192 363 411 244 796 565 110 112 537 127 32 100 1450 1144 1534 1057 433 3857 758 2003
internal_value=-9.76406e-05 0.000688968 0.000973803 -0.0421873 -0.000514563 0.00422127 0.00559352 0.00348764 0.00693371 0.0298297 -0.00071124 0.0045493 0.00320411 -0.0114223 0.00122648 -0.00594581 0.014834 -0.00648878 -0.000415634 -0.00228671 -0.00125042 0.000981883 0.00489099 -0.000725088 0.0028805 -0.0130355 -0.000449222 -0.00104068 0.00212213 -0.000597444
internal_weight=5085.99 4992.67 4960.23 93.3277 3400.35 1559.89 1213.79 844.637 464.523 43.5068 380.114 421.016 278.071 102.043 318.66 133.142 102.356 11.9319 3392.97 1452.2 1325.03 1940.77 590.72 1350.05 525.995 127.169 1339.5 1281.87 632.139 506.303
internal_count=43425 35457 32614 7968 25466 7148 5577 3829 2099 187 1730 1912 1294 436 1439 643 473 207 24850 13034 11850 11816 3521 8295 2984 1184 8195 7762 3905 3147
cat_boundaries=0 1
cat_threshold=2
is_linear=0
shrinkage=0.05


Tree=61
num_leaves=31
num_cat=0
split_feature=8 4 1 7 4 5 7 6 1 1 4 1 6 3 4 3 5 6 8 6 6 4 1 3 1 3 3 7 4 3
split_gain=63.5494 23.1045 8.82572 6.71717 4.74595 5.53953 3.60469 2.92423 3.49312 6.9123 4.75428 4.27036 3.85483 3.92597 3.6251 5.65674 5.42132 5.01195 4.39532 3.79086 8.34083 3.54534 3.26027 2.8782 2.84564 3.80588 5.09562 2.86431 3.54293 3.04071
threshold=0.48919753730297094 0.84756097197532665 0.9759001135826112 0.00026548672030912718 0.26999843120574957 0.73333334922790538 0.0057522123679518708 0.29185217618942266 0.37797619402408605 0.5847701132297517 0.38500961661338812 0.42261904478073126 0.25939275324344641 0.049713831394910819 0.42680943012237554 0.29561458528041845 0.0010998016223311426 0.026435988023877147 0.3212833851575852 0.097509298473596587 0.21205670386552813 0.39794188737869268 0.52506268024444591 0.019345168955624107 0.73401361703872692 0.023024651221930984 0.036734255030751235 0.022035398520529274 0.33782868087291723 0.09284652024507524
decision_type=2 2 2 2 2 2 2 2 2 2 2 2 2 2 2 2 2 2 2 2 2 2 2 2 2 2 2 2 2 2
left_child=1 2 4 -2 5 -1 -5 8 10 11 -6 -10 14 -14 15 16 -13 -18 -19 22 -21 -12 -16 -24 27 -26 -27 29 -29 -9
right_child=3 -3 -4 6 7 -7 -8 24 9 -11 21 12 13 -15 19 -17 17 18 -20 20 -22 -23 23 -25 25 26 -28 28 -30 -31
leaf_value=-0.0015275182472898757 -0.04716870641451007 -0.042228065195743653 0.0069697345355868683 0.024906994692456393 0.012398649611382878 -0.048892417180277085 -0.030161671027049537 0.0068391750189898031 -0.041735661398304202 0.0011181368109859731 -0.0096280532048896549 0.03830114301321777 -0.048630203327054512 0 -0.0011982168422356046 -0.028108955143971673 -0.036779615790442914 0.025728227019752276 -0.011583246707441755 0.022096357406283088 -0.027374524121719937 0.0040002839189457514 -0.051060045630097362 -0.018863850876645202 0.041769079965898515 -0.01470213760967715 0.01752861892239807 -0.023113526750605445 0.0031629839864166197 0.053000762119579409
leaf_weight=1909.7870050743222 77.70814720261842 31.108766712248325 538.31156639754772 5.0637996494770032 147.22517766058445 6.1007418138906351 6.7914998736232519 11.789765626192095 9.5834330990910512 1649.8597656898201 57.968793898820877 13.530198585242031 10.552374526858332 6.7765511423349372 15.646668490022419 10.977473281323908 6.8715583235025397 18.582230970263485 13.374207299202679 19.998137168586254 14.677251316606997 265.14687103778124 10.512617014348505 23.314769573509693 11.179552763700483 15.633574329316614 53.724388495087624 14.748384095728396 93.879508845508099 5.2487127035856238
leaf_count=15579 7761 2843 2718 32 841 608 175 108 98 8223 325 124 72 59 141 119 66 123 107 152 108 1605 66 228 48 67 241 106 626 56
internal_value=-9.46509e-05 0.000654591 0.000925675 -0.0418159 0.000187744 -0.0016835 -0.00621017 0.00162333 0.00110805 0.000114578 0.00494984 -0.00934597 -0.00740813 -0.0297029 -0.00473636 0.00423816 0.0111561 0.00149441 0.00996947 -0.0115474 0.000994249 0.00153759 -0.0204228 -0.0291379 0.0073297 0.0146741 0.010181 0.00257509 -0.000376562 0.0215773
internal_weight=5075.67 4986.11 4955 89.5634 4416.69 1915.89 11.8553 2500.8 2294.6 1824.26 470.341 174.397 164.814 17.3289 147.485 63.3357 52.3582 38.828 31.9564 84.1494 34.6754 323.116 49.4741 33.8274 206.204 80.5375 69.358 125.666 108.628 17.0385
internal_count=43425 35457 32614 7968 29896 16187 207 13709 12457 9686 2771 1463 1365 131 1234 539 420 296 230 695 260 1930 435 294 1252 356 308 896 732 164
is_linear=0
shrinkage=0.05


Tree=62
num_leaves=31
num_cat=0
split_feature=8 4 7 7 1 5 1 3 4 4 6 6 6 1 5 3 3 7 7 10 4 5 6 7 7 4 7 6 5 5
split_gain=59.9028 21.7484 8.10934 6.63023 4.23454 5.01157 4.43074 10.0842 7.50927 5.51205 4.36342 8.42195 7.67923 6.00237 6.52401 6.1728 4.55321 4.4143 9.1515 4.80211 6.15648 3.64755 3.64579 7.07273 4.8565 3.64484 3.59959 5.57453 3.58567 5.94124
threshold=0.48919753730297094 0.84756097197532665 0.31805309653282171 0.00026548672030912718 0.7124060094356538 0.62470659613609325 0.34013606607913976 0.015795755200088028 0.56966492533683788 0.12531407177448275 0.04512110352516175 0.0350523628294468 0.050125628709793098 0.59137290716171276 0.0129161449149251 0.030837154015898708 0.05774903483688832 0.12566372007131579 0.061769910156726844 0.26874697208404547 0.42680943012237554 0.01048439694568515 0.030156583525240425 0.022035398520529274 0.0080530971754342335 0.49967658519744879 0.10530973598361017 0.036252848803997047 0.25472601503133779 0.37111482024192816
decision_type=2 2 2 2 2 2 2 2 2 2 2 2 2 2 2 2 2 2 2 2 2 2 2 2 2 2 2 2 2 2
left_child=1 2 4 -2 5 6 7 22 9 -8 11 17 -12 21 15 -15 -14 18 -11 -20 -21 -13 28 24 -24 -5 -25 -28 -1 -30
right_child=3 -3 -4 25 -6 -7 8 -9 -10 10 12 13 16 14 -16 -17 -18 -19 19 20 -22 -23 23 26 -26 -27 27 -29 29 -31
leaf_value=-0.0011653321625811606 -0.046987254060481071 -0.041854687955414617 0.0065906825272787741 -0.034941813325679937 0.0019420674520279327 -0.043892906695895267 -0.026487911733716948 0.028091066068153422 0.014475189894129917 -0.012211994842846165 -0.034841952096302024 0.016114454306853012 -0.010476744792419489 0.042417467840025966 0.052562543876788471 -0.014901960837443329 0.00044695973394336217 -0.03150006536838091 -0.0077538092090819258 0.064241452601905155 0.0098830436122690768 -0.030118769538099634 0.0078137740965458901 -0.0025905341390869492 0.054688873034488064 0.020221373824716699 0.033258844958558638 0.0041864651001225096 -0.044342959085701739 -0.0016542480688443641
leaf_weight=1314.7025684937835 74.19699708558619 29.849826759658754 552.10330840945244 5.6371432933956367 1898.9787710942328 6.7575676450505844 31.349610559642315 31.739465095102787 47.774419248104095 69.01997447758913 24.493174955248833 8.668207064270975 230.92333964630961 8.0608849078416842 16.878832951188087 10.821759633719919 161.02398650348186 14.41500687599182 10.195867881178858 9.2277960926294345 12.492431208491324 8.1074321046471578 11.7300609536469 205.81507932767272 10.928140692412851 6.0814470686018467 17.953380391001701 201.82513225078583 12.818367417901753 22.812400508671999
leaf_count=11765 7761 2843 2851 121 8853 614 439 302 364 811 199 68 1571 44 108 82 1329 70 54 54 69 63 74 1509 108 86 78 884 120 131
internal_value=-9.21317e-05 0.000621211 0.000879118 -0.0414632 0.000161093 -0.00118945 -0.00106998 0.000196344 -0.00457052 -0.00605863 -0.00494969 0.00183043 -0.00769488 0.0184272 0.0300004 0.0093985 -0.00597723 -0.00569476 -0.0019324 0.0201102 0.0333948 -0.0059792 -0.000294666 0.00360857 0.0307825 -0.00596254 0.00214322 0.00659813 -0.00159425 -0.0172328
internal_weight=5067.38 4981.47 4951.62 85.9156 4399.51 2500.53 2493.78 1830.32 663.453 615.678 584.329 167.888 416.441 52.5371 35.7615 18.8826 391.947 115.351 100.936 31.9161 21.7202 16.7756 1798.59 448.252 22.6582 11.7186 425.594 219.779 1350.33 35.6308
internal_count=43425 35457 32614 7968 29763 20910 20296 14971 5325 4961 4522 1423 3099 365 234 126 2900 1058 988 177 123 131 14669 2653 182 207 2471 962 12016 251
is_linear=0
shrinkage=0.05


Tree=63
num_leaves=31
num_cat=0
split_feature=8 4 1 7 4 4 6 3 3 8 8 6 1 1 4 8 4 5 3 3 1 5 5 4 1 5 3 6 3 4
split_gain=56.4094 20.4672 7.42386 6.58238 3.98144 3.44643 3.07199 3.0798 2.77073 4.5369 3.08763 2.63771 2.97561 5.90837 4.2694 3.38367 3.15082 2.58794 3.17603 3.94211 3.64274 3.5796 3.44444 4.32486 2.66044 2.47857 2.41664 6.0287 3.53397 4.25837
threshold=0.48919753730297094 0.84756097197532665 0.9759001135826112 0.00026548672030912718 0.26999843120574957 0.22576153278350833 0.31281407177448278 0.044017467647790916 0.012772412970662119 0.33303795754909521 0.33130352199077612 0.29185217618942266 0.37797619402408605 0.47809523344039923 0.38500961661338812 0.32497905194759374 0.39794188737869268 0.36457799375057226 0.036734255030751235 0.022641832008957866 0.73401361703872692 0.00062607871950604032 0.0012749712332151832 0.39794188737869268 0.87627550959587108 0.43890526890754705 0.34334096312522894 0.047678871080279357 0.065638393163681044 0.11055555567145349
decision_type=2 2 2 2 2 2 2 2 2 2 2 2 2 2 2 2 2 2 2 2 2 2 2 2 2 2 2 2 2 2
left_child=1 2 4 -2 6 -5 26 -8 9 10 -4 12 14 15 -6 -14 -16 18 19 22 -20 -21 23 -13 -22 -10 28 -28 -1 -30
right_child=3 -3 8 5 11 -7 7 -9 25 -11 -12 17 13 -15 16 -17 -18 -19 20 21 24 -23 -24 -25 -26 -27 27 -29 29 -31
leaf_value=-0.0010485132154921379 -0.046800006842367972 -0.041470752741478649 -0.0080815141510465881 -0.04285248129527227 0.011582877290816538 0.0135683944026656 -0.039086559586595834 -0.0026147330334336865 0.0056190037820824388 -0.036679389261962091 0.026959093202387603 -0.03414732187736387 0.00075997342690457858 0.00046469269195658275 -0.0092598847487377883 -0.031813276446957882 0.0036133422323780112 0.016716183406308694 0.0014870416024631253 0.00011806476302493581 0.039412056703468479 -0.043476044725327852 0.016402191659974086 0.0066262163578901054 0.01072590933657952 0.014550341624788724 0.026964832135824721 -0.0025835781353197801 -0.03436490576853924 -0.0062202635820180858
leaf_weight=1667.851063773036 70.854100224561989 28.651239113882184 18.992358610033993 4.0249263588339073 147.39644940197468 7.6266002245247364 10.761329904198648 13.109643065370618 400.42649349570274 9.3361859321594221 9.2149182558059675 10.614999629557134 11.863343622535465 1789.1345147117972 57.721122041344643 22.472262509167194 264.60021708905697 50.731308832764626 50.964246049523354 8.1975023150444049 14.080856509506701 10.287425406277178 24.548167631030083 16.115740768611431 20.610354140400887 97.803872868418694 25.864900711923838 50.711580272763968 15.075485095381735 127.89631583914161
leaf_count=14404 7761 2843 105 95 841 112 189 95 1903 50 53 72 98 9362 325 226 1605 255 400 52 71 59 151 105 87 607 163 266 185 885
internal_value=-8.93809e-05 0.000590039 0.000835514 -0.0410696 0.000159169 -0.00569507 -0.00155739 -0.0193597 0.00639294 -0.00662232 0.00324392 0.00147385 0.000984136 6.71421e-05 0.00453254 -0.0204441 0.00129035 0.00689401 0.00364706 -0.00421935 0.0101098 -0.0239777 0.00283861 -0.00944586 0.0225929 0.00738485 -0.00132857 0.0073538 -0.00169888 -0.00924483
internal_weight=5057.54 4975.03 4946.38 82.5056 4410.61 11.6515 1911.27 23.871 535.774 37.5435 28.2073 2499.34 2293.19 1823.47 469.718 34.3356 322.321 206.151 155.419 69.7638 85.6555 18.4849 51.2789 26.7307 34.6912 498.23 1887.4 76.5765 1810.82 142.972
internal_count=43425 35457 32614 7968 29896 207 16187 284 2718 208 158 13709 12457 9686 2771 324 1930 1252 997 439 558 111 328 177 158 2510 15903 429 15474 1070
is_linear=0
shrinkage=0.05


Tree=64
num_leaves=31
num_cat=0
split_feature=8 4 1 7 10 5 7 6 1 1 4 8 5 1 7 7 4 1 7 4 6 6 3 6 7 6 7 6 1 6
split_gain=53.109 19.2561 6.97006 6.52393 3.4954 3.16229 2.84667 3.5965 4.2303 9.85259 2.81445 6.37434 5.55546 3.7152 6.22952 4.32537 4.44879 4.14625 3.90185 3.16973 4.61629 6.77886 6.08614 6.02037 5.57092 5.24941 4.9759 4.82417 5.29616 4.68878
threshold=0.48919753730297094 0.84756097197532665 0.83728626370430004 0.00026548672030912718 0.59460553526878368 0.43890526890754705 0.14672566205263141 0.035331947728991515 0.93813776969909679 0.89564427733421337 0.201944574713707 1.0000000180025095e-35 0.27919691801071173 0.34013606607913976 0.024867256172001365 0.0080530971754342335 0.44852940738201147 0.39387755095958715 0.10530973598361017 0.56966492533683788 0.12324766442179681 0.062659781426191344 0.098860993981361403 0.17650170624256137 0.047610620036721236 0.04340579733252526 0.28300885856151586 0.047678871080279357 0.81165540218353283 0.17833333462476733
decision_type=2 2 2 2 2 2 2 2 2 2 2 2 2 2 2 2 2 2 2 2 2 2 2 2 2 2 2 2 2 2
left_child=1 2 10 -2 -5 -4 7 -7 9 -9 11 -1 -13 14 15 16 -12 -15 -16 20 21 24 -23 -22 -19 -26 29 28 -27 -25
right_child=3 -3 5 4 -6 6 -8 8 -10 -11 13 12 -14 17 18 -17 -18 19 -20 -21 23 22 -24 26 25 27 -28 -29 -30 -31
leaf_value=-0.0015205605313932955 -0.046606668277525493 -0.041076073476925566 0.0025510809486097448 -0.029485207230560619 0.025331224739467792 -0.02669932445320727 0.011442639719497842 0.015628811744421794 0.02785455467223627 -0.040616111401735017 0.021510696008128511 -0.010008052942650891 -0.049328516415099576 -0.032764527684492971 -0.002913826572949807 0.029228856277173039 -0.020740194057372738 -0.010399812714455208 0.0058400312516049407 0.010911019680688094 -0.018348274119226862 0.021677790050556846 -0.0035335601571554473 0.02394541534701064 0.006806343902029487 -0.0077726091702774655 -0.031958470496368248 0.0024167281612972528 -0.043099273359848374 -0.0023890955855991065
leaf_weight=1401.0119446627796 67.671534737572074 27.510158514603972 1296.4766926765442 6.5967306997627002 4.985401526093483 11.009385779500006 200.72141663730145 21.275708898901939 14.042666539549826 12.111902847886084 13.727492347359659 36.767838310450315 12.046944629400967 9.8976550996303541 213.78468050807714 38.922052167356014 11.195985928177832 107.8132581487298 312.56250059604645 58.688219338655472 65.089115485548973 73.128293696790934 35.060245372354984 17.312558457255363 255.33227413147688 51.630832061171532 13.728898122906683 94.857589110732079 13.469053119421003 551.81945434212685
leaf_count=12592 7761 2843 5826 175 32 52 1063 92 62 53 97 300 750 100 1578 368 76 1172 1406 433 344 426 238 106 1276 261 57 471 63 3352
internal_value=-8.63907e-05 0.000560427 0.000793969 -0.0406691 -0.00544721 0.00356487 0.00861421 -0.00101809 0.00488141 -0.004686 -0.000476969 -0.002144 -0.0198951 0.000767597 0.00407673 0.0188243 0.00232414 -0.000677907 0.00227513 -0.00043437 -0.000959587 0.00207804 0.0134658 -0.0039267 -0.000269744 0.00234995 -0.00230476 -0.00473213 -0.0152132 -0.00157517
internal_weight=5050.25 4970.99 4943.48 79.2537 11.5821 1555.64 259.161 58.4397 47.4303 33.3876 3387.85 1449.83 48.8148 1938.02 590.193 63.8455 24.9235 1347.83 526.347 1337.93 1279.24 631.292 108.189 647.95 523.103 415.29 582.861 159.957 65.0999 569.132
internal_count=43425 35457 32614 7968 207 7148 1322 259 207 145 25466 13642 1050 11824 3525 541 173 8299 2984 8199 7766 3907 664 3859 3243 2071 3515 795 324 3458
is_linear=0
shrinkage=0.05


Tree=65
num_leaves=31
num_cat=0
split_feature=8 4 7 7 6 4 1 5 1 3 4 4 6 6 6 1 5 3 3 5 6 4 7 7 7 4 4 4 6 5
split_gain=50.0201 18.1109 6.42496 6.32636 3.48563 5.31551 3.39407 4.44751 3.80862 9.31213 6.21438 4.93765 4.00739 7.47149 7.03582 5.1751 5.63178 5.80679 4.26741 6.11163 5.58366 4.24029 4.17036 7.83573 4.24973 5.22408 3.86706 3.80161 4.10534 3.38905
threshold=0.48919753730297094 0.84756097197532665 0.00026548672030912718 0.31805309653282171 0.029767673462629322 0.46368466317653662 0.7124060094356538 0.62470659613609325 0.34013606607913976 0.07525773718953134 0.56966492533683788 0.12531407177448275 0.04512110352516175 0.0350523628294468 0.050125628709793098 0.59137290716171276 0.0129161449149251 0.029520600102841858 0.29234951734542852 0.0049088697414845237 0.055055381730198867 0.37254935503005987 0.12566372007131579 0.061769910156726844 0.097964603453874602 0.42680943012237554 0.38791178166866308 0.22323627769947055 0.21362434327602389 0.01048439694568515
decision_type=2 2 2 2 2 2 2 2 2 2 2 2 2 2 2 2 2 2 2 2 2 2 2 2 2 2 2 2 2 2
left_child=1 3 -2 6 5 -5 7 8 9 -1 11 -10 13 22 -14 29 17 -17 20 -20 -16 27 23 -13 25 -25 -23 28 -22 -15
right_child=2 -3 -4 4 -6 -7 -8 -9 10 -11 -12 12 14 15 18 16 -18 -19 19 -21 21 26 -24 24 -26 -27 -28 -29 -30 -31
leaf_value=-0.00013839859182914816 -0.046406926559448856 -0.040670506212859302 -0.0052256403507290258 -0.021085729158472247 0.0071719031100982893 0.009534304715778659 0.0017133190820825342 -0.043019961073912309 -0.025300654595327932 0.038608608483028578 0.012921618809310451 -0.011265893845665946 -0.033607788325976613 0.015751273425973711 0.019341481938589675 0.040695126643201171 0.048626685865529561 -0.014781082664651122 -0.012535260201442197 0.016208895814013153 -0.048405765426843272 -0.033543798748601902 -0.030439371061018142 0.058631175405273545 -0.0076882514139132389 0.0091023936578066757 -0.011673073925816213 0.0021092085329141651 -0.0025565587609849357 -0.02905618234567818
leaf_weight=1809.4273472502828 64.641732914373279 26.423872108571231 11.453561418689786 28.530996650457382 491.84988570213318 27.734916761517525 1900.0487479642034 6.2144941808655849 30.284470854327083 15.539190724492071 48.594277143478394 67.715219281613827 23.778190497308969 8.6870571151375788 17.186425603926182 8.1153843551874179 17.340803015977144 10.832510825246571 30.198402121663094 46.987825721502304 8.3516882732510584 23.514903113245964 14.261273488402365 9.5721907764673251 10.188267558813093 12.583950176835058 158.77037507668138 92.679408613592386 12.17914120480418 7.9241420924663535
leaf_count=14820 7761 2843 207 155 2546 150 8853 614 439 151 364 811 199 68 114 43 108 83 259 356 69 159 70 54 54 69 1087 740 116 63
internal_value=-8.40418e-05 0.000531883 -0.0402891 0.000754145 0.00581869 -0.00591348 0.000120692 -0.00109216 -0.000983553 0.000190881 -0.00423935 -0.00561393 -0.00457475 0.00193268 -0.00721736 0.0174732 0.0280532 0.00880579 -0.00558677 0.00489665 -0.00819135 -0.00981561 -0.00522369 -0.00155304 0.0185994 0.0308924 -0.0145387 -0.00216054 -0.021594 -0.00537027
internal_weight=5041.61 4965.52 76.0953 4939.09 548.116 56.2659 4390.98 2490.93 2484.71 1824.97 659.746 611.152 580.867 167.221 413.646 52.8999 36.2887 18.9479 389.868 77.1862 312.682 295.496 114.321 100.06 32.3444 22.1561 182.285 113.21 20.5308 16.6112
internal_count=43425 35457 7968 32614 2851 305 29763 20910 20296 14971 5325 4961 4522 1423 3099 365 234 126 2900 615 2285 2171 1058 988 177 123 1246 925 185 131
is_linear=0
shrinkage=0.05


Tree=66
num_leaves=31
num_cat=0
split_feature=8 4 7 1 4 4 6 3 3 5 5 3 6 3 3 1 4 8 1 4 4 1 6 1 4 6 7 6 6 7
split_gain=47.0449 17.0283 6.37469 5.8519 3.31012 3.14756 2.79526 2.84815 2.57317 2.76305 4.60819 2.38955 2.36186 2.66339 6.28469 4.48743 3.9263 6.60522 9.7188 6.60504 4.0764 5.25589 3.41586 3.92411 8.86544 3.26321 7.46572 4.32811 3.19952 3.03826
threshold=0.48919753730297094 0.84756097197532665 0.00026548672030912718 0.9759001135826112 0.22576153278350833 0.26999843120574957 0.31281407177448278 0.044017467647790916 0.015795755200088028 0.0010459065088070931 0.0077747884206473836 0.80000001192092907 0.29185217618942266 1.0000000180025095e-35 0.012323649600148203 0.75255101919174205 0.38905704021453863 0.32829856872558599 0.8313007950782777 0.47281807661056524 0.53136983513832103 0.51119959354400646 0.040051745250821121 0.27551020681858068 0.33656601607799536 0.0341609325259924 0.076194688677787795 0.22962705045938495 0.028962207026779655 0.15265487134456637
decision_type=2 2 2 2 2 2 2 2 2 2 2 2 2 2 2 2 2 2 2 2 2 2 2 2 2 2 2 2 2 2
left_child=1 3 -2 5 -4 6 -1 -8 9 -5 -11 -3 13 16 15 -15 22 20 19 -19 21 -18 23 24 28 26 -21 -27 -7 -24
right_child=2 11 4 8 -6 12 7 -9 -10 10 -12 -13 -14 14 -16 -17 17 18 -20 25 -22 -23 29 -25 -26 27 -28 -29 -30 -31
leaf_value=-0.0011956494998060559 -0.04620046899773305 -0.043848562545372304 -0.042248638209490416 -0.026303085938441568 0.013833033981954394 0.015930263520654742 -0.037977237912433501 -0.0025253309004555045 0.0067331444082785437 0.030191004789950772 -0.010286721781650342 0.022703516209851039 0.0064128270352192002 -0.035509495603133906 0.00037826342235647758 -0.0060315652822865882 0.00045442403298955351 -0.0024857466938515019 0.040889950309290796 -0.024820980936080487 -0.034611426941972404 -0.022895849411192 0.010361029383812677 0.041496768745038798 -0.0061558107178327484 0.03496266673916168 0.039358784809690878 0.0033228630327601263 0.056520409123118433 -0.0047405912138715608
leaf_weight=1882.459842082113 61.757488444447517 24.122268231585625 3.8775437381118518 11.866119712591169 7.5381441954523325 10.093558274209501 10.395567633211614 13.05892179533839 486.92981557548046 9.8808835595846158 23.580552250146866 1.2675259066745628 206.19768000394106 20.032727666199207 1633.2922241352499 37.643036991357803 101.00057625770569 163.47660079598427 18.103907942771912 12.184662014245989 12.808519065380095 31.389410242438316 92.524307578802109 14.837735049426554 28.199864663183689 29.506278201937675 7.0730904787778845 17.642145313322544 10.346650265157221 51.404731914401054
leaf_count=15903 7761 2701 95 63 112 55 189 95 2467 57 131 142 1252 116 8885 162 541 808 75 114 115 145 549 72 190 189 36 125 51 229
internal_value=-8.18528e-05 0.00050452 -0.039854 0.000716001 -0.00498338 0.000116256 -0.00141274 -0.0185452 0.00566768 -0.00565754 0.00157138 -0.0402539 0.00128497 0.000821117 -0.000192009 -0.0164005 0.00368146 0.000730783 0.00570052 0.00289094 -0.00772077 -0.00505724 0.00924796 0.0189295 0.0118717 0.0161861 -0.000908847 0.0232615 0.0368952 0.00493317
internal_weight=5034.49 4961.32 73.1732 4935.93 11.4157 4403.67 1905.91 23.4545 532.257 45.3276 33.4614 25.3898 2497.76 2291.56 1690.97 57.6758 600.592 393.185 247.987 229.883 145.199 132.39 207.407 63.4778 48.6401 66.4062 19.2578 47.1484 20.4402 143.929
internal_count=43425 35457 7968 32614 207 29896 16187 284 2718 251 188 2843 13709 12457 9163 278 3294 2148 1347 1272 801 686 1146 368 296 464 150 314 106 778
is_linear=0
shrinkage=0.05


Tree=67
num_leaves=31
num_cat=0
split_feature=8 4 7 7 7 4 3 4 4 3 1 3 6 5 3 5 8 3 1 5 1 1 7 4 4 5 1 6 3 3
split_gain=44.249 16.0016 6.30175 5.42936 3.31307 3.09864 2.30336 2.18354 3.75764 4.05494 4.68356 3.49921 3.143 3.13524 2.95432 2.74036 5.7788 5.3508 3.55366 3.02417 5.42649 8.50019 4.79182 3.5748 2.80527 4.23793 2.67602 4.10816 3.69661 10.2895
threshold=0.48919753730297094 0.84756097197532665 0.00026548672030912718 0.12566372007131579 0.0057522123679518708 0.47281807661056524 0.80000001192092907 0.50125628709793102 0.44852940738201147 0.060197304934263236 0.83503401279449474 0.044017467647790916 0.0082209734246134775 0.01524710049852729 0.050075225532054908 0.019639145582914356 0.3258607834577561 0.1533312872052193 0.79451090097427379 0.0042425377760082492 0.53197279572486889 0.48814120888710028 0.027699114754796032 0.51542207598686229 0.52086955308914196 0.0021418604301288728 0.73401361703872692 0.2821722030639649 0.023024651221930984 0.049238052219152458
decision_type=2 2 2 2 2 2 2 2 2 2 2 2 2 2 2 2 2 2 2 2 2 2 2 2 2 2 2 2 2 2
left_child=1 3 -2 7 -4 -5 -3 8 -1 11 13 -10 -9 -11 -13 18 17 26 19 20 21 22 -14 -24 25 -22 27 28 -17 -30
right_child=2 6 4 5 -6 -7 -8 12 9 10 -12 14 15 -15 -16 16 -18 -19 -20 -21 24 -23 23 -25 -26 -27 -28 -29 29 -31
leaf_value=-0.00067763695648494237 -0.045986984636203238 -0.043539526378247657 0.025124726728319936 0.0018949566483385802 -0.028698350938669459 0.0077454737673870707 0.02119669342065492 -0.026866988863961258 -0.010305108436488344 0.0017012183115390344 0.014481836917719471 -0.052576624673913011 0.022919899770960303 -0.02227788451083184 -0.011600047690909518 -0.026393209981895305 -0.044595367631154015 0.018880517977963154 0.033621457853817337 0.015115280952688395 0.011100070759091391 0.050401084433436154 0.01369506559692742 -0.024419868884776937 -0.017033533529547045 -0.026559692485065796 -0.026069643836428083 0.018283191367422579 0.037031667471143427 -0.027689589321560067
leaf_weight=2349.2345077209175 59.011909435037524 23.105304090306166 4.953140437602995 1811.1566094756126 6.399309747852385 259.56691344082355 1.2960960390046228 8.3679174073040468 81.945620995014906 29.200054071843624 33.582609057426453 10.221129566431047 17.956599399447441 24.882764153182507 8.4377619698643667 19.274363860487938 7.4404874593019477 29.170946285128593 12.118419565260409 59.031302630901337 30.846569202840328 12.044578142464159 9.4310966879129428 16.742809928953648 36.863280244171619 9.723813593387602 13.877790734171866 17.913676887750626 11.525090597569944 12.888817176222799
leaf_count=19584 7761 2701 32 8064 175 1355 142 71 580 218 161 73 160 180 51 160 75 193 58 405 178 89 53 153 290 50 79 121 94 119
internal_value=-7.90008e-05 0.00047917 -0.0394233 0.000680333 -0.00476411 0.00263108 -0.0398245 -0.000729016 -0.00122482 -0.00802203 -0.000101763 -0.014867 0.00312329 -0.00925971 -0.0344737 0.00393933 -0.00231015 0.000688224 0.00738436 0.00569133 0.00148204 0.0133307 0.0030089 -0.010496 -0.0070553 0.00190782 -0.00629215 -0.00172057 -0.01006 0.00268588
internal_weight=5028.21 4957.85 70.3644 4933.45 11.3525 2070.72 24.4014 2862.72 2537.5 188.27 87.6654 100.605 325.218 54.0828 18.6589 316.85 112.091 104.651 204.758 192.64 133.609 56.1751 44.1305 26.1739 77.4337 40.5704 75.4797 61.6019 43.6883 24.4139
internal_count=43425 35457 7968 32614 207 9419 2843 23195 20847 1263 559 704 2348 398 124 2277 841 766 1436 1378 973 455 366 206 518 228 573 494 373 213
is_linear=0
shrinkage=0.05


Tree=68
num_leaves=31
num_cat=0
split_feature=8 4 7 1 4 4 6 3 3 8 8 3 3 3 6 3 6 5 5 5 1 6 5 6 5 4 3 3 4 5
split_gain=41.6352 15.0311 6.19219 5.01239 3.16494 2.72543 2.55538 2.66529 2.35878 3.63558 2.60849 2.22173 2.18618 5.84393 3.9709 3.96017 4.83937 5.74931 6.5207 4.91962 3.26812 3.57782 4.53232 4.14921 3.07098 3.05134 3.00513 2.36659 2.17916 2.0958
threshold=0.48919753730297094 0.84756097197532665 0.00026548672030912718 0.9759001135826112 0.22576153278350833 0.26999843120574957 0.31281407177448278 0.044017467647790916 0.012772412970662119 0.33303795754909521 0.33130352199077612 0.80000001192092907 0.29234951734542852 0.067485995590686812 0.28300000727176672 0.39718089997768408 0.22771719843149188 0.36090452969074255 0.41596639156341558 0.020254332572221759 0.95875850319862377 0.031541686505079276 0.0033480826532468204 0.093495108187198653 0.32318785786628729 0.11055555567145349 0.34334096312522894 0.42397409677505499 0.201944574713707 0.36885663866996771
decision_type=2 2 2 2 2 2 2 2 2 2 2 2 2 2 2 2 2 2 2 2 2 2 2 2 2 2 2 2 2 2
left_child=1 3 -2 5 -4 6 12 -8 9 10 -5 -3 13 14 -1 16 17 19 -19 26 21 28 23 -23 -16 -24 -14 -17 -15 -27
right_child=2 11 4 8 -6 -7 7 -9 -10 -11 -12 -13 15 20 24 27 -18 18 -20 -21 -22 22 25 -25 -26 29 -28 -29 -30 -31
leaf_value=-0.0011851903827382205 -0.045766173354693268 -0.043220772099893071 -0.041739709669911286 -0.0080698729801915031 0.013748930936784864 0.0011786864234237049 -0.036900741841816471 -0.0023699425384833628 0.0061615849161541607 -0.033259348696601986 0.024552846755302723 0.019815780519215433 0.0016149439223102772 -0.049589660788750302 0.043127812197060855 -0.026588140508185309 -0.0073336757405237088 0.05805849806778212 0.01054040388411219 -0.02890194553982869 -0.043655123220181564 -0.0051484086211352415 -0.028085541019407037 -0.049528439566785029 0.0065662756672036976 0.01517338038727882 0.038899161820365992 0.002659293583735285 -0.0074153659684409803 -0.0063965004119969377
leaf_weight=1640.9613542445004 56.3984220251441 22.137212086468939 3.7550978250801545 18.983269482851032 7.4766086004674435 2497.1237438246608 10.163361355662348 13.039890328422187 492.96325039863586 9.5572794824838621 8.8802606761455518 1.323339863680302 15.258606236428024 8.5207566153258067 8.3416046313941496 12.799645911902191 25.636576291173697 14.568732086569073 14.92588250339031 8.4063292369246465 8.221275642514227 12.003846257925035 7.3166636303067198 9.7378680258989316 19.487411215901375 27.646909289062023 8.5419325456023198 14.286035688593982 5.2885984294116488 18.488596197217703
leaf_count=14240 7761 2701 95 105 112 13709 189 95 2510 50 53 142 103 88 80 64 152 86 70 62 36 87 93 79 118 214 45 126 52 108
internal_value=-7.6763e-05 0.000454502 -0.0390145 0.000645847 -0.00456598 9.12285e-05 -0.00133262 -0.0178029 0.00523738 -0.00678832 0.00219899 -0.0393838 -0.00112579 -0.00156206 -0.000864218 0.00555934 0.0107664 0.0183675 0.0342976 0.00356326 -0.0134754 -0.0105857 -0.00618587 -0.0253904 0.0178196 0.00156504 0.0153121 -0.011025 -0.033967 0.00642607
internal_weight=5022.24 4954.61 67.6301 4931.15 11.2317 4400.77 1903.64 23.2033 530.384 37.4208 27.8635 23.4606 1880.44 1766.01 1668.79 114.424 87.3381 61.7015 29.4946 32.2069 97.2245 89.0032 75.1939 21.7417 27.829 53.4522 23.8005 27.0857 13.8094 46.1355
internal_count=43425 35457 7968 32614 207 29896 16187 284 2718 208 158 2843 15903 15195 14438 708 518 366 156 210 757 721 581 166 198 415 148 190 140 322
is_linear=0
shrinkage=0.05


Tree=69
num_leaves=31
num_cat=0
split_feature=8 4 7 1 10 5 6 6 6 1 3 3 3 6 6 3 6 3 1 3 6 3 5 3 4 5 7 7 1 7
split_gain=39.1323 14.1143 6.1109 4.73889 3.12978 2.8871 2.67766 7.08673 12.1856 8.52453 5.94094 4.49823 6.64591 3.97518 4.97997 7.08022 6.76809 5.39772 5.80594 5.7695 4.81194 3.7967 3.27709 3.06866 5.38226 3.28381 3.01518 2.64636 5.16338 2.43911
threshold=0.48919753730297094 0.84756097197532665 0.00026548672030912718 0.83728626370430004 0.59460553526878368 0.43890526890754705 0.055809069424867637 0.091627478599548354 0.074185702949762358 0.9759001135826112 0.44432044029235845 0.36656315624713903 0.083703000098466887 0.035331947728991515 0.026435988023877147 0.047631235793232925 0.027601637877523903 0.037397338077425964 0.8989795744419099 0.026121948845684532 0.032206201925873763 0.038202024996280677 0.010144579689949753 0.034128241240978248 0.42360590398311621 0.0024952194653451447 0.13831858336925509 0.15265487134456637 0.95875850319862377 0.14672566205263141
decision_type=2 2 2 2 2 2 2 2 2 2 2 2 2 2 2 2 2 2 2 2 2 2 2 2 2 2 2 2 2 2
left_child=1 3 -2 -1 -4 6 10 8 9 11 13 12 21 14 23 17 -17 18 -16 -20 22 -8 -18 24 -5 -25 -23 -27 -29 -7
right_child=2 -3 4 5 -6 29 7 -9 -10 -11 -12 -13 -14 -15 15 16 20 -19 19 -21 -22 26 -24 25 -26 27 -28 28 -30 -31
leaf_value=-0.00043634940528550383 -0.045537719663169468 -0.038931939763522744 -0.028053431476481705 -0.0091077429246545112 0.02461415110270436 -0.0011618159240401541 0.0095085532414811592 0.0017432851007749589 0.046952004680214841 0.030846999063911137 0.022293484301822937 -0.03017015035469401 0.03231084329814278 -0.0063388984793581113 -0.022849519257756266 0.046936604742851419 0.012939965159606 -0.030023251357340592 -0.00462756811927617 0.037682381031878986 0.030404653509042541 -0.00091665487980679072 -0.01788956082964429 -0.02364768083530764 0.034467508832824775 0.015708254957846491 -0.037661931317024458 -0.033674215960634891 0.0051800089564080455 0.010381606543720849
leaf_weight=3377.9374239975587 53.910759543534368 22.564992749132216 6.2436728784814459 17.233012229204181 4.9286225587129593 58.419856697320938 19.524847880005836 649.24016365408897 23.828087896108627 26.802731081843376 26.290090143680573 11.88481283187866 14.764160506427286 259.19870726019144 13.083670318126677 17.277692794799805 19.958171501755714 14.524733975529669 15.767075538635256 15.954182520508764 19.98480062186718 10.976594075560572 15.007856160402296 29.538577228784561 11.770045340061186 14.032818332314489 11.911048948764799 13.793104156851767 21.741664692759514 198.96771238744259
leaf_count=25466 7761 2843 175 76 32 259 84 2941 100 111 111 50 68 1179 57 74 96 66 72 69 92 55 68 135 52 64 51 60 95 1063
internal_value=-7.45829e-05 0.000431035 -0.0385639 0.000613024 -0.00436349 0.00290087 0.00193346 0.00381402 0.0149936 0.00695728 -0.000810736 -0.00227321 0.00348073 -0.00204257 0.00258374 0.00912827 0.0196409 -0.00359734 0.00490577 0.0165466 0.0108981 -0.00649006 -0.000163146 -0.00533517 0.00846187 -0.0104611 -0.0203376 -0.00247037 -0.00981343 0.00774272
internal_weight=5017.06 4951.98 65.0831 4929.41 11.1723 1551.48 1294.09 768.932 119.692 95.8642 525.156 69.0615 57.1767 498.866 239.667 131.558 72.2285 59.3297 44.8049 31.7213 54.9508 42.4125 34.966 108.109 29.0031 79.1062 22.8876 49.5676 35.5348 257.388
internal_count=43425 35457 7968 32614 207 7148 5826 3460 519 419 2366 308 258 2255 1076 594 330 264 198 141 256 190 164 482 128 354 106 219 155 1322
is_linear=0
shrinkage=0.05


Tree=70
num_leaves=31
num_cat=0
split_feature=8 4 7 7 6 4 1 5 1 3 4 1 7 7 3 4 6 6 7 4 6 6 3 4 1 5 7 6 3 5
split_gain=36.7966 13.2523 5.9958 4.42286 3.17802 3.0384 2.42924 4.10347 3.63948 8.47544 5.45738 4.85377 4.48509 3.51025 4.80566 3.46924 3.12347 7.56028 5.70914 4.34114 3.93513 2.99939 2.75577 2.71828 2.71467 2.77526 6.38538 6.41215 4.74812 2.85605
threshold=0.48919753730297094 0.84756097197532665 0.00026548672030912718 0.31805309653282171 0.026268890127539638 0.49967658519744879 0.7124060094356538 0.62470659613609325 0.34013606607913976 0.07525773718953134 0.56966492533683788 0.48814120888710028 0.015752212144434456 0.12566372007131579 0.0091431704349815863 0.35832114517688757 0.04618616774678231 0.050125628709793098 0.047610620036721236 0.1225140728056431 0.038144992664456374 0.047591427341103561 0.041575692594051368 0.23867116868495944 0.67874693870544445 0.00156885979231447 0.027699114754796032 0.12027147412300111 0.12193550541996957 0.0071895292494446048
decision_type=2 2 2 2 2 2 2 2 2 2 2 2 2 2 2 2 2 2 2 2 2 2 2 2 2 2 2 2 2 2
left_child=1 3 -2 6 -5 -4 7 8 9 -1 11 23 -13 16 -15 -16 18 21 19 -14 -21 -18 -12 -10 25 26 27 -19 -29 -27
right_child=2 -3 5 4 -6 -7 -8 -9 10 -11 22 12 13 14 15 -17 17 24 -20 20 -22 -23 -24 -25 -26 29 -28 28 -30 -31
leaf_value=-3.2475193620520255e-05 -0.045301325741379489 -0.038470432210897916 -0.032667013931096611 -0.012480810107916969 0.0056852000502707455 0.019311222743499869 0.0014005660568333596 -0.042238350778069866 -0.048817885416570367 0.037540547542527856 0.033099100955145011 -0.030622769550826181 -0.050635813352448211 -0.0012007731326801135 -0.049816982393483443 -0.014190625597878884 -0.014426829433427874 0.059351821768721058 0.014913723710756841 -0.0071857931934830718 0.027654076755087471 -0.057114285091141186 0.0051137873140258173 -0.015160666923946051 -0.013005022558039109 0.016557167013450811 -0.015733147188983668 0.022188645825976384 -0.03018358223801372 7.517517415488173e-05
leaf_weight=1805.5935672782362 51.542940824758261 21.716702666133642 5.0754556376486999 24.994882687926292 518.21721734106541 5.9815217591822147 1900.739917345345 5.915392478927969 7.078220495954155 15.032746337354181 11.68007121235132 15.291713487356899 4.8518580440431824 33.407132208347321 12.000707179307939 17.243290558457375 8.6221474297344702 5.866072520613673 68.020758524537086 53.999792646616697 9.4113871306180936 8.7182729579508287 37.435756124556065 45.834395013749599 52.001145012676716 31.893426492810249 65.972630389034748 9.7846218124032038 7.5914259776473036 150.78667139261961
leaf_count=14820 7761 2843 121 130 2721 86 8853 614 97 151 91 226 105 159 64 87 70 54 389 650 98 84 273 429 330 228 509 87 77 1218
internal_value=-7.17247e-05 0.000409432 -0.0381359 0.00058256 0.00483798 -0.004179 5.41341e-05 -0.000974135 -0.000871917 0.00027706 -0.00406065 -0.00536112 -0.00396947 -0.00320016 -0.0143291 -0.0291008 -0.00172686 -0.00428978 0.0046521 -0.00550682 -0.00190079 -0.03638 0.0119242 -0.019841 -0.00254563 -0.000522797 -0.00776201 0.0146203 -0.000447951 0.00298754
internal_weight=5012.3 4949.7 62.5999 4927.99 543.212 11.057 4384.77 2484.03 2478.12 1820.63 657.491 608.376 555.463 540.171 62.6511 29.244 477.52 341.236 136.284 68.263 63.4112 17.3404 49.1158 52.9126 323.896 271.895 89.2148 23.2421 17.376 182.68
internal_count=43425 35457 7968 32614 2851 207 29763 20910 20296 14971 5325 4961 4435 4209 310 151 3899 2657 1242 853 748 154 364 526 2503 2173 727 218 164 1446
is_linear=0
shrinkage=0.05


Tree=71
num_leaves=31
num_cat=0
split_feature=8 4 7 7 7 7 5 7 7 1 10 7 4 4 1 1 5 8 5 6 4 4 6 1 6 6 6 3 6 6
split_gain=34.5527 12.4375 5.91163 4.05609 2.94496 2.65575 3.85398 2.95317 5.03219 17.144 5.50897 4.73467 4.3292 3.87369 3.49002 4.35941 3.896 7.64604 6.74291 7.27708 3.67965 3.41252 2.95418 2.93547 2.90156 11.6742 7.79846 7.33125 5.32288 7.37604
threshold=0.48919753730297094 0.84756097197532665 0.00026548672030912718 0.67185840010643016 0.0057522123679518708 0.061769910156726844 0.62470659613609325 0.027699114754796032 0.00070796458749100577 0.14642857760190967 0.9598853886127473 0.015752212144434456 0.14558824151754382 0.13231695443391803 0.52919501066207897 0.67006802558898937 0.044793169945478446 1.0000000180025095e-35 0.39387755095958715 0.12027147412300111 0.53744271397590648 0.324840858578682 0.055809069424867637 0.67006802558898937 0.091627478599548354 0.06846578419208528 0.18337896466255191 0.44432044029235845 0.069071739912033095 0.088165346533060088
decision_type=2 2 2 2 2 2 2 2 2 2 2 2 2 2 2 2 2 2 2 2 2 2 2 2 2 2 2 2 2 2
left_child=1 3 -2 5 -4 6 7 8 10 12 -1 21 -10 23 20 16 -16 18 19 -18 22 -11 -13 -9 25 27 -26 -7 -27 -30
right_child=2 -3 4 -5 -6 24 -8 13 9 11 -12 14 -14 -15 15 -17 17 -19 -20 -21 -22 -23 -24 -25 26 28 -28 -29 29 -31
leaf_value=-0.049547323078859035 -0.045056689270773595 -0.037997745342416289 0.024006998192500597 0.0062219626279466263 -0.027401507869008607 0.000497247936193318 -0.041693771982719008 -0.036021693532180557 0.055590933015447666 -0.05247005437820066 -0.00095704360291965689 -0.053229348598936965 0.020860425842998343 -0.0036253121866993906 0.021426593931289775 -0.021879185206610377 -0.04710983202365468 -0.053185544900251673 0.043335348095161041 0.020957653378446697 0.0068555025661143397 -0.0085174886133526553 -0.012563076166007306 0.019153642117802485 -0.011032874541630371 0.035591747558621011 0.00093720643095758873 0.024114080605833643 0.0042832065136226595 0.03224651487792294
leaf_weight=5.7655925862491122 49.289262981154025 20.909319648519158 4.9151001721620542 296.44183053076267 6.0906846793368459 1162.0022230669856 5.7690927572548381 15.128478240221741 10.59343635290861 7.679687567055228 1256.5767600238323 6.8731679357588318 67.865020465105772 451.60448118299246 37.804224912077188 11.911335192620752 7.1591252833604875 5.9004109427332869 9.2420752234756929 8.3587562888860685 13.425671152770517 11.104285322129725 14.000973794609306 2.6720812600105992 153.73491188138723 27.943270981311798 1175.69931858778 33.739200904965401 94.563468843698502 31.592621311545372
leaf_count=43 7761 2843 32 1839 175 5329 616 299 63 121 11418 94 604 3872 372 135 88 80 82 94 107 162 159 52 771 127 5371 144 436 136
internal_value=-7.01785e-05 0.000387818 -0.0376613 0.000552564 -0.0039832 0.000188265 -0.00121449 -0.00108963 6.8156e-06 0.00713791 -0.00118684 -0.00373518 0.0256782 -0.00454315 4.14996e-05 0.00578268 0.0106931 -0.00240548 0.00965978 -0.0102255 -0.0132444 -0.0269346 -0.0263815 -0.0273992 0.00121078 0.00284413 -0.000443971 0.00116977 0.0157948 0.0113455
internal_weight=5006.36 4946.06 60.295 4925.15 11.0058 4628.71 1949.43 1943.67 1474.26 211.918 1262.34 133.46 78.4585 469.405 114.676 80.3759 68.4646 30.6604 24.76 15.5179 34.2998 18.784 20.8741 17.8006 2679.28 1349.84 1329.43 1195.74 154.099 126.156
internal_count=43425 35457 7968 32614 207 30775 18461 17845 13622 2161 11461 1494 667 4223 1211 851 716 344 264 182 360 283 253 351 12314 6172 6142 5473 699 572
is_linear=0
shrinkage=0.05


Tree=72
num_leaves=31
num_cat=0
split_feature=8 4 7 7 4 4 3 6 6 5 5 6 3 3 5 6 6 3 3 4 6 6 5 5 5 4 4 7 7 1
split_gain=32.4649 11.6684 5.79151 3.68265 2.94335 2.59662 2.36512 1.90333 3.43729 2.22355 3.12546 4.3614 2.86238 2.61238 2.30924 1.8484 4.12592 3.56294 5.97925 4.73376 4.20332 3.81232 5.34529 4.17034 3.81081 4.30185 3.24832 4.35442 3.5765 2.96871
threshold=0.48919753730297094 0.84756097197532665 0.00026548672030912718 0.12566372007131579 0.22576153278350833 0.47281807661056524 0.80000001192092907 0.0341609325259924 0.20953451842069629 0.43890526890754705 0.0020918130176141862 0.049081858247518546 0.022236663848161701 0.060197304934263236 0.0088261873461306112 0.026435988023877147 0.038144992664456374 0.071198787540197386 0.01390096638351679 0.46368466317653662 0.02780846226960421 0.033422939479351051 0.0070703725796192893 0.026500526815652851 0.37854015827178961 0.38500961661338812 0.34656305611133581 0.15265487134456637 0.23654867708683017 0.7124060094356538
decision_type=2 2 2 2 2 2 2 2 2 2 2 2 2 2 2 2 2 2 2 2 2 2 2 2 2 2 2 2 2 2
left_child=1 3 -2 -1 -4 15 -3 -7 9 10 12 14 -9 -13 -12 26 17 18 24 20 -19 22 -20 -23 25 -17 27 -5 -29 -28
right_child=2 6 4 5 -6 7 -8 8 -10 -11 11 13 -14 -15 -16 16 -18 19 21 -21 -22 23 -24 -25 -26 -27 29 28 -30 -31
leaf_value=-0.00063775632866116541 -0.044803510535932477 -0.041949574685869476 -0.040876407445402906 0.0092033547446295893 0.013772486626292666 0.017484659826897057 0.026243230592474621 0.031022892661013424 0.011758263887561422 0.013618427930559764 -0.013573570894238439 -0.012507480591297382 -0.00082928887163925119 -0.042265401685551984 0.015700654806692398 0.040542585929618895 0.00093178857957021345 0.051038129279042388 0.0063636124921112305 -0.006797971813182248 0.016833195656019897 -0.007154530015096811 -0.024437245489146261 0.023378589761717236 -0.0019231500438652363 0.0087571210060591754 -0.015363728793662206 -0.041911115826934978 -0.011268114507441859 0.0057923026756031993
leaf_weight=2854.2555059688166 47.144286946859211 18.936124381609265 3.5547866355627757 17.37166054546833 7.3409983869642019 36.338738799095154 1.2047719974070776 9.6058712452650052 102.48597565293312 21.816932484507561 11.02082444727421 23.036257892847061 24.756315469741821 11.410412698984144 16.704806670546532 20.882276371121407 1388.7169723063707 11.218203052878378 23.159580051898956 16.298492252826691 49.813557744026184 23.148113861680031 34.902071908116341 21.178494110703468 20.124107718467712 22.758691400289536 20.170140355825424 13.292980283498762 36.0460354834795 89.807937026023865
leaf_count=23195 7761 2701 95 85 112 196 142 45 569 140 53 102 123 55 72 100 6178 49 102 69 227 108 155 99 89 96 92 63 170 382
internal_value=-6.8263e-05 0.000367854 -0.037214 0.000524695 -0.00381178 0.00213299 -0.0375139 0.00683836 0.00505676 -0.000709202 -0.00400975 -0.0107266 0.00799401 -0.0226033 0.00387762 0.0014609 0.00198874 0.00799372 0.00382399 0.0168718 0.0232754 -0.00362195 -0.0120756 0.00734091 0.0158452 0.0241387 -0.0033852 -0.0120911 -0.0196932 0.0018564
internal_weight=4998.5 4940.46 58.0401 4920.32 10.8958 2066.07 20.1409 257.176 220.837 118.351 96.5345 62.1723 34.3622 34.4467 27.7256 1808.89 1632.2 243.484 166.153 77.3303 61.0318 102.388 58.0617 44.3266 63.7651 43.641 176.689 66.7107 49.339 109.978
internal_count=43425 35457 7968 32614 207 9419 2843 1355 1159 590 450 282 168 157 125 8064 7272 1094 749 345 276 464 257 207 285 196 792 318 233 474
is_linear=0
shrinkage=0.05


Tree=73
num_leaves=31
num_cat=0
split_feature=8 4 7 7 4 5 10 7 7 1 10 7 4 4 4 1 1 5 8 5 6 4 5 6 1 6 6 10 6 6
split_gain=30.4678 10.9386 5.69511 3.40828 3.76805 3.61861 2.78436 2.67513 4.54734 15.6282 5.09792 4.39618 4.12067 3.61547 3.33322 3.17109 3.95568 3.45076 7.18847 5.91199 6.78608 3.4231 2.9906 2.89051 2.76731 2.76725 3.7655 2.4028 2.36131 11.4335
threshold=0.48919753730297094 0.84756097197532665 0.00026548672030912718 0.061769910156726844 0.47281807661056524 0.62470659613609325 0.59460553526878368 0.027699114754796032 0.00070796458749100577 0.14642857760190967 0.9598853886127473 0.015752212144434456 0.1169528402388096 0.13231695443391803 0.324840858578682 0.52919501066207897 0.67006802558898937 0.044793169945478446 1.0000000180025095e-35 0.39387755095958715 0.12027147412300111 0.53744271397590648 0.46868900954723364 0.055809069424867637 0.67006802558898937 0.19174208492040637 0.038144992664456374 0.4575274139642716 0.091627478599548354 0.055809069424867637
decision_type=2 2 2 2 2 2 2 2 2 2 2 2 2 2 2 2 2 2 2 2 2 2 2 2 2 2 2 2 2 2
left_child=1 3 -2 5 28 7 -4 8 10 12 -1 14 -10 24 -11 21 17 25 19 20 -19 23 -14 -13 -9 26 -17 -25 29 -5
right_child=2 -3 6 4 -6 -7 -8 13 9 11 -12 15 22 -15 -16 16 -18 18 -20 -21 -22 -23 -24 27 -26 -27 -28 -29 -30 -31
leaf_value=-0.048116813360247111 -0.044541498952183491 -0.03701662614940722 -0.02678759899251822 -0.0001379971779856653 0.0063389999042688149 -0.041029306657768279 0.023527600056391786 -0.035351505903242431 0.064806772643765762 -0.05221519006639265 -0.0008784017062217547 -0.052921722493867021 0.024757022521667466 -0.003422553150091945 -0.0081280325342098763 0.00064979628706247905 -0.021141766096190989 -0.04654023240632419 -0.052858258201687963 0.039972837668052694 0.019632651804692876 0.0065189288434443528 -0.0071199933130743067 -0.029924180888989984 0.017968603348295371 0.0039283628849929473 0.04551044829716612 0.011520636937497004 -0.0006263400531174388 0.010928445829939836
leaf_weight=5.6425136402249327 45.102830249816179 19.405004168860614 5.9547694819048029 1023.7174103707075 362.95889988541603 5.5716575323604038 4.8881133496761322 14.645350428298118 5.9280391186475745 7.3359086811542538 1255.0812797471881 6.5716228745877769 63.999638177454472 450.28012095764279 11.018186356872318 7.0810914300382164 11.70157817751169 6.8877208642661634 5.6437291465699664 9.5267451182007772 8.4935849979519826 13.482381545007227 8.0028900280594808 7.9801982007920724 2.7160967681556931 16.15559683740139 15.150052994489668 5.8749074637889862 1284.9073947072029 301.90287345647812
leaf_count=43 7761 2843 175 4817 1907 616 32 299 32 121 11418 94 570 3872 162 88 135 88 80 82 94 107 65 92 52 153 131 67 6061 1368
internal_value=-6.54218e-05 0.00034966 -0.0367242 0.000498855 0.00156401 -0.00112715 -0.00364021 -0.00100782 3.57791e-05 0.00683399 -0.00109759 -0.00355902 0.0246042 -0.00430177 -0.0262075 4.60048e-05 0.00548382 0.0100997 -0.00229319 0.00912958 -0.00978569 -0.0127169 0.0211397 -0.0256267 -0.0266684 0.0200734 0.0315122 -0.0120356 0.000897978 0.00237919
internal_weight=4993.61 4937.66 55.9457 4918.26 2973.49 1944.77 10.8429 1939.2 1471.56 210.834 1260.72 132.903 77.9306 467.642 18.3541 114.549 80.6401 68.9385 30.5518 24.9081 15.3813 33.9091 72.0025 20.4267 17.3614 38.3867 22.2311 13.8551 2610.53 1325.62
internal_count=43425 35457 7968 32614 14153 18461 207 17845 13622 2161 11461 1494 667 4223 283 1211 851 716 344 264 182 360 635 253 351 372 219 159 12246 6185
is_linear=0
shrinkage=0.05


Tree=74
num_leaves=31
num_cat=0
split_feature=8 4 7 7 4 3 3 5 3 4 8 5 6 6 3 6 3 1 3 4 4 8 4 3 6 1 3 7 5 3
split_gain=28.6038 10.2532 5.57058 3.2065 2.81064 2.40819 3.27954 3.05224 2.33544 2.13725 4.53053 5.95715 2.36578 2.21276 4.68203 2.7242 2.57189 2.44354 2.11201 2.40948 1.94342 4.02777 1.71497 1.7761 1.71284 3.08564 3.02491 1.71449 2.17562 3.10955
threshold=0.48919753730297094 0.84756097197532665 0.00026548672030912718 0.67185840010643016 0.22576153278350833 0.028817758895456794 0.043194472789764411 0.0024495918769389395 0.80000001192092907 0.201944574713707 1.0000000180025095e-35 0.27919691801071173 0.005000124918296934 0.16328698396682742 0.046137720346450813 0.063366986811161055 0.010082612279802563 0.71714287996292125 0.023650868795812133 0.31244330108165747 0.49967658519744879 0.3329847007989884 0.21339728683233264 0.064902164041996016 0.3289943933486939 0.55051019787788402 0.031152950599789623 0.12566372007131579 0.49839228391647344 0.23570261150598529
decision_type=2 2 2 2 2 2 2 2 2 2 2 2 2 2 2 2 2 2 2 2 2 2 2 2 2 2 2 2 2 2
left_child=1 3 -2 9 -4 18 7 -7 -3 10 -1 13 20 15 16 17 -15 -12 19 -5 21 -11 23 -14 27 26 -26 28 -24 -30
right_child=2 8 4 5 -6 6 -8 -9 -10 12 11 -13 22 14 -16 -17 -18 -19 -20 -21 -22 -23 24 -25 25 -27 -28 -29 29 -31
leaf_value=-0.00073304173078511659 -0.04427036595623552 -0.041245526432548182 -0.040363790508144842 -0.016046530691452562 0.013625901974033634 -0.00014522338619909247 0.0061781427428359301 0.036393172464495332 0.027000619153939205 -0.026368568855071297 0.0098085152321542926 -0.048720354760179455 0.0014464845598952214 -0.019730204558701933 -0.036076521328782828 0.021283753848863343 0.019839919206068968 -0.02211156692436396 -0.01923638655314926 0.005896053690583678 -0.035167406806618916 0.02420932588959657 -0.0011849592584006129 0.027341454712800823 0.0094257123326238947 -0.0046078478601984697 0.050958324044323822 0.0019235374060129506 0.0014913911431132497 0.019165940015559917
leaf_weight=1482.8548899181187 43.159945327788591 17.517153539694849 3.4517312776297313 14.934434503316877 7.285816740244627 7.8834972828626659 166.47061724960804 18.367902606725693 1.192080876789986 8.9969928264617938 10.164173785597088 10.15425022644922 14.916352778673174 7.4060545228421715 16.121092423796654 11.213329680263994 8.9139940589666349 13.88269569724798 13.246210277080534 72.930001243948936 7.7918324321508399 6.78726852685213 1236.1509988419712 12.488615393638609 12.213834285736086 15.17077488824725 7.1551949419081202 1582.7293779850006 124.49132624082267 31.262552551925182
leaf_count=13021 7761 2701 95 88 112 49 1064 122 142 65 98 750 76 49 116 64 60 71 80 436 67 57 8394 56 93 124 71 6681 715 147
internal_value=-6.38603e-05 0.000331277 -0.0362583 0.000473285 -0.00348076 0.00553749 0.00881664 0.0252718 -0.0365109 0.000150067 -0.00135432 -0.013107 0.00091897 -0.00762776 -0.0170387 0.000913092 0.00156765 -0.00842772 -0.000665884 0.0020956 -0.0148113 -0.00428969 0.00104323 0.0134853 0.000927814 0.0119924 0.0252082 0.000797258 -0.000479883 0.00508109
internal_weight=4987.3 4933.41 53.8975 4914.7 10.7375 293.833 192.722 26.2514 18.7092 4620.87 1560.71 77.8556 3060.16 67.7013 32.4411 35.2602 16.32 24.0469 101.111 87.8644 23.5761 15.7843 3036.58 27.405 3009.17 34.5398 19.369 2974.63 1391.9 155.754
internal_count=43425 35457 7968 32614 207 1839 1235 171 2843 30775 14229 1208 16546 458 225 233 109 169 604 524 189 122 16357 132 16225 288 164 15937 9256 862
is_linear=0
shrinkage=0.05


Tree=75
num_leaves=31
num_cat=0
split_feature=8 4 7 1 10 5 6 6 6 1 3 3 3 6 6 3 7 4 7 6 5 5 7 5 7 6 8 3 3 1
split_gain=26.8213 9.60282 5.46783 2.95018 2.63339 2.39862 2.40558 5.387 10.2156 7.59831 4.87805 4.04829 5.97474 3.61234 4.32393 3.38773 2.76429 2.6748 3.55537 4.57507 3.87332 5.90959 4.25569 3.64116 3.3911 2.5344 2.435 2.23011 2.18587 2.13484
threshold=0.48919753730297094 0.84756097197532665 0.00026548672030912718 0.83728626370430004 0.59460553526878368 0.43890526890754705 0.055809069424867637 0.091627478599548354 0.074185702949762358 0.9759001135826112 0.44432044029235845 0.36656315624713903 0.083703000098466887 0.035331947728991515 0.033422939479351051 0.038202024996280677 0.13831858336925509 0.47281807661056524 0.31805309653282171 0.028962207026779655 0.0096938442438840883 0.0023707465734332804 0.14672566205263141 0.42036484181880956 0.17752212285995486 0.025622757151722911 0.33261936902999883 0.80000001192092907 0.046326955780386932 0.87171053886413585
decision_type=2 2 2 2 2 2 2 2 2 2 2 2 2 2 2 2 2 2 2 2 2 2 2 2 2 2 2 2 2 2
left_child=1 3 -2 -1 -4 6 10 8 9 11 13 12 15 14 17 -8 -17 18 20 -20 21 24 -22 -24 -5 -23 -19 -3 -16 -9
right_child=2 27 4 5 -6 -7 7 29 -10 -11 -12 -13 -14 -15 28 16 -18 26 19 -21 22 25 23 -25 -26 -27 -28 -29 -30 -31
leaf_value=-0.00037968518123002583 -0.043989827940851642 -0.040857026827960774 -0.026188154792064117 -0.014089219928937847 0.023059398815492488 0.0066908516110172518 0.0078484168517996469 -0.0082472773690765288 0.041929469201870996 0.028240751071760158 0.019792621492741469 -0.029647544782791187 0.029363299446604769 -0.0064397009184508185 0.0049763757742477361 -0.0017776208628129536 -0.036978658285711508 0.030021780788214693 -0.037150145861938037 0.0015103378363581854 0.016286835776884164 0.0081581526046866342 -0.024703458489269609 0.00054640351657392219 0.011756930327111323 0.035695229867314909 -0.0022480019257855718 0.025115264036003445 0.033787263034589968 0.0022122839946042338
leaf_weight=3365.301215691492 41.310923142358661 16.818241400644187 5.8272868674248439 29.421260163187981 4.8602243065834045 255.24385069310665 19.59414342045784 52.898181580007076 24.133646011352539 26.486634135246277 26.071228131651878 11.85879363119602 14.997010156512259 258.78392104804516 12.72071509063244 11.060638651251795 11.856295332312582 12.913865238428118 15.292644932866098 14.730626821517943 14.287831008434294 15.717918306589125 33.343444511294365 24.243807643651962 22.0277089625597 19.421769335865974 10.100313559174536 1.2241387907415617 14.757977202534674 594.68185482919216
leaf_count=25466 7761 2701 175 135 32 1322 84 241 100 111 111 50 68 1179 57 55 51 65 78 65 68 67 145 99 90 83 56 142 68 2700
internal_value=-6.14637e-05 0.000314657 -0.0357497 0.000449764 -0.00332282 0.00225768 0.00137714 0.00316155 0.012893 0.00549408 -0.00122807 -0.00314755 0.00227223 -0.00234287 0.00207339 -0.00721407 -0.020288 -0.000331303 -0.00232186 -0.0180737 0.00064054 0.00778766 -0.00789905 -0.0140043 -0.00292494 0.0235779 0.0156947 -0.0359916 0.0206975 0.00134902
internal_weight=4981.99 4929.99 51.9984 4911.95 10.6875 1546.65 1291.4 767.567 119.987 95.8535 523.835 69.3669 57.5081 497.764 238.98 42.5111 22.9169 211.501 188.487 30.0233 158.464 86.5887 71.8751 57.5873 51.449 35.1397 23.0142 18.0424 27.4787 647.58
internal_count=43425 35457 7968 32614 207 7148 5826 3460 519 419 2366 308 258 2255 1076 190 106 951 830 143 687 375 312 244 225 150 121 2843 125 2941
is_linear=0
shrinkage=0.05


Tree=76
num_leaves=31
num_cat=0
split_feature=8 5 7 4 3 7 4 3 3 5 3 4 3 6 6 3 5 3 6 6 6 5 4 5 5 6 3 4 5 6
split_gain=25.1613 9.18751 5.33953 4.44221 2.98388 2.79223 2.6833 2.15698 3.07159 2.82453 1.90165 2.19462 1.76613 5.5732 4.43881 4.0746 3.76439 3.27893 3.29938 5.70655 3.60118 5.87823 3.06537 5.00888 3.73698 4.5808 2.85897 2.42341 2.40683 2.64468
threshold=0.48919753730297094 0.90000000596046459 0.00026548672030912718 0.84756097197532665 0.80000001192092907 0.67185840010643016 0.22576153278350833 0.028817758895456794 0.043194472789764411 0.0024495918769389395 0.023650868795812133 0.31244330108165747 0.32562056183815008 0.016877938061952594 0.036008004099130637 0.38898989558219915 0.54240113496780407 0.48212005198001867 0.038596967235207565 0.041628966107964523 0.047678871080279357 0.3529226034879685 0.34656305611133581 0.019206888973712925 0.0064495867118239411 0.086564276367425932 0.42397409677505499 0.46515600383281713 0.01510427473112941 0.25826159119606024
decision_type=2 2 2 2 2 2 2 2 2 2 2 2 2 2 2 2 2 2 2 2 2 2 2 2 2 2 2 2 2 2
left_child=1 3 -2 5 -5 12 -4 10 9 -9 11 -7 -1 15 27 -14 17 18 -16 -20 21 -21 24 -24 25 -22 -25 -15 -26 -30
right_child=2 -3 6 4 -6 7 -8 8 -10 -11 -12 -13 13 14 16 -17 -18 -19 19 20 22 -23 23 26 28 -27 -28 -29 29 -31
leaf_value=-0.00021469923145711416 -0.043699623479613002 -0.049255133777222328 -0.039850659056946902 -0.036499607151628248 0.054058326892409227 -0.015248952372254078 0.013467460248940428 0 0.0057801540803369463 0.035334949808692215 -0.018175620933899638 0.0056312358709021343 -0.0507256105647566 0.016769927719223528 -0.021108580415934233 -0.0026266918933350349 0.023509963281411798 -0.026733537001092041 0.035154182853810709 -0.032552637551075327 0.0093395775411893849 0.0082482756562618827 0.010770573159824258 -0.0076777528328430449 0.025861708452781764 -0.025137246821256894 0.0097028784740314667 -0.00074505553572556601 0.0059635882844518741 -0.016800786266058434
leaf_weight=3994.4362552966923 39.551267880946398 9.2341951918788236 3.3545856699347478 11.492761598434296 0.85729286540299732 15.049053624272345 7.2319324538111687 7.9068049788475063 165.57838875055313 17.913160815834999 13.380074560642241 72.685722678899765 8.1012963205575961 83.103656569495797 15.829521365463732 10.03887068107724 18.537968173623085 10.620576109737156 12.54554422944784 19.499128542840481 13.179322771728037 15.720622710883616 167.46235372871161 83.169058196246624 9.7067470699548704 33.592058915644884 32.779717445373535 25.178922735154629 42.442994153127074 18.092102780938148
leaf_count=27240 7761 1432 95 1921 97 88 112 49 1064 122 80 436 42 384 74 71 83 55 55 94 62 71 769 358 47 170 159 126 209 99
internal_value=-5.86734e-05 0.000299209 -0.0352657 0.000394253 -0.0294281 0.000470935 -0.00317456 0.0052079 0.00832927 0.024398 -0.000653485 0.00197947 0.000169438 0.0026536 0.00348607 -0.0245419 0.00146084 0.000584363 0.00122602 0.00203054 0.00105733 -0.0142275 0.00241742 0.00523595 -0.00436514 -0.0153164 -0.00271689 0.0126541 0.00286723 -0.000774019
internal_weight=4978.27 4928.13 50.1378 4918.9 12.3501 4906.55 10.5865 292.513 191.398 25.82 101.115 87.7348 4614.04 619.6 601.46 18.1402 493.178 474.64 464.019 448.19 435.644 35.2198 400.424 283.411 117.013 46.7714 115.949 108.283 70.2418 60.5351
internal_count=43425 35457 7968 34025 2018 32007 207 1839 1235 171 604 524 30168 2928 2815 113 2305 2222 2167 2093 2038 165 1873 1286 587 232 517 510 355 308
is_linear=0
shrinkage=0.05


Tree=77
num_leaves=31
num_cat=0
split_feature=8 5 7 1 4 3 7 3 3 5 1 6 6 3 3 6 6 3 6 6 1 6 3 3 6 3 5 5 6 6
split_gain=23.5722 8.72572 5.2312 4.27281 4.12746 2.75473 2.5312 1.96484 2.84487 2.65585 1.71646 2.02615 1.64359 3.13869 2.46293 4.71687 4.57814 3.47505 2.69301 13.977 4.25268 3.72785 5.87506 4.96476 3.62088 3.66063 3.60901 4.79892 4.40408 4.16254
threshold=0.48919753730297094 0.90000000596046459 0.00026548672030912718 0.34013606607913976 0.84756097197532665 0.80000001192092907 0.67185840010643016 0.028817758895456794 0.043194472789764411 0.0024495918769389395 0.98979592323303234 0.053038738667964942 0.29185217618942266 0.48212005198001867 0.30925156176090246 0.016877938061952594 0.020254332572221759 0.38898989558219915 0.12027147412300111 0.057879980653524406 0.9759001135826112 0.053860122337937362 0.050075225532054908 0.028359654359519485 0.088165346533060088 0.071198787540197386 0.0011594206443987789 0.38491770625114446 0.069071739912033095 0.065257839858531966
decision_type=2 2 2 2 2 2 2 2 2 2 2 2 2 2 2 2 2 2 2 2 2 2 2 2 2 2 2 2 2 2
left_child=1 4 -2 -4 6 -6 12 10 9 -9 11 -8 13 14 18 17 -17 -16 19 21 24 -1 23 -23 26 -26 -21 28 29 -28
right_child=2 -3 3 -5 5 -7 7 8 -10 -11 -12 -13 -14 -15 15 16 -18 -19 -20 20 -22 22 -24 -25 25 -27 27 -29 -30 -31
leaf_value=-0.00054181592189338516 -0.043399481271894441 -0.049186499589179707 0.023931474238475119 -0.039664690770060587 -0.035986385206774163 0.049172370358517944 0.020633425062176428 0 0.0055113616481855445 0.0343698588557073 -0.0061283056519519331 -0.0016677874142112439 0.0040544873583956932 -0.025538714639645733 -0.038783894884423332 0.035360877550012132 0.003108137296481097 0.0017759659582546367 -0.0025365421939646049 0.017011244405416244 0.037584875668524281 -0.0091812843107796239 0.010805523393473331 -0.043061680620897547 0.03097027702950669 -0.0014423563729154551 -0.0045967999111204061 0.013429533272373104 -0.015461817679896737 0.024606300438156599
leaf_weight=2250.9286907166243 37.876704184804112 8.7959260777570289 6.0125376433134061 4.5265562748536468 11.085644539911296 0.90401630196720439 16.559254556894302 7.9068049788475063 164.99130991101265 17.508565708994865 59.345283910632133 25.243189081549644 255.90932071395218 11.960610030218957 11.448704097419979 11.148523235693572 594.33331885747612 9.299055162817238 1118.7118248902261 62.803806491196156 14.170348256826399 29.155273523181677 18.736278614029288 17.650147177278996 32.915140192955732 11.428431320935486 34.066252015531063 64.81263230741024 45.573976650834084 18.728351529687643
leaf_count=17334 7761 1432 72 135 1921 97 100 49 1064 122 353 151 1637 61 71 65 2858 65 6152 364 59 161 102 91 178 90 202 324 255 99
internal_value=-5.66416e-05 0.000283915 -0.0347392 -0.00302929 0.000374421 -0.0287982 0.00044733 0.00496531 0.00795763 0.0235585 -0.000620542 0.00707525 0.000160644 -6.69562e-05 2.58153e-06 0.00290442 0.00371599 -0.020444 -0.000484681 0.000395993 0.0108541 -0.000886681 -0.0126355 -0.0221286 0.00942103 0.0225198 0.00681981 0.00285878 -0.00406182 0.00569511
internal_weight=4974.54 4926.12 48.4158 10.5391 4917.32 11.9897 4905.34 291.554 190.407 25.4154 101.148 41.8024 4613.78 4357.87 4345.91 626.23 605.482 20.7478 3719.68 2600.97 284.499 2316.47 65.5417 46.8054 270.329 44.3436 225.985 163.181 98.3686 52.7946
internal_count=43425 35457 7968 207 34025 2018 32007 1839 1235 171 604 251 30168 28531 28470 3059 2923 136 25411 19259 1571 17688 354 252 1512 268 1244 880 556 301
is_linear=0
shrinkage=0.05


Tree=78
num_leaves=31
num_cat=0
split_feature=8 5 7 1 4 3 4 6 5 4 6 6 6 4 6 6 6 3 6 4 6 6 7 7 4 6 6 1 6 5
split_gain=22.1 8.28738 5.09344 3.9504 3.83276 2.55073 2.32328 3.38128 2.13602 3.57366 5.32031 4.5363 3.47399 2.85824 3.59136 4.25541 3.94086 4.85126 3.51062 3.28343 2.7919 5.69684 3.49751 3.24608 2.91521 3.01039 2.78985 2.27069 2.30011 2.24551
threshold=0.48919753730297094 0.90000000596046459 0.00026548672030912718 0.34013606607913976 0.84756097197532665 0.80000001192092907 0.47281807661056524 0.0063561375718563804 0.43890526890754705 0.38961258530616766 0.035331947728991515 0.22477751225233081 0.020945037715137008 0.27356395125389105 0.041628966107964523 0.024165906943380836 0.17450613528490069 0.046326955780386932 0.053215339779853828 0.25211864709854132 0.14561489224433902 0.050125628709793098 0.097964603453874602 0.15415929257869723 0.32274959981441503 0.061929596588015563 0.049227448180317886 0.56949809193611156 0.28300000727176672 0.49264955520629888
decision_type=2 2 2 2 2 2 2 2 2 2 2 2 2 2 2 2 2 2 2 2 2 2 2 2 2 2 2 2 2 2
left_child=1 4 -2 -4 6 -6 8 -8 -1 11 12 13 -11 14 15 -10 18 -18 26 -20 21 22 -15 -24 -23 -26 -16 28 -13 -17
right_child=2 -3 3 -5 5 -7 7 -9 9 10 -12 27 -14 20 16 29 17 -19 19 -21 -22 24 23 -25 25 -27 -28 -29 -30 -31
leaf_value=-0.0004453364506698446 -0.043089151222734483 -0.049116120755243659 0.022539474474906257 -0.039102489916173801 -0.035462807444581912 0.044906701225538283 -0.02645929943090778 0.0037591557841623983 -0.022120083540417099 0.00030305388767565007 0.00062854299235335091 0.012537713369340363 -0.034929016839657705 0.02021071380614229 -0.018837273453961818 0.0060837769078376618 -0.017165409652687893 0.031860718249693595 -0.04620329733531655 -0.010263514803446974 -0.0047550162341652184 0.044181203043189538 -0.0097531281192120289 0.016599391777784921 0.030983458133765636 0.0033920953580464917 0.016865319996164342 0.016012337819998283 -0.019934266260805411 0.033851668494780544
leaf_weight=3670.2091314848512 36.283148237038404 8.3787735169753415 6.0693379389122111 4.3675471618771553 10.69821083731949 0.94868002925068218 9.2642841786146146 607.84522572159767 9.8255190216004831 10.507160253822805 155.15321221202612 12.351092651486399 19.291029572486877 19.063926994800568 13.298972859978678 24.13080770149827 9.9594531171023863 9.913315221667288 15.563954837620258 11.516620978713036 47.431637041270733 11.834963429719208 53.315177455544472 14.768004134297369 17.857443764805794 23.093928024172783 9.0577923171222192 108.17605382762849 9.5580873042345029 10.763158306479452
leaf_count=24785 7761 1432 72 135 1921 97 83 4000 61 55 752 57 97 135 69 140 63 62 83 57 259 77 244 69 80 99 58 505 64 53
internal_value=-5.45624e-05 0.000269534 -0.0342451 -0.00290775 0.000355731 -0.0281642 0.000425061 0.00329319 1.09286e-05 0.00273526 -0.00306138 0.00523167 -0.0223791 0.00184265 -0.00437179 0.00659529 -0.0115192 0.00707748 -0.0190948 -0.031197 0.00565171 0.00921574 0.00129691 -0.00394768 0.0221676 0.0155917 -0.00413911 0.0130378 -0.00142752 0.014864
internal_weight=4970.5 4923.78 46.72 10.4369 4915.4 11.6469 4903.75 617.11 4286.64 616.431 184.951 431.48 29.7982 301.395 114.03 44.7195 69.3101 19.8728 49.4373 27.0806 187.365 139.933 87.1471 68.0832 52.7863 40.9514 22.3568 130.085 21.9092 34.894
internal_count=43425 35457 7968 207 34025 2018 32007 4083 27924 3139 904 2235 152 1609 646 254 392 125 267 140 963 704 448 313 256 179 127 626 121 193
is_linear=0
shrinkage=0.05


Tree=79
num_leaves=31
num_cat=0
split_feature=8 5 3 4 3 1 6 5 3 6 6 1 7 8 3 3 6 3 4 5 5 6 3 4 3 5 6 6 6 3
split_gain=20.71 7.87117 5.11756 3.55689 2.36766 2.23256 2.10223 3.97458 4.23471 3.60896 6.9901 5.78914 3.68962 3.2337 3.00574 3.18876 5.67981 2.72471 3.62413 3.75378 2.48421 2.36026 4.85367 2.74311 4.1078 3.97412 7.11706 3.15016 2.9161 2.7978
threshold=0.48919753730297094 0.90000000596046459 0.23570261150598529 0.84756097197532665 0.80000001192092907 0.83728626370430004 0.055055381730198867 0.50488919019699108 0.44432044029235845 0.091627478599548354 0.074185702949762358 0.9759001135826112 0.12566372007131579 0.32829856872558599 0.44432044029235845 0.42397409677505499 0.27909746766090399 0.038202024996280677 0.38500961661338812 0.0037136946339160208 0.48266786336898809 0.038144992664456374 0.40991145372390753 0.46368466317653662 0.012772412970662119 0.0018356341170147064 0.050916196778416641 0.053038738667964942 0.053678188472986228 0.017376207746565345
decision_type=2 2 2 2 2 2 2 2 2 2 2 2 2 2 2 2 2 2 2 2 2 2 2 2 2 2 2 2 2 2
left_child=1 3 -2 5 -5 -1 7 8 20 10 11 12 13 -8 15 -11 -17 -14 -19 -20 21 22 -7 24 -23 26 -26 -27 -29 -25
right_child=2 -3 -4 4 -6 6 9 -9 -10 14 -12 -13 17 -15 -16 16 -18 18 19 -21 -22 23 -24 29 25 27 -28 28 -30 -31
leaf_value=-0.00031813570026617604 -0.038717573650382794 -0.049043850285524132 0.022388742923898058 -0.034929155777574585 0.041155403096001839 0.0029050947670996963 0.037614720772788046 0.022419895022546408 0.018317367504237705 0.0021607339073271624 0.032247705399744669 0.025903779121559129 0.0086893815283571145 -0.0014501794649193194 -0.012153619919751432 0.042454832606375288 -0.0042796597919423198 0.0027645757914655246 -0.0020869530797699952 -0.038919695931547413 -0.023591730878430778 -0.035866995386848011 -0.025936694217347862 0.024571260762632063 -0.0033202802455963281 -0.0067355494457799958 -0.04807761907297492 0.032343395451555561 0 -0.001432907864825075
leaf_weight=3359.6968793552369 41.542900025378913 7.9817321226000777 3.5625385064631692 10.329516605474051 0.99135339632630426 300.87136136740446 10.335926346480848 18.636279746890068 27.068480953574181 707.70773805677891 29.846126690506935 26.190428510308266 21.952805772423744 10.266038358211516 35.031958922743797 13.426111057400705 12.147335752844809 22.254754781723022 12.1324410289526 17.012636467814445 12.799544021487234 12.985830619931219 15.210341185331343 11.768354430794714 23.781300634145737 80.037651255726814 14.352981403470038 11.182697430253031 17.796471670269966 78.734624713659286
leaf_count=24859 7582 1432 386 1921 97 1427 50 78 116 3303 123 111 93 51 149 58 52 97 51 72 62 60 64 56 103 359 72 67 84 390
internal_value=-5.26005e-05 0.000255759 -0.0337418 0.00033784 -0.0275267 0.000403755 0.0019782 -0.000250634 -0.000958964 0.00350101 0.0106009 0.00515957 -0.000591238 0.017994 0.00210725 0.00279693 0.0201311 -0.0058966 -0.0122281 -0.0238176 -0.00187096 -0.0013675 0.00149361 -0.00499472 -0.00893074 -0.00649696 -0.0203785 -0.00158113 0.0124572 0.00191669
internal_weight=4967.64 4922.53 45.1054 4914.55 11.3209 4903.23 1543.53 625.226 606.59 918.304 149.991 120.145 93.9546 20.602 768.313 733.281 25.5734 73.3526 51.3998 29.1451 579.521 566.722 316.082 250.64 160.137 147.151 38.1343 109.017 28.9792 90.503
internal_count=43425 35457 7968 34025 2018 32007 7148 2938 2860 4210 648 525 414 101 3562 3413 110 313 220 123 2744 2682 1491 1191 745 685 175 510 151 446
is_linear=0
shrinkage=0.05


Tree=80
num_leaves=31
num_cat=0
split_feature=8 5 7 1 4 3 7 6 4 6 3 3 3 3 3 6 4 3 5 6 5 5 5 1 3 3 4 6 4 6
split_gain=19.3225 7.47598 5.10177 3.71793 3.29882 2.20227 2.15752 2.93528 4.07158 2.25465 2.56782 3.12354 5.06921 2.34385 2.13674 6.64923 8.5955 6.54049 1.95373 1.85451 1.82997 7.23866 5.02747 2.99772 2.25988 4.32779 8.08671 4.70848 3.74345 3.28066
threshold=0.48919753730297094 0.90000000596046459 0.00026548672030912718 0.34013606607913976 0.84756097197532665 0.80000001192092907 0.31805309653282171 0.029767673462629322 0.46368466317653662 0.25939275324344641 0.03315588831901551 0.15862533450126651 0.10680751129984857 0.10095161944627763 0.13436578959226611 0.053443185985088355 0.46368466317653662 0.4546999484300614 0.43890526890754705 0.026268890127539638 0.00079646016820333909 0.0017652374226599934 0.00026548672030912718 0.95875850319862377 0.026298499666154388 0.038779929280281074 0.46368466317653662 0.20953451842069629 0.31244330108165747 0.04940814524888993
decision_type=2 2 2 2 2 2 2 2 2 2 2 2 2 2 2 2 2 2 2 2 2 2 2 2 2 2 2 2 2 2
left_child=1 4 -2 -4 6 -6 -1 8 18 14 -11 12 13 -12 20 16 -16 -17 -8 -10 22 -22 23 -9 -23 26 -26 28 29 -27
right_child=2 -3 3 -5 5 -7 7 9 19 10 11 -13 -14 -15 15 17 -18 -19 -20 -21 21 24 -24 -25 25 27 -28 -29 -30 -31
leaf_value=1.528889703972262e-05 -0.042491421201447825 -0.048969533982621813 0.022848676833014739 -0.038112279706802199 -0.034385745840400876 0.037835122227424606 -0.029703785959760604 0.028368654325245875 -0.009390432592551505 -0.0079975773810142241 0.0099154469197687799 -0.012691633933282976 0.046091676507391939 -0.016515250409762674 0.046584108530684287 -0.04955368613458188 -0.0097833113468182784 -0.00098318322348117659 -0.0011870459475860663 0.017244786237833831 -0.022591307303691688 0.0034786669697717786 0.037684638996551979 -0.0037803878576250049 0.055674449781898241 0.0069560811555053796 0.00026845425119415294 0.028734066172578732 0.010399840675516799 -0.031759795861943781
leaf_weight=4367.5493507571518 33.552533140406013 7.6038420828990629 6.0319239143282157 4.1110211601480842 9.9786609266884589 1.0321082817390568 19.238013193011284 10.085460066795347 10.669359818100931 64.395868360996246 44.291156277060509 18.251215353608131 8.6368351429700834 10.140441268682478 12.514825642108919 10.433275893330576 14.280180573463438 20.921656250953674 9.2671058923006076 15.979982078075407 19.076300159096718 89.697271510958672 19.059455528855324 24.46409909427166 15.216008067131044 9.3376214802265185 11.875452578067778 21.696111664175987 42.871165752410889 12.447792410850523
leaf_count=29156 7761 1432 72 135 1921 97 98 47 56 327 247 81 54 66 67 65 78 90 57 94 96 450 100 132 78 53 61 144 240 70
internal_value=-5.05659e-05 0.000242685 -0.033116 -0.00150204 0.000320857 -0.0268864 0.000383531 0.00338068 -0.0074992 0.00464336 -0.000514263 0.0053528 0.0106656 0.00487854 0.00690811 -0.00172818 0.016433 -0.01741 -0.0206443 0.00639892 0.0087469 0.00670392 0.017094 0.00551482 0.00948929 0.0141905 0.0316616 0.0086211 0.00176085 -0.014981
internal_weight=4964.71 4921.01 43.6955 10.1429 4913.41 11.0108 4902.4 534.847 55.1545 479.692 145.716 81.3196 63.0684 54.4316 333.977 58.1499 26.795 31.3549 28.5051 26.6493 275.827 222.218 53.609 34.5496 203.141 113.444 27.0915 86.3527 64.6566 21.7854
internal_count=43425 35457 7968 207 34025 2018 32007 2851 305 2546 775 448 367 313 1771 300 145 155 155 150 1471 1192 279 179 1096 646 139 507 363 123
is_linear=0
shrinkage=0.05


Tree=81
num_leaves=31
num_cat=0
split_feature=8 5 7 1 4 3 7 4 7 7 1 10 7 7 4 4 4 1 1 4 5 8 5 6 6 6 3 3 5 4
split_gain=18.0918 7.10091 4.94949 3.4326 3.05769 2.05192 2.03476 2.8001 2.60307 3.90031 14.2687 4.7355 4.14923 3.90028 3.23862 3.20248 3.05417 2.88452 3.56594 3.13718 3.05604 6.71498 5.0705 6.31813 2.80571 2.5693 2.41735 7.42783 3.88269 3.86509
threshold=0.48919753730297094 0.90000000596046459 0.00026548672030912718 0.34013606607913976 0.84756097197532665 0.80000001192092907 0.061769910156726844 0.47281807661056524 0.027699114754796032 0.00070796458749100577 0.14642857760190967 0.9598853886127473 0.015752212144434456 0.022035398520529274 0.1011171229183674 0.324840858578682 0.1649659872055054 0.52919501066207897 0.67006802558898937 0.53744271397590648 0.044793169945478446 1.0000000180025095e-35 0.39387755095958715 0.12027147412300111 0.055809069424867637 0.28139615058898931 0.027515723370015625 0.022447708994150165 0.0032837430480867629 0.22863636910915378
decision_type=2 2 2 2 2 2 2 2 2 2 2 2 2 2 2 2 2 2 2 2 2 2 2 2 2 2 2 2 2 2
left_child=1 4 -2 -4 6 -6 8 -8 9 11 13 -1 15 16 25 -12 -11 19 20 24 -19 22 23 -22 -14 -10 27 29 -28 -16
right_child=2 -3 3 -5 5 -7 7 -9 14 10 12 -13 17 -15 26 -17 -18 18 -20 -21 21 -23 -24 -25 -26 -27 28 -29 -30 -31
leaf_value=-0.046660457772820303 -0.042150930937277564 -0.048893015848364973 0.021531034891433078 -0.037534076563644707 -0.033832933269699626 0.034879385199274242 0.00061520667551861943 0.0053230207938725835 -0.050915483558199193 0.057900534738423472 -0.051972561410819663 -0.00070569380465988112 -0.052594806888094994 0.0066239333694198752 -0.039560399931342555 -0.008218755659327448 0.025323396195864701 0.018732014692270729 -0.020409744722000772 0.0059562466889380569 -0.045945932597810345 -0.052547420446896878 0.036371355336567456 0.018406019523635977 -0.011598074220522727 8.3595948992882651e-05 -0.0091492478392631253 -0.041180962482511817 0.0034707403222989149 -0.0031186608972737242
leaf_weight=5.5355071984231463 32.168325829785317 7.2441888479515901 6.0857018483802658 3.9707527002319694 9.6447867564856971 1.0710177375003702 2607.7392396256328 359.97243638336658 6.4255950488150102 9.038142725825308 7.0290831681340959 1251.8068428039551 6.2590962480753687 24.497568406164646 7.5772171616554251 11.053403049707411 44.242626737803221 38.942973293364048 11.497812774032353 13.568490900099276 6.6141528971493306 5.3787256013602009 9.8471500836312753 8.6209081336855871 13.734176717698572 3.6605272367596626 89.853771474212408 15.404542718082665 188.55135031044483 154.71678634360433
leaf_count=44 7761 1432 72 135 1921 97 12246 1907 162 53 122 11418 94 163 115 166 454 372 135 107 88 80 82 94 159 68 798 147 1554 1379
internal_value=-4.80545e-05 0.000230974 -0.032599 -0.00143824 0.00030543 -0.026244 0.000365026 0.00118809 -0.000895468 0.000135185 0.0064386 -0.000915683 -0.00350635 0.0234332 -0.00415024 -0.0256942 0.0310413 0 0.00513042 -0.0122837 0.00945675 -0.00226015 0.00849094 -0.00932313 -0.0248792 -0.0320966 -0.00351439 -0.00807108 -0.000586163 -0.00487416
internal_weight=4961.75 4919.53 42.2248 10.0565 4912.28 10.7158 4901.57 2967.71 1933.86 1467.67 210.324 1257.34 132.546 77.7783 466.19 18.0825 53.2808 114.463 80.9017 33.5618 69.4039 30.4609 25.0822 15.2351 19.9933 10.0861 456.104 177.699 278.405 162.294
internal_count=43425 35457 7968 207 34025 2018 32007 14153 17854 13631 2169 11462 1499 670 4223 288 507 1211 851 360 716 344 264 182 253 230 3993 1641 2352 1494
is_linear=0
shrinkage=0.05


Tree=82
num_leaves=31
num_cat=0
split_feature=8 5 3 4 3 7 3 7 1 1 6 1 3 3 5 3 6 3 3 6 6 6 6 5 3 7 4 4 4 5
split_gain=16.9293 6.74431 4.94035 2.83204 1.91452 1.86534 1.7349 1.69988 2.39386 1.68337 1.56562 3.90567 3.04677 1.56666 1.51748 2.54425 3.32999 2.84646 2.62501 4.56123 2.97386 1.95875 4.46323 5.52552 5.03139 4.02316 3.16032 3.58491 3.15665 7.08956
threshold=0.48919753730297094 0.90000000596046459 0.23570261150598529 0.84756097197532665 0.80000001192092907 0.12566372007131579 0.31717914342880255 0.00026548672030912718 0.34013606607913976 0.9506097435951234 0.3289943933486939 0.55051019787788402 0.031152950599789623 0.2038075849413872 0.49839228391647344 0.23570261150598529 0.086564276367425932 0.069023333489894881 0.045124093070626266 0.056370716542005546 0.038043128326535232 0.12324766442179681 0.056904409080743797 0.38491770625114446 0.060021832585334785 0.11283186078071596 0.50125628709793102 0.42680943012237554 0.36156789958477026 0.005000124918296934
decision_type=2 2 2 2 2 2 2 2 2 2 2 2 2 2 2 2 2 2 2 2 2 2 2 2 2 2 2 2 2 2
left_child=1 3 7 5 -5 9 -4 -2 -9 10 14 12 -12 -13 21 17 -17 18 20 -20 -16 22 25 28 -25 -1 27 -23 -24 -30
right_child=2 -3 6 4 -6 -7 -8 8 -10 -11 11 13 -14 -15 15 16 -18 -19 19 -21 -22 26 23 24 -26 -27 -28 -29 29 -31
leaf_value=-0.0005203884221585516 -0.043072901108160144 -0.048814140774879999 0.062792017935854455 -0.03327111418670467 0.032234575831857619 0.0014926468752155381 -0.0053291823423140929 0.0053855096625323087 -0.049192228594060763 0.013735703968906133 0.0080896947975437963 -0.019946269695403088 0.047978092992605477 0.011764248530162301 -0.019084263941894553 -0.0018443007182576813 0.030505292140427649 -0.011795818922929942 0.044104255564961115 -0.0023333593736455413 0.0058953687359751955 -0.0029841575584559719 0.013946074593372246 0.046712710471600166 0.00087066620383241414 -0.015122660104767536 0.0026600826064977681 -0.012975627594415432 0.0095967321763803359 -0.01988924361094746
leaf_weight=1735.1774368397892 29.368702662643045 6.9019004520960143 1.4973671780899158 9.3270773319527471 1.1081546340137727 2058.3729745745659 1.9357131449505687 4.8790583945810777 3.1437519462779164 20.534931689500809 12.59953233599663 10.581406980752947 8.0744212474673969 5.8413470778614274 14.840355463325976 13.51037445664406 18.293149806559086 32.881685376167297 10.426410570740702 10.2189494818449 58.435169227421284 398.88383647426963 47.825853619724512 15.627760387957098 10.033486373722551 48.434062108397484 165.83721274137497 116.6648428067565 51.12659727036953 33.695826541632414
leaf_count=15264 7409 1432 30 1921 97 9419 356 66 107 97 102 109 79 37 98 65 83 195 55 53 335 2875 391 90 62 246 1077 734 322 219
internal_value=-4.72581e-05 0.000218373 -0.0320737 0.000289332 -0.0256003 0.000346034 0.0239036 -0.0373966 -0.0157276 -0.000483403 -0.000589239 0.00959143 0.0240652 -0.00836173 -0.000727135 0.00401423 0.0166435 0.000796646 0.0052663 0.0209773 0.000749033 -0.00101585 -0.000203737 0.00783615 0.0290556 -0.000920543 -0.00332262 -0.00525693 0.00367471 -0.00206736
internal_weight=4956.08 4915.25 40.8246 4908.35 10.4352 4897.92 3.43308 37.3915 8.02281 2839.54 2819.01 37.0967 20.674 16.4228 2781.91 158.606 31.8035 126.803 93.9209 20.6454 73.2755 2623.31 1941.92 158.31 25.6612 1783.61 681.386 515.549 132.648 84.8224
internal_count=43425 35457 7968 34025 2018 32007 386 7582 173 22588 22491 327 181 146 22164 884 148 736 541 108 433 21280 16594 1084 152 15510 4686 3609 932 541
is_linear=0
shrinkage=0.05


Tree=83
num_leaves=31
num_cat=0
split_feature=8 5 7 1 4 7 3 3 3 5 3 4 6 3 3 6 3 6 6 6 1 6 3 3 6 1 3 5 4 5
split_gain=15.831 5.77945 4.66835 3.00365 2.62173 1.80166 1.78837 1.64084 2.57153 2.38383 1.66076 1.87616 1.39648 2.88091 1.98438 4.2186 4.03071 3.58495 2.54082 11.1862 3.67333 3.49958 5.20832 4.46763 3.28997 4.27504 4.42069 5.04769 3.88104 3.30119
threshold=0.48919753730297094 0.62470659613609325 0.00026548672030912718 0.34013606607913976 0.84756097197532665 0.67185840010643016 0.80000001192092907 0.028817758895456794 0.043194472789764411 0.0024495918769389395 0.023650868795812133 0.31244330108165747 0.29185217618942266 0.48212005198001867 0.30925156176090246 0.01512598153203726 0.38898989558219915 0.019884023815393451 0.12027147412300111 0.057879980653524406 0.9759001135826112 0.053860122337937362 0.050075225532054908 0.028359654359519485 0.17650170624256137 0.83728626370430004 0.017376207746565345 0.0016841401811689141 0.37254935503005987 0.4465929120779038
decision_type=2 2 2 2 2 2 2 2 2 2 2 2 2 2 2 2 2 2 2 2 2 2 2 2 2 2 2 2 2 2
left_child=1 4 -2 -4 5 12 -6 10 9 -9 11 -7 13 14 18 16 -16 -17 19 21 -21 -1 23 -23 25 26 27 -20 -29 -26
right_child=2 -3 3 -5 6 7 -8 8 -10 -11 -12 -13 -14 -15 15 17 -18 -19 24 20 -22 22 -24 -25 29 -27 -28 28 -30 -31
leaf_value=-0.00045302065734126058 -0.041441816801721647 -0.043177926677416205 0.019665608779622465 -0.036485312518680972 -0.032700726188007394 -0.014290550153718246 0.029856992506999996 -6.9661106802181868e-05 0.0046057000729998066 0.03260228196074285 -0.017221305635458432 0.0049600240605552487 0.0036803988367774217 -0.024576505871304638 -0.042166041485679463 0.030418092800704861 0.0032349789807680387 0.0027306396284488706 -0.027212650777378 0.0083863577394564619 0.034738203849947025 -0.0089171582208045826 0.0097661817210614298 -0.041224340882993975 -0.0028084265614598289 0.0046040516137789657 -0.026207285726488394 -0.01284577049708864 0.024736678115310846 0.0049242164311664857
leaf_weight=2245.9904904328287 29.614671530202031 7.5627500950358799 6.1439311625435931 3.7382599385455251 9.024753500707444 15.187409892678259 1.1435912996530539 7.8873703777790096 162.9728659838438 16.780952408909798 13.501551285386084 72.06723216176033 255.60714169964194 11.910287203267215 10.048511832952501 11.87119593285024 9.0416121874004585 595.54820326529443 15.088532090187071 271.16109612211585 13.971581995487211 29.052385808899999 18.843693496659398 17.426919989287853 825.31750844419003 35.10332802683115 48.219190362840891 11.76682208478451 15.899729602038859 165.27871025726199
leaf_count=17330 7761 1441 72 135 1921 88 97 49 1064 122 80 436 1637 61 63 65 63 2868 82 1510 59 161 102 91 4606 166 298 61 86 850
internal_value=-4.5576e-05 0.000207179 -0.0315348 -0.00122713 0.00027596 0.000329898 -0.0249559 0.00416335 0.00692904 0.0219959 -0.000939464 0.00153954 8.87623e-05 -0.000121139 -5.23036e-05 0.0025491 -0.0204975 0.0032849 -0.000492639 0.000363446 0.00970686 -0.000787401 -0.0121897 -0.0212002 -0.0024875 -0.0100986 -0.0158255 -0.00396636 0.00858377 -0.00151284
internal_weight=4952.77 4913.28 39.4969 9.88219 4905.71 4895.54 10.1683 288.397 187.641 24.6683 100.756 87.2546 4607.15 4351.54 4339.63 626.51 19.0901 607.419 3713.12 2596.45 285.133 2311.31 65.323 46.4793 1116.67 126.078 90.9743 42.7551 27.6666 990.596
internal_count=43425 35457 7968 207 34016 31998 2018 1839 1235 171 604 524 30159 28522 28461 3059 126 2933 25402 19253 1569 17684 354 252 6149 693 527 229 147 5456
is_linear=0
shrinkage=0.05


Tree=84
num_leaves=31
num_cat=0
split_feature=8 5 3 4 4 6 5 4 10 3 5 4 6 6 6 4 6 6 6 3 6 4 6 6 6 7 7 4 6 1
split_gain=14.7996 5.4285 4.71049 2.42516 1.71913 2.78917 1.75561 1.67372 6.22772 1.67207 1.55837 3.13223 4.35681 4.05807 2.99439 2.58656 3.31652 3.6914 3.54448 4.38665 3.02513 2.89145 2.66323 2.5181 4.66636 3.13283 2.74594 2.36452 2.76799 2.1385
threshold=0.48919753730297094 0.62470659613609325 0.23570261150598529 0.84756097197532665 0.47281807661056524 0.0063561375718563804 0.46868900954723364 0.59523808956146251 0.89630526304245006 0.80000001192092907 0.43890526890754705 0.38961258530616766 0.035331947728991515 0.22477751225233081 0.020945037715137008 0.27356395125389105 0.044564334675669677 0.024165906943380836 0.17450613528490069 0.046326955780386932 0.053215339779853828 0.25211864709854132 0.049227448180317886 0.14561489224433902 0.050125628709793098 0.097964603453874602 0.15415929257869723 0.32274959981441503 0.061929596588015563 0.79451090097427379
decision_type=2 2 2 2 2 2 2 2 2 2 2 2 2 2 2 2 2 2 2 2 2 2 2 2 2 2 2 2 2 2
left_child=1 3 7 4 10 -6 -7 -2 -9 -5 -1 13 14 15 -13 16 17 -12 20 -20 22 -22 -18 24 25 -17 -27 -26 -29 -25
right_child=2 -3 -4 9 5 6 -8 8 -10 -11 11 12 -14 -15 -16 23 18 -19 19 -21 21 -23 -24 29 27 26 -28 28 -30 -31
leaf_value=-0.0004332009519525551 -0.042076167481656102 -0.042638695146644416 0.023967723355815138 -0.032122254253720332 -0.024793984094473698 0.0035382673375206793 -0.018635856000811395 0.070715788633710669 -0.039289435084644414 0.027710670444822068 -0.021225054000567307 0.00010404092595552779 0.00015988955919924781 0.011993612054461953 -0.032731753774815624 0.018984094821684481 -0.0200476470940021 0.013147690741826324 -0.017093950405495779 0.029732045915614215 -0.044098592123181825 -0.010283369948168718 0.015876597527605084 0.0018037995548617403 0.039707101956889972 -0.0091585882459093455 0.015136231759097256 0.028756291761644022 0.0023914028775242208 -0.021426483017111374
leaf_weight=3663.4330028034747 27.880105060525239 7.2838465054519466 3.3750816686078897 8.7370737120509112 8.8937309309840185 597.34091577678919 8.8967625722289068 1.5621853917837132 5.4092242978513241 1.1773985261097557 9.7661364395171386 10.508293457329275 154.79948925971985 130.28866379335523 18.764178670942783 19.26469124853611 11.739199560135605 36.357823431491852 9.8821581527590769 9.8189230933785421 15.544535115361214 11.49874459207058 8.9419951066374761 33.640513814985752 12.048373959958552 53.026744425296783 14.688257604837416 18.038406819105148 23.129783362150192 13.752210110425947
leaf_count=24785 6090 1441 386 1921 82 3917 83 8 1484 97 61 55 746 625 96 135 61 201 63 62 83 57 58 192 77 244 69 80 99 67
internal_value=-4.40575e-05 0.000196453 -0.0309946 0.000261963 0.000313262 0.00278473 0.00320159 -0.0365136 -0.0132805 -0.0243117 -4.09194e-05 0.0022855 -0.00315785 0.00461973 -0.0208138 0.00140987 -0.00452062 0.00573138 -0.0116059 0.00602368 -0.0189854 -0.0299955 -0.00427271 0.00502679 0.00840661 0.00120457 -0.00380045 0.0200598 0.0141064 -0.0048627
internal_weight=4949.49 4911.26 38.2266 4903.98 4894.06 615.131 606.238 34.8515 6.97141 9.91447 4278.93 615.499 184.072 431.427 29.2725 301.138 113.55 46.124 67.4256 19.7011 47.7245 27.0433 20.6812 187.589 140.196 86.9797 67.715 53.2166 41.1682 47.3927
internal_count=43425 35457 7968 34016 31998 4082 4000 7582 1492 2018 27916 3131 897 2234 151 1609 646 262 384 125 259 140 119 963 704 448 313 256 179 259
is_linear=0
shrinkage=0.05


Tree=85
num_leaves=31
num_cat=0
split_feature=8 5 3 4 7 7 7 1 7 7 4 4 7 1 1 4 6 5 8 5 6 6 10 6 6 6 4 5 5 5
split_gain=13.8347 5.09607 4.46041 2.24182 1.69936 2.56815 3.29389 12.9727 3.83281 3.6857 3.17536 2.99787 2.92509 2.63629 3.20567 2.84761 2.72585 2.7198 6.28503 4.32783 6.00222 2.51305 2.37183 2.28838 3.07496 2.2581 2.21728 2.40108 4.59452 8.11362
threshold=0.48919753730297094 0.62470659613609325 0.23570261150598529 0.84756097197532665 0.061769910156726844 0.027699114754796032 0.00070796458749100577 0.14642857760190967 0.022035398520529274 0.015752212144434456 0.324840858578682 0.1011171229183674 0.01044247765094042 0.52919501066207897 0.67006802558898937 0.53744271397590648 0.055809069424867637 0.044793169945478446 1.0000000180025095e-35 0.39387755095958715 0.074038933962583556 0.28139615058898931 0.4575274139642716 0.19174208492040637 0.038144992664456374 0.284699097275734 0.47281807661056524 0.00052295325440354656 0.0012247959384694698 0.0019436971051618459
decision_type=2 2 2 2 2 2 2 2 2 2 2 2 2 2 2 2 2 2 2 2 2 2 2 2 2 2 2 2 2 2
left_child=1 3 -2 4 5 6 -1 8 12 10 -9 21 -8 15 17 16 -11 23 19 20 -19 -7 -18 24 -15 -25 -6 -28 -29 -30
right_child=2 -3 -4 -5 26 11 7 9 -10 13 -12 -13 -14 14 -16 -17 22 18 -20 -21 -22 -23 -24 25 -26 -27 27 28 29 -31
leaf_value=-0.00079344369435313262 -0.036081305338286448 -0.042081609320222375 0.02247768415529882 -0.023668419963556897 0.00053993389091321271 -0.050722361474670699 0.017429851954391215 -0.051722913723847921 0.0059573565256663468 -0.052308042101615618 -0.0073392859321429671 -0.0034879504069752106 0.041897264220086848 0 -0.019753562318521212 0.0051897920494430949 -0.029259801063225444 -0.052649927804780818 -0.052237060907507737 0.03294432912817246 0.013240701307563735 0.0001623458071956613 0.012234283985207147 -0.018929510997407233 0.039701127591268093 0.018418349843925593 0.012628095918147354 -0.019374384025619314 0.040355319617919806 0.0022611958766771533
leaf_weight=1255.0575744844973 33.5408242396079 7.0193270924501112 3.424197766929864 9.6729788654483837 2606.0447973683476 6.1300066504627448 24.779259406030178 6.6754863373935249 24.649454597383738 5.9803530070930746 10.844836328178642 455.43464510515332 26.567380756139755 7.1964696459472206 11.319773852825163 13.691483691334723 7.8120740391314012 5.1118141748011157 5.1563813630491486 10.170654941350222 9.99519184976816 3.6555675324052572 5.8172711879014969 6.7520852014422443 15.926615945994852 9.6679799109697324 76.130840092897415 21.788085430860519 14.754305273294447 246.30129769444466
leaf_count=11461 7582 1441 386 2018 12246 162 195 121 163 94 162 3993 309 88 135 107 92 72 80 82 110 68 67 67 131 86 400 116 74 1317
internal_value=-4.24099e-05 0.000186302 -0.0304759 0.00024869 0.000297472 -0.000856449 0.000169221 0.00599628 0.0224502 -0.00344021 -0.0247314 -0.00409239 0.0302436 -0.000122795 0.00468696 -0.0119932 -0.0242096 0.00873445 -0.00235646 0.00778739 -0.00892577 -0.0313984 -0.011225 0.017381 0.0275086 0.00273628 0.00104965 0.00473493 0.00258901 0.00444797
internal_weight=4947.07 4910.1 36.965 4903.08 4893.41 1928.39 1463.17 208.115 75.9961 132.118 17.5203 465.22 51.3466 114.598 81.297 33.3012 19.6097 69.9772 30.434 25.2777 15.107 9.78557 13.6293 39.5432 23.1231 16.4201 2965.02 358.975 282.844 261.056
internal_count=43425 35457 7968 34016 31998 17845 13622 2161 667 1494 283 4223 504 1211 851 360 253 716 344 264 182 230 159 372 219 153 14153 1907 1507 1391
is_linear=0
shrinkage=0.05


Tree=86
num_leaves=31
num_cat=0
split_feature=8 4 7 4 1 7 7 7 1 10 7 7 4 7 4 1 1 1 4 6 5 8 5 6 10 5 4 5 5 5
split_gain=12.8638 4.58864 4.54352 2.88165 6.26939 1.65338 2.2256 3.11124 12.0242 6.86881 3.61644 3.49367 3.04707 2.87889 2.81083 2.62692 2.39444 2.91074 2.64536 2.66236 2.42253 5.91804 3.87516 4.24196 2.1956 2.02134 2.00381 2.16516 4.12799 7.44712
threshold=0.48919753730297094 0.84756097197532665 0.00026548672030912718 0.22576153278350833 0.4463601559400559 0.061769910156726844 0.027699114754796032 0.00070796458749100577 0.14642857760190967 0.9598853886127473 0.022035398520529274 0.015752212144434456 0.324840858578682 0.01044247765094042 0.13231695443391803 0.67006802558898937 0.52919501066207897 0.67006802558898937 0.53744271397590648 0.055809069424867637 0.044793169945478446 1.0000000180025095e-35 0.37347440421581274 0.074038933962583556 0.4575274139642716 0.030270306393504146 0.47281807661056524 0.00052295325440354656 0.0012247959384694698 0.0019436971051618459
decision_type=2 2 2 2 2 2 2 2 2 2 2 2 2 2 2 2 2 2 2 2 2 2 2 2 2 2 2 2 2 2
left_child=1 5 -2 -4 -5 6 7 9 10 -1 13 12 -10 -9 15 -8 18 20 19 -13 -18 22 23 -22 -21 -12 -7 -28 -29 -30
right_child=2 -3 3 4 -6 26 14 8 11 -11 25 16 -14 -15 -16 -17 17 -19 -20 24 21 -23 -24 -25 -26 -27 27 28 29 -31
leaf_value=-0.046859153795258623 -0.040391769732687176 -0.029810474627094311 -0.038723567200074908 0.065265573233132645 -0.032439130125330548 0.00051288294108173672 -0.033529188756941435 0.016810051535607617 -0.051490930945458702 -0.00056179340696424767 0.019374645864322044 -0.052033193608772836 -0.0074522088794619955 0.041138437844718975 -0.0031471880411475146 0.019163001485816608 0.016318468164140593 -0.019078692523757629 0.0049147859704355892 -0.028478853930162654 -0.052067376630870132 -0.051941921146087255 0.026929490043571348 0.0082178910362202245 0.011518207588195191 -0.00897630367736885 0.011997470178874115 -0.018270013546941306 0.038875002589883668 0.0021488910404530684
leaf_weight=7.967231069225817 26.485296837054193 12.621372788213192 3.1076275985687953 3.3901064246892929 2.9421733357012272 2606.3187317401171 13.421593038365247 25.262434683740139 6.3949271030724075 1249.0890900045633 12.909783676266672 5.7184948083013323 10.883987896144388 25.72786283493042 447.75531557574868 2.6695779617875806 40.000761453062296 11.142318177968262 13.739048123359678 7.6323533989489061 4.2620484419167086 4.9326241314411154 12.674754481762648 8.4545749276876432 5.8746739104390144 11.817207485437391 76.131135925650597 21.951561391353607 14.559172347187994 246.22205913066864
leaf_count=651 7761 2843 95 29 83 12246 299 198 122 11418 77 94 166 309 3872 52 372 135 107 92 63 80 107 94 67 86 400 116 74 1317
internal_value=-4.1046e-05 0.000176527 -0.0298108 0 0.0192931 0.000255499 -0.000882773 6.9926e-05 0.00574488 -0.000862908 0.0216171 -0.00335123 -0.0242411 0.0292396 -0.00390084 -0.0244142 -0.000134828 0.00442198 -0.0115268 -0.0234998 0.00823825 -0.00227473 0.00734357 -0.0118455 -0.0107585 0.00564255 0.000997436 0.00450155 0.00246192 0.00423256
internal_weight=4942.06 4906.13 35.9252 9.43991 6.33228 4893.51 1928.33 1464.48 207.428 1257.06 75.7173 131.711 17.2789 50.9903 463.846 16.0912 114.432 81.4671 32.9646 19.2255 70.3248 30.324 25.3914 12.7166 13.507 24.727 2965.18 358.864 282.733 260.781
internal_count=43425 35457 7968 207 112 32614 18461 14238 2169 12069 670 1499 288 507 4223 351 1211 851 360 253 716 344 264 157 159 163 14153 1907 1507 1391
is_linear=0
shrinkage=0.05


Tree=87
num_leaves=31
num_cat=0
split_feature=8 7 4 4 1 3 7 6 4 1 6 4 5 3 5 8 4 4 3 1 1 3 4 3 5 5 1 3 3 5
split_gain=12.0455 4.34288 4.2724 2.66447 5.6684 1.51205 1.50918 2.69283 3.55748 2.10287 2.08804 6.26912 3.44037 1.95575 2.60447 4.07249 4.07016 4.02566 3.84021 3.75503 4.10601 2.49283 2.46107 3.4193 4.37245 4.70273 2.77938 2.64897 5.33584 4.68149
threshold=0.48919753730297094 0.00026548672030912718 0.84756097197532665 0.22576153278350833 0.4463601559400559 0.80000001192092907 0.31805309653282171 0.029767673462629322 0.46368466317653662 0.9759001135826112 0.040641479194164283 0.46368466317653662 0.0077747884206473836 0.15862533450126651 0.0035768887028098111 0.3316196501255036 0.47281807661056524 0.46368466317653662 0.10095161944627763 0.75255101919174205 0.96904760599136364 0.057066770270466811 0.31244330108165747 0.026298499666154388 0.0077747884206473836 0.012352036312222483 0.56949809193611156 0.042564805597066886 0.023024651221930984 0.43890526890754705
decision_type=2 2 2 2 2 2 2 2 2 2 2 2 2 2 2 2 2 2 2 2 2 2 2 2 2 2 2 2 2 2
left_child=2 -2 6 -3 -5 -4 -1 8 -8 -10 11 12 -9 14 16 22 18 -17 19 -12 -21 -18 27 26 -25 -26 -24 28 -16 -29
right_child=1 3 5 4 -6 -7 7 10 9 -11 13 -13 -14 -15 15 17 21 -19 -20 20 -22 -23 23 24 25 -27 -28 29 -30 -31
leaf_value=-6.3096786486908254e-05 -0.039986173926042014 -0.037933956452869962 -0.035608480688103676 0.061644570732896024 -0.031794391904718007 0.016572291877759653 -0.019902268674901972 0.046642894421993528 -0.014117240138797036 0.015552767504676303 -0.021880377290253342 -0.0039057040825048635 0.014193101373246234 -0.00664828938707775 -0.0062867546188299225 0.051707409926842168 0 0.0065838765396218583 -0.035819290273705312 0.018882131514174547 -0.0069729978470889648 0.025501393583660666 0.014238500922958825 -0.012806811519021978 0.05222379226044023 0.015096873498201489 -0.0081292233271911107 -0.042613647087623524 0.033888400974989484 -0.00065803867492262062
leaf_weight=4359.0519350045361 25.443742814240977 3.0180732877925021 10.86358266486786 3.4149881675839424 2.855980203486979 1.3906771945767111 28.593608662486076 13.275375381112097 8.8006129860878008 17.514230027794838 21.013874262571335 32.071834847331047 23.081997916102409 49.685870051383972 25.467742800712585 9.7257703095674533 20.007532000541687 10.598089665174482 10.258176758885382 23.873761907219887 42.354049578309059 18.300586804747581 21.990489393472672 10.665891170501707 10.396575897932051 51.358457237482071 37.283807367086411 9.3375039249658567 12.029306903481482 23.367655813694
leaf_count=29763 7761 95 2701 29 83 142 155 75 41 109 95 174 126 223 121 53 126 55 62 97 224 121 114 60 57 309 191 41 65 157
internal_value=-3.99662e-05 -0.0293396 0.000167194 0 0.0184739 -0.0291958 0.000242393 0.00275891 -0.00768555 0.0054249 0.00397521 0.0120713 0.0262743 0.00260151 0.00390062 0.00723721 -0.00152354 0.0285695 -0.00698114 -0.00349588 0.00228628 0.0122187 0.00505197 0.00908827 0.0163698 0.0215024 9.48918e-05 -0.00245091 0.00652457 -0.0128824
internal_weight=4937.09 34.7328 4902.36 9.28904 6.27097 12.2543 4890.1 531.053 54.9085 26.3148 476.144 68.4292 36.3574 407.715 358.029 222.221 135.808 20.3239 97.4999 87.2417 66.2278 38.3081 201.897 131.695 72.4209 61.755 59.2743 70.2022 37.497 32.7052
internal_count=43425 7968 35457 207 112 2843 32614 2851 305 150 2546 375 201 2171 1948 1223 725 108 478 416 321 247 1115 731 426 366 305 384 186 198
is_linear=0
shrinkage=0.05


Tree=88
num_leaves=31
num_cat=0
split_feature=8 7 4 4 1 7 7 7 1 10 4 7 4 6 6 4 4 6 7 5 3 3 1 4 1 7 5 8 5 6
split_gain=11.275 4.14865 3.97265 2.46327 5.13006 1.45586 2.01427 2.81839 11.0446 6.40794 3.6132 3.23794 2.96912 2.68324 4.53439 3.52055 6.38724 3.36275 2.40042 3.0732 2.28328 6.50382 2.17632 2.326 2.25778 2.09326 2.0397 5.47183 3.89327 3.84035
threshold=0.48919753730297094 0.00026548672030912718 0.84756097197532665 0.22576153278350833 0.4463601559400559 0.061769910156726844 0.027699114754796032 0.00070796458749100577 0.14642857760190967 0.9598853886127473 0.14558824151754382 0.015752212144434456 0.324840858578682 0.034470714628696449 0.025167856365442279 0.25211864709854132 0.33656601607799536 0.020945037715137008 0.022035398520529274 0.030270306393504146 0.08448325097560884 0.05515627749264241 0.46802721917629247 0.53744271397590648 0.67006802558898937 0.017256637103855613 0.044793169945478446 1.0000000180025095e-35 0.37347440421581274 0.074038933962583556
decision_type=2 2 2 2 2 2 2 2 2 2 2 2 2 2 2 2 2 2 2 2 2 2 2 2 2 2 2 2 2 2
left_child=2 -2 5 -3 -5 6 7 9 10 -1 -9 12 -10 14 15 17 -17 -8 25 -20 21 -16 23 -13 26 -12 -24 28 29 -28
right_child=1 3 -4 4 -6 -7 13 8 11 -11 18 22 -14 -15 20 16 -18 -19 19 -21 -22 -23 24 -25 -26 -27 27 -29 -30 -31
leaf_value=-0.045906232987810852 -0.039568857082771969 -0.037148271186833379 -0.028570989736338471 0.058272259980442678 -0.031147293875437451 0.00092673357903489946 -0.052058467062350344 0.049212079143540817 -0.051266372086942541 -0.00053080913888234511 0.01776212107371701 -0.035572935801278488 -0.0071263080900962868 -0.0018876928649524541 -0.035461684164592507 0.056144887279202298 -0.0044549762322885211 0.010250702537215377 0.019014918838882719 -0.018058860379583562 -0.054762815636406295 0.033012521831930541 0.01200831145124903 0.00044701380422801519 -0.018415848740550227 0.046951468580685773 -0.052192848234301509 -0.051752852284520215 0.020350734708044819 0.003029943900274759
leaf_weight=7.7335096243768922 24.452738772379234 2.9321268158964795 11.899940253235398 3.4371829479932785 2.7737343506887555 2964.3509946912527 6.4403580185025913 9.8308748155832273 6.109069915488365 1248.5051530972123 34.487404275685549 8.220403578132391 10.814244942739604 377.31373954936862 15.13959594443441 4.708387464284896 44.94365480914712 3.0136817861348391 12.899513192474844 9.6410954408347589 6.6116570048034182 4.3324398174881926 50.329491086304188 9.1288135200738907 10.972312971949576 7.8732049316167823 4.5772166103124645 4.9646711200475684 16.962828669697046 9.1420514285564405
leaf_count=651 7761 95 2843 29 83 14153 126 63 122 11418 351 118 166 3176 190 42 515 54 76 70 76 44 479 76 135 110 70 84 150 99
internal_value=-3.79872e-05 -0.0288627 0.00015917 0 0.0176853 0.000230705 -0.000838691 6.7732e-05 0.00549092 -0.000817756 0.0208292 -0.00321554 -0.0235615 -0.00371452 -0.0117354 -0.00395678 0.00129237 -0.0317733 0.0163839 0.00292711 -0.0290885 -0.0198802 -0.000141377 -0.0164395 0.00273762 0.0234029 0.00551358 -0.00352436 0.00425984 -0.0152768
internal_weight=4934.54 33.5958 4900.95 9.14304 6.21092 4889.05 1924.7 1462.19 205.953 1256.24 74.7321 131.221 16.9233 462.504 85.1898 59.1061 49.652 9.45404 64.9012 22.5406 26.0837 19.472 114.298 17.3492 96.9486 42.3606 85.9763 35.6468 30.6821 13.7193
internal_count=43425 7968 35457 207 112 32614 18461 14238 2169 12069 670 1499 288 4223 1047 737 557 180 607 146 310 234 1211 194 1017 461 882 403 319 169
is_linear=0
shrinkage=0.05


Tree=89
num_leaves=31
num_cat=0
split_feature=8 3 4 4 7 3 4 8 4 4 6 7 4 6 6 6 3 1 4 6 6 6 6 5 8 1 3 1 6 3
split_gain=10.5481 4.08563 3.69435 1.5379 4.7042 1.47367 1.3585 3.54654 4.30262 3.12982 1.68786 1.75058 2.37968 1.67118 1.54571 4.93581 5.07349 5.36437 5.29923 3.71671 6.3659 5.12515 4.31176 3.56915 6.08591 5.23764 4.54903 6.35914 5.79317 5.37305
threshold=0.48919753730297094 0.23570261150598529 0.84756097197532665 0.59523808956146251 0.00026548672030912718 0.80000001192092907 0.201944574713707 1.0000000180025095e-35 0.1011171229183674 0.14000570774078372 0.005000124918296934 0.076194688677787795 0.49967658519744879 0.097509298473596587 0.040641479194164283 0.051484243944287307 0.062860153615474715 0.98979592323303234 0.48573797941207891 0.12027147412300111 0.17650170624256137 0.18337896466255191 0.085055809468030943 0.00056815016432665299 0.3327998965978623 0.85912698507308971 0.023650868795812133 0.69722220301628124 0.057879980653524406 0.049116889014840133
decision_type=2 2 2 2 2 2 2 2 2 2 2 2 2 2 2 2 2 2 2 2 2 2 2 2 2 2 2 2 2 2
left_child=2 3 6 -2 -5 -4 7 -1 -9 13 11 12 -8 -10 -12 16 -16 18 -18 22 -21 -22 23 26 -25 -26 27 28 -17 -28
right_child=1 -3 5 4 -6 -7 10 8 9 -11 14 -13 -14 -15 15 19 17 -19 -20 20 21 -23 -24 24 25 -27 29 -29 -30 -31
leaf_value=-0.00046244802660917115 -0.040173233571131423 0.023806363935382047 -0.03464565218919715 -0.036976132506575617 0.061514235071598658 0.017317266079355121 0.010458835377043065 -0.042252051344369761 0.033744736226992748 -0.012317334982067437 0.002773613494363824 -0.036157690196540908 -0.028079297345743118 -0.0016977383386320836 -0.00066293666405693806 -0.021190014538996087 -0.022735844410167506 0.01722578721386565 0.0081989100291255876 -0.010494699262097597 0.024283010734287125 0.00049997499416552153 0.017118431067024042 0.0025229888848086156 0.0034316154128048882 -0.041454519966018094 -0.018061483739011279 0.053450488363276608 0.029611965327246817 0.012411494879859524
leaf_weight=1474.3911290243268 23.32576267444529 3.1969400020316234 10.193418047158044 4.4552662456408134 1.5339058339595792 1.374445850960911 10.233324993401771 9.9099350795149785 6.1400951258838159 51.81411624699831 814.50491547957063 5.8719655424356452 6.3688705936074248 6.564937736839056 189.45867421850562 9.0940045788884181 85.916328012943268 12.03270064294338 16.182745676487684 134.11527869105339 22.909872498363256 1523.3954253643751 62.513897899538279 321.33081685192883 10.94680690765381 15.184492662549017 20.148678351193666 12.99277490377426 14.084184143692253 50.089709360152483
leaf_count=13021 6090 386 2701 1484 8 142 100 776 49 322 4656 26 63 61 1013 58 441 63 101 716 160 8282 344 1686 50 70 115 59 87 295
internal_value=-3.73797e-05 -0.0283801 0.000150317 -0.0343029 -0.0103344 -0.0279476 0.000218432 -0.00100393 -0.0116482 -0.00681204 0.000787219 -0.0128244 -0.00410526 0.0151702 0.000881395 0.000262918 -0.00570918 -0.0140343 -0.0177805 0.00109074 -4.6468e-05 0.000857122 0.00480041 0.00308937 0.000619352 -0.022519 0.0110997 0.0255029 0.00945952 0.00358564
internal_weight=4930.28 32.5119 4897.76 29.3149 5.98917 11.5679 4886.2 1548.82 74.4291 64.5191 3337.38 22.4742 16.6022 12.705 3314.9 2500.4 303.59 114.132 102.099 2196.81 1680.42 1546.31 516.385 453.871 347.462 26.1313 106.409 36.171 23.1782 70.2384
internal_count=43425 7968 35457 7582 1492 2843 32614 14229 1208 432 18385 189 163 110 18196 13540 1618 605 542 11922 9158 8442 2764 2420 1806 120 614 204 145 410
is_linear=0
shrinkage=0.05


Tree=90
num_leaves=31
num_cat=0
split_feature=8 10 4 4 3 1 6 5 3 6 6 1 7 8 3 1 8 3 3 6 5 6 3 3 3 3 6 3 7 6
split_gain=9.83869 3.87483 3.43041 2.1841 1.39955 1.30934 1.91097 3.71707 3.76453 2.97359 6.15977 5.11141 3.17649 2.78649 2.39294 3.55373 3.1474 2.37793 2.90086 5.08216 2.01678 2.06085 4.37263 2.38027 6.37757 5.22336 3.46318 6.38153 6.48819 6.16667
threshold=0.48919753730297094 0.89630526304245006 0.84756097197532665 0.22576153278350833 0.80000001192092907 0.83728626370430004 0.055055381730198867 0.50488919019699108 0.44432044029235845 0.091627478599548354 0.074185702949762358 0.9759001135826112 0.12566372007131579 0.32829856872558599 0.038202024996280677 0.91751700639724743 0.33138963580131536 0.44432044029235845 0.42397409677505499 0.27909746766090399 0.48266786336898809 0.038144992664456374 0.40991145372390753 0.026121948845684532 0.030082729645073417 0.018538734875619415 0.026435988023877147 0.047631235793232925 0.23654867708683017 0.027707984670996669
decision_type=2 2 2 2 2 2 2 2 2 2 2 2 2 2 2 2 2 2 2 2 2 2 2 2 2 2 2 2 2 2
left_child=2 3 5 -2 -4 -1 7 8 20 10 11 12 13 -8 -14 16 -16 18 -11 -20 21 22 23 25 -25 -7 -26 28 -28 -29
right_child=1 -3 4 -5 -6 6 9 -9 -10 17 -12 -13 14 -15 15 -17 -18 -19 19 -21 -22 -23 -24 24 26 -27 27 29 -30 -31
leaf_value=-0.00034651758511803005 -0.0356621039366588 -0.038736550275420056 -0.034100813870011862 0.017131289823834325 0.016244501039744338 0.0028050060728700885 0.033894963532993649 0.021186593969804463 0.016836507888890736 0.0016061812856119192 0.029603175517621951 0.023829594306903765 0.0075249029565093639 -0.0021245523994797197 -0.014487171225419829 -0.025374796758096882 0.020372095071526118 -0.011066213817740532 0.039672758632944151 -0.004416690349856498 -0.022016217589680653 -0.00521005722455438 -0.025219859005000039 0.035895035707467438 -0.0053577167211875942 -0.031927026479653363 -0.035322286164778845 0.041104278435902107 0.0059583221540737879 0.0081160948498695557
leaf_weight=3347.2331212067511 2.7761243479326385 22.686037173494697 9.8488661148585344 6.0415956871584058 1.397931726183743 35.547326251864433 10.552132271230223 18.658253595232964 26.856152549386024 705.24326882511377 29.907599776983261 25.898990973830223 21.963068902492523 10.313428111374376 14.535813555121424 25.301371827721596 11.491541042923926 35.123878210783005 13.554383501410486 12.152310222387312 12.587950631976126 249.36236443370581 15.159246474504469 14.871570967137812 91.651377648115158 15.325457558035849 15.282228648662565 17.087905526161194 24.514214470982552 85.353312157094479
leaf_count=25466 95 7761 2701 112 142 169 50 78 116 3303 123 111 93 51 62 108 50 149 58 52 62 1191 64 69 426 69 69 73 124 428
internal_value=-3.60542e-05 -0.027845 0.000142401 0 -0.0273144 0.000207189 0.00141522 -0.000716505 -0.00140525 0.00286865 0.00931187 0.004195 -0.00117222 0.0159275 -0.00612357 -0.0120641 0.000731511 0.00159978 0.00221668 0.0187003 -0.00226612 -0.00181275 0.000863344 0.00220762 0.00423609 -0.00760206 0.00218724 0.00708433 -0.00981732 0.0137022
internal_weight=4928.28 31.5038 4896.78 8.81772 11.2468 4885.53 1538.3 622.257 603.599 916.038 149.964 120.056 94.1574 20.8656 73.2918 51.3287 26.0274 766.074 730.95 25.7067 576.743 564.155 314.793 299.633 248.761 50.8728 233.889 142.238 39.7964 102.441
internal_count=43425 7968 35457 207 2843 32614 7148 2938 2860 4210 648 525 414 101 313 220 112 3562 3413 110 2744 2682 1491 1427 1189 238 1120 694 193 501
is_linear=0
shrinkage=0.05


Tree=91
num_leaves=31
num_cat=0
split_feature=8 3 4 4 10 3 7 6 4 6 3 3 3 3 3 3 4 1 5 1 1 5 1 1 3 6 4 4 4 3
split_gain=9.16101 3.84262 3.18331 1.48298 4.20326 1.32899 1.26347 2.40969 3.1762 1.91784 2.22038 2.45171 4.81524 2.14086 1.98029 4.21958 4.18378 3.99437 2.93666 5.16102 5.50394 4.58657 2.08414 2.48225 2.07071 5.0991 7.14591 3.43937 3.04548 1.98405
threshold=0.48919753730297094 0.23570261150598529 0.84756097197532665 0.59523808956146251 0.89630526304245006 0.80000001192092907 0.31805309653282171 0.029767673462629322 0.46368466317653662 0.25939275324344641 0.03315588831901551 0.15862533450126651 0.10680751129984857 0.10095161944627763 0.042564805597066886 0.026298499666154388 0.46368466317653662 0.98979592323303234 0.37854015827178961 0.97722566127777111 0.75255101919174205 0.0031377195846289401 0.73071852326393139 0.96424010396003734 0.13436578959226611 0.053443185985088355 0.46368466317653662 0.46368466317653662 0.47281807661056524 0.066987294703722014
decision_type=2 2 2 2 2 2 2 2 2 2 2 2 2 2 2 2 2 2 2 2 2 2 2 2 2 2 2 2 2 2
left_child=2 3 6 -2 -5 -4 -1 8 -8 14 -11 12 13 -12 15 18 -17 -16 19 20 21 -9 -20 -24 28 26 -26 -27 -19 -30
right_child=1 -3 5 4 -6 -7 7 9 -10 10 11 -13 -14 -15 17 16 -18 24 22 -21 -22 -23 23 -25 25 27 -28 -29 29 -31
leaf_value=-8.2380913160041568e-05 -0.039349031556115702 0.023230274574090978 -0.033546608679202609 0.058388814371484125 -0.035959721264912752 0.015252487642217524 -0.01884402376458846 -0.0059718078330885408 0.0050877113740017202 -0.0080669544422539482 0.0084545835128236307 -0.01151224836646623 0.044459953653726111 -0.016910510445501684 -0.013850216052243295 0.037749358606045912 0.0058343998342138817 0.0017412958457140451 0.0065468034718481243 -0.0065825758913962062 0.045466964622478505 0.034219102563010147 -0.033102258797513689 -0.0018861761553559152 0.043286342222151997 -0.032436361810508393 -0.0092284446688963486 0.00077230792512385379 0.0088398452288578795 0.03332374830712747
leaf_weight=4355.1512383522931 21.778791913995526 3.1877594031393519 9.5210255186539108 1.5185635834932316 4.132213743403554 1.4203190938569612 28.77349054813385 18.994087755680088 26.131185337901115 64.222297519445419 43.544865265488625 18.335624665021896 8.2910294383764249 10.095209077000616 32.314255595207214 22.87983825057745 19.401784881949425 41.03270648419857 24.517747417092323 24.910513937473297 15.743561103940008 11.073995053768156 10.053520843386652 18.129350006580353 11.819002553820612 14.918617367744448 13.871643453836439 15.611618503928183 16.397722989320755 18.392987474799156
leaf_count=29763 6090 386 2701 8 1484 142 155 93 150 327 247 81 54 66 134 120 101 270 120 141 64 58 41 99 66 75 77 76 111 125
internal_value=-3.44928e-05 -0.0272555 0.000135283 -0.0333675 -0.00916106 -0.0266783 0.000196913 0.00250332 -0.00737457 0.00365802 -0.0011167 0.00438518 0.00918342 0.00356518 0.00576306 0.00962579 0.0232708 0.00183482 0.0048958 0.0115651 0.0215348 0.00872902 -0.00396436 -0.0132762 0.00571871 -0.00147408 0.0148113 -0.0153448 0.0111127 0.0219856
internal_weight=4926.17 30.6173 4895.55 27.4296 5.65078 10.9413 4884.61 529.457 54.9047 474.552 144.489 80.2667 61.9311 53.6401 330.063 165.704 42.2816 164.359 123.423 70.7222 45.8116 30.0681 52.7006 28.1829 132.044 56.2209 25.6906 30.5302 75.8234 34.7907
internal_count=43425 7968 35457 7582 1492 2843 32614 2851 305 2546 775 448 367 313 1771 837 221 934 616 356 215 151 260 140 800 294 143 151 506 236
is_linear=0
shrinkage=0.05


Tree=92
num_leaves=31
num_cat=0
split_feature=8 10 4 1 3 6 7 7 7 1 10 4 7 4 4 6 3 3 4 5 1 3 5 3 6 6 3 3 1 5
split_gain=8.5367 3.64253 2.95212 2.13509 1.26173 1.24596 1.20644 1.94046 2.48721 10.1327 5.79829 3.67329 2.99892 2.87013 2.48285 2.50228 2.12676 7.0223 3.5492 3.46671 3.74044 5.16373 6.25112 5.15429 3.32477 3.42828 2.5748 2.6161 5.24969 8.02315
threshold=0.48919753730297094 0.89630526304245006 0.84756097197532665 0.34013606607913976 0.80000001192092907 0.76829269528388988 0.061769910156726844 0.027699114754796032 0.00070796458749100577 0.14642857760190967 0.9598853886127473 0.1169528402388096 0.015752212144434456 0.324840858578682 0.1011171229183674 0.28139615058898931 0.027515723370015625 0.022447708994150165 0.22863636910915378 0.0032837430480867629 0.56949809193611156 0.037397338077425964 0.52959111332893383 0.03435629419982434 0.28090120851993566 0.020945037715137008 0.018538734875619415 1.0000000180025095e-35 0.28869047760963445 0.0032837430480867629
decision_type=2 2 2 2 2 2 2 2 2 2 2 2 2 2 2 2 2 2 2 2 2 2 2 2 2 2 2 2 2 2
left_child=2 3 6 -2 5 -4 7 8 10 11 -1 -10 13 -11 15 -9 17 18 -16 24 -21 22 23 -22 25 -18 27 28 -20 -30
right_child=1 -3 4 -5 -6 -7 -8 14 9 12 -12 -13 -14 -15 16 -17 19 -19 26 20 21 -23 -24 -25 -26 -27 -28 -29 29 -31
leaf_value=-0.044707043389252507 0.018929198307279616 -0.037863846482339127 -0.042127743109220336 -0.032500729935174451 0.014333502971384408 0.0011446962519332941 0.00082115332126308875 -0.050311182148458949 0.060129162778144112 -0.051040551101338462 -0.00046023309433778926 0.016754936334591648 -0.00017672290443008186 -0.0069360048637539893 -0.038511481104403784 0.0020728024829643602 0.013787647543841911 -0.040209817291704565 -0.0047821161258363139 -0.016983146939857363 0.019936382804073473 0.0027967666853217859 -0.011363589569639655 0.08498109081023314 0.0057241902504945362 -0.019849916990729688 0.024587190807806796 -0.01876421526164011 0.066508170683128573 -0.010728386411535847
leaf_weight=7.3521548192948094 5.5873798429965991 21.084589688107371 7.3600942252669448 3.0241272635757923 1.4416579729877419 1.8489948376081882 2962.840428955853 5.503111517056821 5.3024922236800185 5.8172521237283972 1247.1766503453255 68.590798869729042 114.22702614963055 10.772930983453987 7.1599453911185256 3.5324720144271851 8.5958697088062745 14.844789646565912 106.93191345781088 19.734277784824371 7.003188122063877 149.81092695891857 5.8362604305148116 5.7972199656069279 27.748218115419149 52.477379336953163 8.0670764520764333 25.395726770162582 6.7100640311837179 6.4088669270277023
leaf_count=651 72 7761 2160 135 142 541 14153 162 32 122 11418 638 1211 166 115 68 102 147 966 191 72 1203 36 52 215 481 58 236 62 57
internal_value=-3.24679e-05 -0.0267152 0.000128951 0.000128695 -0.0260399 -0.0329835 0.000187578 -0.000787104 0.000103414 0.00521516 -0.000727069 0.020012 -0.00311371 -0.0229137 -0.00361277 -0.0294858 -0.00307871 -0.00738456 -0.00429758 -0.000330665 0.0034933 0.00593051 0.0307049 0.0502127 -0.00848336 -0.015019 -0.00264524 -0.00420588 -0.00107152 0.0286026
internal_weight=4923.98 29.6961 4894.29 8.61151 10.6507 9.20909 4883.64 1920.8 1459.24 204.711 1254.53 73.8933 130.817 16.5902 461.557 9.03558 452.522 175.518 160.674 277.003 188.182 168.448 18.6367 12.8004 88.8215 61.0732 153.514 145.447 120.051 13.1189
internal_count=43425 7968 35457 207 2843 2701 32614 18461 14238 2169 12069 670 1499 288 4223 230 3993 1641 1494 2352 1554 1363 160 124 798 583 1379 1321 1085 119
is_linear=0
shrinkage=0.05


Tree=93
num_leaves=31
num_cat=0
split_feature=8 3 4 4 7 3 6 3 7 6 4 1 5 6 3 4 3 3 3 3 3 4 1 3 5 1 1 5 5 3
split_gain=7.94759 3.64272 2.73348 1.42661 3.7424 1.19722 1.21492 1.14418 1.11511 2.17551 2.84508 1.86222 1.93042 1.7403 2.03819 2.08528 1.85532 3.23449 2.01702 1.79011 3.86785 3.86494 3.61176 2.71055 3.45834 2.52604 5.56063 4.20541 1.93509 1.88897
threshold=0.48919753730297094 0.23570261150598529 0.84756097197532665 0.59523808956146251 0.00026548672030912718 0.80000001192092907 0.76829269528388988 0.31717914342880255 0.31805309653282171 0.029767673462629322 0.46368466317653662 0.9759001135826112 0.0080121941864490526 0.25939275324344641 0.019583873450756076 0.32188832759857183 0.15862533450126651 0.10613908991217615 0.09562020376324655 0.042564805597066886 0.026298499666154388 0.46368466317653662 0.98979592323303234 0.023024651221930984 0.37854015827178961 0.97722566127777111 0.75255101919174205 0.0031377195846289401 0.0081902612000703829 0.13436578959226611
decision_type=2 2 2 2 2 2 2 2 2 2 2 2 2 2 2 2 2 2 2 2 2 2 2 2 2 2 2 2 2 2
left_child=2 3 8 -2 -5 6 -4 -3 -1 10 -10 -12 -13 19 15 -15 17 18 -16 20 23 -22 28 24 25 26 27 -11 -21 -24
right_child=1 7 5 4 -6 -7 -8 -9 9 13 11 12 -14 14 16 -17 -18 -19 -20 22 21 -23 29 -25 -26 -27 -28 -29 -30 -31
leaf_value=-8.4870307135666894e-05 -0.038536476806214019 0.054408176260923993 -0.041781735305205292 -0.034897049612004426 0.055386998297173508 0.013480755441834594 0.0010891941200268278 -0.0022752278519566275 -0.017813761452844044 -0.0057079371613463969 -0.013511502661659298 -0.002825724846039213 0.030066427436981076 0.005166311054720805 0.0055663883135487462 -0.016449651305235954 -0.010951236875403263 0.028767680058112439 -0.019581920540082107 -0.02804384816939115 0.036315042106001894 0.0055167599845386819 0.010609801789044446 -0.016571027720334957 -0.002855960279562854 -0.0011395819033896938 0.045450072325221254 0.032921075522492807 -0.002821661708438132 -0.0014299109604455618
leaf_weight=4352.7665930793155 20.363838480785496 1.4482449181377879 7.0584766347892547 3.8396731354296199 1.5008943527936933 1.4619963499717421 1.8510979518759993 1.7096394188702106 28.982537791132927 19.019236668944362 8.8085074275732058 8.0683241337537783 9.185948118567465 16.194723024964333 53.548420250415802 33.524164468050003 18.383863806724548 13.508153960108755 9.2264095395803434 13.020857006311415 22.580335862934589 19.355695322155952 75.255696281790733 13.233779370784758 47.52636556327343 17.117072954773903 15.454450979828833 10.929070889949797 19.360802918672562 56.197422981262207
leaf_count=29763 6090 30 2160 1484 8 142 541 356 155 93 41 50 59 86 306 163 81 89 50 54 120 101 506 67 235 100 63 58 80 294
internal_value=-3.199e-05 -0.0261477 0.000121611 -0.0324525 -0.00805325 -0.0253937 -0.0324065 0.0230579 0.000177369 0.00234633 -0.00702368 0.00480631 0.0144699 0.00344757 -0.00109955 -0.00931217 0.00316622 0.00664381 0.0017654 0.00545775 0.00913574 0.0222659 0.00171494 0.00461432 0.00722012 0.0149519 0.0211176 0.00828524 -0.0131727 0.00542753
internal_weight=4920.48 28.8623 4891.62 25.7044 5.34057 10.3716 8.90957 3.15788 4881.25 528.482 55.0453 26.0628 17.2543 473.437 144.386 49.7189 94.6668 76.283 62.7748 329.051 165.216 41.936 163.835 123.28 110.046 62.5198 45.4028 29.9483 32.3817 131.453
internal_count=43425 7968 35457 7582 1492 2843 2701 386 32614 2851 305 150 109 2546 775 249 526 445 356 1771 837 221 934 616 549 314 214 151 134 800
is_linear=0
shrinkage=0.05


Tree=94
num_leaves=31
num_cat=0
split_feature=8 10 4 3 6 7 7 6 6 4 6 4 1 1 7 1 10 7 7 3 10 5 7 1 4 6 6 4 10 6
split_gain=7.4136 3.70327 2.52685 1.13559 1.18373 1.10381 1.74091 2.4987 4.31423 3.84283 3.67587 3.46407 2.73286 2.42475 3.57082 7.83039 5.4019 4.44651 3.25283 2.38003 7.54363 2.32426 2.30798 2.79093 2.42331 2.59886 2.19959 2.67065 1.93744 1.8215
threshold=0.66358026862144481 0.89630526304245006 0.84756097197532665 0.80000001192092907 0.76829269528388988 0.061769910156726844 0.027699114754796032 0.034470714628696449 0.030156583525240425 0.25211864709854132 0.01272904919460416 0.56172841787338268 0.5513722598552705 0.65653356909751903 0.00070796458749100577 0.14642857760190967 0.9598853886127473 0.022035398520529274 0.01044247765094042 0.3232553899288178 0.37757417559623724 0.012585707008838655 0.015752212144434456 0.52919501066207897 0.53744271397590648 0.055809069424867637 0.26096349954605108 0.44480359554290777 0.4575274139642716 0.18961966782808307
decision_type=2 2 2 2 2 2 2 2 2 2 2 2 2 2 2 2 2 2 2 2 2 2 2 2 2 2 2 2 2 2
left_child=2 -2 5 4 -4 6 13 8 9 21 11 -11 -12 14 16 17 -1 18 -16 20 -14 -8 -17 24 25 -24 27 -15 -27 -9
right_child=1 -3 3 -5 -6 -7 7 29 -10 10 12 -13 19 26 15 22 -18 -19 -20 -21 -22 -23 23 -25 -26 28 -28 -29 -30 -31
leaf_value=-0.043742677972486307 0.014577045698702263 -0.03692951136477847 -0.041424869073672543 0.012688237106609809 0.0010364318530613663 0.00076286479768899258 -0.0023283735783959573 0.0026927377326335013 -0.047004578113561409 0.035822450242140612 -0.023023580501592471 -0.014205692783173258 -0.012443316672590739 -0.026572477831784614 0.014874690749488498 -0.022541944823476219 -0.0004331636728847093 0.0022574904924251666 0.041123717502526053 -0.027714356948922506 0.048616433144506699 -0.046674238915767829 -0.051731702076130627 0.0063515243100642806 0.0044165869849135128 -0.027406509744061794 -0.052676029561389774 0.021453811166794942 0.01015702932310242 -0.0044484574515123434
leaf_weight=7.1453373816329977 4.0294916592538383 19.600089324871078 6.7714678368065471 1.4813803164288408 1.8531013752799479 2962.3162110969424 4.7973443162627509 144.25432346109301 7.6201627464033654 10.153223894536493 20.264275915920734 4.9830710813403121 14.436621259897953 7.5631821006536466 24.697568278759718 11.547194357961414 1246.6677193120122 25.919387781992555 24.394862186163664 5.5821722894906989 7.6083233579993239 8.8350969068706018 5.484882194548848 73.133924220688641 13.822221234440802 7.4330770671367628 3.7259453590959302 4.4656359367072582 5.9857087656855583 231.77080602757633
leaf_count=651 30 7761 2160 142 541 14153 61 1198 109 104 243 56 136 123 201 201 11418 197 312 64 90 189 99 817 107 102 50 59 67 1984
internal_value=-3.05341e-05 -0.0279111 0.000103607 -0.0247464 -0.0318211 0.00015655 -0.000775192 -0.00345666 -0.0112432 -0.00756673 -0.00225546 0.0190392 -0.00911557 6.58249e-05 0.000282409 0.00662502 -0.000687436 0.0192368 0.028077 0.000951763 0.00852869 -0.0315633 -0.00139968 0.000878424 -0.0111823 -0.0228144 -0.0193768 -0.00830085 -0.0103295 -0.0016956
internal_weight=4918.34 23.6296 4894.71 10.1059 8.62457 4884.61 1922.29 460.305 84.2803 76.6601 63.0277 15.1363 47.8914 1461.99 1446.23 192.419 1253.81 75.0118 49.0924 27.6271 22.0449 13.6324 117.407 105.86 32.7259 18.9037 15.7548 12.0288 13.4188 376.025
internal_count=43425 7791 35634 2843 2701 32791 18638 4234 1052 943 693 160 533 14404 14172 2103 12069 710 513 290 226 250 1393 1192 375 268 232 182 169 3182
is_linear=0
shrinkage=0.05


Tree=95
num_leaves=31
num_cat=0
split_feature=8 3 4 4 10 6 1 3 7 7 3 3 3 7 6 5 6 3 3 3 3 5 4 3 3 4 6 5 5 5
split_gain=6.94944 3.39228 2.33867 1.3795 3.33924 1.14165 2.96315 3.67887 2.20751 1.54569 1.3642 1.27322 2.38041 1.20242 2.05279 2.43848 1.85128 1.80386 2.27132 2.56352 2.18897 1.63722 2.39845 1.74512 1.46253 3.94977 2.00651 1.72412 6.89741 5.06049
threshold=0.48919753730297094 0.23570261150598529 0.84756097197532665 0.59523808956146251 0.89630526304245006 0.3289943933486939 0.55051019787788402 0.052482083439826972 0.01044247765094042 0.00070796458749100577 0.16716968268156054 0.48212005198001867 0.4636217206716538 0.31805309653282171 0.030583046376705173 0.43890526890754705 0.25939275324344641 0.03315588831901551 0.15862533450126651 0.10613908991217615 0.071026962250471129 0.0033480826532468204 0.46368466317653662 0.038779929280281074 0.14008718729019168 0.47281807661056524 0.18337896466255191 0.00079646016820333909 0.0017652374226599934 0.00026548672030912718
decision_type=2 2 2 2 2 2 2 2 2 2 2 2 2 2 2 2 2 2 2 2 2 2 2 2 2 2 2 2 2 2
left_child=2 3 5 -2 -5 11 7 8 9 -7 -8 12 13 -1 15 21 24 -18 19 20 -19 22 -15 -23 27 26 -26 29 -29 -16
right_child=1 -3 -4 4 -6 6 10 -9 -10 -11 -12 -13 -14 14 16 -17 17 18 -20 -21 -22 23 -24 -25 25 -27 -28 28 -30 -31
leaf_value=-0.00018417174729387271 -0.037740137377490074 0.022315979033417893 -0.02409888220914333 0.052723589170848434 -0.033790492419658112 -0.046358307970160335 -0.019561899365655153 0.065295306777400461 0.024197558375992904 0.0056976658297291233 0.0095564022289072077 -0.015530877686978166 0.027414352027667982 -0.019093528263105022 0.003785212658277093 0.010028283057466759 -0.007419865128665353 0.009980785864483482 -0.012054109055736166 0.027808642331618567 -0.013130142320443312 -0.0084542509465888246 0.01518626327639306 -0.036250254385646094 0.013693437906708789 -0.028510668588335997 -0.0093683030991349708 -0.023233006076974549 0.0079324609900600623 0.036643647715322018
leaf_weight=4298.8648639954627 19.129246007883928 3.1379680354148141 9.8532256591133756 1.482735514640807 3.5748394848778844 2.1547512961551591 9.1464584209024888 3.8536407740321001 10.747571928426623 3.4646608419716358 6.7824138142168513 12.899201609194277 7.8855458982288829 10.027425140142443 34.178458511829376 16.322505667805672 64.412662103772163 33.567378208041191 17.187363550066948 13.266646116971968 14.517855182290075 13.188814371824266 10.124971508979796 10.764827653765677 25.43561016023159 11.002761527895926 14.624130263924597 19.36504590511322 195.51714564859867 18.081596493721008
leaf_count=29209 6090 386 2843 8 1484 120 96 44 97 31 50 96 44 50 180 104 327 194 76 89 84 61 56 56 128 72 71 97 1084 98
internal_value=-3.00401e-05 -0.0251299 0.000109783 -0.0315579 -0.00692712 0.000160207 0.00900193 0.0217229 0.0108258 -0.0138504 -0.0068693 9.29686e-05 0.000136065 8.98367e-05 0.00235738 -0.00627141 0.00350002 -0.00119718 0.00384562 0.00839357 0.00288662 -0.0124257 -0.00163384 -0.0212525 0.00562564 -0.00204871 0.0051477 0.00711147 0.00509109 0.0152978
internal_weight=4914.56 27.3248 4887.24 24.1868 5.05757 4877.38 36.1495 20.2206 16.367 5.61941 15.9289 4841.23 4828.34 4820.45 521.585 60.4285 461.157 142.952 78.5392 61.3519 48.0852 44.106 20.1524 23.9536 318.205 51.0625 40.0597 267.142 214.882 52.2601
internal_count=43425 7968 35457 7582 1492 32614 438 292 248 151 146 32176 32080 32036 2827 327 2500 770 443 367 278 223 106 117 1730 271 199 1459 1181 278
is_linear=0
shrinkage=0.05


Tree=96
num_leaves=31
num_cat=0
split_feature=8 3 4 4 10 3 6 6 1 3 7 7 3 7 7 1 6 4 5 5 6 7 6 6 3 1 1 6 1 5
split_gain=6.46247 3.18767 2.16556 1.3101 3.09684 1.09691 1.17562 1.03363 2.67111 3.39086 1.97354 1.43694 1.24967 1.19553 2.61925 2.3908 4.84528 2.86099 2.45509 6.42431 5.51058 2.13219 2.73538 3.39209 2.07401 4.43711 1.93574 1.65889 3.1704 2.94306
threshold=0.48919753730297094 0.23570261150598529 0.84756097197532665 0.59523808956146251 0.89630526304245006 0.80000001192092907 0.76829269528388988 0.3289943933486939 0.55051019787788402 0.052482083439826972 0.01044247765094042 0.00070796458749100577 0.16716968268156054 0.047610620036721236 0.027699114754796032 0.63211598992347728 0.25826159119606024 0.13231695443391803 0.0041605727747082719 0.005000124918296934 0.029536390677094463 0.041327433660626418 0.016877938061952594 0.038043128326535232 0.067485995590686812 0.65153059363365184 0.69217687845230114 0.078696139156818404 0.28869047760963445 0.016877938061952594
decision_type=2 2 2 2 2 2 2 2 2 2 2 2 2 2 2 2 2 2 2 2 2 2 2 2 2 2 2 2 2 2
left_child=2 3 7 -2 -5 6 -4 13 9 10 11 -9 -10 14 -1 17 18 -16 20 -20 -17 -19 -23 -24 25 -21 -22 -25 -29 -30
right_child=1 -3 5 4 -6 -7 -8 8 12 -11 -12 -13 -14 -15 15 16 -18 21 19 24 26 22 23 27 -26 -27 -28 28 29 -31
leaf_value=-7.1021054222670383e-07 -0.037209206860673603 0.020972876043252348 -0.04083636038665054 0.050745670341827198 -0.033243751235134449 0.013358459941457904 0.0021645848923644469 -0.04506155320114888 -0.018861845132658768 0.062698324849711315 0.022704800766903135 0.0054389054302115773 0.0090339867423374267 0.00068904388803529577 -0.033196342244560438 0.01765528191127054 0.012944917495041341 -0.010341053838114029 0.046237971319237542 -0.025477130639176084 -0.050717339764986102 0.032136404400375143 -0.03772288242445157 0.015427867682817804 -0.015582940909840358 0.026545447791206125 -0.016470824686214327 -0.021021832786403048 -0.0060202805089086472 0.028178435124775154
leaf_weight=1438.7726485682651 18.450817795004703 3.1773373801261178 6.3445494524203205 1.4677833095192898 3.4566164761781693 1.4649567976593978 1.8111381572671232 2.1099518444389149 9.0186606496572477 3.8176945792511097 10.884412964805961 3.4530807361006737 6.8206652887165538 3058.6577069088817 10.751975273713468 6.7533063217997578 48.714526604861021 136.18546179682016 6.2191968709230414 6.5468863956630257 9.3011348545551318 6.0873511582612982 6.1368466280400744 14.870233803987501 29.2657624874264 10.44474998116493 8.6114652231335622 16.55868561565876 16.368100717663769 9.9377363249659521
leaf_count=13945 6090 386 2160 8 1484 142 541 120 96 44 97 31 50 14774 264 79 386 1400 63 68 93 62 74 136 285 97 82 149 149 70
internal_value=-2.85428e-05 -0.0245831 0.000104377 -0.0310514 -0.0067027 -0.0234686 -0.0307709 0.00015239 0.00857074 0.0206123 0.0102215 -0.0132895 -0.00655445 8.83864e-05 -0.000940042 -0.00486733 0.000577696 -0.00804873 -0.00717397 -0.000948075 -0.0201603 -0.00669739 0.000328797 -0.00267 -0.00748604 0.00617679 -0.0347138 0.00102824 -0.00387508 0.00676764
internal_weight=4912.46 26.5526 4885.91 23.3752 4.9244 9.62064 8.15569 4876.29 36.1045 20.2651 16.4474 5.56303 15.8393 4840.18 1781.53 342.753 125.857 216.896 77.1425 52.4766 24.6659 206.144 69.959 63.8716 46.2574 16.9916 17.9126 57.7348 42.8645 26.3058
internal_count=43425 7968 35457 7582 1492 2843 2701 32614 438 292 248 151 146 32176 17402 3457 1153 2304 767 513 254 2040 640 578 450 165 175 504 368 219
is_linear=0
shrinkage=0.05


Tree=97
num_leaves=31
num_cat=0
split_feature=8 7 4 3 6 4 6 5 3 3 7 5 1 3 5 1 3 5 8 6 6 6 5 6 4 4 7 6 8 1
split_gain=6.03734 3.26119 1.99718 1.0371 1.14167 1.00945 2.33035 1.35559 1.74097 8.13014 4.49737 3.96092 3.37907 2.68326 6.49845 4.48126 3.6183 3.01857 3.01339 2.62037 3.39753 3.49945 2.2109 1.93454 1.744 1.7367 2.26079 1.69773 2.84801 1.98091
threshold=0.66358026862144481 0.00026548672030912718 0.84756097197532665 0.80000001192092907 0.76829269528388988 0.47281807661056524 0.0063561375718563804 0.46868900954723364 1.0000000180025095e-35 0.024922360666096214 0.041946902871131904 0.012585707008838655 0.52704679965972911 0.043194472789764411 0.020254332572221759 0.67006802558898937 0.05289552919566632 0.0085569424554705637 0.33246752619743353 0.2477144002914429 0.049227448180317886 0.027707984670996669 0.36765615642070776 0.29002164304256445 0.50125628709793102 0.49412102997303015 0.041946902871131904 0.018447620794177059 0.33052034676074987 0.505102038383484
decision_type=2 2 2 2 2 2 2 2 2 2 2 2 2 2 2 2 2 2 2 2 2 2 2 2 2 2 2 2 2 2
left_child=2 -2 5 4 -4 -1 -7 8 11 10 -10 19 23 14 17 -16 22 18 -11 20 21 -8 -15 25 -23 -13 -27 28 -18 -29
right_child=1 -3 3 -5 -6 6 7 -9 9 13 -12 12 -14 16 15 -17 27 -19 -20 -21 -22 24 -24 -25 -26 26 -28 29 -30 -31
leaf_value=-0.0001375965980382374 -0.035511886166957225 0.013756113455445191 -0.040450874931005028 0.012574484795959637 0.0020577124208875567 -0.023747607749945884 0.030541869127503965 -0.017155370816407178 -0.039822905242031276 0.034399978491201091 -0.0078438208214057642 -0.00040518511348949619 0.019818630844220159 -0.019890196923376027 0.054454769209232701 0.013949229735627306 0.04798551485737388 -0.028500535146872043 -0.00099760143800544298 0.003405054034458651 0.035567860876855741 0.01023543492283316 0.009307191130934955 0.011358088205163451 -0.020553668797588215 -0.0058082067141851153 -0.038697216855318996 0.021138152517401115 -0.0003644289438627245 0.0017906754975868756
leaf_weight=4267.4536253958941 17.703330345451835 3.9189603328704825 6.0921271496918035 1.4842016533948479 1.8150363164022563 8.5073180776089412 12.068485498428347 8.5595746152102929 15.10577931255102 7.4131818152964106 42.135466247797012 14.036870926618574 12.670531474053858 27.853044899180532 11.788409851491453 17.349121671169996 5.5346982106566411 7.4842672366648904 28.865561874583364 35.847400613129139 23.081213321536779 9.6452557146549243 8.1152113117277604 8.7561232559382898 8.4645009487867338 10.414746046066286 11.382260799407957 13.933922398835419 6.1866816803812981 256.76310682110488
leaf_count=28631 7761 30 2160 142 541 85 91 83 141 49 217 98 70 206 94 97 50 49 195 242 157 51 59 57 71 99 65 142 56 1636
internal_value=-2.77707e-05 -0.0263298 8.80719e-05 -0.0228224 -0.030165 0.000133659 0.00203311 0.00240872 0.00270145 0.00114244 -0.0164249 0.00744073 -0.00274489 0.00372867 0.012386 0.0306381 0.00172746 7.7549e-05 0.00617276 0.0140378 0.021081 0.00975497 -0.0131565 -0.00929834 -0.00391466 -0.0145025 -0.0233093 0.00364473 0.0222557 0.00281247
internal_weight=4910.43 21.6223 4888.81 9.39137 7.90716 4879.42 611.963 603.455 594.896 448.528 57.2412 146.367 57.2605 391.287 72.9005 29.1375 318.387 43.763 36.2787 89.1069 53.2595 30.1782 35.9683 44.59 18.1098 35.8339 21.797 282.418 11.7214 270.697
internal_count=43425 7791 35634 2843 2701 32791 4160 4075 3992 2991 358 1001 389 2633 484 191 2149 293 244 612 370 213 265 319 122 262 164 1884 106 1778
is_linear=0
shrinkage=0.05


Tree=98
num_leaves=31
num_cat=0
split_feature=8 3 4 4 10 3 6 6 3 1 3 3 5 3 1 8 3 5 6 4 1 3 4 3 4 3 1 3 7 3
split_gain=5.62105 2.98416 1.84408 1.25914 2.75468 0.980098 1.10782 0.940809 2.43432 1.59805 3.56511 5.55872 4.75316 4.41021 3.00352 2.16085 4.78481 4.63999 3.10817 4.45659 3.03847 2.29842 3.96476 2.26911 1.93232 4.30751 1.91855 1.55132 1.15098 1.14433
threshold=0.48919753730297094 0.23570261150598529 0.84756097197532665 0.59523808956146251 0.89630526304245006 0.80000001192092907 0.76829269528388988 0.29185217618942266 0.48212005198001867 0.73401361703872692 0.022641832008957866 0.036734255030751235 0.0041605727747082719 0.064390406012535109 0.95875850319862377 0.32530003786087042 0.29066033661365515 0.48266786336898809 0.3289943933486939 0.33782868087291723 0.56949809193611156 0.049238052219152458 0.46320636570453649 0.031152950599789623 0.34731592237949377 0.013453185558319094 0.93813776969909679 0.4636217206716538 0.031946902163326747 0.30925156176090246
decision_type=2 2 2 2 2 2 2 2 2 2 2 2 2 2 2 2 2 2 2 2 2 2 2 2 2 2 2 2 2 2
left_child=2 3 7 -2 -5 6 -4 8 27 15 -11 -12 26 -14 -15 16 17 21 19 -17 23 24 -23 -20 25 -9 -13 29 -26 -1
right_child=1 -3 5 4 -6 -7 -8 9 -10 10 11 12 13 14 -16 18 -18 -19 20 -21 -22 22 -24 -25 28 -27 -28 -29 -30 -31
leaf_value=-0.00031540567445575713 -0.036362770443583735 0.020408934901902057 -0.04005418149808803 0.048347041005822905 -0.032076793613900867 0.011844684903349539 0.0019563064476606517 0.023187813934203272 -0.02253376358731865 0.031638857786069834 -0.018526920951773381 0.043731938745207498 0.02169307528619974 -0.028130729280269707 0.0037234567039322163 -0.036167659739003703 -0.019785839367008604 -0.022364935036436252 0.0081503122511919403 -0.0039432486115289732 -0.013583130131432683 0.070998502732685251 0.010411372069415309 0.050997347271595467 0.0075675449316725766 -0.035364360246837034 0.015370844325591486 0.022333812021805372 0.034944798764710912 0.0019969972655358684
leaf_weight=3982.6824143351987 17.37497917260044 3.1709156371653071 5.851935002487151 1.4465503990650166 3.2279422553256154 1.5025425124913452 1.8187496203463522 7.2871553581208008 11.880954077467321 13.60690216720104 20.648554995656013 11.151152342557907 16.515231870114803 13.215720096603038 16.091927215456963 13.548212941735981 12.950662976130841 7.1555954292416564 8.1770688993856329 52.640369158238173 7.5310840494930735 5.369129676371811 5.8589806258678436 5.2858428503386667 7.1201397441327599 5.3518343474715948 14.762545898556709 7.6851669028401366 10.130133993923662 617.92385241761804
leaf_count=27718 6090 386 2160 8 1484 142 541 61 89 58 89 55 74 70 67 125 103 34 173 355 63 68 43 59 54 68 63 42 66 3017
internal_value=-2.67234e-05 -0.023525 9.40805e-05 -0.0301324 -0.00565057 -0.0221783 -0.0295529 0.000137474 -2.44799e-05 0.00309724 0.00778468 0.00418686 0.0108111 0.00100483 -0.0105174 -0.000219856 0.00693814 0.0142371 -0.00530601 -0.0106593 0.0113051 0.020767 0.0401957 0.0255936 0.0131921 -0.00129592 0.0278886 3.29556e-05 0.0240416 -3.69513e-06
internal_weight=4908.96 25.2204 4883.74 22.0495 4.67449 9.17323 7.67068 4874.57 4620.17 254.398 105.992 92.3851 71.7366 45.8229 29.3076 148.406 61.2236 48.273 87.1826 66.1886 20.994 41.1174 11.2281 13.4629 29.8893 12.639 25.9137 4608.29 17.2503 4600.61
internal_count=43425 7968 35457 7582 1492 2843 2701 32614 30866 1748 476 418 329 211 137 1272 497 394 775 480 295 360 111 232 249 129 118 30777 120 30735
is_linear=0
shrinkage=0.05


Tree=99
num_leaves=31
num_cat=0
split_feature=8 10 4 5 8 4 6 5 6 3 6 4 6 6 3 6 1 6 4 3 6 3 6 6 7 4 6 7 1 3
split_gain=5.24327 2.97356 1.69809 0.930054 11.1665 2.02633 3.64957 3.64477 5.5861 4.83471 3.97164 2.71032 3.27585 3.21973 4.10887 3.1634 3.33296 2.64279 2.66602 2.38905 2.29956 2.19585 2.19127 3.82962 4.20383 2.62919 2.56602 2.38089 2.13935 1.97001
threshold=0.66358026862144481 0.89630526304245006 0.84756097197532665 0.43890526890754705 0.32670532166957861 0.38961258530616766 0.22477751225233081 0.48266786336898809 0.036252848803997047 0.036442687734961517 0.25040192902088171 0.27356395125389105 0.044564334675669677 0.17450613528490069 0.046326955780386932 0.036252848803997047 0.93813776969909679 0.053215339779853828 0.25211864709854132 0.018538734875619415 0.049227448180317886 0.13436578959226611 0.14561489224433902 0.050125628709793098 0.097964603453874602 0.32274959981441503 0.061929596588015563 0.15415929257869723 0.79451090097427379 0.069504830986261382
decision_type=2 2 2 2 2 2 2 2 2 2 2 2 2 2 2 2 2 2 2 2 2 2 2 2 2 2 2 2 2 2
left_child=2 -2 3 -1 5 6 11 9 -9 -7 -10 12 15 17 -15 16 19 20 -19 -5 -14 -11 23 24 -13 -25 -27 -26 29 -24
right_child=1 -3 -4 4 -6 7 -8 8 10 21 -12 22 13 14 -16 -17 -18 18 -20 -21 -22 -23 28 25 27 26 -28 -29 -30 -31
leaf_value=-0.00015554823648051479 0.013027992245563695 -0.03450592114120031 -0.021537066652694597 0.027370096040543287 -0.050727579805016132 -0.0068084588127614587 0.011733191976307671 -0.026940194351298422 0.0030702363148163605 0.023314276314941693 -0.019207199577811546 0.023309339844405058 -0.019324617576151303 -0.017236188789930506 0.028412568854856227 0.030746207751490281 -0.024871006607147444 -0.04255672522523981 -0.009957770221035802 -0.0036854609270943551 0.014415388193350457 0.001339199720972555 -0.0058207185945866749 0.04016478612834861 -0.0087629868622889351 0.026953770853761716 0.0016260291657369001 0.013880324318425709 -0.020527066446903483 0.019741617724535081
leaf_weight=4200.630764295347 3.8704790621995953 16.563465035054833 8.9656894800718856 10.118923477828504 9.8449616609141213 37.757455676794052 128.95017188414931 25.844459928572178 99.162923656404018 36.786997236311436 24.913849402219057 18.061570473015308 11.612771898508074 9.7125316485762614 9.7063428089022619 9.8412667885422689 10.378398492932318 15.405005436390638 11.454395107924938 15.097269784659145 8.6548569649457914 17.169061116874218 21.664819531142712 11.673767268657683 52.852197214961052 18.1711345911026 23.125520050525665 14.652315288782118 13.674787163734434 11.32912418246269
leaf_count=28606 30 7761 2843 51 736 223 604 140 498 228 116 111 60 62 61 57 66 83 57 73 57 89 122 70 244 80 99 69 67 62
internal_value=-2.5453e-05 -0.0252392 7.94596e-05 0.000120654 0.00184001 0.00262998 0.00470573 -0.00101047 -0.00583007 0.0068113 -0.00137454 0.00163676 -0.00447721 -0.0115618 0.00535342 0.00579174 -0.00103445 -0.0186342 -0.0289286 0.00863811 -0.00467115 0.0164296 0.00536089 0.00852744 0.00191536 0.0190903 0.0129296 -0.00376088 -0.00393026 0.00283866
internal_weight=4907.65 20.4339 4887.21 4878.25 677.617 667.772 426.137 241.635 149.921 91.7135 124.077 297.187 111.982 66.5459 19.4189 45.4359 35.5946 47.127 26.8594 25.2162 20.2676 53.9561 185.205 138.537 85.5661 52.9704 41.2967 67.5045 46.6687 32.9939
internal_count=43425 7791 35634 32791 4185 3449 2155 1294 754 540 614 1551 627 380 123 247 190 257 140 124 117 317 924 673 424 249 179 313 251 184
is_linear=0
shrinkage=0.05


Tree=100
num_leaves=31
num_cat=0
split_feature=8 10 4 3 6 4 6 3 3 5 7 1 3 8 10 3 5 8 6 6 6 6 8 4 1 4 5 8 3 6
split_gain=4.86801 2.81406 1.56842 0.940702 1.09311 0.884006 2.09593 1.14677 7.63598 4.75932 4.52374 3.502 2.45597 6.42257 3.61023 3.50495 3.21227 2.74257 2.35259 3.22093 3.03441 2.11557 3.18366 1.97475 1.75978 2.48768 2.1094 6.47657 4.64572 3.62802
threshold=0.66358026862144481 0.89630526304245006 0.84756097197532665 0.80000001192092907 0.76829269528388988 0.47281807661056524 0.0063561375718563804 1.0000000180025095e-35 0.024922360666096214 0.015053989365696909 0.041946902871131904 0.52704679965972911 0.043194472789764411 0.32664990425109869 0.35277156531810766 0.05289552919566632 0.0085569424554705637 0.33246752619743353 0.2477144002914429 0.049227448180317886 0.027707984670996669 0.018447620794177059 0.33052034676074987 0.50125628709793102 0.505102038383484 0.53950104117393505 0.019639145582914356 0.32977208495140081 0.12193550541996957 0.22962705045938495
decision_type=2 2 2 2 2 2 2 2 2 2 2 2 2 2 2 2 2 2 2 2 2 2 2 2 2 2 2 2 2 2
left_child=2 -2 5 4 -4 -1 -7 9 10 18 -9 -11 13 14 -10 -14 17 -15 19 20 -8 22 -17 -22 25 -23 27 29 -29 -26
right_child=1 -3 3 -5 -6 6 7 8 12 11 -12 -13 15 16 -16 21 -18 -19 -20 -21 23 24 -24 -25 26 -27 -28 28 -30 -31
leaf_value=-0.00013931981069996294 0.012353794995167163 -0.033960194645844925 -0.03942045077119951 0.01240651792718653 0.0029288261516348594 -0.022723940740902355 0.028273438048783656 -0.039440811153082955 0.015066366668756791 -0.011362867951610768 -0.0074275665097315591 0.01831099836463931 -0.013084820399578085 0.032833269340073364 0.051329879411307282 0.050165319511500488 -0.028963968809648057 -0.00092311759109236179 0.0031952741210397166 0.03398543702264873 0.011342030731289017 0.0035831905772181444 -0.00034922903818049945 -0.021060472206370764 0.011655202138306594 0.048261853652389969 -0.0043100888497886137 0.010573819918515475 -0.007210226605272963 0.057465647772517461
leaf_weight=4266.2913171234541 3.8827554248273399 16.004050416639075 5.5041819391772133 1.4883860289119182 1.7837177049368618 8.3905833940952999 12.254731684923174 15.169020371511577 18.091177560389045 46.194319754838943 42.154698133468628 12.475172050297259 36.048550464212894 7.4167995639145365 11.68925482034683 5.8164450265467149 7.961862724274396 28.859510652720928 35.896341197192669 23.258247137069702 9.9277258813381213 9.1202721968293172 6.1849555000662804 8.6367056183516961 9.7453390210866946 4.8768995143473139 96.057168878614902 71.818470858037472 74.744277127087116 8.2935234978795034
leaf_count=28631 30 7761 2160 142 541 85 92 145 97 339 217 69 269 49 96 52 58 195 243 158 53 88 56 73 63 55 639 479 443 47
internal_value=-2.45794e-05 -0.024651 7.51301e-05 -0.0209205 -0.0284793 0.000114363 0.00189337 0.0022481 0.000986463 0.00606503 -0.0160399 -0.00494767 0.00346267 0.011681 0.0295918 0.00155912 -0.000303023 0.00591231 0.0132992 0.0198955 0.00902503 0.00342202 0.0239316 -0.00349672 0.00249925 0.0197368 0.00154722 0.00499629 0.00147146 0.0331933
internal_weight=4906.04 19.8868 4886.15 8.77629 7.2879 4877.37 611.082 602.691 454.048 148.643 57.3237 58.6695 396.725 74.0186 29.7804 322.706 44.2382 36.2763 89.9738 54.0774 30.8192 286.657 12.0014 18.5644 274.656 13.9972 260.659 164.602 146.563 18.0389
internal_count=43425 7791 35634 2843 2701 32791 4160 4075 3048 1027 362 408 2686 495 193 2191 302 244 619 376 218 1922 108 126 1814 143 1671 1032 922 110
is_linear=0
shrinkage=0.05


Tree=101
num_leaves=31
num_cat=0
split_feature=8 3 4 4 10 3 6 6 3 3 3 8 5 3 4 1 3 5 4 4 4 1 5 1 5 5 1 1 4 3
split_gain=4.54863 2.79857 1.44472 1.22305 2.34521 0.886148 1.05728 0.861599 2.19256 1.50924 5.25284 2.18009 3.21082 2.84071 2.45861 2.04013 3.18482 1.80033 2.28027 2.23164 2.04988 3.9376 3.11383 3.2759 2.04033 2.98355 1.82722 3.13651 1.74778 1.39947
threshold=0.48919753730297094 0.23570261150598529 0.84756097197532665 0.59523808956146251 0.89630526304245006 0.80000001192092907 0.76829269528388988 0.29185217618942266 0.48212005198001867 0.37995566427707678 0.30662393569946295 0.33310753107070928 0.0032247933559119706 0.03020223788917065 0.50125628709793102 0.79795917868614208 0.049238052219152458 0.01524710049852729 0.49967658519744879 0.53950104117393505 0.28013147413730627 0.52919501066207897 0.41596639156341558 0.79795917868614208 0.0092238103970885294 0.0061492070090025672 0.87627550959587108 0.63211598992347728 0.50125628709793102 0.4636217206716538
decision_type=2 2 2 2 2 2 2 2 2 2 2 2 2 2 2 2 2 2 2 2 2 2 2 2 2 2 2 2 2 2
left_child=2 3 7 -2 -5 6 -4 8 29 10 11 12 -9 14 -13 16 -15 24 20 -20 21 -19 -22 -24 25 -14 27 -23 -12 -1
right_child=1 -3 5 4 -6 -7 -8 9 -10 -11 28 13 17 15 -16 -17 -18 18 19 -21 22 26 23 -25 -26 -27 -28 -29 -30 -31
leaf_value=-1.6643488986078211e-05 -0.035171795603907867 0.020766155023650826 -0.038995147946169623 0.045636215704776939 -0.030230565134406098 0.011688194431678567 0.0027822802049957181 0.029909728632536367 -0.021433070605869808 0.013382421114206237 -0.040312997061477729 -0.02238609920687927 -0.011255703697192598 0.045437314807127538 0.0062399814263426447 -0.010892390927484417 0.0022972235534008869 0.030492752270303038 -0.024369751236204662 0.0080963595146100516 0.037332136948372251 0 -0.0087656696185990767 0.022787751062071385 -0.023151428926669153 0.025081770437467777 0.0052490931994962249 -0.0567611942715796 -0.0067886565012762225 0.021136321726109807
leaf_weight=4598.9513306720182 16.022356458008296 3.1171292830258599 5.2924787127412838 1.4206973575055588 2.9203953389078379 1.5065301731228826 1.788914715638384 13.956328257918356 11.842081652022896 30.532484526280314 9.0201449021697062 24.251162403263152 14.056762911379339 6.4047178328037324 10.441138219088314 9.7994458973407728 13.326205510646103 7.6783861964941051 9.3517754040658492 11.645200777798889 15.012178175151346 5.334819722920658 13.785251729190348 19.561743177473545 10.711881455034016 9.2369995191693288 7.8902601301670066 4.4970179442316294 7.5785142779350272 7.7320499662309876
leaf_count=30735 6090 386 2160 8 1484 142 541 66 89 167 80 274 83 53 69 43 116 70 62 76 131 72 65 82 70 50 32 42 45 42
internal_value=-2.33953e-05 -0.0219314 8.14141e-05 -0.0287812 -0.00380748 -0.0202865 -0.0278532 0.000118754 -3.61491e-05 0.00295316 0.00150096 0.00369715 0.00715062 -0.00389878 -0.0136338 0.0073766 0.0167113 0.00462371 0.0081838 -0.00617359 0.0123414 0.000628552 0.0183764 0.00960724 -0.00514479 0.00298559 -0.0121285 -0.0264903 -0.0254384 1.82332e-05
internal_weight=4904.67 23.4806 4881.19 20.3634 4.34109 8.58792 7.08139 4872.6 4618.53 254.072 223.54 206.941 142.719 64.2227 34.6923 29.5304 19.7309 128.762 94.7566 20.997 73.7597 25.4005 48.3592 33.347 34.0056 23.2938 17.7221 9.83184 16.5987 4606.68
internal_count=43425 7968 35457 7582 1492 2843 2701 32614 30866 1748 1581 1456 901 555 343 212 169 835 632 138 494 216 278 147 203 133 146 114 125 30777
is_linear=0
shrinkage=0.05


Tree=102
num_leaves=31
num_cat=0
split_feature=8 3 4 4 10 6 5 8 4 5 6 3 6 6 4 6 6 6 3 6 4 3 6 6 6 7 4 6 7 5
split_gain=4.21601 2.61945 1.32827 1.15689 2.17218 0.893098 0.85332 10.4697 1.81946 3.3338 5.09526 4.4379 3.65435 3.28494 2.45184 2.99955 2.86696 2.84574 3.72413 2.51434 2.42069 2.01683 1.97791 1.97551 3.43735 3.7485 2.32878 2.29174 2.15646 1.95594
threshold=0.48919753730297094 0.23570261150598529 0.84756097197532665 0.59523808956146251 0.89630526304245006 0.76829269528388988 0.43890526890754705 0.32670532166957861 0.38961258530616766 0.48266786336898809 0.036252848803997047 0.036442687734961517 0.25040192902088171 0.22477751225233081 0.27356395125389105 0.041628966107964523 0.024165906943380836 0.17450613528490069 0.046326955780386932 0.053215339779853828 0.25211864709854132 0.13436578959226611 0.049227448180317886 0.14561489224433902 0.050125628709793098 0.097964603453874602 0.32274959981441503 0.061929596588015563 0.15415929257869723 0.49264955520629888
decision_type=2 2 2 2 2 2 2 2 2 2 2 2 2 2 2 2 2 2 2 2 2 2 2 2 2 2 2 2 2 2
left_child=2 3 6 5 -5 -2 -1 8 13 11 -11 -10 -12 14 15 16 -8 19 -19 22 -21 -13 -17 24 25 -16 -26 -28 -27 -18
right_child=1 -3 -4 4 -6 -7 7 -9 9 10 12 21 -14 -15 23 17 29 18 -20 20 -22 -23 -24 -25 26 28 27 -29 -30 -31
leaf_value=-0.00015216634556075516 -0.039487278155452651 0.019537087629307351 -0.019657581209621227 0.043978648369445282 -0.029641034117363036 -0.0024808780594081647 -0.018266171939192818 -0.050388366149324432 -0.0064907454721974747 -0.025866291661992055 0.0029216084876566508 0.022412640140589996 -0.018499264912050783 0.011135457655565881 0.021867921222320508 -0.016761991356991357 0.0041570580983364179 -0.016372086930794439 0.027120554531077104 -0.040689863183880105 -0.0095163607611199567 0.0013265657208643288 0.013814070508778878 -0.0037215094828191792 0.037821957872269205 -0.008343963746546083 0.025461241917654198 0.0015525240903810438 0.013227229348286374 0.029948127847442996
leaf_weight=4195.5668171811849 13.28717863571365 3.1529078707098952 8.4087204632814956 1.4047122411429871 2.8337641493417323 2.2057545729912809 9.4403271377086622 9.3811254608444852 37.782000109553337 25.535426758229733 99.269130412489176 36.587994888424873 24.753984211012721 129.10244079120457 18.296308182179928 13.114892378449442 23.612289868295193 9.7144913375377673 9.6688438281416875 15.310304660350084 11.408512786030769 17.184676311910152 8.5909063816070539 46.682258166372776 11.782752677798269 52.69097937643528 18.282967031002045 23.130169555544853 14.621359705924986 11.002821058034895
leaf_count=28429 4933 386 2843 8 1484 1157 49 736 223 140 498 228 116 604 111 68 137 62 61 83 57 89 57 251 70 244 80 99 69 53
internal_value=-2.25314e-05 -0.0213874 7.70503e-05 -0.0282445 -0.00363828 -0.034589 0.000112536 0.00176027 0.00250803 -0.000946194 -0.00556304 0.00653891 -0.001325 0.0044725 0.00156002 -0.00425982 0.0058162 -0.0108789 0.00509424 -0.0173729 -0.0276508 0.0157817 -0.00442319 0.0050972 0.00809962 0.00182625 0.0180792 0.012264 -0.0035715 0.0125617
internal_weight=4903.81 22.8843 4880.92 19.7314 4.23848 15.4929 4872.51 676.947 667.566 241.113 149.559 91.5547 124.023 426.453 297.35 111.863 44.0554 67.808 19.3833 48.4246 26.7188 53.7727 21.7058 185.487 138.805 85.6086 53.1959 41.4131 67.3123 34.6151
internal_count=43425 7968 35457 7582 1492 6090 32614 4185 3449 1294 754 540 614 2155 1551 627 239 388 123 265 140 317 125 924 673 424 249 179 313 190
is_linear=0
shrinkage=0.05


Tree=103
num_leaves=31
num_cat=0
split_feature=8 10 4 3 6 7 6 6 5 7 7 5 3 4 5 3 3 6 3 6 6 6 6 5 4 5 7 4 4 6
split_gain=3.94385 2.46641 1.22344 0.846183 1.03809 0.833459 1.91182 3.43473 4.62713 6.26204 4.70768 4.61164 3.29264 3.03665 4.06447 9.90139 3.16366 2.75687 5.61568 2.59257 3.9569 5.66804 5.11044 3.75269 6.33085 4.31561 4.82492 5.57017 4.3398 4.06333
threshold=0.66358026862144481 0.89630526304245006 0.84756097197532665 0.80000001192092907 0.76829269528388988 0.061769910156726844 0.037615552544593818 0.026435988023877147 0.00043445768824312841 0.15265487134456637 0.11283186078071596 0.00095858881832100462 0.05774903483688832 0.4714068621397019 0.0074794194661080846 0.040196506306529052 0.05289552919566632 0.027535869739949707 0.052219675853848464 0.051484243944287307 0.091627478599548354 0.18337896466255191 0.088165346533060088 0.00056815016432665299 0.42502371966838842 0.0116760958917439 0.12566372007131579 0.44127418100833898 0.46515600383281713 0.055809069424867637
decision_type=2 2 2 2 2 2 2 2 2 2 2 2 2 2 2 2 2 2 2 2 2 2 2 2 2 2 2 2 2 2
left_child=2 -2 5 4 -4 -1 7 13 9 10 12 -10 -9 -7 15 -15 -16 18 -13 -8 22 -22 23 24 29 -25 -27 -28 -29 -21
right_child=1 -3 3 -5 -6 6 19 8 11 -11 -12 17 -14 14 16 -17 -18 -19 -20 20 21 -23 -24 25 -26 26 27 28 -30 -31
leaf_value=-0.0007131292827879807 0.01178708344579419 -0.03242602954403672 -0.038332418990779646 0.012148732844961901 0.0036318970500865294 -0.0034425906701143344 -0.0037499605178871877 0.00072906230734878785 -0.025544631988611472 0.036586178644941743 -0.019459793709968854 -0.0031691983570511814 0.039648154978785245 0.029335738592949141 0.005314234245595518 -0.038238684336416973 0.044685699813605581 0.0032999848446967277 0.040325243539276696 -0.022097755830185126 -0.0097093889766562465 0.00049459711179311583 0.023933882747334975 -0.0062601035227616607 0.027614939576328858 0.01796853841411997 -0.0050589589660239419 0.035495383157699748 0.0033768688914927814 0.0098242794798479964
leaf_weight=1915.808414536994 3.7687781285494575 14.613249472458847 4.9923961239401233 1.4948506117798386 1.759175522951409 231.86676118522882 391.83075454086065 12.400291040539743 12.805798709392546 27.261126950383186 12.768882125616072 13.897969067096712 9.9692268669605237 10.775180086493494 9.9115355461835879 10.673764765262602 11.241871923208235 261.81825539469719 15.322967603802679 14.03557452559471 151.66102419793606 1313.011824823916 32.252531826496124 129.39646799862385 38.661240234971046 55.546980142593384 113.54504626989365 17.084418207406998 28.198475822806358 33.67837356030941
leaf_count=18638 30 7761 2160 142 541 1098 1849 66 59 126 59 60 50 54 49 52 59 1271 66 72 771 6265 136 619 188 275 522 72 159 156
internal_value=-2.18079e-05 -0.023076 6.44144e-05 -0.0190592 -0.0267751 9.81763e-05 0.000625044 0.00304252 0.00621322 0.0186234 0.0044813 0.00364285 0.0183956 -0.00117088 0.0110551 -0.00408109 0.0265851 0.00495261 0.0195278 -4.08537e-05 0.000710878 -0.000559162 0.00474386 0.00328813 0.0126033 0.000930103 0.00529431 0.000821769 0.0156563 0.000302918
internal_weight=4902.05 18.382 4883.67 8.24642 6.75157 4875.42 2959.62 640.714 366.245 62.3995 35.1384 303.845 22.3695 274.469 42.6024 21.4489 21.1534 291.039 29.2209 2318.9 1927.07 1464.67 462.399 430.147 86.3752 343.771 214.375 158.828 45.2829 47.7139
internal_count=43425 7791 35634 2843 2701 32791 14153 3069 1757 301 175 1456 116 1312 214 106 108 1397 126 11084 9235 7036 2199 2063 416 1647 1028 753 231 228
is_linear=0
shrinkage=0.05


Tree=104
num_leaves=31
num_cat=0
split_feature=5 8 3 4 10 6 6 1 3 3 5 7 5 4 6 5 3 6 6 1 1 4 3 3 3 3 4 6 6 6
split_gain=3.76158 3.04569 2.43023 1.01547 1.92529 1.0286 0.91991 2.58281 2.22439 1.20574 1.13244 1.4326 1.06345 1.8978 3.15101 2.95445 3.20443 2.846 3.00405 5.41377 3.80503 5.60937 3.4545 3.17258 2.78847 2.15717 2.02649 2.56907 3.41092 2.36718
threshold=0.62470659613609325 0.48919753730297094 0.23570261150598529 0.59523808956146251 0.89630526304245006 0.76829269528388988 0.3289943933486939 0.55051019787788402 0.052482083439826972 0.16716968268156054 0.019950248301029209 0.00070796458749100577 0.43890526890754705 0.38961258530616766 0.22477751225233081 0.46868900954723364 0.036442687734961517 0.036252848803997047 0.096097234636545195 0.65153059363365184 0.56949809193611156 0.45241193473339086 0.044017467647790916 0.035676850005984313 0.07806959375739099 0.028359654359519485 0.27356395125389105 0.038043128326535232 0.031541686505079276 0.17450613528490069
decision_type=2 2 2 2 2 2 2 2 2 2 2 2 2 2 2 2 2 2 2 2 2 2 2 2 2 2 2 2 2 2
left_child=1 6 3 5 -5 -3 12 8 10 -9 11 -8 -1 14 26 16 -15 24 19 -19 21 -20 -21 -22 25 -17 27 28 -14 -29
right_child=-2 2 -4 4 -6 -7 7 9 -10 -11 -12 -13 13 15 -16 17 -18 18 20 22 23 -23 -24 -25 -26 -27 -28 29 -30 -31
leaf_value=-0.00024928204879942644 -0.040217215762450166 -0.038118554790713549 0.020718762365996658 0.041975737636084476 -0.028377899310108395 0 -0.0089992223549184864 -0.019164778743679948 0.053309969139464133 0.0080934238447102069 -0.0048709321318930405 0.031113626046234522 -0.0057782489494925676 -0.0054584490534940406 0.010411775441216546 -0.014358199198598792 0.013942133937488955 -0.01841310981822428 0.037590416957919495 0.040466269349442509 -0.033042863420025853 -0.015662543072823533 0.0064965337972956857 -0.0074327610477174129 0.0023606559873221699 -0.049709489994936337 0.0042495660251207733 -0.015572153627733962 0.023612959607450645 0.0047007439194818564
leaf_weight=4164.1196048150305 5.7133574741892508 11.843539195717316 3.0715482998639336 1.3853369168937195 2.6638412275351584 1.9504982938524342 2.7292128810659113 9.0470563862472755 3.8965070485137394 6.9046683721244326 6.4337631780654183 8.4029400870203954 24.852749474346638 36.329803712666035 129.5487999804318 9.7597349919378811 50.267669811844826 14.361778184771536 9.6215635687112826 11.360347166657446 17.105337530374527 9.8270902223885042 23.057043313980103 43.665804959833622 8.6801129914820176 8.6760547868907434 187.70531068742275 51.875688869506121 16.062332104891539 19.40003458224237
leaf_count=29715 1969 4529 364 8 1484 1055 405 96 55 52 61 72 146 210 618 62 297 89 45 52 86 75 108 205 51 53 963 286 89 125
internal_value=-2.0543e-05 2.61768e-05 -0.0189665 -0.026154 -0.00267135 -0.0326185 0.000109094 0.00790942 0.0192615 -0.00707772 0.0111668 0.0208416 4.75538e-05 0.0018937 0.00389415 -0.00162537 0.00574852 -0.00574877 -0.00260226 0.00711779 -0.00857647 0.0104843 0.0179387 -0.0147659 -0.0204694 -0.031443 0.00105948 -0.00423233 0.00566761 -0.00998531
internal_weight=4900.32 4894.61 20.9148 17.8432 4.04918 13.794 4873.69 37.4141 21.4624 15.9517 17.5659 11.1322 4836.28 672.157 429.445 242.712 86.5975 156.115 128.999 48.7792 80.2198 19.4487 34.4174 60.7711 27.1159 18.4358 299.896 112.191 40.9151 71.2757
internal_count=43425 41456 7440 7076 1492 5584 34016 741 593 148 538 477 33275 3560 2227 1333 507 826 660 249 411 120 160 291 166 115 1609 646 235 411
is_linear=0
shrinkage=0.05


Tree=105
num_leaves=31
num_cat=0
split_feature=8 10 4 3 6 1 4 4 1 4 5 3 3 3 10 6 3 7 4 3 6 6 5 3 4 6 5 6 5 5
split_gain=3.41698 2.24152 1.07377 0.782299 1.01842 0.766676 1.43093 3.45904 2.44291 2.34775 2.1105 2.04732 4.23158 2.95787 2.71565 2.68358 2.12068 2.8297 3.80169 3.8732 2.38108 7.47104 4.50656 3.96183 2.63516 1.97856 4.91565 3.12577 4.0129 8.6762
threshold=0.66358026862144481 0.89630526304245006 0.84756097197532665 0.80000001192092907 0.76829269528388988 0.94868421554565441 0.42360590398311621 0.44127418100833898 0.97722566127777111 0.38500961661338812 0.0055262942332774409 0.012772412970662119 0.028817758895456794 0.03315588831901551 1.0000000180025095e-35 0.18337896466255191 0.042564805597066886 0.31805309653282171 0.39448615908622747 0.10576450079679491 0.048849564045667655 0.032495966181159026 0.00156885979231447 0.09562020376324655 0.31244330108165747 0.053443185985088355 0.0080121941864490526 0.074038933962583556 0.0025436140131205325 0.0012749712332151832
decision_type=2 2 2 2 2 2 2 2 2 2 2 2 2 2 2 2 2 2 2 2 2 2 2 2 2 2 2 2 2 2
left_child=2 -2 5 4 -4 -1 8 -8 9 10 -7 15 14 -14 -13 -10 -15 18 -18 -20 21 -19 23 -22 -24 26 -9 -27 29 -29
right_child=1 -3 3 -5 -6 6 7 25 11 -11 -12 12 13 16 -16 -17 17 20 19 -21 22 -23 24 -25 -26 27 -28 28 -30 -31
leaf_value=-0.00017089422864705739 0.011238538451125518 -0.03135966384643054 -0.037748924538248532 0.011498957125930229 0.004271928224758784 0.0070324639131096435 0.027989688173272489 -0.012782322280573927 -0.030185587557253979 -0.021755629002605706 -0.0086289140763417278 0.008145863941615759 -0.017698160573799183 0.01902451214302547 0.043047881638748078 0.005969647736034916 0.013817998591720391 -0.01711130574159303 -0.023261846806690356 0.0057050349729813044 -0.0023150268609929536 0.029655841907624436 -0.010142407070700981 -0.043684079486488586 0.0095899761751918472 0.024829496886204346 0.0084944239155401533 0.0040396838143437986 -0.0026804980928897409 0.056669497533916452
leaf_weight=4151.1005995327141 3.7163636535406122 13.779560029972345 4.7541982133407128 1.5112527627497909 1.7373730305116621 33.057148054242134 14.716672375798224 53.764349743723869 10.868326202034952 20.56311696767807 60.178826585412025 13.493342190980913 18.907298400998116 18.455396078526974 10.041136980056761 9.2355082780122739 76.411001905798912 16.034887403249741 16.926216304302216 35.312772735953331 10.286598592996599 17.898751601576805 37.966369643807411 14.003274366259573 30.245748311281204 20.730820655822754 54.447248458862305 36.008841320872307 82.673734985291958 10.005861356854437
leaf_count=29191 30 7761 2160 142 541 139 60 288 58 83 250 79 97 101 42 53 315 93 69 146 62 109 222 72 174 103 306 190 435 54
internal_value=-1.98981e-05 -0.0220146 5.83616e-05 -0.018125 -0.0258499 8.96191e-05 0.00159368 0.00445391 -0.00012731 -0.00646628 -0.00302096 0.00200548 0.00300419 0.00134093 0.0233677 -0.0133814 0.00268118 0.00147216 0.00670446 -0.00361165 -0.00381335 0.00742439 -0.00799339 -0.0264509 -0.0013185 0.00307973 -0.00203269 0.00681455 0.00385662 0.0156905
internal_weight=4898.83 17.4959 4881.34 8.00282 6.49157 4873.33 722.233 272.348 449.886 113.799 93.236 336.087 315.983 292.448 23.5345 20.1038 273.541 255.086 128.65 52.239 126.436 33.9336 92.502 24.2899 68.2121 257.631 108.212 149.419 128.688 46.0147
internal_count=43425 7791 35634 2843 2701 32791 3600 1436 2164 472 389 1692 1581 1460 121 111 1363 1262 530 215 732 202 530 134 396 1376 594 782 679 244
is_linear=0
shrinkage=0.05


Tree=106
num_leaves=31
num_cat=0
split_feature=8 10 4 6 3 1 3 3 5 3 1 1 8 3 6 4 3 3 1 3 6 4 4 1 3 4 1 5 3 6
split_gain=3.16149 2.11279 0.984313 0.745511 1.96788 1.46012 3.22568 5.00791 4.03699 3.87026 2.59864 2.54595 1.96342 4.15744 4.61729 2.58059 2.42293 2.21848 3.59357 2.06665 1.62338 2.31905 1.70875 1.63457 1.21942 1.17413 1.0701 1.04233 0.946395 4.1396
threshold=0.66358026862144481 0.89630526304245006 0.84756097197532665 0.29185217618942266 0.48212005198001867 0.73401361703872692 0.022641832008957866 0.036734255030751235 0.0041605727747082719 0.064390406012535109 0.91751700639724743 0.95875850319862377 0.32530003786087042 0.24486105889081958 0.31623914837837225 0.28013147413730627 0.046137720346450813 0.37995566427707678 0.67006802558898937 0.01103125559166074 0.31991825997829443 0.49412102997303015 0.33782868087291723 0.48814120888710028 0.4636217206716538 0.43827861547470098 0.34013606607913976 0.0014736613957211377 0.30925156176090246 0.01512598153203726
decision_type=2 2 2 2 2 2 2 2 2 2 2 2 2 2 2 2 2 2 2 2 2 2 2 2 2 2 2 2 2 2
left_child=2 -2 3 4 24 12 -7 -8 10 -10 -9 -11 13 14 16 27 26 18 20 -16 21 22 -17 -23 28 -22 -5 -14 -1 -30
right_child=1 -3 -4 5 -6 6 7 8 9 11 -12 -13 15 -15 19 17 -18 -19 -20 -21 25 23 -24 -25 -26 -27 -28 -29 29 -31
leaf_value=-0.0003233689132198347 0.010665282457747897 -0.030766671732323704 -0.017518165947703664 0.02885675558853831 -0.020369573476106576 0.029958468874568552 -0.017796244290564322 0.04432419188711758 0.02031202440496932 -0.026384958256322436 0.011708951030811194 0.0031132453558102269 -0.014397879391368176 -0.018444167415822263 -0.019273077372872462 -0.040967061473402483 0.053949101390358294 0.022467218641294279 -0.036170860579997639 0.01034487776391417 0.025459191355045815 -0.0096003715254166719 -0.0088897836794383251 0.015960256525742855 0.019637816317720252 0 0.0034538069288614485 -0.054733307861570657 -0.021456319386704378 0.0025061411894154615
leaf_weight=3980.9348292835057 3.7254474852234134 13.35567218682263 7.8519064843421793 10.048649206757551 11.794726591557263 13.54337529838085 20.597216606140137 10.969783052802086 16.514116015285254 12.930953633040192 15.123500466346741 16.047482267022133 4.1015062904916695 13.035160383209584 10.340791173279287 6.0906668454408672 6.7716191820800296 7.7831507623195639 8.2977704517543298 13.263997089117764 7.9905306696891811 11.543117582798006 14.700338421389459 13.148731218650935 7.7865938115864983 10.113656450062988 7.8940435349941245 3.2713010355364531 18.44942370429635 599.55406161211431
leaf_count=27878 30 7761 2843 63 89 58 89 53 74 70 65 67 47 107 74 50 60 50 50 124 74 68 136 85 42 84 69 145 123 2897
internal_value=-1.84625e-05 -0.0214297 5.58874e-05 8.55918e-05 -5.84466e-05 0.00272207 0.00721208 0.0037872 0.0100833 0.000963233 0.0257284 -0.00992316 -0.000445938 0.00636148 0.0131809 -0.0053036 0.0282573 -0.00259684 -0.00540749 -0.0024458 -0.00126403 -0.00637324 -0.0186772 0.00381879 -4.91706e-06 0.0112616 0.0180387 -0.0334567 -3.96882e-05 0.00177934
internal_weight=4897.57 17.0811 4880.49 4872.64 4618.52 254.121 105.726 92.1831 71.5858 45.4926 26.0933 28.9784 148.395 61.3543 48.3191 87.0408 24.7143 79.668 71.8848 23.6048 63.587 45.4829 20.791 24.6918 4606.72 18.1042 17.9427 7.37281 4598.94 618.003
internal_count=43425 7791 35634 32791 31029 1762 476 418 329 211 118 137 1286 497 390 789 192 597 547 198 497 339 186 153 30940 158 132 192 30898 3020
is_linear=0
shrinkage=0.05


Tree=107
num_leaves=31
num_cat=0
split_feature=8 7 4 5 7 6 5 5 4 6 4 5 6 5 4 5 3 3 3 3 6 3 8 4 6 4 3 5 5 1
split_gain=2.92283 1.99043 0.905553 0.761708 0.71672 1.69139 2.26924 2.37403 2.03251 1.49244 5.31423 3.36845 1.80067 1.32808 3.60536 4.33843 4.91439 3.80663 2.94503 2.87263 2.41557 2.3349 3.65868 3.66855 2.14128 1.93148 2.46966 3.82513 4.59753 2.53305
threshold=0.66358026862144481 0.00026548672030912718 0.84756097197532665 0.90000000596046459 0.31805309653282171 0.029767673462629322 0.43890526890754705 0.0053859052713960418 0.46368466317653662 0.040641479194164283 0.46368466317653662 0.0077747884206473836 0.033422939479351051 0.0035768887028098111 0.46368466317653662 0.0025436140131205325 0.057066770270466811 0.026121948845684532 0.057066770270466811 0.03315588831901551 0.06846578419208528 0.15862533450126651 0.3316196501255036 0.46368466317653662 0.18337896466255191 0.31244330108165747 0.026298499666154388 0.0077747884206473836 0.012352036312222483 0.56949809193611156
decision_type=2 2 2 2 2 2 2 2 2 2 2 2 2 2 2 2 2 2 2 2 2 2 2 2 2 2 2 2 2 2
left_child=2 -2 4 -4 -1 6 7 8 -6 10 11 -7 -13 14 18 16 17 -16 19 -11 -18 22 25 -24 -23 -15 29 -28 -29 -27
right_child=1 -3 3 -5 5 9 -8 -9 -10 13 -12 12 -14 21 15 -17 20 -19 -20 -21 -22 24 23 -25 -26 26 27 28 -30 -31
leaf_value=-0.00012862230500235343 -0.030166988717952949 0.010122501406074388 -0.0069067460024554266 -0.044903409002284581 -0.016999199200864505 0.04378806151502939 0.0091526121407552279 -0.02814511136099996 0.012241202331404032 -0.010152258396811928 -0.0049435567022795921 -0.0052862956112390072 0.023078495223532076 -0.0029559227812877048 0.011628484865065047 -0.023732263966157078 0.005145513877841677 -0.019844841547742159 -0.022611737492896453 0.017511622169151135 0.038195391425753046 0.008631419597767578 0.04886964922776886 0.005216284203859483 -0.017258187544513939 0.013305580432073081 -0.013673447375463969 0.049613490252016543 0.012210837538662823 -0.0080935209255359169
leaf_weight=4347.4966788052116 12.952430304838346 3.7340846452862015 5.9005955993197849 1.8161141163436694 12.155972689390184 12.685883186757563 16.083954311907291 15.5041197091341 11.318533629178999 31.716748684644699 31.729100242257118 9.2789563834667224 13.034794643521307 69.570756822824478 24.527011662721634 10.736266776919363 8.7476308196783084 15.636536896228789 28.365743681788445 13.159231945872305 17.117472872138023 11.965497463941572 9.3692924454808253 10.428178697824476 22.567751303315163 21.829384177923203 10.552359923720358 9.9813476428389531 49.336034700274467 37.315527498722076
leaf_count=29940 7761 30 2018 825 62 75 104 76 63 156 174 47 79 384 123 56 50 81 156 69 103 55 53 55 99 114 60 57 309 191
internal_value=-1.79255e-05 -0.0208466 5.26976e-05 -0.0169489 8.09987e-05 0.00182703 -0.00642862 -0.0129929 -0.00269635 0.00280673 0.00974239 0.0231746 0.0110892 0.00164357 -0.00206127 0.00546505 0.0103169 -0.000519434 -0.0100145 -0.00190816 0.0272733 0.00386065 0.00578475 0.0262686 -0.00814425 0.00370531 0.00733559 0.0136941 0.0186616 -0.000101953
internal_weight=4896.61 16.6865 4879.93 7.71671 4872.21 524.714 55.0626 38.9786 23.4745 469.652 66.7287 34.9996 22.3138 402.923 150.007 76.7649 66.0287 40.1635 73.2417 44.876 25.8651 252.916 218.383 19.7975 34.5332 198.585 129.015 69.8697 59.3174 59.1449
internal_count=43425 7791 35634 2843 32791 2851 305 201 125 2546 375 201 126 2171 794 413 357 204 381 225 153 1377 1223 108 154 1115 731 426 366 305
is_linear=0
shrinkage=0.05


Tree=108
num_leaves=31
num_cat=0
split_feature=8 3 4 7 6 4 3 6 5 3 6 3 1 3 3 5 3 1 1 3 6 8 6 3 4 1 6 1 3 7
split_gain=2.70517 2.25914 1.07906 1.55462 1.00232 0.838703 0.745675 1.00519 0.740826 1.28839 0.697146 1.75706 1.29528 2.92239 4.52369 3.63507 3.59016 2.59532 2.47254 1.75641 4.97875 3.32539 3.8762 2.18303 2.17767 2.00215 3.30766 2.85959 1.95028 1.74692
threshold=0.48919753730297094 0.23570261150598529 0.59523808956146251 0.00026548672030912718 0.76829269528388988 0.84756097197532665 0.80000001192092907 0.76829269528388988 0.0065707108005881318 0.31717914342880255 0.29185217618942266 0.48212005198001867 0.73401361703872692 0.022641832008957866 0.036734255030751235 0.0043768915347754964 0.064390406012535109 0.95875850319862377 0.89564427733421337 0.29066033661365515 0.31623914837837225 0.32530003786087042 0.31623914837837225 0.049238052219152458 0.33782868087291723 0.55051019787788402 0.31623914837837225 0.39387755095958715 0.01103125559166074 0.031946902163326747
decision_type=2 2 2 2 2 2 2 2 2 2 2 2 2 2 2 2 2 2 2 2 2 2 2 2 2 2 2 2 2 2
left_child=5 2 4 -4 -2 10 7 -7 9 -3 11 -1 19 -14 -15 18 -17 -18 -16 21 -21 22 23 -12 -23 27 -27 29 -24 -26
right_child=1 8 3 -5 -6 6 -8 -9 -10 -11 12 -13 13 14 15 16 17 -19 -20 20 -22 24 28 -25 25 26 -28 -29 -30 -31
leaf_value=-3.4595975264246888e-06 -0.037643190614363081 0.06736312373393552 -0.025706119014004648 0.039351469900405396 0 -0.036844384887709747 0.012611938550094404 0.0057686577115211163 -0.032138455794726919 0 0.016323263994587705 -0.019274037568922233 0.028544920455858682 -0.016909367246445171 0.042253530946267139 0.019262372010650321 -0.027321451311344103 0.0029661175989398503 0.010827413644779339 -0.027791852611241293 0.013186865187366515 -0.022102173569858677 -0.018437288695002486 0.049998911232144873 0.015795744809434204 0.0011066649923439026 -0.041371749364161312 0.033839213953525571 0.010292856733480701 -0.010580371704106726
leaf_weight=4601.7953439289704 11.435294243623506 1.178357413038611 2.3619954022578891 1.3593378849327562 1.9464946712832905 4.4257340246113008 1.483059585560113 1.6883324356749652 0.40871531050652254 1.4787595858797431 18.222241304814819 11.760660414583979 13.512140482664107 20.591198727488518 11.090111404657364 16.553235225379467 12.180778216570618 16.041221633553505 15.7531528621912 18.079278267920021 12.247383949114008 14.102058048360048 10.271816633641722 6.9657376110553733 10.00103820115328 13.87468969076872 6.5850525647401801 7.7247565612196913 13.49150759167969 16.435939274728298
leaf_count=30777 4933 21 1484 8 1157 2160 142 541 31 334 134 89 58 89 53 74 67 67 68 142 90 238 74 59 84 89 65 57 127 113
internal_value=-1.66582e-05 -0.0182459 -0.0254498 -0.000225381 -0.0320399 5.81094e-05 -0.0164303 -0.0243692 0.019897 0.0305899 8.52097e-05 -5.40837e-05 0.00263676 0.00686325 0.00360443 0.00958747 0.000738244 -0.00997994 0.0241051 -0.000351178 -0.0110894 0.00238084 0.0123549 0.0259949 -0.00465862 -3.15483e-05 -0.0124567 0.00727869 -0.00194159 -0.000392018
internal_weight=4895.05 20.169 17.1031 3.72133 13.3818 4874.88 7.59713 6.11407 3.06583 2.65712 4867.28 4613.56 253.723 105.722 92.2097 71.6185 44.7752 28.222 26.8433 148.001 30.3267 117.675 48.9513 25.188 68.7235 54.6215 20.4597 34.1617 23.7633 26.437
internal_count=43425 7968 7582 1492 6090 35457 2843 2701 386 355 32614 30866 1748 476 418 329 208 134 121 1272 232 1040 394 193 646 408 154 254 201 197
is_linear=0
shrinkage=0.05


Tree=109
num_leaves=31
num_cat=0
split_feature=8 7 4 5 5 8 4 3 6 5 6 3 6 4 6 1 1 3 3 6 1 1 4 3 1 1 3 6 7 6
split_gain=2.51327 1.78471 0.766016 0.753088 0.6832 9.63649 1.62452 2.75751 2.96705 2.6427 4.29875 3.61363 3.16533 2.38448 2.32749 2.23 4.20712 3.07728 1.96952 2.46788 4.40321 4.03735 2.50378 1.80884 1.79872 2.08241 2.25205 1.73335 3.24316 2.44282
threshold=0.66358026862144481 0.00026548672030912718 0.84756097197532665 0.90000000596046459 0.43890526890754705 0.32670532166957861 0.38961258530616766 0.36874498426914221 0.22477751225233081 0.48266786336898809 0.036252848803997047 0.036442687734961517 0.25040192902088171 0.27356395125389105 0.061929596588015563 0.83503401279449474 0.87627550959587108 0.050878273323178298 0.10095161944627763 0.053215339779853828 0.85182929039001476 0.48074074089527136 0.25211864709854132 0.13436578959226611 0.78647416830062877 0.73401361703872692 0.0091431704349815863 0.18463078141212466 0.097964603453874602 0.051484243944287307
decision_type=2 2 2 2 2 2 2 2 2 2 2 2 2 2 2 2 2 2 2 2 2 2 2 2 2 2 2 2 2 2
left_child=2 -2 4 -4 -1 6 7 8 13 11 -11 -8 -12 18 -9 24 -17 -18 19 21 22 -6 -21 -13 25 26 -10 28 -15 -30
right_child=1 -3 3 -5 5 -7 9 14 15 10 12 23 -14 27 -16 16 17 -19 -20 20 -22 -23 -24 -25 -26 -27 -28 -29 29 -31
leaf_value=-0.00016281514869218665 -0.029014264186608258 0.0095774851461803284 -0.0058994326698148074 -0.044566074430371173 0.025947798040870114 -0.05001026453348395 -0.006046761845760279 0.0058686357540347796 0.01371541485893309 -0.024030003134797959 0.0026498500547907757 0.020481483823054286 -0.017378706208567817 0.021301823918889361 -0.019567927337724583 0.047765020825610384 -0.0034795404854429906 0.027358575625258164 0.010495411130311275 -0.046277017933037297 0.0066321290046447009 -0.0080317170655375917 -0.012561582931419596 0.0004275722042601976 -0.0054746177721962837 0.025090600553158128 -0.013216033551510943 -0.0059442131377284236 -0.0027009682589358118 0.012045295847236308
leaf_weight=4195.8158586947247 12.240995371714233 3.6717815846204749 5.7640311392024151 1.7017217625398187 11.631300553679464 8.8338658197317255 37.78803551197052 14.963469073176382 21.571724310517311 24.992691472172737 99.316826950758696 35.855910442769527 24.460561441257596 35.541257716715336 21.449353143572807 11.038890063762663 16.05896727740765 15.67021895945072 19.613151200115681 11.61357166990638 12.533891670405863 34.126664116978645 11.564024068415163 17.118417151272297 21.168541237711906 18.571640476584435 11.864403232000766 25.193819552659988 61.835528485476971 50.707371428608894
leaf_count=28606 7761 30 2018 825 59 736 223 64 99 140 498 228 116 202 91 46 87 85 122 70 76 192 62 89 90 81 60 148 291 230
internal_value=-1.59596e-05 -0.019793 4.79307e-05 -0.0158464 7.36437e-05 0.00155051 0.00224906 0.0041009 0.00533705 -0.00102939 -0.0051479 0.00566453 -0.00127861 0.00247824 -0.00899065 0.0120509 0.0211643 0.0116316 -0.00359151 -0.00705283 -0.0168884 0.000534314 -0.0297964 0.0141084 0.00663462 0.0116604 0.00399911 0.00604792 0.00812454 0.00390352
internal_weight=4894.28 15.9128 4878.37 7.46575 4870.9 675.084 666.25 426.718 390.305 239.532 148.77 90.7624 123.777 274.361 36.4128 115.944 42.7681 31.7292 101.083 81.4695 35.7115 45.758 23.1776 52.9743 73.1763 52.0078 33.4361 173.278 148.084 112.543
internal_count=43425 7791 35634 2843 32791 4185 3449 2155 2000 1294 754 540 614 1452 155 548 218 172 581 459 208 251 132 317 330 240 159 871 723 521
is_linear=0
shrinkage=0.05


Tree=110
num_leaves=31
num_cat=1
split_feature=8 3 12 4 10 6 3 6 4 6 6 4 4 5 5 5 5 6 6 5 6 6 1 6 4 5 4 6 6 3
split_gain=2.32512 2.085 1.19637 1.0249 1.37121 1.00199 0.745168 2.96631 5.81911 3.58002 3.20223 3.01782 2.93863 2.43968 2.21769 1.78723 1.6102 3.35375 3.38665 2.24549 1.61186 4.41586 6.54239 3.65226 2.80745 6.11164 3.31985 3.05982 2.97818 2.43529
threshold=0.48919753730297094 0.23570261150598529 0 0.59523808956146251 0.89630526304245006 0.76829269528388988 0.32562056183815008 0.016877938061952594 0.46368466317653662 0.028000991791486744 0.026435988023877147 0.35832114517688757 0.35832114517688757 0.0024952194653451447 0.0049088697414845237 0.54240113496780407 0.41596639156341558 0.2357628792524338 0.061929596588015563 0.49264955520629888 0.040641479194164283 0.032206201925873763 0.91751700639724743 0.044688943773508079 0.34656305611133581 0.0064495867118239411 0.32188832759857183 0.051348729059100158 0.17450613528490069 0.36874498426914221
decision_type=2 2 1 2 2 2 2 2 2 2 2 2 2 2 2 2 2 2 2 2 2 2 2 2 2 2 2 2 2 2
left_child=6 3 -3 5 -5 -2 -1 8 12 10 11 -9 -8 -13 -10 16 20 18 19 -18 21 -11 -23 -22 25 26 28 -26 -25 -29
right_child=1 2 -4 4 -6 -7 7 9 14 15 -12 13 -14 -15 -16 -17 17 -19 -20 -21 23 22 -24 24 27 -27 -28 29 -30 -31
leaf_value=-0.00018294673485424516 -0.036891302310653726 0.06778361359599655 0 0.037614434107259787 -0.024393998602789804 0 -0.011764621551669909 -0.011256085650105288 0.049963783389579644 -0.009303472151098769 0.03662883905647512 -0.0012329383351460249 -0.061221231280627224 0.028339980792131715 -0.0081125352177043239 0.015407177429128692 -0.0096432068088536851 0.0077027587866815312 -0.020954732452698594 0.015284065206169456 -0.025482750669908866 0.036723576411065065 -0.0039144665478411814 0.010320986966010462 -0.013957632038419654 0.0069663098487370541 -0.035447753639522531 0.00025660958651769686 -0.020063839202100024 0.010950125171940028
leaf_weight=4252.8339000237174 10.847461795201529 0.80806506425142288 2.2267463058233257 1.3401482887566083 2.236598520539701 1.8934301903937019 6.2934045102447289 13.793420007452367 3.1730586185585699 20.265679804608226 12.558298692107199 10.892307974398138 6.3482421264052391 17.815329380333424 3.0065012127161026 20.789033653680235 23.310331724584103 36.082304187119007 39.30668418854475 14.611959248781202 12.780150607228277 22.742241527885199 17.094315260648727 12.932473435997961 20.088558759540319 50.098744876682758 17.235503807663918 95.126652650535107 20.501894079148769 123.71931383269839
leaf_count=32354 4933 121 265 8 1484 1157 66 68 99 102 54 51 36 87 55 107 101 156 170 62 63 114 72 61 92 268 84 420 107 608
internal_value=-1.56561e-05 -0.0172685 0.0194121 -0.0244717 0 -0.0310679 5.21825e-05 0.00167138 -0.0177923 0.00229133 0.0144389 0.00769422 -0.0372782 0.0169805 0.0212328 0.00105633 0.0004767 -0.0047874 -0.01069 0 0.00193534 0.00950248 0.019194 0.000628553 0.00163282 -0.00534011 -0.0175961 0.00459552 -0.0081661 0.00632701
internal_weight=4892.75 19.3525 3.03481 16.3176 3.57675 12.7409 4873.4 620.566 18.8212 601.745 55.0594 42.5011 12.6416 28.7076 6.17956 546.686 525.897 113.311 77.229 37.9223 412.586 60.1022 39.8366 352.483 339.703 100.769 50.6699 238.935 33.4344 218.846
internal_count=43425 7968 386 7582 1492 6090 35457 3103 256 2847 260 206 102 138 154 2587 2480 489 333 163 1991 288 186 1703 1640 520 252 1120 168 1028
cat_boundaries=0 1
cat_threshold=1
is_linear=0
shrinkage=0.05


Tree=111
num_leaves=31
num_cat=0
split_feature=8 7 4 5 6 6 6 6 7 5 7 3 3 3 1 3 5 10 5 5 5 5 5 5 4 7 3 6 7 4
split_gain=2.15942 1.61574 0.737122 0.712034 0.678222 6.90396 4.64474 4.54811 3.36002 5.64137 4.6634 4.40938 3.60691 3.05125 3.03812 4.82738 4.24093 3.12491 2.62768 2.41076 4.74677 4.29419 5.19313 3.20387 2.48898 2.38347 3.9255 3.03117 2.70347 2.20597
threshold=0.66358026862144481 0.00026548672030912718 0.84756097197532665 0.90000000596046459 0.12324766442179681 0.062659781426191344 0.17650170624256137 0.18337896466255191 0.15265487134456637 0.010278021451085808 0.15415929257869723 0.093823358416557326 0.36874498426914221 0.4724747389554978 0.81605800986289989 0.017376207746565345 0.0016841401811689141 0.25241492688655859 0.49264955520629888 0.38491770625114446 0.29736468195915228 0.011053615249693395 0.0051619873847812423 0.50488919019699108 0.23867116868495944 0.024867256172001365 0.079605013132095351 0.069071739912033095 0.097964603453874602 0.45891098678112036
decision_type=2 2 2 2 2 2 2 2 2 2 2 2 2 2 2 2 2 2 2 2 2 2 2 2 2 2 2 2 2 2
left_child=2 -2 4 -4 5 13 14 -8 12 11 -11 -10 19 -1 15 16 -6 -18 29 20 21 22 25 -21 -22 26 -7 28 -27 -16
right_child=1 -3 3 -5 6 8 7 -9 9 10 -12 -13 -14 -15 18 -17 17 -19 -20 23 24 -23 -24 -25 -26 27 -28 -29 -30 -31
leaf_value=-0.00030503797621208803 -0.027891447458441122 0.0091780675723004603 -0.006060557686128008 -0.044321686459412896 -0.026253606138629145 0.056991996469554163 0.021942054278553037 -0.00025145780086287988 0.017801836435063553 -0.021251885551741206 0.012629039833914113 0.051328651886070088 -0.020432632400432891 0.03192462348266286 0.0096302513951632383 -0.029141574610928579 -0.013276903398296944 0.021922785544786022 -0.019358952507356281 0.026443540140823837 0 0.034604809677360453 -0.027352887892278684 -0.0016942452148104713 -0.035116675202548249 -0.0054578095182214615 -0.0025125838292565294 -0.0067672474717074523 0.027269844870651452 -0.012162151229109148
leaf_weight=2780.0985969295725 11.618381556123493 3.627995314076542 5.7842136248946181 1.6273503808770327 13.778570078313349 5.8492223154753429 23.313220907002687 1637.4698998576496 36.637307181954384 13.665060892701147 38.199186086654663 13.855219170451162 13.938683100044726 7.2608845056965938 40.25528010725975 36.804722182452679 10.202943176031114 15.761884920299051 16.364673137664795 27.158976461738348 9.1704711206257361 12.125056099146603 12.045275402255355 15.559031315147875 11.331894442439078 9.2582959001883882 4.885938948020339 30.5333789633587 18.130293175578117 16.0700653642416
leaf_count=20861 7761 30 2018 825 78 60 166 9372 154 59 161 58 68 68 195 232 49 91 72 151 78 100 78 81 84 78 60 179 84 74
internal_value=-1.52067e-05 -0.0187423 4.26939e-05 -0.0156054 6.78564e-05 0.000522629 -0.000698127 5.83752e-05 0.00811991 0.0152888 0.00358224 0.0271837 0.00376734 -0.000218146 -0.00914468 -0.016098 -0.0038505 0.00790128 -0.00174159 0.00597268 0.0021011 0.00695301 0.00269893 0.0160982 -0.0195511 0.00807608 0.0296747 0.00394261 0.0160453 0.00331356
internal_weight=4892.38 15.2464 4877.14 7.41156 4869.72 3059.7 1810.02 1660.78 272.343 102.357 51.8642 50.4925 169.987 2787.36 149.238 76.5481 39.7434 25.9648 72.69 156.048 113.33 92.8275 80.7024 42.718 20.5024 68.6571 10.7352 57.922 27.3886 56.3253
internal_count=43425 7791 35634 2843 32791 22462 10329 9538 1533 432 220 212 1101 20929 791 450 218 140 341 1033 801 639 539 232 162 461 120 341 162 269
is_linear=0
shrinkage=0.05


Tree=112
num_leaves=31
num_cat=0
split_feature=8 7 7 6 3 6 6 3 1 4 5 6 3 4 3 8 3 5 3 3 3 3 1 3 3 7 6 7 3 7
split_gain=1.99009 1.51683 0.711717 1.88151 3.27754 3.07645 4.31182 6.52015 3.57495 4.47018 3.29567 4.50673 3.23835 5.20769 5.16186 6.5096 3.82906 4.59611 2.62793 5.34723 3.1472 5.5664 2.75819 5.91776 3.44764 2.81331 3.13473 2.68785 3.26773 3.24035
threshold=0.66358026862144481 0.00026548672030912718 0.061769910156726844 0.037615552544593818 0.44432044029235845 0.026435988023877147 0.027535869739949707 0.04336890950798989 0.65653356909751903 0.45891098678112036 0.38491770625114446 0.031541686505079276 0.037397338077425964 0.49412102997303015 0.023172011598944667 0.33180920779705053 0.042564805597066886 1.0000000180025095e-35 0.064902164041996016 0.055060440674424178 0.047285012900829322 0.04336890950798989 0.91547620296478283 0.031152950599789623 0.025385500863194469 0.13831858336925509 0.032495966181159026 0.15415929257869723 0.34651310741901403 0.097964603453874602
decision_type=2 2 2 2 2 2 2 2 2 2 2 2 2 2 2 2 2 2 2 2 2 2 2 2 2 2 2 2 2 2
left_child=2 -2 -1 4 5 12 7 -7 9 10 11 -8 13 14 -4 -16 -14 -18 19 20 21 22 23 25 -24 -10 -27 29 -29 -20
right_child=1 -3 3 -5 -6 6 8 -9 18 -11 -12 -13 16 -15 15 -17 17 -19 27 -21 -22 -23 24 -25 -26 26 -28 28 -30 -31
leaf_value=-0.00070853244026484173 -0.027269192010979239 0.0087153315627423213 -0.0054233874532020332 -0.0001334512940625898 0.026498286656715383 -0.0021149760104150215 0.053748602813513735 0.041614474433195069 0.019494545315800312 -0.005448910103385711 0.0027111111000889965 0.015898900395215219 -0.034542220674680039 0.036480438993800955 -0.001195769645607501 0.044397993166866545 -0.025338144792160174 -0.00011812950959875922 0.013500131901628005 -0.028933882924331966 0.026486434135009247 -0.034990220171665122 -0.0068318389505810928 -0.036890900897355992 0.021992722944139443 -0.026698643550040219 0.0069286454337432 0.02891662391915505 0.0014187831821969707 -0.0090921134524103685
leaf_weight=1920.1632279532496 11.299791960162109 3.6347235403954974 85.339078739285469 2316.1618015617132 14.35767577588558 14.922780141234396 12.839565858244894 19.126025497913361 15.706630840897558 21.748972788453102 16.567832410335541 21.827199891209602 11.426836758852003 11.227911636233328 18.016609899699692 13.46445247530937 21.664387568831444 108.6983075812459 26.684037819504738 18.26615983247757 10.180176377296446 11.649031341075895 16.503159359097481 11.996949404478071 26.732132539153099 11.60542167723179 16.552583917975426 23.275002539157867 20.854897931218147 38.845313370227814
leaf_count=21481 7761 30 420 11084 62 64 67 82 81 108 80 105 55 53 87 61 103 516 133 94 50 60 82 61 128 50 72 132 86 177
internal_value=-1.51344e-05 -0.0181791 3.98409e-05 0.00052763 0.00292725 0.00237425 0.00542972 0.0223524 0.00361745 0.0133441 0.0214142 0.0301754 -0.00163754 0.00410033 0.000916882 0.0182252 -0.00685381 -0.00436386 0.000740495 -0.00379635 0 -0.00243295 0.00137523 -0.00590161 0.0108845 0.00252485 -0.00679945 0.00654295 0.0160673 3.79836e-05
internal_weight=4891.34 14.9345 4876.4 2956.24 640.079 625.721 355.884 34.0488 321.835 72.9836 51.2346 34.6668 269.838 128.048 116.82 31.4811 141.79 130.363 248.851 139.192 120.926 110.746 99.0969 55.8616 43.2353 43.8646 28.158 109.659 44.1299 65.5294
internal_count=43425 7791 35634 14153 3069 3007 1712 146 1566 360 252 172 1295 621 568 148 674 619 1206 678 584 534 474 264 210 203 122 528 218 310
is_linear=0
shrinkage=0.05


Tree=113
num_leaves=31
num_cat=0
split_feature=8 3 4 7 6 5 3 4 5 6 3 1 3 3 5 3 1 1 3 6 8 5 1 4 7 8 5 4 3 4
split_gain=1.83485 1.92613 0.974123 1.15463 1.02911 0.692087 1.06401 0.679362 0.689981 0.648864 1.7348 1.17629 2.62743 4.09753 3.2756 3.26975 2.31889 2.13361 1.64394 4.48224 2.98619 3.51712 2.07408 2.10409 1.73075 1.6054 2.02623 1.9806 1.5161 3.16234
threshold=0.48919753730297094 0.23570261150598529 0.59523808956146251 0.00026548672030912718 0.76829269528388988 0.0065707108005881318 0.31717914342880255 0.84756097197532665 0.90000000596046459 0.29185217618942266 0.48212005198001867 0.73401361703872692 0.022641832008957866 0.036734255030751235 0.0043768915347754964 0.064390406012535109 0.95875850319862377 0.89564427733421337 0.29066033661365515 0.31623914837837225 0.32530003786087042 0.48266786336898809 0.65821567177772533 0.33782868087291723 0.022035398520529274 0.33052034676074987 0.00062607871950604032 0.50125628709793102 0.049238052219152458 0.46320636570453649
decision_type=2 2 2 2 2 2 2 2 2 2 2 2 2 2 2 2 2 2 2 2 2 2 2 2 2 2 2 2 2 2
left_child=7 2 4 -4 -2 6 -3 9 -9 10 -1 18 -13 -14 17 -16 -17 -15 20 -20 21 28 23 24 -22 -25 27 -27 -11 -30
right_child=1 5 3 -5 -6 -7 -8 8 -10 11 -12 12 13 14 15 16 -18 -19 19 -21 22 -23 -24 25 -26 26 -28 -29 29 -31
leaf_value=-1.5971124665229376e-05 -0.035914495750538129 0.062688452258925276 -0.022366227930376958 0.035656601536746449 0.0025148221316238974 -0.031482279501910668 0 -0.0057668336006110564 -0.044067158700639618 0.010993348569518885 -0.019180528382317086 0.027152924976792881 -0.016053278815470366 0.039590349886478998 0.018367140252566031 -0.026126972860177886 0.002615105803325397 0.01045410148062631 -0.026856273702140967 0.012001192854671841 0.013034591200977871 -0.020490776543456501 -0.033755374055766021 -0.017797630134004733 -0.029112792273469093 -0.012409855762047881 0.025696465179641942 0.012586751149909384 0.058697821243785933 0.006196734063095042
leaf_weight=4598.6855432009324 10.144161811913364 1.1920645106583829 2.0660372492857273 1.3181478567421434 1.7967041120864458 0.39369055256247509 1.4241808713413775 5.745577151188626 1.5560175087302921 30.321747355163097 11.74061839468777 13.475316658616064 20.583879768848419 11.251759506762028 16.568022519350052 12.002533098682763 16.016779378056526 15.737535998225212 17.77881242334843 12.402844519121571 2.9299021465703836 7.0306894853711119 5.4427404999732962 7.6662438474595538 10.32055453583598 15.268901418894531 10.56455387175083 16.233778290450573 5.8106080144643766 6.0860326215624809
leaf_count=30777 4933 21 1484 8 1157 31 334 2018 825 249 89 58 89 53 74 67 67 68 142 90 139 34 40 62 91 133 65 116 68 43
internal_value=-1.45076e-05 -0.0157597 -0.0230809 0 -0.029744 0.0194515 0.0298336 4.40525e-05 -0.0150895 6.81083e-05 -6.62738e-05 0.00253097 0.00656013 0.00346878 0.00916722 0.000718066 -0.00956835 0.0228868 -0.000316334 -0.0107362 0.00232056 0.0117246 -0.00438211 -0.00171508 -0.0193909 0.00292342 0.0068514 0.000312105 0.0172433 0.0325319
internal_weight=4889.56 18.335 15.3251 3.38419 11.9409 3.00994 2.61625 4871.22 7.30159 4863.92 4610.43 253.493 105.636 92.1605 71.5766 44.5873 28.0193 26.9893 147.857 30.1817 117.676 49.2491 68.4267 62.9839 13.2505 49.7335 42.0672 31.5027 42.2184 11.8966
internal_count=43425 7968 7582 1492 6090 386 355 35457 2843 32614 30866 1748 476 418 329 208 134 121 1272 232 1040 394 646 606 230 376 314 249 360 111
is_linear=0
shrinkage=0.05


Tree=114
num_leaves=31
num_cat=0
split_feature=8 7 3 6 4 6 4 6 4 5 5 5 5 6 6 5 6 6 1 6 4 5 4 6 6 3 5 6 6 3
split_gain=1.69916 1.35174 0.656277 2.66806 5.34778 3.11506 2.71525 2.54168 2.73823 2.08798 1.96113 1.67968 1.39431 2.62989 3.20912 1.85185 1.38802 3.96026 5.88152 3.50244 2.68075 5.51608 3.03234 2.78147 2.68648 2.29398 4.6233 3.04938 3.1053 3.55446
threshold=0.66358026862144481 0.00026548672030912718 0.32562056183815008 0.016877938061952594 0.46368466317653662 0.028000991791486744 0.35832114517688757 0.026435988023877147 0.35832114517688757 0.0024952194653451447 0.0049088697414845237 0.54240113496780407 0.42036484181880956 0.2357628792524338 0.061929596588015563 0.49264955520629888 0.040641479194164283 0.032206201925873763 0.91751700639724743 0.044688943773508079 0.34656305611133581 0.0064495867118239411 0.32188832759857183 0.051348729059100158 0.17450613528490069 0.39602987468242651 0.0092785898596048372 0.25040192902088171 0.085055809468030943 0.43714080750942236
decision_type=2 2 2 2 2 2 2 2 2 2 2 2 2 2 2 2 2 2 2 2 2 2 2 2 2 2 2 2 2 2
left_child=2 -2 -1 4 6 7 -4 8 -5 -10 -6 12 16 14 15 -14 17 -7 -19 -18 21 22 24 -22 -21 26 -25 28 -27 -30
right_child=1 -3 3 5 10 11 -8 -9 9 -11 -12 -13 13 -15 -16 -17 19 18 -20 20 23 -23 -24 25 -26 27 -28 -29 29 -31
leaf_value=-0.00018495419931318545 -0.026080735838032554 0.0082627297244864933 -0.011413444839992709 -0.010645880274288214 0.046692854892285113 -0.0090681756992483271 -0.059311842918583539 0.033207293597817218 -0.00060280103763135444 0.026720888315167019 -0.0076771581688166515 0.014885835536981157 -0.0082500210843233623 0.0065902333827397522 -0.019909996854682852 0.014440853355418415 -0.02486464175984042 0.034357179124482808 -0.0040801714404346883 0.0095517659940733465 -0.013267528056206937 0.0063131809640261261 -0.034101370910389936 0.0079990195728438986 -0.019303805177646911 0.0037534524475561592 -0.013518907457865083 0.0022245852330033318 0.041133358645307573 0.0077572428180610531
leaf_weight=4254.0265166782774 10.736727687646633 3.5744008868932715 6.2750418186187762 13.757909609004853 3.2450391640886656 20.216926841065288 6.2008398845791817 12.612007409334181 10.856868989765646 17.885408766567707 2.9803360030055046 20.831998220644891 22.861899755895138 35.664848446846008 38.536160431802273 14.650037392973898 12.923953741788862 23.033699586987495 17.061794191598892 12.96349300444126 20.051029153168201 50.748559113591909 17.121075496077538 78.963999021798372 20.391328737139702 20.565596014261246 36.32635498046875 48.88840015581809 21.552985392510891 13.372309498488901
leaf_count=32530 7761 30 66 68 99 102 36 54 51 87 55 107 96 152 163 62 65 114 72 61 92 275 84 351 108 95 164 265 93 67
internal_value=-1.40713e-05 -0.0171582 3.5587e-05 0.00155532 -0.0169635 0.00214179 -0.0359001 0.0134677 0.00742841 0.0162602 0.0201634 0.000988695 0.000425964 -0.00451629 -0.00979248 0.000493646 0.00177183 0.0087821 0.0179071 0.000560745 0.0015462 -0.00525073 -0.0169655 0.00443811 -0.00794448 0.0060823 0.00116985 0.0114541 0.0194768 0.0285556
internal_weight=4888.88 14.3111 4874.57 620.54 18.7013 601.839 12.4759 55.1122 42.5002 28.7423 6.22538 546.726 525.894 111.713 76.0481 37.5119 414.182 60.3124 40.0955 353.869 340.945 101.224 50.4759 239.721 33.3548 219.67 115.29 104.379 55.4909 34.9253
internal_count=43425 7791 35634 3104 256 2848 102 260 206 138 154 2588 2481 473 321 158 2008 288 186 1720 1655 528 253 1127 169 1035 515 520 255 160
is_linear=0
shrinkage=0.05


Tree=115
num_leaves=31
num_cat=0
split_feature=8 3 4 6 10 4 5 5 8 4 6 5 6 3 6 4 6 6 3 1 4 3 3 3 6 6 6 1 3 3
split_gain=1.56729 1.77045 0.916134 1.02 1.01798 0.653994 0.652141 0.637374 9.10257 1.44317 2.46029 2.33341 3.97409 3.23984 2.94213 1.79476 2.19812 4.21384 3.24551 2.89013 2.11802 1.71659 8.59197 3.95208 2.3682 2.95769 4.33628 7.15233 2.3606 1.70728
threshold=0.48919753730297094 0.23570261150598529 0.59523808956146251 0.76829269528388988 0.89630526304245006 0.84756097197532665 0.90000000596046459 0.43890526890754705 0.32670532166957861 0.38961258530616766 0.22477751225233081 0.48266786336898809 0.036252848803997047 0.036442687734961517 0.25040192902088171 0.27356395125389105 0.053215339779853828 0.17450613528490069 0.046326955780386932 0.48074074089527136 0.25211864709854132 0.069023333489894881 0.044017467647790916 0.030837154015898708 0.037058494985103614 0.050125628709793098 0.061929596588015563 0.79451090097427379 0.058922160416841514 0.13436578959226611
decision_type=2 2 2 2 2 2 2 2 2 2 2 2 2 2 2 2 2 2 2 2 2 2 2 2 2 2 2 2 2 2
left_child=5 2 3 -2 -4 7 -7 -1 9 10 15 13 -13 -11 -14 16 19 20 -19 -9 -18 22 23 -17 -23 -26 -27 -28 -24 -15
right_child=1 -3 4 -5 -6 6 -8 8 -10 11 -12 12 14 29 -16 21 17 18 -20 -21 -22 24 28 -25 25 26 27 -29 -30 -31
leaf_value=-0.00016554595308688688 -0.035132270965072064 0.018925514088998979 0.034101837770759598 0.0036329679750241057 -0.021058017026359576 -0.0059088142635591754 -0.04380672380250069 0.024706195201651807 -0.049697108492691239 -0.0057067854142601043 0.0096571147000673006 -0.02309560466984004 0.0026667467853938747 0.01960559639272362 -0.016694592159184146 0.0063369954198197872 -0.037370175234530949 -0.014610511214489533 0.026066314301485555 -0.0026337230863091375 -0.0079631417649104128 0.015184027692896958 0.048011660967931684 -0.019590180330988725 -0.025155048298801771 0.02772337742014136 0.013473426754255566 -0.035778103897501516 0.015432363856108085 0.00010734338841613646
leaf_weight=4189.4829463027418 9.6617251462303102 2.9846453997306517 1.2995989955961695 1.75717275380157 1.9685895349830389 5.7631369393784544 1.48877864156384 11.631722234189509 8.466751554515211 37.84966491907835 129.46762734558433 24.694793000817299 99.33337177708745 35.627055406570435 24.299105204641819 72.163156323134899 15.067726623266935 9.6619828343391436 9.6257964670658094 53.886635504662991 11.223680384457111 15.934351794421671 13.992863133549692 18.326502695679665 15.392300367355345 10.66849499940872 15.630264192819597 13.647733569145201 10.331585690379141 17.129375614225864
leaf_count=28429 4933 386 8 1157 1484 2018 825 59 736 223 604 140 498 228 116 361 83 62 61 305 57 80 68 95 74 50 83 63 50 89
internal_value=-1.36178e-05 -0.0148358 -0.0221163 -0.0287531 0 3.94356e-05 -0.0148592 6.29837e-05 0.00149061 0.00215663 0.00390093 -0.000937489 -0.00481596 0.00535498 -0.0011086 0.00137404 -0.00362818 -0.0120647 0.00546159 0.00217409 -0.0250836 0.00438766 0.00817618 0.00101505 -0.00164812 -0.00660364 0.000464754 -0.00935827 0.0344985 0.0133815
internal_weight=4888.46 17.6717 14.6871 11.4189 3.26819 4870.79 7.25192 4863.54 674.053 665.586 426.652 238.933 148.327 90.6061 123.632 297.185 111.098 45.5792 19.2878 65.5184 26.2914 186.087 114.814 90.4897 71.2731 55.3388 39.9465 29.278 24.3244 52.7564
internal_count=43425 7968 7582 6090 1492 35457 2843 32614 4185 3449 2155 1294 754 540 614 1551 627 263 123 364 140 924 574 456 350 270 196 146 118 317
is_linear=0
shrinkage=0.05


Tree=116
num_leaves=31
num_cat=0
split_feature=8 7 3 6 1 7 4 3 5 5 3 6 4 6 6 6 3 4 5 4 6 6 6 4 4 4 7 3 4 6
split_gain=1.45283 1.21381 0.618136 3.5551 3.47794 2.58129 2.37122 1.4064 1.44473 1.40292 1.21173 6.2088 4.96513 5.46663 3.41913 3.46856 1.776 2.62732 3.65122 1.67718 1.54744 1.29701 1.07551 1.29774 1.04768 4.19341 4.16267 3.64872 3.0815 4.43328
threshold=0.66358026862144481 0.00026548672030912718 0.44432044029235845 0.12324766442179681 0.83503401279449474 0.31805309653282171 0.42942523956298834 0.45785273611545568 0.0030447108438238506 0.37111482024192816 0.39956089854240423 0.14561489224433902 0.37014016509056097 0.25040192902088171 0.062659781426191344 0.047540001571178443 0.39125119149684912 0.37588028609752661 0.0038380248006433253 0.28569257259368902 0.041628966107964523 0.22477751225233081 0.036008004099130637 0.44127418100833898 0.38961258530616766 0.39794188737869268 0.00070796458749100577 0.10576450079679491 0.33923077583312994 0.25606176257133489
decision_type=2 2 2 2 2 2 2 2 2 2 2 2 2 2 2 2 2 2 2 2 2 2 2 2 2 2 2 2 2 2
left_child=2 -2 10 4 6 -6 -4 8 -5 -10 16 14 -13 -14 15 22 24 18 -18 -20 -19 -22 23 -12 28 27 -27 -26 -1 -30
right_child=1 -3 3 7 5 -7 -8 -9 9 -11 11 12 13 -15 -16 -17 17 20 19 -21 21 -23 -24 -25 25 26 -28 -29 29 -31
leaf_value=-0.00025793204323561436 -0.024939845531891859 0.0079239764229247656 -0.043403185689924191 0.015858559276126501 0.03965708695788512 0.011104653199070265 0.0089240847233964908 -0.019725556394596958 -0.019638227947965121 0.0039983230505725503 -0.0015296774870805236 -0.017854340612623743 0.038586072872262768 0.0018927209237210964 -0.042355049189359152 0.015131007554275206 -0.023323303033700324 0.03140044391198886 0.02229790945377744 -0.0020577791219100589 0.00059170888926405197 0.021318286799845088 -0.028356896044989352 -0.025891957897521051 -0.012526934187701455 -0.035126821137389234 5.8920407771723653e-05 0.0023770568503132064 0.006320878782212009 -0.0045171947188345175
leaf_weight=2367.6188658094034 10.24589208117686 3.5230601336807004 3.8059358010068518 9.8443600162863714 12.169086724519728 24.814936265349388 4.5313392619136721 12.557905179448424 11.320164978504181 13.294616118073463 15.441715430468323 15.74578447267413 15.498401179909704 29.995781913399696 10.544608689844607 10.010418141260741 13.227090008556841 11.826368585228918 12.20814773440361 15.797851078212261 17.865531042218212 13.669525548815725 14.773510321974753 8.8077902458608133 134.28528376668692 8.3532354703638685 1462.0144805144519 58.351570278406143 424.22005094308406 120.7057289024815
leaf_count=19076 7761 30 73 50 52 110 148 98 68 56 85 81 67 152 49 49 60 50 52 65 74 58 74 52 685 2724 8287 275 2231 733
internal_value=-1.3333e-05 -0.016174 3.1632e-05 0.00408198 0.0140909 0.0207159 -0.0146018 -0.00546929 -8.71717e-05 -0.00670513 -4.56334e-05 -0.00498788 0.0061286 0.0145598 -0.0164894 -0.0107503 8.15297e-05 0.00725627 -0.00167179 0.00842282 0.0158455 0.00977312 -0.017539 -0.0106538 -5.01826e-05 -0.00105242 -0.000139947 -0.00798754 0.000520373 0.00391059
internal_weight=4887.07 13.769 4873.3 92.3383 45.3213 36.984 8.33728 47.017 34.4591 24.6148 4780.96 120.818 61.24 45.4942 59.578 49.0334 4660.14 84.5945 41.2331 28.006 43.3614 31.5351 39.023 24.2495 4575.55 1663 1470.37 192.637 2912.54 544.926
internal_count=43425 7791 35634 655 383 162 221 272 174 124 34979 609 300 219 309 260 34370 359 177 117 182 132 211 137 34011 11971 11011 960 22040 2964
is_linear=0
shrinkage=0.05


Tree=117
num_leaves=31
num_cat=1
split_feature=8 7 6 12 4 3 6 1 5 1 6 4 4 5 3 3 3 6 6 1 7 3 5 1 5 4 3 6 6 7
split_gain=1.33475 1.13537 0.622506 1.32457 3.77791 9.5125 6.38215 2.73957 4.96338 3.8429 3.47775 3.25756 8.75417 3.14413 3.05117 3.36327 2.76279 2.60149 2.14211 2.10096 1.95862 2.2804 2.70408 1.66352 1.53466 1.25429 3.2003 4.63187 2.98393 2.54873
threshold=0.66358026862144481 0.00026548672030912718 0.29185217618942266 0 0.37411971390247351 0.30925156176090246 0.31623914837837225 0.77411872148513805 0.0012749712332151832 0.59321567416191112 0.30384616553783422 0.37014016509056097 0.21419331431388858 0.0096938442438840883 0.050075225532054908 0.03435629419982434 0.023378042504191402 0.3289943933486939 0.30384616553783422 0.46802721917629247 0.061769910156726844 0.049116889014840133 0.34259587526321417 0.61167800426483165 0.0049088697414845237 0.54749372601509105 0.1978823319077492 0.044065866619348533 0.0082209734246134775 0.017256637103855613
decision_type=2 2 2 1 2 2 2 2 2 2 2 2 2 2 2 2 2 2 2 2 2 2 2 2 2 2 2 2 2 2
left_child=2 -2 25 7 5 6 -5 9 -9 11 13 12 20 -10 15 -11 -14 23 -13 -19 21 22 -4 -6 -16 -1 28 -28 -27 -30
right_child=1 -3 3 4 17 -7 -8 8 10 14 -12 18 16 -15 24 -17 -18 19 -20 -21 -22 -23 -24 -25 -26 26 27 -29 29 -31
leaf_value=1.2239655773618714e-05 -0.024311527447173766 0.0075274570423985989 0.032499239708943146 0.079565663924123967 -0.025622694119944806 -0.020705919710499971 0.010529883525677713 -0.016172339864846945 0.026031028901915006 -0.024609568211717517 0.030947043918786533 0.024106711837960357 -0.046250121833619602 -0.0051785574438027943 -0.0091417004116221539 0.021162400219169979 -0.005988757919849548 -0.0075032023862208882 0.0025217178378133965 0.043707340789815204 0.05752733407707511 0.04458773718992369 -0.044402739644052808 0.00020989100376301044 -0.038802454465102637 -0.045232121950688188 -0.016434254424348642 0.030865801644109975 0.024460265142953238 -0.011113942290938188
leaf_weight=4528.2143871951848 9.994222217355853 3.5283387880772343 1.8123610466718689 7.8264346495270747 8.9503652378916758 7.0635174999479196 6.1760832737199962 16.046458194963634 12.045866206288336 7.5733078494667998 21.596275612711906 16.086716634221375 12.116138424724342 23.489570021629333 6.9979447834193733 8.3029646938666684 7.0677466243505469 2.998898246791212 42.02820635936223 5.0357480011880398 3.1425631791353226 2.7685471759177744 2.6314082616008818 18.809044376015663 14.655581107363103 5.8739562669070429 8.7014679210260528 12.208313751965759 5.3558192774653426 56.614628698676825
leaf_count=30252 7761 30 21 53 64 47 61 72 51 51 97 110 87 99 48 64 75 125 778 37 16 40 130 94 111 2182 193 83 70 523
internal_value=-1.29101e-05 -0.0156427 2.97637e-05 0.00243387 0.00915946 0.0259109 0.0497612 0.000477148 0.00817868 -0.00398794 0.0151218 0.00169596 -0.0117285 0.00530397 -0.0173652 -0.000376176 -0.0317842 -0.000604771 0.00861367 0.0241213 0.0248981 0.00940472 -0.0119134 -0.00800182 -0.0295327 -0.0001021 -0.00598539 0.0109597 -0.0112899 -0.00792442
internal_weight=4885.71 13.5226 4872.19 255.222 56.8601 21.066 14.0025 198.362 73.1782 125.183 57.1317 87.6537 29.5388 35.5354 37.5298 15.8763 19.1839 35.7941 58.1149 8.03465 10.3549 7.21232 4.44377 27.7594 21.6535 4616.97 88.7542 20.9098 67.8444 61.9704
internal_count=43425 7791 35634 2331 481 161 114 1850 319 1531 247 1257 369 150 274 115 162 320 888 162 207 191 151 158 159 33303 3051 276 2775 593
cat_boundaries=0 1
cat_threshold=2
is_linear=0
shrinkage=0.05


Tree=118
num_leaves=31
num_cat=0
split_feature=8 3 4 6 10 5 3 6 6 6 6 3 6 10 10 3 1 3 7 5 4 6 4 5 4 3 5 6 4 6
split_gain=1.23583 1.61926 0.859927 1.0365 0.856369 0.654284 0.856072 0.643437 6.58576 4.17393 4.06774 3.04848 3.74771 5.47432 2.96499 3.43346 2.88244 4.72649 4.44105 2.93929 2.82274 2.83741 2.25012 2.0775 4.83996 7.21051 4.72142 3.47684 3.35809 7.73979
threshold=0.48919753730297094 0.23570261150598529 0.59523808956146251 0.76829269528388988 0.89630526304245006 0.0065707108005881318 0.31717914342880255 0.12324766442179681 0.062659781426191344 0.17650170624256137 0.18337896466255191 0.4724747389554978 0.040196964517235763 0.37757417559623724 0.16823147982358935 0.39956089854240423 0.79451090097427379 0.024922360666096214 0.15265487134456637 0.49264955520629888 0.54749372601509105 0.0082209734246134775 0.39794188737869268 0.0047317610587924728 0.324840858578682 0.04336890950798989 0.37347440421581274 0.077546246349811568 0.25728709995746618 0.073085945099592223
decision_type=2 2 2 2 2 2 2 2 2 2 2 2 2 2 2 2 2 2 2 2 2 2 2 2 2 2 2 2 2 2
left_child=7 2 3 -2 -4 6 -3 8 11 16 -11 20 13 -13 -10 23 17 18 22 -18 -1 -22 -9 -16 28 26 -26 -27 29 -25
right_child=1 5 4 -5 -6 -7 -8 9 14 10 -12 12 -14 -15 15 -17 19 -19 -20 -21 21 -23 -24 24 25 27 -28 -29 -30 -31
leaf_value=-0.00014265671702691753 -0.034155029053844273 0.057925417842272044 0.032337083765917658 0.0058590346940274735 -0.019055261725555796 -0.031101622131609725 0 -0.0038932957432008353 0.031417707756598266 0.020596282534776078 -0.00029209646834682323 0.088856971940717316 -0.01798484552387208 -0.0077285762752902533 0.013464426261541733 -0.018192539377121911 0.0035179551863773872 -0.032001395889860305 -0.024096016251690156 -0.019188610248660486 -0.04510104979258768 -0.0076852069720534698 0.026369505296878423 -0.017334429728561876 -0.0033173322746367245 -0.027970213257035716 0.028212244907092562 0.00020843988001819467 0.038904844274176953 0.028330377347965726
leaf_weight=2738.161981664598 9.1013385457918048 1.2064481982961293 1.2775023914873591 1.6831804085522897 1.8352639903314412 0.38488020189106453 1.3710713037289679 15.023970164358618 12.794876247644423 23.543557301163673 1636.2160338843241 3.6349684000015241 2.6633698046207428 2.2442918480373919 103.36283244937658 12.930343583226202 58.281773895025253 27.98946613445878 18.475197657942772 18.689143940806389 5.9588074188213787 35.32824744656682 10.012980494648216 15.940093424171208 25.850467778742313 27.679073352366686 21.457191312685609 17.486645948141813 12.622978083789347 21.696217678487301
leaf_count=20373 4933 21 8 1157 1484 31 334 83 55 166 9856 15 15 153 590 61 280 183 93 85 2185 390 65 100 142 143 103 113 70 138
internal_value=-1.25559e-05 -0.0134869 -0.0208009 -0.0274541 0.000830265 0.018751 0.028946 3.33593e-05 0.000476237 -0.000713278 2.41421e-06 -0.000246442 0.0293963 0.0516385 0.00790431 0.00671186 -0.0087422 -0.0159731 -0.00549838 -0.00194825 -0.000340402 -0.013302 0.00806749 0.00804756 0.00408313 -0.00265984 0.0109073 -0.0169736 0.0165696 0.0088628
internal_weight=4884.9 16.8597 13.8973 10.7845 3.11277 2.9624 2.57752 4868.04 3059.81 1808.23 1659.76 2787.99 8.54263 5.87926 271.821 259.026 148.473 71.5016 43.5121 76.9709 2779.45 41.2871 25.037 246.096 142.733 92.4734 47.3077 45.1657 50.2593 37.6363
internal_count=43425 7968 7582 6090 1492 386 355 35457 24646 10811 10022 23131 183 168 1515 1460 789 424 241 365 22948 2575 148 1399 809 501 245 256 308 238
is_linear=0
shrinkage=0.05


Tree=119
num_leaves=31
num_cat=0
split_feature=8 3 4 6 7 6 6 6 3 3 1 1 7 1 1 6 3 6 6 6 5 3 3 1 7 5 7 3 3 4
split_gain=1.1358 1.49351 0.803174 0.991394 0.789213 0.585931 1.09953 5.93343 5.06127 3.21204 3.33153 5.40513 10.7964 6.89979 4.22695 6.67307 4.40745 5.03404 3.57209 7.20577 3.97077 2.99119 5.93103 3.27923 2.90363 4.92381 4.10431 4.10233 2.87865 3.15321
threshold=0.48919753730297094 0.23570261150598529 0.59523808956146251 0.76829269528388988 0.00026548672030912718 0.29185217618942266 0.12324766442179681 0.062659781426191344 0.45785273611545568 0.24486105889081958 0.8075397014617921 0.43496622145175939 0.15265487134456637 0.59761905670166027 0.54880952835083019 0.19023809581995013 0.040196506306529052 0.2821722030639649 0.19724349677562716 0.26004481315612799 0.50488919019699108 0.018750732764601711 0.013453185558319094 0.75255101919174205 0.15265487134456637 0.010278021451085808 0.15415929257869723 0.093823358416557326 0.01103125559166074 0.19515224546194079
decision_type=2 2 2 2 2 2 2 2 2 2 2 2 2 2 2 2 2 2 2 2 2 2 2 2 2 2 2 2 2 2
left_child=5 2 3 -2 -4 6 7 -1 9 10 11 28 14 -14 15 -13 18 -18 -16 20 21 22 -20 -23 -9 27 -27 -26 29 -8
right_child=1 -3 4 -5 -6 -7 8 24 -10 -11 -12 12 13 -15 16 -17 17 -19 19 -21 -22 23 -24 -25 25 26 -28 -29 -30 -31
leaf_value=-0.00023451963076603091 -0.033547704791234333 0.017775513837066104 -0.018490432470683278 0.0055511897890635591 0.031181525594634715 0.0023652221295830844 -0.019790036023037749 0.0034490413310459852 -0.035799260389019413 0.0034878593682053298 0.00055023453151645447 0.017488670467810063 -9.819074920924203e-06 -0.044968915296615369 -0.0099461864873109356 -0.039142510899949606 -0.014248916846908792 0.010409944079756307 0.015219612905774988 -0.0098689539569854195 0.04624995313955324 0.011322029496751112 -0.034104731043460859 0.046133424011690474 0.016233872397021908 -0.020187172293109172 0.011680895367520216 0.048571068836751524 -0.026066089509548404 0.0034562917880083103
leaf_weight=2787.4163092422532 8.8120105023263022 2.9659146512858561 1.8007077765651041 1.6929831011220819 1.262692082673311 254.86064505577087 15.432284567505119 170.00189084373415 10.394868817180393 322.61145845986903 595.43143382668495 6.8253011535853174 12.170532301068304 30.32345350086689 43.744023188948631 19.900035677477717 119.87842792645097 24.695802293717861 19.024252273142341 40.522576377727091 9.6824904382228834 23.95574289187789 8.8418310917913896 9.7350453585386258 36.72595688700676 13.576589971780775 38.123739823698997 13.834316819906233 9.3978911787271482 230.39794165641069
leaf_count=23131 4933 386 1484 1157 8 2317 117 1083 53 1606 2892 54 59 140 277 181 870 162 103 262 48 147 58 49 154 59 161 58 108 1308
internal_value=-1.24192e-05 -0.0130562 -0.0202422 -0.0267821 0.000741578 3.11288e-05 -9.68004e-05 0.00045199 -0.00118122 -0.00094239 -0.00211823 -0.00467006 -0.00853754 -0.03224 -0.00543133 -0.024482 -0.00371042 -0.00999791 0.00210561 0.0068721 0.0164654 0.0116319 -0.000318065 0.0216356 0.00749632 0.0141659 0.00319295 0.0252591 0.000907502 0.00196919
internal_weight=4884.04 16.5343 13.5684 10.505 3.0634 4867.5 4612.64 3059.68 1552.97 1542.57 1219.96 624.528 369.3 42.494 326.806 26.7253 300.08 144.574 155.506 111.762 71.2394 61.5569 27.8661 33.6908 272.262 102.261 51.7003 50.5603 255.228 245.83
internal_count=43425 7968 7582 6090 1492 35457 33140 24646 8494 8441 6835 3943 2410 199 2211 235 1976 1032 944 667 405 357 161 196 1515 432 220 212 1533 1425
is_linear=0
shrinkage=0.05


Tree=120
num_leaves=31
num_cat=0
split_feature=8 7 3 3 8 8 7 7 4 4 6 4 1 4 1 7 6 8 7 7 1 6 6 6 1 4 4 6 4 5
split_gain=1.05004 0.963425 0.601891 6.28969 2.52086 7.31317 3.84509 4.98642 5.75493 2.90798 4.42952 3.49895 3.05206 3.54282 2.9958 13.2434 4.21136 5.5233 5.31887 3.96218 2.65463 2.48942 4.0409 2.68823 2.43747 2.81428 4.45513 2.66105 2.34188 2.27694
threshold=0.66358026862144481 0.00026548672030912718 0.0091431704349815863 0.010082612279802563 0.33126828074455267 0.33141894638538366 0.00044247785990592098 0.022035398520529274 0.44852940738201147 0.47813564538955694 0.29915967583656317 0.37254935503005987 0.48814120888710028 0.60759153962135326 0.27551020681858068 0.11283186078071596 0.028962207026779655 0.33303795754909521 0.10530973598361017 0.15415929257869723 0.75255101919174205 0.26857009530067449 0.20953451842069629 0.085055809468030943 0.56711712479591381 0.39154426753520971 0.45891098678112036 0.058770118281245239 0.46834814548492437 0.00056815016432665299
decision_type=2 2 2 2 2 2 2 2 2 2 2 2 2 2 2 2 2 2 2 2 2 2 2 2 2 2 2 2 2 2
left_child=2 -2 4 -4 -1 -6 -7 8 -8 10 11 14 13 -11 16 -16 -9 18 -18 -17 24 22 23 -19 25 -13 29 -28 -29 -27
right_child=1 -3 3 -5 5 6 7 9 -10 12 -12 20 -14 -15 15 19 17 21 -20 -21 -22 -23 -24 -25 -26 26 27 28 -30 -31
leaf_value=-0.00017331394785245137 -0.022621016919943959 0.0072274205388882379 -0.031035027218009194 -0.00027099048143727089 0.060334992818438238 -0.031089621357973125 0.060634725803630829 -0.022926962638540688 -0.0058437483135814353 0.013709310618580229 -0.030887613942413586 -0.016589820671946007 0.037571043560664458 -0.023507907403730082 0.069420113614387713 0.025565679587312713 -0.0077208316284370186 0.0036985203433528911 0.036900584096407986 -0.0093263168089080615 0.011321945360657254 -0.029790926324163608 0.032621708289364386 -0.029247103883676781 -0.021243856427284442 0.022373763037336847 -0.024071251875874944 -0.017508716980801579 0.012583289982828431 0.001136594038961939
leaf_weight=1700.8577178559499 9.3735754307126609 3.4174346774816504 16.620131939649582 2752.3353675995022 5.6372068747878066 7.7841638823738313 8.0061497874557954 13.136280449572949 5.1995051573030642 39.929786022752523 10.329741992056368 27.5805389508605 10.602608807384966 7.4369075372815123 9.9798025414347631 13.076329261064528 9.2728414125740546 17.439798797480766 22.071284532546997 20.954390868544579 29.072870925068855 7.5925781335681668 7.9931754199787965 9.3139773812144977 20.280325070023537 24.990308299660683 19.04281647503376 10.772825360298159 15.831278361380098 26.475245729088783
leaf_count=14469 7761 30 77 15903 34 2862 65 96 61 270 81 176 55 66 70 62 68 109 107 104 136 59 44 60 104 123 103 51 93 126
internal_value=-1.21663e-05 -0.0142642 2.45349e-05 -0.000458566 0.000663698 0.00423621 0.00340612 0.00412189 0.034237 0.00303392 0.001122 0.00223271 0.0133239 0.00772339 0.00841612 0.0190486 0.0029531 0.00765957 0.0235582 0.00397009 -0.0023888 -0.00402022 0.0015368 -0.00765108 -0.00517872 -0.00251086 0.00144917 -0.00985187 0.000190932 0.0115692
internal_weight=4882.41 12.791 4869.62 2768.96 2100.66 399.803 394.166 386.381 13.2057 373.176 315.206 304.877 57.9693 47.3667 130.83 44.0105 86.8199 73.6837 31.3441 34.0307 174.046 42.3395 34.747 26.7538 144.973 124.693 97.1125 45.6469 26.6041 51.4656
internal_count=43425 7791 35634 15980 19654 5185 5151 2289 126 2163 1772 1691 391 336 779 236 543 447 175 166 912 272 213 169 776 672 496 247 144 249
is_linear=0
shrinkage=0.05


Tree=121
num_leaves=31
num_cat=1
split_feature=8 3 12 4 6 1 10 10 3 6 1 4 7 6 3 3 6 4 6 6 6 3 4 5 4 6 6 6 4 4
split_gain=0.963111 1.37006 1.1091 0.75054 0.973615 0.747051 1.71958 0.694207 0.569926 2.9703 2.98162 2.26194 2.23331 1.20498 2.07612 1.11416 5.45259 4.38689 4.99136 3.09272 4.5173 1.57073 2.39476 3.35583 1.5012 1.42453 1.29998 1.16383 1.16177 0.965884
threshold=0.48919753730297094 0.23570261150598529 0 0.59523808956146251 0.76829269528388988 1.0000000180025095e-35 0.89630526304245006 0.89630526304245006 0.44432044029235845 0.12324766442179681 0.83503401279449474 0.42942523956298834 0.31805309653282171 0.23221288621425631 0.4546999484300614 0.39956089854240423 0.14561489224433902 0.37014016509056097 0.25040192902088171 0.062659781426191344 0.047678871080279357 0.39125119149684912 0.37588028609752661 0.0038380248006433253 0.28569257259368902 0.041628966107964523 0.036008004099130637 0.22477751225233081 0.44127418100833898 0.38961258530616766
decision_type=2 2 1 2 2 2 2 2 2 2 2 2 2 2 2 2 2 2 2 2 2 2 2 2 2 2 2 2 2 2
left_child=8 3 -3 4 -2 6 -4 -5 15 10 11 -10 -12 -11 -15 21 19 -18 -19 20 26 29 23 -23 -25 -24 28 -27 -17 -1
right_child=1 2 5 7 -6 -7 -8 -9 9 13 12 -13 -14 14 -16 16 17 18 -20 -21 -22 22 25 24 -26 27 -28 -29 -30 -31
leaf_value=0.0004990130486330393 -0.032751494575039834 0.063194180541760916 0.06590388248859877 0.029818775161689522 0.0063873692724646441 -0.040050769484930061 -0.036146239104472691 -0.017238672504073252 -0.042547510838046157 -0.015532758146209122 0.036768187606362919 0.009079764427708777 0.010194333647461159 0.023009945647982019 -0.0066673049254426815 -0.00142313343018735 -0.017042361531897008 0.036359314454064387 0.0013845634683057502 -0.040446534970170804 0.020614397789546046 -0.022471057221127595 0.029997367020905687 0.021090151844742867 -0.0019308467583505084 0.00049696902818945315 -0.029205741334391536 0.020161014987325754 -0.024599203331840153 -0.0010127131895388654
leaf_weight=2910.2358776379842 8.4388134161708876 0.82086127065122128 0.79478555917739846 1.2455536089837542 1.6663425583392388 0.7385719222947954 0.61578333098441362 1.7283483184874058 3.6741440454497916 16.764468252658844 12.224123105406759 4.5170379427727312 24.663950502872467 7.9002314023673561 22.095327045302838 15.43078361451626 15.656938100233672 15.581147834658621 30.131700661033392 10.38489046692848 9.3800361882895213 13.207864448428152 11.785946458578108 12.223681464791298 15.796478949487209 17.855705872178081 15.297587988898156 13.63383002579212 8.6830348223447782 1658.262576739653
leaf_count=21941 4933 121 4 8 1157 33 228 1484 73 74 52 148 110 62 136 85 80 67 152 49 46 60 50 52 65 74 77 58 52 11894
internal_value=-1.20121e-05 -0.012203 0.0171676 -0.0193316 -0.0258082 -0.000217187 0.0186003 0.0011726 2.74238e-05 0.00392736 0.0131018 -0.0137084 0.0192113 -0.00481967 0.00103344 -4.66413e-05 -0.00479112 0.00558775 0.0134681 -0.0156303 -0.0101742 7.53006e-05 0.00682633 -0.00168958 0.00797345 0.0150398 -0.0176621 0.00920594 -0.0100421 -4.86254e-05
internal_weight=4881.44 16.0491 2.97 13.0791 10.1052 2.14914 1.41057 2.9739 4865.39 91.8393 45.0793 8.19118 36.8881 46.76 29.9956 4773.55 120.546 61.3698 45.7128 59.1763 48.7914 4653 84.5035 41.228 28.0202 43.2755 39.4114 31.4895 24.1138 4568.5
internal_count=43425 7968 386 7582 6090 265 232 1492 35457 655 383 221 162 272 198 34802 608 299 219 309 260 34194 359 177 117 182 214 132 137 33835
cat_boundaries=0 1
cat_threshold=1
is_linear=0
shrinkage=0.05


Tree=122
num_leaves=31
num_cat=1
split_feature=8 7 7 12 3 3 6 6 6 5 6 3 8 5 6 4 5 5 3 4 1 3 3 3 1 6 5 3 3 3
split_gain=0.903805 0.827008 0.580112 2.32975 2.75696 3.49455 5.71524 1.97877 2.73796 1.85154 2.75692 1.54697 2.25929 1.01012 3.38402 4.15552 2.92203 2.01844 2.97326 1.41454 1.18486 2.35942 2.13834 2.13626 1.94334 1.38344 1.43327 0.96552 0.91759 5.0227
threshold=0.66358026862144481 0.00026548672030912718 0.31805309653282171 0 0.15862533450126651 0.026298499666154388 0.20953451842069629 0.028962207026779655 0.25939275324344641 0.37854015827178961 0.021795962937176231 0.099277742207050337 0.33024354279041296 0.0035768887028098111 0.040641479194164283 0.32188832759857183 0.0053859052713960418 0.00095858881832100462 0.035676850005984313 0.47281807661056524 0.91547620296478283 0.042564805597066886 0.053613347932696349 0.026121948845684532 0.7124060094356538 0.040641479194164283 0.43890526890754705 0.013453185558319094 0.4724747389554978 0.48212005198001867
decision_type=2 2 2 1 2 2 2 2 2 2 2 2 2 2 2 2 2 2 2 2 2 2 2 2 2 2 2 2 2 2
left_child=2 -2 28 7 5 -5 11 9 13 10 -4 12 -7 14 -9 -16 -15 18 -17 20 24 23 -23 -22 -18 -24 -27 -21 -1 -30
right_child=1 -3 3 4 -6 6 -8 8 -10 -11 -12 -13 -14 16 15 17 19 -19 -20 27 21 22 25 -25 -26 26 -28 -29 29 -31
leaf_value=-0.00020931741582249134 -0.021451806771782711 0.006441847982496929 0.0039280537150275319 -0.019121076467528097 -0.022608855818987098 -0.013330935485497075 0.026991772208175183 0.023593485146511398 -0.0020058494614343366 0.0054553371136628233 -0.029670275661362541 -0.022336716367693167 0.018282069011459845 0.028236887094372304 -0.020793925241673186 0.028442336210860189 0.010324062146388332 -0.0060224474882212371 -0.00065113753552363627 0.011285139453444611 0.010499131918027883 -0.014521466939051387 0.028084061102937888 0.035036926336294176 -0.015031977800829802 -0.0019589165750128422 0.019316297391789361 -0.0070147004960650003 0.05700829432871677 -0.006677736258349944
leaf_weight=4331.7355167792412 8.987155534909105 3.3605066929012528 9.9570790678262728 19.675271987915039 18.872324720025063 12.773017376661302 19.501584969460964 16.091616481542587 119.71417120844126 16.596017971634865 14.690903604030607 10.863310009241102 9.9614327847957593 18.316966414451599 20.509697139263153 16.33041712641716 21.386791184544563 22.77825790643692 18.155444279313087 9.8865934014320356 19.730099886655807 10.31089113652706 8.9897444918751699 17.480287857353687 11.506218522787092 21.138495624065399 12.216887094080446 25.150074020028114 4.3096323683857909 9.9929256411269289
leaf_count=32533 7761 30 48 96 92 68 122 92 650 101 88 65 52 101 123 79 101 111 96 62 95 52 53 93 47 99 85 180 22 228
internal_value=-1.1443e-05 -0.0134679 2.19338e-05 0.00159663 -0.0056191 -0.00111963 0.00547999 0.00314374 0.00425439 -0.00721418 -0.0159344 -0.00690105 0.000321201 0.00704854 0.00277878 -0.00148839 0.009293 0.0053631 0.0130236 0.00704584 0.0095795 0.0125554 0.00559951 0.0222233 0.00128411 0.0106394 0.00571843 -0.00169116 -0.000166295 0.0124275
internal_weight=4880.97 12.3477 4868.62 522.584 91.6469 72.7746 53.0993 430.937 389.693 41.244 24.648 33.5978 22.7345 269.978 93.8654 77.7738 176.113 57.2641 34.4859 157.796 122.759 89.8664 52.656 37.2104 32.893 42.3451 33.3554 35.0367 4346.04 14.3026
internal_count=43425 7791 35634 2851 495 403 307 2356 2119 237 136 185 120 1469 501 409 968 286 175 867 625 477 289 188 148 237 184 242 32783 250
cat_boundaries=0 1
cat_threshold=2
is_linear=0
shrinkage=0.05


Tree=123
num_leaves=31
num_cat=0
split_feature=8 4 10 6 3 3 3 8 8 7 7 4 4 6 4 4 6 6 1 7 8 6 8 7 1 1 4 4 6 6
split_gain=0.827381 0.775997 1.12725 0.640049 0.907139 0.535225 5.67048 2.28841 6.48916 3.55431 4.60686 5.40647 2.65207 4.07464 3.12676 2.76048 2.82019 3.47716 2.64567 11.505 7.12179 3.79533 4.51368 4.86355 2.42541 2.35228 2.55948 4.08366 2.45754 2.30392
threshold=0.66358026862144481 0.22576153278350833 0.89630526304245006 0.76829269528388988 0.80000001192092907 0.0091431704349815863 0.010082612279802563 0.33126828074455267 0.33141894638538366 0.00044247785990592098 0.022035398520529274 0.44852940738201147 0.47813564538955694 0.29915967583656317 0.37254935503005987 0.506115883588791 0.055055381730198867 0.28139615058898931 0.27551020681858068 0.15415929257869723 0.33330383896827703 0.027707984670996669 0.33303795754909521 0.10530973598361017 0.74537035822868358 0.56711712479591381 0.39154426753520971 0.45891098678112036 0.058770118281245239 0.074038933962583556
decision_type=2 2 2 2 2 2 2 2 2 2 2 2 2 2 2 2 2 2 2 2 2 2 2 2 2 2 2 2 2 2
left_child=5 3 -3 4 -2 7 -7 -1 -9 -10 11 -11 13 14 18 -14 -17 -18 21 20 -20 -12 23 -23 25 26 -16 -28 -29 -26
right_child=1 2 -4 -5 -6 6 -8 8 9 10 12 -13 15 -15 24 16 17 -19 19 -21 -22 22 -24 -25 29 -27 27 28 -30 -31
leaf_value=-0.00017311683084384412 -0.034411555336755939 0.033751432124562983 -0.019789913884129276 0.0027061229588130078 0.023712091532778409 -0.02959483376352089 -0.00025698582366798494 0.056456198840568718 -0.030434262263219741 0.059256660258038857 -0.023139923116374223 -0.005445829362584401 0.025083341748732113 -0.029970026601822203 -0.015891106467139114 -0.017106491162220419 0.039729384230350384 -0.0013858231599432308 0.011332990193094 -0.0088591520440313397 0.067131111898834181 -0.0085989332135670126 -0.0035930592561686857 0.033635120915657304 0.025602690991220062 -0.021137692523513774 0.011017013011518063 -0.023195991395803174 0.00015173453552605259 -0.0019996114351558108
leaf_weight=1700.7703896274325 6.1343179345130903 1.7782736029475918 1.8819825192913413 1.7892625052481888 0.5772554026916622 16.47468101978302 2751.1286227148958 5.7282940223813048 7.5512834389228365 7.7921336553990823 11.982796959113328 5.2138093700632453 25.327881865203381 10.122059043496845 27.372043542563915 11.231042362749575 7.9352550618350532 13.656528441235421 10.864995792508125 21.006323665380478 12.708990253508091 9.4223680384457094 42.423172449693084 22.769389659166336 13.756821393966677 19.450445964932442 51.652163401246071 18.951742045581341 26.566470429301262 15.939287841320036
leaf_count=14469 4790 11 1563 1211 216 77 15903 34 2862 65 90 61 141 81 176 100 56 94 56 104 76 69 273 111 65 101 249 103 144 74
internal_value=-1.04938e-05 -0.0129833 0.00509837 -0.021319 -0.0284036 2.11548e-05 -0.000434494 0.000623974 0.00402973 0.00324009 0.00391926 0.0330936 0.00288039 0.00105025 0.00210605 0.0126892 0.00292615 0.0136075 0.00793821 0.0178415 0.0417821 0.00276765 0.00702061 0.0211302 -0.00227193 -0.00497968 -0.00240115 0.00135988 -0.00948914 0.0106625
internal_weight=4879.96 12.1611 3.66026 8.50084 6.71157 4867.8 2767.6 2100.2 399.425 393.697 386.146 13.0059 373.14 314.989 304.867 58.1507 32.8228 21.5918 131.178 44.5803 23.574 86.5977 74.6149 32.1918 173.689 143.993 124.542 97.1704 45.5182 29.6961
internal_count=43425 7791 1574 6217 5006 35634 15980 19654 5185 5151 2289 126 2163 1772 1691 391 250 150 779 236 132 543 453 180 912 773 672 496 247 139
is_linear=0
shrinkage=0.05


Tree=124
num_leaves=31
num_cat=0
split_feature=3 4 3 6 3 8 4 6 10 3 5 5 3 3 6 4 6 6 6 3 4 5 4 6 6 4 6 1 4 4
split_gain=0.776414 2.624 2.18453 1.52244 1.08495 1.01409 0.828063 0.974514 4.05395 0.692129 2.07393 3.03693 1.21138 1.00044 4.95228 3.97855 4.47711 2.84843 4.53367 1.43554 2.17202 3.03636 1.35681 1.29156 1.27266 1.06217 1.05288 0.948733 0.849491 3.81345
threshold=0.52066960930824291 0.56172841787338268 0.4724747389554978 0.052003081887960441 0.45785273611545568 0.66358026862144481 0.22576153278350833 0.76829269528388988 0.89630526304245006 0.44432044029235845 0.0019190124003216626 0.008705935440957548 0.4546999484300614 0.39956089854240423 0.14561489224433902 0.37014016509056097 0.25040192902088171 0.062659781426191344 0.049081858247518546 0.39125119149684912 0.37588028609752661 0.0038380248006433253 0.28569257259368902 0.041628966107964523 0.036008004099130637 0.44127418100833898 0.22477751225233081 0.81605800986289989 0.38961258530616766 0.39794188737869268
decision_type=2 2 2 2 2 2 2 2 2 2 2 2 2 2 2 2 2 2 2 2 2 2 2 2 2 2 2 2 2 2
left_child=2 3 4 -2 5 9 7 -7 -9 13 -11 -12 -13 19 17 -16 -17 18 24 28 21 -21 -23 -22 25 -15 -25 -18 -1 -30
right_child=1 -3 -4 -5 -6 6 -8 8 -10 10 11 12 -14 14 15 16 27 -19 -20 20 23 22 -24 26 -26 -27 -28 -29 29 -31
leaf_value=0.00045935949302146887 0 0.025763210709563278 0.019587650951779445 -0.061871854793209106 -0.019701117451643865 -0.033776419590010036 0.0047183749747387108 0.24014198463133254 -0.014273855356941468 0.020744400100734306 -0.023024563502956907 0.021312695698852111 0.0011360928334026655 -0.0013301171159155658 -0.016293959718825867 0.034424697235608898 0.011259377261568485 -0.038913471125224454 0.021522151562094031 -0.021393517884741246 0.028634481210957755 0.020058306345843616 -0.0018115344505376778 0.00049544454098832623 -0.028504849060580418 -0.023569438282625144 0.0192258528243664 -0.0064628576242756926 -0.0075814045345753813 -8.726838365938469e-05
leaf_weight=2910.5774231851101 1.4710611174814392 2.1205111392773688 14.110502046300097 2.7298908254597336 6.9104055576026431 5.9329594480805081 3.1934790364466608 0.07130046188831296 1.576425047358498 15.943889860063789 10.977292224764822 10.272410698235033 28.494679510593414 15.421230057254435 15.580244094133375 15.648330572992561 13.530733682215216 10.255417414009569 9.1949064917862398 13.171074181795118 11.744959294795988 12.229075469076633 15.798253901302814 17.855693459510807 15.377926401793955 8.6070768572390062 13.604286327958105 16.610801845788956 192.06898069381714 1467.8113372346852
leaf_count=22040 246 223 84 70 42 4787 1494 1 1156 87 56 76 124 85 81 67 80 49 44 60 50 52 65 74 79 52 58 72 960 11011
internal_value=-1.04137e-05 -0.0173855 1.14582e-05 -0.0404208 -4.47701e-05 -1.53361e-05 -0.0152678 -0.0242901 0.00698473 1.78933e-05 0.00511218 0 0.00665216 -5.12445e-05 -0.00455318 0.00532149 0.0128047 -0.0149259 -0.00969208 6.40535e-05 0.00652202 -0.00158396 0.00759049 0.0143528 -0.0171381 -0.00956826 0.00878875 0.00133836 -5.42528e-05 -0.000957851
internal_weight=4878.89 6.32146 4872.57 4.20095 4858.46 4851.55 10.7742 7.58068 1.64773 4840.78 65.6883 49.7444 38.7671 4775.09 120.227 61.3701 45.7899 58.8566 48.6011 4654.86 84.4033 41.1984 28.0273 43.2049 39.4062 24.0283 31.46 30.1415 4570.46 1659.88
internal_count=43425 539 42886 316 42802 42760 7438 5944 1157 35322 343 256 200 34979 609 300 219 309 260 34370 359 177 117 182 216 137 132 152 34011 11971
is_linear=0
shrinkage=0.05


Tree=125
num_leaves=31
num_cat=2
split_feature=3 4 3 6 8 4 6 10 12 7 7 5 5 8 4 6 5 6 6 3 3 1 10 1 12 6 4 7 4 6
split_gain=0.70101 2.39931 2.02437 1.42283 0.918278 0.771373 0.942444 3.54607 0.932038 1.33973 1.09732 0.638916 0.545234 8.85972 1.24135 2.3812 2.15695 3.87732 3.0251 2.94082 2.91016 2.62397 3.31427 2.07918 2.03461 1.99967 1.91625 2.67679 1.66639 2.06284
threshold=0.52066960930824291 0.56172841787338268 0.4923542588949204 0.052003081887960441 0.66358026862144481 0.22576153278350833 0.76829269528388988 0.89630526304245006 0 0.00044247785990592098 0.00026548672030912718 0.32985453307628637 0.43890526890754705 0.32670532166957861 0.38961258530616766 0.22477751225233081 0.48266786336898809 0.036252848803997047 0.21946597844362262 0.3222049623727799 0.036442687734961517 0.47295321524143225 0.24030535668134692 0.55051019787788402 1 0.03769377805292607 0.44127418100833898 0.00070796458749100577 0.27356395125389105 0.041628966107964523
decision_type=2 2 2 2 2 2 2 2 1 2 2 2 2 2 2 2 2 2 2 2 2 2 2 2 1 2 2 2 2 2
left_child=2 3 4 11 12 6 -6 -8 10 -10 -7 -2 -1 14 15 28 20 19 -19 23 -16 22 -20 26 25 -22 -18 -28 29 -14
right_child=1 -3 -4 -5 5 8 7 -9 9 -11 -12 -13 13 -15 16 -17 17 18 21 -21 24 -23 -24 -25 -26 -27 27 -29 -30 -31
leaf_value=-0.00020571796411152229 0.021834356341117658 0.024044603476280776 0.027852253297968917 -0.059971601732470875 -0.03315459801089303 -0.0063422819318521388 0.21495031117368035 -0.013790783648112202 0.00016793433813006045 -0.11677390015515726 0.057330657296698707 -0.044551229680808858 0.0046380605828323712 -0.0495419708669632 -0.0053096707038164529 0.0092663183022081517 -0.038748406937071045 0.0049338030112561874 0.045143721819684901 0.014610516772633723 0.026597982820008234 -0.016820934473854639 -0.019693810443684151 -0.038891855895559116 0.029506114540558473 0.00017594380593936371 -0.04150227738505971 0.059535838659739028 0.0040145334770502845 -0.0092605960443361592
leaf_weight=4182.2802277125884 1.0401653531007458 2.1644478205125779 6.4206237308681002 2.6800160184502602 5.7486160268308577 1.2727149832062425 0.086967207491397525 1.5541433952748775 0.61435435572639141 0.23481938987970352 1.0768606346100567 0.43089576438069332 43.764758419245481 8.3446369463345018 37.865731805562973 129.2775913067162 1.8407153934240401 78.386521801352501 4.1301672309637061 4.1583734750747672 9.518037334084509 37.357767598703504 3.4844716140069067 16.024364463984966 13.568388327956198 29.571012079715729 0.84283691074233535 1.8592974841594694 186.08138189837337 66.907829161733389
leaf_count=30477 202 223 41 70 4787 1153 1 1156 332 2 7 44 239 1045 223 603 11 396 17 20 57 179 108 93 82 178 358 10 923 388
internal_value=-9.8379e-06 -0.0165273 1.08849e-05 -0.0389264 -2.53966e-05 -0.0146649 -0.0235699 0.00710852 0.00448226 -0.0357977 0.0219483 0 5.80129e-06 0.00132756 0.00198111 0.0036003 -0.000889281 -0.00462285 -0.000951442 -0.0226609 0.00516155 -0.0113085 0.0149552 -0.0304728 0.0127819 0.00678865 0 0.0258798 0.00111282 -0.0037201
internal_weight=4878.59 6.31552 4872.27 4.15108 4865.85 10.5885 7.38973 1.64111 3.19875 0.849174 2.34958 1.47106 4855.26 672.984 664.639 426.032 238.608 148.085 123.359 24.7256 90.5232 44.9724 7.61464 20.5672 52.6574 39.089 4.54285 2.70213 296.754 110.673
internal_count=43425 539 42886 316 42845 7438 5944 1157 1494 334 1160 246 35407 4930 3885 2153 1732 1192 700 492 540 304 125 472 317 235 379 368 1550 627
cat_boundaries=0 1 2
cat_threshold=2 2
is_linear=0
shrinkage=0.05


Tree=126
num_leaves=31
num_cat=2
split_feature=3 1 3 5 10 3 8 4 6 10 12 7 7 3 5 5 3 3 6 4 6 6 6 12 6 3 4 5 6 6
split_gain=0.635236 2.19824 1.82931 1.14105 2.19365 0.988678 0.843076 0.707653 0.908176 3.10325 0.856362 1.23251 1.03078 0.627507 1.87527 2.74121 1.07804 0.915856 4.50078 3.61815 3.99527 2.62062 4.11861 1.53329 2.27091 1.2893 1.9873 2.72754 1.32451 1.15123
threshold=0.52066960930824291 0.83503401279449474 0.4724747389554978 0.32985453307628637 0.89630526304245006 0.45785273611545568 0.66358026862144481 0.22576153278350833 0.76829269528388988 0.89630526304245006 0 0.00044247785990592098 0.00026548672030912718 0.44432044029235845 0.0019190124003216626 0.008705935440957548 0.4546999484300614 0.39956089854240423 0.14561489224433902 0.37014016509056097 0.25040192902088171 0.062659781426191344 0.049081858247518546 1 0.030331781134009365 0.39125119149684912 0.37588028609752661 0.0038380248006433253 0.16871757060289386 0.041628966107964523
decision_type=2 2 2 2 2 2 2 2 2 2 1 2 2 2 2 2 2 2 2 2 2 2 2 1 2 2 2 2 2 2
left_child=2 3 5 4 -2 6 13 8 -8 -10 11 -9 -12 17 -15 -16 -17 25 21 -20 -21 22 23 24 -19 -1 27 -27 -29 -28
right_child=1 -3 -4 -5 -6 -7 7 10 9 -11 12 -13 -14 14 15 16 -18 18 19 20 -22 -23 -24 -25 -26 26 29 28 -30 -31
leaf_value=-5.1259943607690606e-05 0.083911463127632729 -0.051377962651609557 0.017889909892748856 -0.04579228563520675 -0.0037630302624053766 -0.018868183213224303 -0.032526778052101267 0.00016069810481780415 0.19294053231196059 -0.013318293226454177 -0.0060847889242491068 -0.11125403275010706 0.056014209529605355 0.019739365086958293 -0.021859387494418313 0.020083172114337314 0.0010915334518753986 0.011052380005756847 -0.015645354109597231 0.032523264612245618 0.001302707353746542 -0.03746605335156359 0.020384969182349909 -0.027203908752266359 -0.021567985597275286 -0.020379855818898097 0.027209739019379009 0.018792373091426808 -0.0027053312192158382 0.0084183518175930047
leaf_weight=4569.8126715768594 0.87885272689163674 2.5071012023836374 14.165049453964455 0.66912960400804866 2.2550005209632218 6.863670088350772 5.5730218385579047 0.61441291810479015 0.10301302373409238 1.532914116512984 1.2646862032124779 0.23900071531534195 1.0500948019325731 15.931605901569126 10.984268337488173 10.356951367110012 28.48742114007473 9.3632924854755419 15.500116284005342 15.708551354706286 30.179344847798347 10.128025032579897 9.2292079124599677 18.013418722897768 11.813334345817564 13.134167253971098 11.703828945755957 12.993028178811075 15.037071183323858 31.42817060649395
leaf_count=34011 5 13 84 99 422 42 4787 332 1 1156 1153 2 7 87 56 76 124 58 81 67 152 49 44 92 66 60 50 54 63 132
internal_value=-9.46918e-06 -0.0157397 1.02038e-05 0.00718805 0.0211126 -4.12783e-05 -1.32163e-05 -0.0141819 -0.0228628 0.00715572 0.00413605 -0.0341933 0.0211687 1.64224e-05 0.00486441 0 0.00632217 -4.94096e-05 -0.00436219 0.00503385 0.0121465 -0.0142912 -0.00927333 -0.0164192 -0.00692566 6.07469e-05 0.0061849 -0.00156581 0.00711332 0.0136842
internal_weight=4877.52 6.31008 4871.21 3.80298 3.13385 4857.05 4850.18 10.3771 7.20895 1.63593 3.16819 0.853414 2.31478 4839.8 65.7602 49.8286 38.8444 4774.04 119.935 61.388 45.8879 58.5473 48.4193 39.19 21.1766 4654.11 84.2963 41.1643 28.0301 43.132
internal_count=43425 539 42886 526 427 42802 42760 7438 5944 1157 1494 334 1160 35322 343 256 200 34979 609 300 219 309 260 216 124 34370 359 177 117 182
cat_boundaries=0 1 2
cat_threshold=1 2
is_linear=0
shrinkage=0.05


end of trees

feature_importances:
popularity_prior=681
region_fit=675
age_group_fit=631
known_hobby_compatibility=602
cooccurrence_score=459
occupation_fit=459
mismatch_penalty=196
novelty_bonus=57
is_cold_start=50

parameters:
[boosting: gbdt]
[objective: binary]
[metric: auc]
[tree_learner: serial]
[device_type: cpu]
[data_sample_strategy: bagging]
[data: ]
[valid: ]
[num_iterations: 500]
[learning_rate: 0.05]
[num_leaves: 31]
[num_threads: 20]
[seed: 42]
[deterministic: 0]
[force_col_wise: 0]
[force_row_wise: 0]
[histogram_pool_size: -1]
[max_depth: -1]
[min_data_in_leaf: 50]
[min_sum_hessian_in_leaf: 0.001]
[bagging_fraction: 1]
[pos_bagging_fraction: 1]
[neg_bagging_fraction: 1]
[bagging_freq: 0]
[bagging_seed: 400]
[bagging_by_query: 0]
[feature_fraction: 1]
[feature_fraction_bynode: 1]
[feature_fraction_seed: 30056]
[extra_trees: 0]
[extra_seed: 12879]
[early_stopping_round: 0]
[early_stopping_min_delta: 0]
[first_metric_only: 0]
[max_delta_step: 0]
[lambda_l1: 0.1]
[lambda_l2: 0.1]
[linear_lambda: 0]
[min_gain_to_split: 0]
[drop_rate: 0.1]
[max_drop: 50]
[skip_drop: 0.5]
[xgboost_dart_mode: 0]
[uniform_drop: 0]
[drop_seed: 17869]
[top_rate: 0.2]
[other_rate: 0.1]
[min_data_per_group: 100]
[max_cat_threshold: 32]
[cat_l2: 10]
[cat_smooth: 10]
[max_cat_to_onehot: 4]
[top_k: 20]
[monotone_constraints: ]
[monotone_constraints_method: basic]
[monotone_penalty: 0]
[feature_contri: ]
[forcedsplits_filename: ]
[refit_decay_rate: 0.9]
[cegb_tradeoff: 1]
[cegb_penalty_split: 0]
[cegb_penalty_feature_lazy: ]
[cegb_penalty_feature_coupled: ]
[path_smooth: 0]
[interaction_constraints: ]
[verbosity: -1]
[saved_feature_importance_type: 0]
[use_quantized_grad: 0]
[num_grad_quant_bins: 4]
[quant_train_renew_leaf: 0]
[stochastic_rounding: 1]
[linear_tree: 0]
[max_bin: 255]
[max_bin_by_feature: ]
[min_data_in_bin: 3]
[bin_construct_sample_cnt: 200000]
[data_random_seed: 175]
[is_enable_sparse: 1]
[enable_bundle: 1]
[use_missing: 1]
[zero_as_missing: 0]
[feature_pre_filter: 1]
[pre_partition: 0]
[two_round: 0]
[header: 0]
[label_column: ]
[weight_column: ]
[group_column: ]
[ignore_column: ]
[categorical_feature: 12]
[forcedbins_filename: ]
[precise_float_parser: 0]
[parser_config_file: ]
[objective_seed: 16083]
[num_class: 1]
[is_unbalance: 0]
[scale_pos_weight: 1]
[sigmoid: 1]
[boost_from_average: 1]
[reg_sqrt: 0]
[alpha: 0.9]
[fair_c: 1]
[poisson_max_delta_step: 0.7]
[tweedie_variance_power: 1.5]
[lambdarank_truncation_level: 30]
[lambdarank_norm: 1]
[label_gain: ]
[lambdarank_position_bias_regularization: 0]
[eval_at: ]
[multi_error_top_k: 1]
[auc_mu_weights: ]
[num_machines: 1]
[local_listen_port: 12400]
[time_out: 120]
[machine_list_filename: ]
[machines: ]
[gpu_platform_id: -1]
[gpu_device_id: -1]
[gpu_use_dp: 0]
[num_gpu: 1]

end of parameters

pandas_categorical:null
