tree
version=v4
num_class=1
num_tree_per_iteration=1
label_index=0
max_feature_idx=12
objective=binary sigmoid:1
feature_names=lightgcn_score cooccurrence_score segment_popularity_score known_hobby_compatibility age_group_fit occupation_fit region_fit popularity_prior mismatch_penalty popularity_penalty novelty_bonus category_diversity_reward is_cold_start
feature_infos=none [0:1] none [0:1] [0:1] [0:1] [0:1] [0:1] [0:1] [0:1] [0:1] none -1:1:0
tree_sizes=3326 3452 3454 3480 3454 3479 3476 3475 3464 3464 3450 3472 3460 3483 3463 3449 3465 3474 3485 3470 3485 3480 3485 3472 3509 3475 3485 3480 3493 3492 3488 3472 3473 3488 3463 3481 3476 3505 3502 3492 3516 3511 3492 3502 3496 3507 3485 3481 3494 3499 3490 3497 3524 3489 3488 3490 3518 3486 3517 3483 3496 3503 3494 3480 3510 3517 3486 3488

Tree=0
num_leaves=31
num_cat=0
split_feature=7 7 7 7 7 7 4 4 1 7 4 7 7 7 1 4 7 5 6 3 6 4 1 7 6 6 1 3 1 3
split_gain=7261.45 1383.17 820.093 1167.57 358.909 159.846 65.4421 38.099 32.1248 31.2138 29.7482 27.6024 23.171 21.4038 18.9451 15.1743 13.3037 12.7376 20.0854 12.7034 11.9233 14.6831 17.5075 11.8577 12.043 10.3611 9.91443 9.55903 9.20147 9.08457
threshold=0.12566372007131579 0.67185840010643016 1.0000000180025095e-35 0.047610620036721236 0.23654867708683017 0.015309734269976618 0.34656305611133581 0.42875768244266516 0.94519516825675975 0.00026548672030912718 0.23867116868495944 0.02008849568665028 0.094336282461881651 0.15415929257869723 0.8989795744419099 0.37014016509056097 0.14672566205263141 0.022849088534712795 0.26004481315612799 0.034128241240978248 0.049339246004819877 0.51542207598686229 0.4708049893379212 0.15265487134456637 0.2420746982097626 0.055055381730198867 0.73401361703872692 0.022641832008957866 0.89725545048713695 0.093823358416557326
decision_type=2 2 2 2 2 2 2 2 2 2 2 2 2 2 2 2 2 2 2 2 2 2 2 2 2 2 2 2 2 2
left_child=2 4 -1 5 6 9 14 13 -6 -4 -7 -12 15 16 19 -5 26 -14 -19 -2 -13 -22 -23 -9 -25 -16 -8 -26 -29 -28
right_child=1 -3 3 12 8 10 7 23 -10 -11 11 20 17 -15 25 -17 -18 18 -20 -21 21 22 -24 24 27 -27 29 28 -30 -31
leaf_value=-1.3693574822188546 -1.3774276241678087 -1.1916257265522792 -1.4483744726723691 -1.3964640373748747 -1.295285954368941 -1.4357123083836512 -1.3493309257212827 -1.344582647854409 -1.267931601432549 -1.4366649968795286 -1.4270450392439813 -1.4198630401624601 -1.369804535499509 -1.2871702518282544 -1.3637453406704556 -1.3735230650753967 -1.3440525699227466 -1.359552851775881 -1.3152660130580662 -1.3498401764950267 -1.4137336277906276 -1.4111675144843756 -1.3808059419822765 -1.3323490521742656 -1.3421767124200012 -1.312764946618842 -1.2831219822106172 -1.2388584582213027 -1.3058595755213047 -1.3257094006484826
leaf_weight=890.55998009443283 95.199997872114182 292.31999346613884 1098.3999754488468 91.839997947216034 178.39999601244926 264.47999408841133 12.479999721050261 166.39999628067017 288.79999354481697 1208.6399729847908 421.1199905872345 233.59999477863312 252.47999435663223 80.959998190402985 15.199999660253523 330.71999260783195 41.919999063014984 173.59999611973763 30.239999324083328 75.199998319149017 252.63999435305595 90.559997975826263 99.199997782707214 140.31999686360359 9.7599997818469983 31.519999295473099 35.519999206066132 8.4799998104572314 15.99999964237213 21.439999520778656
leaf_count=5566 595 1827 6865 574 1115 1653 78 1040 1805 7554 2632 1460 1578 506 95 2067 262 1085 189 470 1579 566 620 877 61 197 222 53 100 134
internal_value=-1.38629 -1.28929 -1.41323 -1.42182 -1.31276 -1.43422 -1.3342 -1.32477 -1.27834 -1.44224 -1.42062 -1.41698 -1.37007 -1.30691 -1.35741 -1.37852 -1.32138 -1.36225 -1.35293 -1.36521 -1.41069 -1.40583 -1.39527 -1.33488 -1.32569 -1.32916 -1.30785 -1.29879 -1.28194 -1.29893
internal_weight=6948 1509.92 5438.08 4547.52 1217.6 3668.64 750.4 533.28 467.2 2307.04 1361.6 1097.12 878.88 192.32 217.12 422.56 111.36 456.32 203.84 170.4 676 442.4 189.76 340.96 174.56 46.72 69.44 34.24 24.48 56.96
internal_count=43425 9437 33988 28422 7610 22929 4690 3333 2920 14419 8510 6857 5493 1202 1357 2641 696 2852 1274 1065 4225 2765 1186 2131 1091 292 434 214 153 356
is_linear=0
shrinkage=1


Tree=1
num_leaves=31
num_cat=2
split_feature=7 7 7 7 7 7 4 7 4 4 7 1 12 7 7 1 6 4 6 4 1 3 12 5 6 7 7 6 6 5
split_gain=6278.44 1003 761.753 1098.96 280.929 157.286 54.127 31.3242 30.5498 28.8393 26.4416 25.5143 22.5835 20.3015 16.5972 16.0076 15.0899 13.6119 11.2895 13.7164 16.0866 11.0006 12.7651 10.9765 16.7211 10.7015 9.73153 9.64855 9.62031 9.4696
threshold=0.12566372007131579 0.67185840010643016 1.0000000180025095e-35 0.047610620036721236 0.23654867708683017 0.015309734269976618 0.34656305611133581 0.00026548672030912718 0.42875768244266516 0.23867116868495944 0.02008849568665028 0.9595918357372285 0 0.094336282461881651 0.15415929257869723 0.8989795744419099 0.29185217618942266 0.37014016509056097 0.049339246004819877 0.51542207598686229 0.4708049893379212 0.034128241240978248 1 0.022849088534712795 0.26004481315612799 0.14672566205263141 0.15265487134456637 0.23410008102655414 0.2420746982097626 0.4275322705507279
decision_type=2 2 2 2 2 2 2 2 2 2 2 2 1 2 2 2 2 2 2 2 2 2 1 2 2 2 2 2 2 2
left_child=2 4 12 5 6 7 15 -4 14 -7 -11 16 -1 17 25 21 27 -5 -12 -20 -21 -2 -23 -15 -25 -8 -10 29 -28 -6
right_child=1 -3 3 13 11 9 8 -9 26 10 18 -13 -14 23 -16 -17 -18 -19 19 20 -22 22 -24 24 -26 -27 28 -29 -30 -31
leaf_value=0.011665835459711517 0.0083781485275661299 0.16508764570511397 -0.06131157621210849 -0.009722533093319545 0.089544080773084872 -0.048416710924403902 0.071107427886798399 -0.049379478689104798 0.038633884787154849 -0.039707574335201494 -0.032562567515626174 0.11005211969815731 0.030725688333043427 0.01550812836331367 0.088745790346522566 0.05244482646831311 0.1134944322986083 0.012038223142739706 -0.026515037870586341 -0.023997542904365177 0.0051967265768789305 0.047130870312066052 0.0023368203623457566 0.02499337862889027 0.064662165821796611 0.039117801082850331 0.049599882990143278 0.061975613446844352 0.078951761775218565 0.041125467579886367
leaf_weight=699.03584942221642 95.706612020730972 326.47406476736069 1057.595038190484 91.279810309410095 186.70291341841221 256.65376500785351 72.700218439102173 1172.1873381435871 170.56916356086731 410.84003484249115 228.90109091997147 201.20282959938049 200.57884141802788 254.97927734255791 85.783471494913101 48.318602204322815 45.86287647485733 333.25525984168053 248.48492586612701 89.209739148616791 99.526725113391876 53.95603135228157 22.890437543392181 176.38757660984993 31.530769228935242 42.983668357133865 144.86786313354969 52.383699983358383 36.023333519697189 11.351093262434004
leaf_count=4325 595 1827 6865 574 1100 1653 434 7554 1040 2632 1460 1174 1241 1578 506 292 270 2067 1579 566 620 330 140 1085 189 262 877 309 214 67
internal_value=-6.07011e-05 0.0869107 -0.0260346 -0.0345167 0.0668193 -0.0469154 0.0479496 -0.0550437 0.0563168 -0.0333183 -0.0297114 0.096143 0.0159239 0.0152633 0.0719053 0.0269646 0.0866472 0.00734645 -0.0235336 -0.0187887 -0.0085814 0.0197744 0.0338733 0.0225101 0.0310614 0.0593086 0.0473489 0.0816673 0.0555131 0.0868164
internal_weight=6948.22 1597.78 5350.45 4450.83 1271.3 3563.4 773.799 2229.78 552.928 1333.62 1076.96 497.503 899.615 887.433 201.467 220.872 296.301 424.535 666.122 437.221 188.736 172.553 76.8465 462.898 207.918 115.684 351.46 250.438 180.891 198.054
internal_count=43425 9437 33988 28422 7610 22929 4690 14419 3333 8510 6857 2920 5566 5493 1202 1357 1746 2641 4225 2765 1186 1065 470 2852 1274 696 2131 1476 1091 1167
cat_boundaries=0 1 2
cat_threshold=2 2
is_linear=0
shrinkage=0.05


Tree=2
num_leaves=31
num_cat=2
split_feature=7 7 7 7 7 7 4 7 4 7 4 12 1 7 1 7 4 6 6 4 1 3 12 5 1 4 6 7 6 6
split_gain=5478.3 768.338 707.699 1034.71 225.252 154.949 45.2381 31.53 27.966 25.3205 24.9313 19.6623 19.5431 17.8298 13.6166 13.2018 12.2163 11.5577 10.6814 12.8027 14.7751 9.55903 10.9521 9.50125 9.47317 9.26767 8.27831 8.19179 8.15108 8.25418
threshold=0.12566372007131579 0.67185840010643016 1.0000000180025095e-35 0.047610620036721236 0.23654867708683017 0.015309734269976618 0.34656305611133581 0.00026548672030912718 0.23867116868495944 0.02008849568665028 0.42875768244266516 0 0.9595918357372285 0.094336282461881651 0.8989795744419099 0.15415929257869723 0.37014016509056097 0.29185217618942266 0.049339246004819877 0.51542207598686229 0.4708049893379212 0.034128241240978248 1 0.56470659375190746 0.7124060094356538 0.57738095521926891 0.055055381730198867 0.17752212285995486 0.0245190653949976 0.051505981013178832
decision_type=2 2 2 2 2 2 2 2 2 2 2 1 2 2 2 2 2 2 2 2 2 2 1 2 2 2 2 2 2 2
left_child=2 4 11 5 6 7 14 -4 -7 -10 15 -1 17 16 21 24 -5 -6 -11 -20 -21 -2 -23 -15 -8 -9 -16 -12 -14 -30
right_child=1 -3 3 13 12 8 10 25 9 18 27 -13 28 23 26 -17 -18 -19 19 20 -22 22 -24 -25 -26 -27 -28 -29 29 -31
leaf_value=0.011004272244247805 0.0079190439179647205 0.14399378607382479 -0.060595879818834519 -0.0092927860414790259 0.074078141536058351 -0.047441960436255912 0.027703898574072256 -0.049748268534873019 -0.038685881195575707 -0.031577832933378396 0.040161491766369101 0.028652645272137831 0.055534370151074 0.018557705763774437 0.017936810688711915 0.080180989585411144 0.011352889403879553 0.10119052036657628 -0.025613188774659502 -0.023144609885609853 0.0049214555214836062 0.043540748453479418 0.0022173691583013272 0.041347628355863371 0.062030841577537334 -0.032738687412001428 0.062310341610057267 0.060131797815535383 0.11753514576247222 0.094015263274770278
leaf_weight=703.88565436005592 96.185545921325684 354.78272607922554 1017.5965040177107 90.744649529457092 261.98635615408421 249.02749541401863 26.708827048540115 1047.1204431653023 400.86462128162384 224.35756623744965 296.82460689544678 204.24533636868 11.460113659501074 417.14887773990631 15.885048881173132 90.090742170810699 335.64659540355206 48.797175496816635 244.47968962788582 87.909848511219025 99.836194515228271 55.452440232038498 22.921903133392334 51.884428471326828 92.925986111164093 89.529625475406647 33.906393364071846 64.308110743761063 56.936755165457726 145.16143968701363
leaf_count=4325 595 1827 6865 574 1476 1653 158 6959 2632 1460 1756 1241 63 2542 95 506 2067 270 1579 566 620 330 140 310 538 595 197 375 313 798
internal_value=-0.000107978 0.0786666 -0.0251647 -0.0335353 0.0610889 -0.0459308 0.0442918 -0.0541742 -0.0323313 -0.0287638 0.0517773 0.0149817 0.0865404 0.014366 0.0252082 0.0655534 0.0069462 0.0783824 -0.0226935 -0.0180641 -0.00819885 0.0185637 0.031537 0.0210977 0.0544385 -0.0484159 0.0483183 0.0437472 0.0983467 0.100721
internal_weight=6938.61 1674.33 5264.28 4356.15 1319.55 3460.72 795.21 2154.25 1306.48 1057.45 570.858 908.131 524.342 895.425 224.351 209.726 426.391 310.784 656.583 432.226 187.746 174.56 78.3743 469.033 119.635 1136.65 49.7914 361.133 213.558 202.098
internal_count=43425 9437 33988 28422 7610 22929 4690 14419 8510 6857 3333 5566 2920 5493 1357 1202 2641 1746 4225 2765 1186 1065 470 2852 696 7554 292 2131 1174 1111
cat_boundaries=0 1 2
cat_threshold=2 2
is_linear=0
shrinkage=0.05


Tree=3
num_leaves=31
num_cat=1
split_feature=7 7 7 7 7 7 7 7 4 4 4 12 1 4 6 1 7 4 6 4 1 5 6 3 1 4 3 7 6 5
split_gain=4818.07 927.079 836.942 429.489 219.03 108.297 59.8206 53.9891 38.1288 24.0636 20.6531 17.169 16.5772 14.6576 11.8491 11.6624 11.0673 10.9686 10.722 11.6215 11.9794 8.94046 13.5299 8.33555 7.92753 7.78444 7.54127 7.38521 7.4169 7.22537
threshold=0.094336282461881651 0.23654867708683017 1.0000000180025095e-35 0.022035398520529274 0.67185840010643016 0.047610620036721236 0.00026548672030912718 0.12566372007131579 0.34656305611133581 0.25211864709854132 0.42875768244266516 0 0.94519516825675975 0.56966492533683788 0.28139615058898931 0.8989795744419099 0.015309734269976618 0.37014016509056097 0.049339246004819877 0.51542207598686229 0.4708049893379212 0.022849088534712795 0.26004481315612799 0.034128241240978248 0.73401361703872692 0.32274959981441503 0.067245189100503935 0.15265487134456637 0.2420746982097626 0.52959111332893383
decision_type=2 2 2 2 2 2 2 2 2 2 2 1 2 2 2 2 2 2 2 2 2 2 2 2 2 2 2 2 2 2
left_child=2 7 11 6 12 9 -4 21 15 -5 14 -1 -3 16 24 23 -8 -7 29 -20 -21 -2 25 -9 -10 -23 -19 -12 -29 -11
right_child=1 4 3 5 -6 17 13 8 10 18 27 -13 -14 -15 -16 -17 -18 26 19 20 -22 22 -24 -25 -26 -27 -28 28 -30 -31
leaf_value=0.010384828904809594 0.013514379580546141 0.06712008591077874 -0.059928192393385371 -0.043302090802708956 0.12810276920600192 -0.0088799228438680676 -0.048826134307092046 0.0074873572798006445 0.044056496184889361 -0.032763407386302866 0.033077658730469355 0.026760665065224148 0.085378614497053237 -0.028227738576146535 0.026473564721728245 0.044677082649086923 -0.039864383098622586 0.0044513630201205292 -0.023269681826269945 -0.022456097979359747 0.0060439617979720067 0.034694149265395775 0.056759090289124396 0.029417921338810972 0.069533804974858809 0.013405788801774447 0.01968271272446977 0.042332624753264013 0.067268334284786846 0.006186588490383161
leaf_weight=708.46252404153347 260.14843761920929 205.54319927096367 978.47915165126324 148.02955806255341 378.20054729282856 90.23356619477272 1014.3884280622005 96.638430953025818 40.642026886343956 177.02992185950279 178.45191121101379 207.66669684648514 342.59080725908279 132.17979124188423 24.041469484567642 51.131653174757957 540.80202794075012 199.43958103656769 202.6773764193058 60.171637549996376 94.476893842220306 72.270094484090805 33.243127375841141 79.785780757665634 152.50686505436897 109.14108361303806 138.46338126063347 152.93076765537262 38.687735632061958 12.505092352628706
leaf_count=4325 1578 1115 6865 1006 1827 574 6959 595 228 1175 1040 1241 1805 885 137 292 3648 1220 1330 393 585 433 189 470 837 652 847 877 214 83
internal_value=-0.000145001 0.0606414 -0.0287758 -0.0391455 0.0988009 -0.0132013 -0.0500721 0.033222 0.0410375 -0.025389 0.0477796 0.0141048 0.0785545 -0.0443505 0.0600827 0.0236026 -0.0457158 0.00656967 -0.020524 -0.015389 -0.00502006 0.0197933 0.0273699 0.0174446 0.0642244 0.0219286 0.0107115 0.0405312 0.0474257 -0.0301653
internal_weight=6920.96 2215.95 4705.01 3788.88 926.335 1123.03 2665.85 1289.62 814.817 694.89 587.261 916.129 548.134 1687.37 217.19 227.556 1555.19 428.137 546.861 357.326 154.649 474.803 214.654 176.424 193.149 181.411 337.903 370.07 191.619 189.535
internal_count=43425 12289 31136 25570 4747 7213 18357 7542 4690 4572 3333 5566 2920 11492 1202 1357 10607 2641 3566 2308 978 2852 1274 1065 1065 1085 2067 2131 1091 1258
cat_boundaries=0 1
cat_threshold=2
is_linear=0
shrinkage=0.05


Tree=4
num_leaves=31
num_cat=0
split_feature=7 7 7 7 7 7 7 7 4 4 7 4 1 3 7 3 6 4 1 1 4 4 1 1 5 6 3 1 1 7
split_gain=4290.13 783.151 770.963 415.243 179.501 99.8318 60.194 46.3256 32.4004 23.0587 18.1639 14.3337 13.4977 11.3619 10.9689 10.8876 10.102 10.7848 10.9661 10.0341 9.8526 9.60455 8.14336 9.85854 7.79109 11.5194 7.28687 6.82571 11.528 11.0535
threshold=0.094336282461881651 1.0000000180025095e-35 0.23654867708683017 0.022035398520529274 0.67185840010643016 0.047610620036721236 0.00026548672030912718 0.12566372007131579 0.34656305611133581 0.25211864709854132 0.15415929257869723 0.56966492533683788 0.94519516825675975 0.022641832008957866 0.015309734269976618 0.0093764648772776144 0.049339246004819877 0.51542207598686229 0.4708049893379212 0.8989795744419099 0.37014016509056097 0.43323189020156866 0.56949809193611156 0.81605800986289989 0.022849088534712795 0.26004481315612799 0.034128241240978248 0.29864865541458135 0.86576578021049511 0.31805309653282171
decision_type=2 2 2 2 2 2 2 2 2 2 2 2 2 2 2 2 2 2 2 2 2 2 2 2 2 2 2 2 2 2
left_child=1 -1 7 6 12 9 -3 24 19 -5 13 14 27 15 -8 -10 -11 -18 -19 26 -7 -12 -23 -24 -2 -26 -9 29 -29 -4
right_child=2 3 4 5 -6 20 11 8 10 16 21 -13 -14 -15 -16 -17 17 18 -20 -21 -22 22 23 -25 25 -27 -28 28 -30 -31
leaf_value=0.013287536005459464 0.012735846492800058 -0.059304226617663131 0.059342960904228831 -0.042338380827564019 0.11564642180933921 -0.008483444194979893 -0.047926671046231134 0.0070811903567225241 0.034990164276015777 -0.029226698602811435 0.067532042187324989 -0.027317479895844578 0.07780953610979259 0.043490117277221373 -0.038881799862503202 0.0028177690760998416 -0.022440804968926243 -0.021644608006712033 0.0057209824365134455 0.041413298095059288 0.010110940700476696 0.077065578212185182 -0.0004732558632453024 0.046334063108745799 0.020567351726570815 0.052280959392757266 0.027479876885333945 0.03472890899011237 0.065578976745524944 0.099795020256762249
leaf_weight=923.6446490585804 262.20034262537956 940.3033360093832 50.087388709187508 143.93616071343422 397.45932085812092 89.745593786239624 982.56842966377735 97.066765502095222 83.061060309410095 185.93733721971512 96.97801798582077 129.81936897337437 356.74082584679127 253.59062521159649 527.09941346943378 38.999025449156761 199.73531350493431 59.331730037927628 94.816680774092674 52.377527475357056 340.0290293097496 18.868561297655106 12.460842519998549 98.292736634612083 183.69726020097733 34.266791164875031 81.113621145486832 48.49816969037056 86.799767091870308 27.16949063539505
leaf_count=5566 1578 6865 263 1006 1827 574 6959 595 471 1258 506 885 1805 1416 3648 220 1330 393 585 292 2067 105 70 545 1085 189 470 255 454 143
internal_value=-0.000174459 -0.0278858 0.0559439 -0.0381841 0.0898306 -0.0126581 -0.0491992 0.0309841 0.0381216 -0.0245275 0.0442329 -0.0433972 0.071781 0.0374265 -0.0447748 0.0247625 -0.0197623 -0.0147685 -0.00478682 0.022124 0.00621536 0.0554728 0.0463669 0.041027 0.0185889 0.0255978 0.0164056 0.0616078 0.0545914 0.0737443
internal_weight=6896.7 4616.97 2279.73 3693.32 966.755 1113.53 2579.79 1312.97 832.809 683.757 602.251 1639.49 569.296 375.651 1509.67 122.06 539.821 353.884 154.148 230.558 429.775 226.6 129.622 110.754 480.164 217.964 178.18 212.555 135.298 77.2569
internal_count=43425 31136 12289 25570 4747 7213 18357 7542 4690 4572 3333 11492 2920 2107 10607 691 3566 2308 978 1357 2641 1226 720 615 2852 1274 1065 1115 709 406
is_linear=0
shrinkage=0.05


Tree=5
num_leaves=31
num_cat=1
split_feature=7 7 7 7 7 7 7 7 4 4 4 12 1 4 6 6 4 1 4 1 7 5 1 5 5 7 1 6 5 3
split_gain=3833.22 732.847 651.704 401.509 151.811 101.944 54.3138 39.959 27.7078 26.032 15.7132 14.9282 11.9023 9.48437 9.48309 9.1049 10.3509 11.3248 9.07823 8.6735 8.60307 8.53761 8.14662 6.98435 6.89446 6.74353 20.6401 6.68691 6.47691 6.38616
threshold=0.094336282461881651 1.0000000180025095e-35 0.23654867708683017 0.02008849568665028 0.67185840010643016 0.047610620036721236 0.00026548672030912718 0.12566372007131579 0.34656305611133581 0.23867116868495944 0.42875768244266516 0 0.9595918357372285 0.49412102997303015 0.28300000727176672 0.049339246004819877 0.51542207598686229 0.4708049893379212 0.50125628709793102 0.8989795744419099 0.013362831901758911 0.0020918130176141862 0.73401361703872692 0.52959111332893383 0.56470659375190746 0.0012389380135573449 0.076530613005161299 0.055055381730198867 0.41596639156341558 0.034128241240978248
decision_type=2 2 2 2 2 2 2 2 2 2 2 1 2 2 2 2 2 2 2 2 2 2 2 2 2 2 2 2 2 2
left_child=1 11 7 6 12 9 -3 24 19 -5 14 -1 13 -4 22 23 -17 -18 -7 29 25 -20 -10 -11 -2 26 -8 -21 -19 -9
right_child=2 3 4 5 -6 18 20 8 10 15 -12 -13 -14 -15 -16 16 17 28 21 27 -22 -23 -24 -25 -26 -27 -28 -29 -30 -31
leaf_value=0.0090671083654701428 0.015317335566114171 -0.058720144791554602 0.054891667766926978 -0.044560531248331113 0.10558226091593298 0.001978674401810846 0.039017915251134364 0.0066988216717416881 0.034793578084024897 -0.030984646968359952 0.034845207425640984 0.024179850238351411 0.074612409881856578 0.074179889852968181 0.010687110048628119 -0.022940983223012454 -0.020579334930714562 0.0081125874040084752 0.042506931626187433 0.011906670846997166 -0.038581093738004779 0.009677873899332147 0.059112998110897243 0.0074279958688563356 0.034237898133449705 -0.047074966595990177 -0.05908483563695871 0.050473697225411666 -0.037570935439632934 0.025705221564783776
leaf_weight=718.31255443394184 430.33932340145111 903.11611346900463 257.23286363482475 133.97519598901272 413.14976227283478 335.2159508317709 9.0024718344211596 97.471968159079552 45.276995167136192 199.22073045372963 386.47861386835575 212.44696700572968 241.6103927642107 89.221216008067131 13.757747903466223 232.92381884157658 84.100382417440414 92.257467061281204 28.286099642515182 16.833928227424622 620.13090533018112 67.817464604973793 170.49288502335548 12.323807686567305 54.838854074478149 860.95019347965717 12.853220611810682 36.691335365176201 8.3469644933938962 82.35172227025032
leaf_count=4325 2542 6865 1300 969 1827 2060 65 595 243 1377 2131 1241 1174 446 77 1579 566 568 171 95 4430 410 882 83 310 6282 93 197 52 470
internal_value=-0.000197926 -0.0270192 0.0518314 -0.0372429 0.0823245 -0.0135383 -0.0490078 0.0289461 0.0354913 -0.0245199 0.0410588 0.0125242 0.0659609 0.0598933 0.0514798 -0.0202381 -0.0159235 -0.00703927 0.00588148 0.0207612 -0.0431648 0.0194265 0.0540515 -0.0287208 0.0174728 -0.0463742 -0.0184544 0.0384823 0.00423911 0.0154402
internal_weight=6867.03 4531.28 2335.75 3600.52 1001.21 1194.47 2406.05 1334.53 849.355 763.148 616.006 930.76 588.064 346.454 229.528 629.173 417.629 184.705 431.32 233.349 1502.94 96.1036 215.77 211.545 485.178 882.806 21.8557 53.5253 100.604 179.824
internal_count=43425 31136 12289 25570 4747 7835 17735 7542 4690 5194 3333 5566 2920 1746 1202 4225 2765 1186 2641 1357 10870 581 1125 1460 2852 6440 158 292 620 1065
cat_boundaries=0 1
cat_threshold=2
is_linear=0
shrinkage=0.05


Tree=6
num_leaves=31
num_cat=2
split_feature=7 7 7 7 7 7 7 7 4 4 7 12 1 3 3 6 4 1 4 7 6 12 5 1 3 7 1 5 5 6
split_gain=3434.62 685.724 558.274 388.711 131.635 94.0552 54.8701 34.647 25.0172 23.8227 14.7328 13.121 10.0368 9.10145 9.4885 8.58199 9.62217 10.3769 8.57681 8.52724 8.24697 7.84018 7.56316 7.54655 6.69923 6.56664 30.4378 6.53266 6.50678 6.4414
threshold=0.094336282461881651 1.0000000180025095e-35 0.23654867708683017 0.02008849568665028 0.67185840010643016 0.047610620036721236 0.00026548672030912718 0.12566372007131579 0.23867116868495944 0.34656305611133581 0.15415929257869723 0 0.9595918357372285 0.022641832008957866 0.0093764648772776144 0.049339246004819877 0.51542207598686229 0.4708049893379212 0.37014016509056097 0.013362831901758911 0.29185217618942266 1 0.0026312145637348299 0.81605800986289989 0.055060440674424178 0.0012389380135573449 0.030612244270741943 0.52959111332893383 0.0051619873847812423 0.23410008102655414
decision_type=2 2 2 2 2 2 2 2 2 2 2 1 2 2 2 2 2 2 2 2 2 1 2 2 2 2 2 2 2 2
left_child=1 11 7 6 12 8 -3 -2 -5 23 13 -1 20 14 -11 27 -17 -18 -7 25 29 -15 -12 -9 -20 26 -8 -10 -16 -4
right_child=2 3 4 5 -6 18 19 9 15 10 22 -13 -14 21 28 16 17 -19 24 -21 -22 -23 -24 -25 -26 -27 -28 -29 -30 -31
leaf_value=0.0085676235974404061 0.016434550395255671 -0.058172519699053106 0.055780440191879381 -0.043659210071232621 0.097253519575311365 -0.0081917792590420636 0.067392087136200318 0.0061939308576134536 -0.030053861189513226 0.030323139176028635 0.034132993804812342 0.022656003501026371 0.068718965100523513 0.042596422360344513 0.023066991096903012 -0.022126994622756559 -0.019817282583037433 0.0040103908211350228 0.0022668722214656679 -0.037635233659870107 0.073240266941492702 0.02273469925196675 0.053966091431224786 0.025565389634885329 0.016273743290046196 -0.04621106878420872 -0.058787128966767833 0.0070257024552794955 -0.017421197842420463 0.03724644566959083
leaf_weight=722.08602130413055 489.92959851026535 866.95349238812923 237.43719327449799 130.00749677419662 425.76332679390907 89.388417929410934 6.9541382193565395 74.136556595563889 195.22731086611748 86.170458495616913 71.070735827088356 215.32918328046799 249.02057377994061 196.12263259291649 17.950322881340981 229.51002968847752 83.000071316957474 100.86017295718193 174.68703250586987 604.33832147717476 56.362109005451202 68.793507531285286 166.60886710882187 161.7883243560791 168.71669663488865 833.88565894961357 14.633487254381178 12.382178291678427 21.916553437709808 61.917724132537842
leaf_count=4325 2852 6865 1167 969 1827 574 49 449 1377 471 369 1241 1174 1047 99 1579 566 620 1055 4430 270 369 857 908 1012 6282 109 83 121 309
internal_value=-0.000216799 -0.0261752 0.0481921 -0.0363201 0.0759277 -0.0129871 -0.048188 0.027083 -0.0236864 0.0331089 0.0382028 0.0118112 0.0608915 0.0321784 0.0209994 -0.0194905 -0.0152913 -0.00672389 0.0055682 -0.0422514 0.0553801 0.0374681 0.0480735 0.0195045 0.00916584 -0.0455018 -0.0177865 -0.027816 0.000695874 0.0519773
internal_weight=6832.95 4447.96 2384.99 3510.54 1030.5 1183.78 2326.77 1354.49 750.987 864.558 628.633 937.415 604.738 390.953 126.037 620.98 413.37 183.86 432.792 1459.81 355.717 264.916 237.68 235.925 343.404 855.473 21.5876 207.609 39.8669 299.355
internal_count=43425 31136 12289 25570 4747 7835 17735 7542 5194 4690 3333 5566 2920 2107 691 4225 2765 1186 2641 10870 1746 1416 1226 1357 2067 6440 158 1460 220 1476
cat_boundaries=0 1 2
cat_threshold=2 2
is_linear=0
shrinkage=0.05


Tree=7
num_leaves=31
num_cat=1
split_feature=7 7 7 7 7 7 5 7 4 4 7 7 12 5 5 3 6 4 6 4 1 1 4 7 7 4 1 3 3 3
split_gain=3092.19 758.666 607.515 180.498 116.374 56.6962 36.2677 33.4756 24.3734 20.8033 17.911 13.7062 11.5556 9.90763 10.1272 16.4154 9.9479 9.73868 10.2771 9.07762 8.90427 13.0673 9.20036 8.93362 9.37085 8.36929 10.8624 8.2776 8.18398 9.26205
threshold=0.061769910156726844 1.0000000180025095e-35 0.23654867708683017 0.015309734269976618 0.67185840010643016 0.12566372007131579 0.52959111332893383 0.00026548672030912718 0.22863636910915378 0.3369396179914475 0.02008849568665028 0.15415929257869723 0 0.38491770625114446 0.0045724031515419492 0.36874498426914221 0.26004481315612799 0.37838028371334081 0.25826159119606024 0.57738095521926891 0.89725545048713695 0.29864865541458135 0.49412102997303015 0.31805309653282171 0.28300885856151586 0.19515224546194079 0.83503401279449474 0.023172011598944667 0.023604429326951507 0.052378883585333831
decision_type=2 2 2 2 2 2 2 2 2 2 2 2 1 2 2 2 2 2 2 2 2 2 2 2 2 2 2 2 2 2
left_child=1 12 5 7 20 13 8 -3 -5 25 -10 27 -1 14 -2 -16 -15 -12 -19 -9 21 23 -23 24 -4 26 -7 -11 -22 -30
right_child=2 3 4 6 -6 9 -8 19 10 11 17 -13 -14 16 15 -17 -18 18 -20 -21 28 22 -24 -25 -26 -27 -28 -29 29 -31
leaf_value=0.0080982646504294351 0.015279340738697675 -0.057658246798388525 0.06491201059932844 -0.044026307654701724 0.090224758672561578 0.002793092523984836 0.0055066564089095438 -0.045396417248251469 -0.033566471654071756 0.019729783399306471 -0.028471624265288653 0.044645596743625511 0.021250704382998392 0.01700025277591782 -0.00020409671331392254 0.063025409874993429 0.04591753941826867 -0.021008425492227516 -0.0046067168577412923 -0.02758716357505241 0.077716510590675414 0.020036906019121632 0.067132562411795604 0.081219356565406187 0.022489346882753641 0.0045730310204559702 0.036320556005503511 0.034522608618768304 0.046885739383419993 0.062939648233391501
leaf_weight=725.651516020298 325.13002933561802 831.84140492230654 30.4346544444561 198.9355104714632 435.71687476336956 36.063708305358887 86.266397714614868 894.67299714684486 370.61899602413177 142.37405087053776 211.19398325681686 243.00145328044891 218.02508921921253 186.25271764397621 264.94352561235428 10.572478666901587 35.736567556858063 273.37007227540016 148.20921029150486 80.032218649983406 58.735642328858376 54.955612242221832 12.934882983565329 29.798502668738365 23.762586012482643 84.552158653736115 75.315667077898979 297.3362785577774 143.99981155991554 264.88136887550354
leaf_count=4325 1923 6865 146 1521 1827 215 550 6959 2764 780 1478 1226 1241 1066 1603 63 188 1874 973 595 278 270 62 143 117 487 415 1567 678 1226
internal_value=-0.000231968 -0.0280969 0.0405934 -0.0400627 0.0703988 0.0221005 -0.0257549 -0.0502635 -0.0280024 0.0309361 -0.0248163 0.0350648 0.0111442 0.0126546 0.00930151 0.00222608 0.0216965 -0.0196789 -0.0152566 -0.0439422 0.0564342 0.0456967 0.0291689 0.0589454 0.0464797 0.016514 0.0255217 0.0297498 0.0599007 0.0573109
internal_weight=6795.32 4038.82 2756.5 3095.14 1055.22 1701.28 1288.59 1806.55 1202.33 878.643 1003.39 682.712 943.677 822.635 600.646 275.516 221.989 632.773 421.579 974.705 619.503 151.886 67.8905 83.9957 54.1972 195.932 111.379 439.71 467.617 408.881
internal_count=43425 29145 14280 23579 4747 9533 9160 14419 8610 4690 7089 3573 5566 4843 3589 1666 1254 4325 2847 7554 2920 738 332 406 263 1117 630 2347 2182 1904
cat_boundaries=0 1
cat_threshold=2
is_linear=0
shrinkage=0.05


Tree=8
num_leaves=31
num_cat=0
split_feature=7 7 7 7 7 7 7 5 4 4 7 7 4 6 4 5 8 6 3 1 6 6 4 5 4 1 4 1 3 5
split_gain=2791.71 713.276 531.203 177.776 104.468 49.6251 34.0496 33.8456 23.6197 18.0699 17.1132 11.8227 9.17807 9.92994 8.93261 8.73857 9.02099 8.61641 8.14187 7.95692 7.84781 8.59089 7.42272 7.39074 7.36511 9.46881 6.72517 6.39182 8.00256 10.5888
threshold=0.061769910156726844 1.0000000180025095e-35 0.23654867708683017 0.015309734269976618 0.67185840010643016 0.12566372007131579 0.00026548672030912718 0.52959111332893383 0.22863636910915378 0.3369396179914475 0.02008849568665028 0.15415929257869723 0.37838028371334081 0.049339246004819877 0.57738095521926891 0.38491770625114446 0.32745453715324407 0.26004481315612799 0.050075225532054908 0.94519516825675975 0.026376795955002311 0.037058494985103614 0.32274959981441503 0.0038873942103236918 0.19515224546194079 0.83503401279449474 0.43323189020156866 0.56949809193611156 0.029054382815957073 0.0061760181561112413
decision_type=2 2 2 2 2 2 2 2 2 2 2 2 2 2 2 2 2 2 2 2 2 2 2 2 2 2 2 2 2 2
left_child=1 -1 5 6 19 15 -3 8 -5 24 -10 20 -12 -14 -8 16 18 22 -2 -4 -11 23 -17 -22 25 -7 -13 -28 29 -29
right_child=2 3 4 7 -6 9 14 -9 10 11 12 26 13 -15 -16 17 -18 -19 -20 -21 21 -23 -24 -25 -26 -27 27 28 -30 -31
leaf_value=0.010519583756964136 -0.013975340843325655 -0.057174563532789546 0.045019882258692551 -0.043161632378323392 0.084195411460268502 0.0026494884800933962 -0.044561433541919306 0.0052137632106767605 -0.032650075888542095 0.010611984662584168 -0.027573380037248487 0.051163741465042004 -0.025829114661826469 -0.0092850886504595876 -0.026720613716561294 0.028035066788706854 0.012310912050979153 0.042653384536245467 0.0092777294749630864 0.056856631855963652 0.026188053585642919 0.027906093897839452 0.0077130697254281198 0.07145464164305658 0.0043334782546492158 0.033852867101947313 0.060030683102618922 -0.022943744339452111 0.037392072774719426 0.034817213909662546
leaf_weight=949.5696432441473 71.839981317520142 797.79708802700043 234.75475661456585 192.93033345043659 443.36827120184898 36.121365994215012 866.58440736681223 86.554964855313301 362.18999135494232 58.462558925151825 207.27478836476803 106.60970103740692 134.75026006996632 282.72167831659317 78.538133561611176 76.293933153152466 453.25857764482498 36.533967137336731 78.722031727433205 397.81659589707851 15.967716902494429 349.10706880688667 111.69460122287273 22.617642179131508 84.76475615799427 76.734659910202026 20.865637853741646 14.67618088424206 88.77442242205143 16.934488222002983
leaf_count=5566 444 6865 1115 1521 1827 215 6959 550 2764 309 1478 506 972 1875 595 431 2664 188 481 1805 84 1835 635 119 487 415 105 76 452 87
internal_value=-0.000243817 -0.0272573 0.038004 -0.039179 0.0655602 0.0207604 -0.0495413 -0.0249112 -0.0271257 0.0289501 -0.0239818 0.0327554 -0.018944 -0.014642 -0.0430872 0.0119365 0.00878785 0.0203744 -0.00178609 0.0524796 0.027844 0.0304262 0.0159977 0.0529674 0.0155512 0.0239212 0.0415611 0.0342471 0.0296906 0.00785453
internal_weight=6754.83 3958.91 2795.92 3009.34 1075.94 1719.98 1742.92 1266.42 1179.87 891.636 986.937 694.015 624.747 417.472 945.123 828.343 603.821 224.523 150.562 632.571 446.155 387.692 187.989 38.5854 197.621 112.856 247.86 141.251 120.385 31.6107
internal_count=43425 29145 14280 23579 4747 9533 14419 9160 8610 4690 7089 3573 4325 2847 7554 4843 3589 1254 925 2920 2347 2038 1066 203 1117 630 1226 720 615 163
is_linear=0
shrinkage=0.05


Tree=9
num_leaves=31
num_cat=1
split_feature=7 7 7 7 7 7 7 5 4 1 4 4 4 6 12 4 3 5 5 6 3 6 1 1 6 7 4 6 6 1
split_gain=2523.95 670.512 467.657 175.036 95.0157 43.5799 34.6591 31.5677 22.8726 16.7022 15.7892 11.8442 11.8012 10.9032 10.1462 8.78787 8.14574 8.65042 8.17608 8.03439 7.39528 7.38055 13.149 7.25679 7.06087 6.60444 7.16006 7.15938 6.5369 6.1294
threshold=0.061769910156726844 1.0000000180025095e-35 0.23654867708683017 0.015309734269976618 0.67185840010643016 0.12566372007131579 0.00026548672030912718 0.52959111332893383 0.22863636910915378 0.4708049893379212 0.34656305611133581 0.51078385114669811 0.42875768244266516 0.10620300844311716 0 0.57738095521926891 0.32562056183815008 0.48266786336898809 0.0060894216876477012 0.088810019195079817 0.32302914559841162 0.048849564045667655 0.5178799331188203 0.9595918357372285 0.28300000727176672 0.10530973598361017 0.37014016509056097 0.21643934398889544 0.29185217618942266 0.73401361703872692
decision_type=2 2 2 2 2 2 2 2 2 2 2 2 2 2 1 2 2 2 2 2 2 2 2 2 2 2 2 2 2 2
left_child=1 14 5 6 23 16 -3 8 -5 -10 -7 -11 24 -13 -1 -8 17 18 -2 -20 -15 22 -19 28 29 26 27 -18 -4 -12
right_child=2 3 4 7 -6 10 15 -9 9 11 12 13 -14 20 -16 -17 25 21 19 -21 -22 -23 -24 -25 -26 -27 -28 -29 -30 -31
leaf_value=0.0070868886812407205 0.012003043106626967 -0.056718950839960827 0.041439839624748155 -0.042308564222259579 0.078951047200401081 0.016179818936291203 -0.043737898831941249 0.0049373897772317958 -0.029249766809363916 -0.022271365818103322 0.02578112808439896 -0.019624664851826238 0.025937510583729256 0.00028717706156168842 0.01931535281290787 -0.025870698341035454 0.06779826672028863 0.05125883441627363 0.008744585105772109 -0.0087006695205354319 0.041048543520034349 0.028064227811441463 -0.010769961516375168 0.055372307330554149 0.0054964959226780109 0.0044279403971811144 0.01997464446684458 0.015075259633457136 0.059737142382577761 0.046153002996449588
leaf_weight=733.39797928929329 305.47835548222065 764.83041331171989 318.26837463676929 187.12971839308739 449.02746614813805 242.93998347222805 839.45107491314411 86.828309163451195 522.96185372769833 282.81990957260132 48.336880818009377 74.106779903173447 413.57557727396488 78.284084409475327 221.79497484862804 77.102792754769325 19.977315962314609 11.076768726110457 131.37823702394962 132.42201790213585 12.921676427125929 96.99687984585762 35.993717297911644 265.73258727788925 14.457741990685461 33.899477317929268 56.475776597857475 9.9809834212064725 60.240657150745392 184.21711231768131
leaf_count=4325 1782 6865 1476 1521 1827 1357 6959 550 3919 2058 243 532 2131 500 1241 595 116 62 787 794 80 528 202 1174 77 193 321 58 270 882
internal_value=-0.000253208 -0.0264357 0.0356506 -0.0383082 0.0612708 0.0195217 -0.048834 -0.024087 -0.0262674 -0.023167 0.0271324 -0.0160525 0.0311498 -0.00537597 0.00993329 -0.0422433 0.011265 0.00922101 0.00643607 0 0.00615548 0.0201788 0.00379857 0.0489298 0.0398426 0.0233225 0.0306615 0.0505079 0.0443801 0.0419531
internal_weight=6712.11 3881.63 2830.48 2926.44 1093.27 1737.21 1681.38 1245.05 1158.22 971.094 903.527 448.132 660.587 165.313 955.193 916.554 833.68 713.346 569.279 263.8 91.2058 144.067 47.0705 644.242 247.012 120.334 86.4341 29.9583 378.509 232.554
internal_count=43425 29145 14280 23579 4747 9533 14419 9160 8610 7089 4690 3170 3333 1112 5566 7554 4843 4155 3363 1581 580 792 264 2920 1202 688 495 174 1746 1125
cat_boundaries=0 1
cat_threshold=2
is_linear=0
shrinkage=0.05


Tree=10
num_leaves=31
num_cat=0
split_feature=7 7 7 7 7 7 7 5 4 7 4 7 4 4 6 3 5 5 6 3 3 6 1 4 1 1 1 4 7 7
split_gain=2284.49 630.144 414.329 172.279 87.2458 38.3612 35.2983 29.4233 22.1345 16.186 14.0317 9.82905 8.64214 8.46132 9.05783 7.1754 7.65981 7.30243 7.25169 6.82133 8.25189 6.48427 11.5947 6.44829 8.22615 6.41048 10.9164 7.63027 7.42975 7.69061
threshold=0.061769910156726844 1.0000000180025095e-35 0.23654867708683017 0.015309734269976618 0.67185840010643016 0.12566372007131579 0.00026548672030912718 0.52959111332893383 0.22863636910915378 0.02008849568665028 0.3369396179914475 0.15415929257869723 0.57738095521926891 0.37838028371334081 0.049339246004819877 0.32562056183815008 0.48266786336898809 0.0060894216876477012 0.088810019195079817 0.020461309701204303 0.0093764648772776144 0.048849564045667655 0.5178799331188203 0.19515224546194079 0.83503401279449474 0.89725545048713695 0.29864865541458135 0.49412102997303015 0.31805309653282171 0.28300885856151586
decision_type=2 2 2 2 2 2 2 2 2 2 2 2 2 2 2 2 2 2 2 2 2 2 2 2 2 2 2 2 2 2
left_child=1 -1 5 6 25 15 -3 8 -5 -10 23 19 -8 -11 -15 16 17 -2 -19 20 -12 22 -18 24 -7 26 28 -28 29 -4
right_child=2 3 4 7 -6 10 12 -9 9 13 11 -13 -14 14 -16 -17 21 18 -20 -21 -22 -23 -24 -25 -26 -27 27 -29 -30 -31
leaf_value=0.0093839236462800162 0.011324936485164555 -0.056289105900829743 0.053632643070510536 -0.041465636374509007 0.074334510789645189 0.0016874652331851721 -0.042924226712263258 0.0046765040773240046 -0.030999400499268609 -0.025879665790154445 0.022551656174849933 0.036652566680461442 -0.025037306998813725 -0.024165824353886339 -0.0081409291666103296 0.021876224146404891 0.047403256528321218 0.0082650882817390352 -0.0083086109087401622 0.028362087422039408 -0.0045402696044313587 0.026276532878780914 -0.010293780991212007 0.0032665979725649157 0.030553209999938758 0.048592067522829206 0.013900813147599545 0.055557179698602147 0.06821118085042828 0.016201390734287537
leaf_weight=960.42493085563183 307.53257890045643 732.9448588564992 32.26859413087368 181.53225369751453 452.96422639489174 36.509977236390114 813.26641865074635 87.087270319461823 347.49128012359142 200.08004002273083 100.04333613812923 255.51588027179241 75.724751070141792 130.27297455072403 278.03995989263058 121.86047098040581 11.3787784576416 132.0384476184845 131.75913764536381 319.5050988048315 38.639028713107109 98.385831907391548 35.785878881812096 85.717329189181328 78.670292481780052 494.55125768482685 57.428878247737885 13.727336943149565 31.717195123434067 24.84944386780262
leaf_count=5566 1782 6865 146 1521 1827 215 6959 550 2764 1478 525 1226 595 972 1875 688 62 787 794 1616 206 528 202 487 415 2182 270 62 143 117
internal_value=-0.000260349 -0.0256319 0.033499 -0.0374484 0.0574417 0.0183702 -0.0481395 -0.0232805 -0.0254257 -0.0223702 0.0254564 0.028749 -0.0414092 -0.0174291 -0.0132706 0.0106351 0.00871444 0.00609084 0 0.0243236 0.0149696 0.0189673 0.00359106 0.0137255 0.0214561 0.0457342 0.0368441 0.0220739 0.0485805 0.0374922
internal_weight=6667.71 3806.86 2860.85 2846.44 1107.51 1753.34 1621.94 1224.5 1137.42 955.884 914.601 713.703 888.991 608.393 408.313 838.741 716.881 571.33 263.798 458.187 138.682 145.55 47.1647 200.898 115.18 654.543 159.991 71.1562 88.8352 57.118
internal_count=43425 29145 14280 23579 4747 9533 14419 9160 8610 7089 4690 3573 7554 4325 2847 4843 4155 3363 1581 2347 731 792 264 1117 630 2920 738 332 406 263
is_linear=0
shrinkage=0.05


Tree=11
num_leaves=31
num_cat=1
split_feature=7 7 7 7 7 7 7 5 4 1 4 4 6 12 7 4 6 6 5 4 8 3 5 3 5 6 6 1 6 6
split_gain=2069.83 592.066 369.016 169.467 80.7085 35.962 33.848 27.4084 21.3997 15.7361 12.3079 10.7389 9.68993 8.93934 8.59861 8.49434 6.73761 7.12197 6.50894 7.48771 6.91096 7.05868 6.66479 6.46964 6.10666 6.09184 8.50444 6.94954 6.51654 6.02049
threshold=0.061769910156726844 1.0000000180025095e-35 0.23654867708683017 0.015309734269976618 0.67185840010643016 0.00026548672030912718 0.12566372007131579 0.52959111332893383 0.22863636910915378 0.4708049893379212 0.3369396179914475 0.51078385114669811 0.10620300844311716 0 0.15415929257869723 0.57738095521926891 0.026376795955002311 0.037058494985103614 0.38491770625114446 0.32274959981441503 0.32745453715324407 0.050075225532054908 0.56470659375190746 0.32302914559841162 0.0038873942103236918 0.0245190653949976 0.020442989654839042 0.9595918357372285 0.026599923148751262 0.29185217618942266
decision_type=2 2 2 2 2 2 2 2 2 2 2 2 2 1 2 2 2 2 2 2 2 2 2 2 2 2 2 2 2 2
left_child=1 13 6 5 25 -3 18 8 -5 -10 -8 -11 -13 -1 16 -7 -12 24 20 -20 21 -2 -21 -14 -18 26 -4 28 -27 -30
right_child=2 3 4 7 -6 15 10 -9 9 11 14 12 23 -15 -16 -17 17 -19 19 22 -22 -23 -24 -25 -26 27 -28 -29 29 -31
leaf_value=0.0062017012497653512 -0.013381809607267849 -0.055882960660231573 0.040876404690605508 -0.040631594770854672 0.070227918340285342 -0.042119013325220722 0.012950767432234556 0.0044301509937703203 -0.027627244953846292 -0.020667636198612289 0.0071229105994467627 -0.018112204502137373 0.00082039440082969572 0.017601028604189491 0.034306201469957762 -0.02422038848518716 0.02122034122854119 0.022919409084715296 0.028264763575664362 0.0012792146349198136 0.010368195538323995 0.0082606657533212721 0.024051437659646652 0.038666329530657483 0.061416572628317248 0.076614438762396889 -0.0109140085153967 0.050335242930513703 0.035186890458683943 0.052577774820299329
leaf_weight=740.2474619448185 71.232045531272888 702.13817413896322 21.226951166987419 176.13574275374413 455.41445155441761 788.02040226757526 202.25276769697666 87.332637384533882 503.96591119468212 274.26925633102655 60.267872735857964 72.104707479476929 77.760412380099297 225.18665511906147 259.24897827208042 74.402482949197292 16.589435294270515 362.47219406068325 92.374662548303604 86.878675535321236 462.04737743735313 79.563333436846733 51.37438203394413 13.17254191637039 23.955849185585976 11.704822078347204 12.35544368624687 259.17480953037739 296.92430573701859 62.219850555062294
leaf_count=4325 444 6865 94 1521 1827 6959 1117 550 3919 2058 309 532 500 1241 1226 595 84 1835 499 484 2664 481 271 80 119 52 55 1111 1338 270
internal_value=-0.00026578 -0.0248448 0.0315256 -0.0365993 0.0539966 -0.047456 0.0173 -0.0224931 -0.024602 -0.0215932 0.0239104 -0.0146232 -0.0044178 0.00886731 0.0269691 -0.0405837 0.022846 0.0251825 0.0100445 0.0172197 0.00733373 -0.00193167 0.00978871 0.00639413 0.0451856 0.0428411 0.0216977 0.0439566 0.0394729 0.0382275
internal_weight=6622.01 3734.74 2887.28 2769.3 1119.02 1564.56 1768.26 1204.74 1117.41 941.273 924.787 437.307 163.038 965.434 722.534 862.423 463.285 403.017 843.47 230.628 612.843 150.795 138.253 90.933 40.5453 663.606 33.5824 630.024 370.849 359.144
internal_count=43425 29145 14280 23579 4747 14419 9533 9160 8610 7089 4690 3170 1112 5566 3573 7554 2347 2038 4843 1254 3589 925 755 580 203 2920 149 2771 1660 1608
cat_boundaries=0 1
cat_threshold=2
is_linear=0
shrinkage=0.05


Tree=12
num_leaves=31
num_cat=0
split_feature=7 7 7 7 7 7 7 4 7 5 4 4 4 6 4 6 3 4 6 4 1 3 7 4 6 3 3 1 4 3
split_gain=1876.88 556.086 330.089 166.604 75.1294 36.645 29.9192 26.0505 22.87 12.5116 10.8405 8.34359 7.77117 8.23063 7.5684 7.93019 6.11586 6.1196 6.04115 5.67572 7.19019 6.01341 5.63014 5.96997 5.88809 5.83097 5.519 5.39924 5.25896 5.16863
threshold=0.061769910156726844 1.0000000180025095e-35 0.23654867708683017 0.015309734269976618 0.67185840010643016 0.00026548672030912718 0.12566372007131579 0.22863636910915378 0.02008849568665028 0.52959111332893383 0.3369396179914475 0.57738095521926891 0.37838028371334081 0.049339246004819877 0.42875768244266516 0.02547288499772549 0.32562056183815008 0.19897611439228061 0.27909746766090399 0.19515224546194079 0.83503401279449474 1.0000000180025095e-35 0.10530973598361017 0.37014016509056097 0.21643934398889544 0.36140660941600805 0.047631235793232925 0.9595918357372285 0.49412102997303015 0.07458051294088365
decision_type=2 2 2 2 2 2 2 2 2 2 2 2 2 2 2 2 2 2 2 2 2 2 2 2 2 2 2 2 2 2
left_child=1 -1 6 5 27 -3 16 -5 -9 12 19 -7 -10 -14 15 26 17 -2 -17 20 21 -8 23 24 -18 -25 -12 28 -4 -15
right_child=2 3 4 7 -6 11 10 8 9 -11 14 -13 13 29 -16 18 22 -19 -20 -21 -22 -23 -24 25 -26 -27 -28 -29 -30 -31
leaf_value=0.0083826001670541366 -0.0086211635695455386 -0.055498618713624805 0.032845816907412298 -0.039805343234443485 0.066541074685072643 -0.041321040821953668 0.017554767764456108 -0.029400539045545567 -0.024254672611835275 0.0041974396209202855 0.024489303814164854 -0.02341993253634329 -0.022573503523863878 -0.011901939703531712 0.021015743567498458 0.036957287765460978 0.059152302971139326 0.0090117149590207835 0.01508803985147108 0.0024318227499380038 0.027772217993031725 -0.023557905049334901 0.0024688122295781524 0.009010441707908514 0.012187954387539847 0.049958951353912533 -0.021020546696810038 0.045649729507957218 0.046239379181605603 0.0026788382794543475
leaf_weight=970.08398388326168 52.731829687952995 672.40345414727926 291.89753226935863 170.93736777454615 456.58493833243847 763.69995561987162 22.079747378826141 333.87253925204277 193.43078657239676 87.565155953168869 15.859127297997476 73.134417608380318 126.14312759041786 183.81337757408619 429.02008672058582 236.95031280815601 21.117195546627048 671.07527130842209 37.604280859231949 86.468929633498192 80.331142768263817 14.732167825102804 34.594967320561409 47.417559504508972 10.258208170533178 10.714603081345556 11.261561229825018 276.98825612664223 102.73791445791721 89.989095523953438
leaf_count=5566 341 6865 1300 1521 1827 6959 131 2764 1478 550 80 595 972 1283 2131 1115 116 3814 192 487 415 84 193 262 58 59 55 1174 446 592
internal_value=-0.000269365 -0.0240745 0.0297063 -0.0357594 0.0508712 -0.0467816 0.0163032 -0.0217233 -0.0186689 -0.0133962 0.0224785 -0.0397655 -0.0160013 -0.011992 0.0253284 0.031436 0.00949088 0.00771918 0.0339868 0.0122193 0.019393 0.000946727 0.0197692 0.0263899 0.0440436 0.0167165 0.00540037 0.0402026 0.0363561 -0.00709228
internal_weight=6575.5 3665.07 2910.43 2694.99 1128.21 1509.24 1782.22 1185.75 1014.81 680.942 934.307 836.834 593.376 399.946 730.695 301.675 847.91 723.807 274.555 203.612 117.143 36.8119 124.103 89.5076 31.3754 58.1322 27.1207 671.624 394.635 273.802
internal_count=43425 29145 14280 23579 4747 14419 9533 9160 7639 4875 4690 7554 4325 2847 3573 1442 4843 4155 1307 1117 630 215 688 495 174 321 135 2920 1746 1875
is_linear=0
shrinkage=0.05


Tree=13
num_leaves=31
num_cat=1
split_feature=7 7 7 7 7 7 7 4 7 5 4 4 4 12 4 3 5 4 5 3 6 6 6 6 1 6 6 7 1 5
split_gain=1703.07 522.124 296.32 163.655 70.2964 37.3425 26.5016 25.0378 21.6205 11.4967 9.76848 8.96083 8.1892 7.89911 7.40068 6.92804 5.69167 6.45792 6.19022 12.0563 6.13807 5.38099 5.29739 7.48487 5.57608 5.62712 5.50143 5.20642 5.14348 5.20558
threshold=0.061769910156726844 1.0000000180025095e-35 0.23654867708683017 0.015309734269976618 0.67185840010643016 0.00026548672030912718 0.12566372007131579 0.22863636910915378 0.02008849568665028 0.52959111332893383 0.34656305611133581 0.42875768244266516 0.57738095521926891 0 0.53744271397590648 0.027973395772278312 0.38491770625114446 0.32274959981441503 0.0045724031515419492 0.36874498426914221 0.035331947728991515 0.28300000727176672 0.0245190653949976 0.020442989654839042 0.9595918357372285 0.051505981013178832 0.026599923148751262 0.10530973598361017 0.73401361703872692 0.0070703725796192893
decision_type=2 2 2 2 2 2 2 2 2 2 2 2 2 1 2 2 2 2 2 2 2 2 2 2 2 2 2 2 2 2
left_child=1 13 6 5 22 -3 16 -5 -9 14 -8 21 -7 -1 -10 -16 18 -18 -2 -20 27 28 23 -4 26 -26 -24 -19 29 -12
right_child=2 3 4 7 -6 12 10 8 9 -11 11 -13 -14 -15 15 -17 17 20 19 -21 -22 -23 24 -25 25 -27 -28 -29 -30 -31
leaf_value=0.0054251901677739743 0.010985368614017674 -0.055134335916689314 0.035967351814895514 -0.038985949896977914 0.063203878858749146 -0.040529239809702917 0.012643255069766452 -0.028546141120375942 -0.019120605475083388 0.0039775450292323135 0.0028031194580481929 0.019778837635196576 -0.022635957928165019 0.016075495274872256 -0.018836015178564518 0.0011034871852869845 0.025768316366874922 0.0070284779746870828 -0.001227322146724631 0.050864532894836945 0.013399917328786684 0.0020888175501158281 0.068394378278252274 -0.012279432061530839 0.056282385937872319 0.039750771513820782 0.033695201813228562 -0.040396305713069604 0.037125573048466018 0.035056969882037263
leaf_weight=746.30797803401947 338.93692123889923 643.72970201075077 21.726781323552132 165.93376909196377 456.65716472268105 740.28961827605963 250.60051067173481 326.85621649026871 406.62331985682249 87.785523772239685 25.539160370826721 432.95859648287296 71.91894693672657 228.24329115450382 72.517509922385216 107.77733324468136 94.205872043967247 12.257025837898256 267.95889042317867 11.483928948640822 116.73217798769474 14.927856951951979 12.105223789811133 12.465304419398306 74.958785638213158 190.15243729948997 367.33990123867989 10.587356328964232 193.83821937441826 25.165210708975792
leaf_count=4325 1923 6865 94 1521 1827 6959 1357 2764 3042 550 123 2131 595 1241 540 743 499 67 1603 63 628 77 52 55 313 798 1608 60 882 120
internal_value=-0.000271868 -0.0233199 0.028023 -0.0349289 0.048016 -0.0461147 0.0153733 -0.0209725 -0.0179795 -0.0128497 0.021152 0.024222 -0.038954 0.00792605 -0.0153753 -0.00689478 0.00897075 0.0156308 0.00644267 0.000912978 0.00873921 0.0316063 0.0377826 0.0182478 0.0388081 0.0444633 0.0348331 -0.0148132 0.0333861 0.018947
internal_weight=6528.58 3597.98 2930.6 2623.43 1135.41 1455.94 1795.19 1167.49 1001.56 674.704 943.03 692.429 812.209 974.551 586.918 180.295 852.162 233.782 618.38 279.443 139.577 259.47 678.748 34.1921 644.556 265.111 379.445 22.8444 244.543 50.7044
internal_count=43425 29145 14280 23579 4747 14419 9533 9160 7639 4875 4690 3333 7554 5566 4325 1283 4843 1254 3589 1666 755 1202 2920 149 2771 1111 1660 127 1125 243
cat_boundaries=0 1
cat_threshold=2
is_linear=0
shrinkage=0.05


Tree=14
num_leaves=31
num_cat=0
split_feature=7 7 7 7 7 7 1 7 4 5 8 1 1 1 4 5 6 4 7 4 7 3 5 5 6 6 1 1 3 4
split_gain=1546.26 489.995 266.843 160.659 66.0064 38.0495 24.0693 23.5179 14.2128 11.2486 10.5437 9.16221 10.2775 9.98379 8.31 9.7438 8.6176 8.03063 6.8808 6.38584 5.10282 5.09614 5.47226 5.35471 6.45097 5.30141 9.94016 5.62329 5.13967 5.06485
threshold=0.061769910156726844 1.0000000180025095e-35 0.23654867708683017 0.015309734269976618 0.67185840010643016 0.00026548672030912718 0.4708049893379212 0.12566372007131579 0.33923077583312994 0.52959111332893383 0.65337747335433971 0.81165540218353283 0.39736843109130865 0.57518798112869274 0.51078385114669811 0.52959111332893383 0.10620300844311716 0.57738095521926891 0.03823008947074414 0.38961258530616766 0.15415929257869723 0.32562056183815008 0.48266786336898809 0.0060894216876477012 0.088810019195079817 0.048849564045667655 0.5178799331188203 0.81605800986289989 0.051407666876912124 0.36456401646137243
decision_type=2 2 2 2 2 2 2 2 2 2 2 2 2 2 2 2 2 2 2 2 2 2 2 2 2 2 2 2 2 2
left_child=1 -1 7 5 -4 -3 8 21 18 -10 14 12 20 -14 15 -8 -16 -7 -5 -17 -9 22 23 -2 -25 26 -24 -27 -26 -30
right_child=2 3 4 6 -6 17 10 11 9 -11 -12 -13 13 -15 16 19 -18 -19 -20 -21 -22 -23 25 24 28 27 -28 -29 29 -31
leaf_value=0.0074972079007346419 0.0090621602183686024 -0.054788523937188263 0.035559378448102148 -0.042120216677938888 0.060160967782835695 -0.039742691292711574 -0.019257569294460389 0.015270146039219787 -0.023152324738088821 0.027959212285359886 -0.054419082790166141 0.023165560254105346 -0.021421030086646402 0.010058331959387226 -0.015208875216597265 0.01401604098002057 0.0084799413096098911 -0.021868494691595564 -0.015851735634933747 -0.01650133755450766 0.035829585717281703 0.017780066047513747 0.041168667562388156 0.0071607846581867507 -0.01649740112874323 0.01316311266709945 -0.011332710637766792 0.038067575604429194 -0.018570915934020393 0.014363956979681933
leaf_weight=978.68757759034634 314.48205304145813 616.10239163041115 685.00192078948021 169.43727118521929 455.79074750840664 717.77167104929686 319.51558408141136 89.565964818000793 379.23858721554279 10.910117596387861 14.783608719706534 662.92903062701225 31.716574653983116 120.01620432734489 68.059024795889854 41.028426960110664 87.63701519370079 70.754444755613804 30.182669907808304 29.253237903118134 46.880396038293839 126.23316510021687 11.881894260644911 133.50406333804131 79.030247300863266 66.672502487897873 36.220960378646851 35.20548951625824 17.1502425968647 35.70209427177906
leaf_count=5566 1782 6865 2920 1502 1827 6959 2603 467 3109 67 123 3213 163 619 519 257 563 595 236 181 228 688 62 787 477 347 202 181 107 210
internal_value=-0.000273015 -0.0225808 0.0264626 -0.0341054 0.0453975 -0.0454539 -0.0202376 0.0145053 -0.0272954 -0.0217034 -0.0127959 0.0199205 0.0124328 0.00343552 -0.0116489 -0.0155501 -0.00184611 -0.0381482 -0.0381834 0.0012374 0.0223917 0.00848157 0.00686425 0.00464847 -0.000564347 0.015389 0.00159044 0.0218471 -0.00842184 0.00356749
internal_weight=6481.35 3533.36 2947.98 2554.67 1140.79 1404.63 1150.05 1807.19 589.769 390.149 560.277 951.108 288.179 151.733 545.493 389.797 155.696 788.526 199.62 70.2817 136.446 856.083 729.85 579.869 265.387 149.981 48.1029 101.878 131.883 52.8523
internal_count=43425 29145 14280 23579 4747 14419 9160 9533 4914 3176 4246 4690 1477 782 4123 3041 1082 7554 1738 438 695 4843 4155 3363 1581 792 264 528 794 317
is_linear=0
shrinkage=0.05


Tree=15
num_leaves=31
num_cat=0
split_feature=7 7 7 7 7 7 7 7 4 1 1 3 5 3 5 5 6 7 1 4 6 4 6 4 6 5 3 1 1 1
split_gain=1404.41 459.659 241.046 157.885 55.9017 32.4504 27.5117 22.6376 17.0145 15.8982 10.4665 12.8202 9.73447 9.45828 8.86565 8.06177 7.92512 7.74412 34.0663 7.62709 7.48435 9.28244 7.3692 7.09196 7.29624 6.96715 6.65073 6.38147 5.83223 5.19298
threshold=0.061769910156726844 1.0000000180025095e-35 0.31805309653282171 0.013362831901758911 0.17752212285995486 0.00026548672030912718 0.022035398520529274 0.67185840010643016 0.22863636910915378 0.81165540218353283 0.90692642331123363 0.0093764648772776144 0.51541250944137584 0.36140660941600805 0.52959111332893383 0.50488919019699108 0.049339246004819877 0.0012389380135573449 0.030612244270741943 0.56966492533683788 0.077046748250722899 0.26999843120574957 0.22477751225233081 0.51542207598686229 0.18463078141212466 0.4275322705507279 0.070531357079744353 0.93142634630203258 0.5178799331188203 0.79057019948959362
decision_type=2 2 2 2 2 2 2 2 2 2 2 2 2 2 2 2 2 2 2 2 2 2 2 2 2 2 2 2 2 2
left_child=1 -1 4 5 9 -3 19 -4 -8 13 11 25 -11 15 16 20 -10 18 -7 -5 29 -22 -17 24 -18 28 -25 -14 -6 -2
right_child=2 3 7 6 10 17 8 -9 14 12 -12 -13 27 -15 -16 22 23 -19 -20 -21 21 -23 -24 26 -26 -27 -28 -29 -30 -31
leaf_value=0.0070927214420964634 0.01246432816340573 -0.05445970836981881 0.038288537079464682 -0.03098897973027126 0.029177801418892171 0.091042458529783779 -0.034872511152189783 0.057368105109647731 -0.02254470888372323 0.015864443697797645 0.033977379187489345 0.0045654650151123067 0.044274492656014644 0.044133214644225705 0.0035939666951995083 0.0098280748509421943 0 -0.039095574286892719 -0.055808558230898246 -0.012300815501169765 -0.014364384665469802 0.0043824161625075396 0.03811474569994186 -0.0095707075171626542 -0.02125730763108229 -0.0016737811457208285 0.01216671572727048 0.003891020731520976 0.059901716008429168 -0.0070845316252979382
leaf_weight=982.67580460011959 329.06815131008625 589.50433719903231 241.15740512311459 501.25931659340858 81.521791413426399 5.9328720942139652 85.522654816508293 454.12605580687523 165.52913831174374 672.6545312255621 440.39773245155811 80.34852109849453 50.940098822116852 17.433063983917236 88.165041744709015 62.966782182455063 56.229058586061001 632.48088902235031 11.316134765744208 62.516244634985924 82.447858512401581 329.46988543868065 36.928678393363953 87.171669632196426 144.15519241988659 14.30032531917095 58.814080357551575 12.470894515514372 19.725078195333481 37.476482883095741
leaf_count=5566 1835 6865 1019 4556 364 49 830 1827 1334 3449 1882 363 240 92 550 318 420 6282 109 496 485 1814 178 609 1110 64 369 56 88 206
internal_value=-0.000273903 -0.0218571 0.0250061 -0.0332903 0.0171061 -0.0459389 -0.0207376 0.0507641 -0.0139918 0.0121981 0.0296817 0.0199866 0.0176476 0.00771318 -0.0110022 0.0069797 -0.0135261 -0.038193 -0.00477667 -0.0289281 0.00525354 0.000615418 0.0203626 -0.00919646 -0.0153021 0.0306536 -0.000776672 0.0364297 0.035266 0.0104506
internal_weight=6434.71 3471.27 2963.43 2488.6 2268.15 1239.23 1249.36 695.283 685.587 1631.86 636.293 195.896 736.066 895.791 600.064 878.358 511.899 649.73 17.249 563.776 778.462 411.918 99.8955 346.37 200.384 115.547 145.986 63.411 101.247 366.545
internal_count=43425 29145 14280 23579 11434 13305 10274 2846 5222 8673 2761 879 3745 4928 4392 4836 3842 6440 158 5052 4340 2299 496 2508 1530 516 978 296 452 2041
is_linear=0
shrinkage=0.05


Tree=16
num_leaves=31
num_cat=2
split_feature=7 7 7 7 7 7 7 7 4 5 3 4 1 3 6 5 10 7 1 6 4 12 12 4 6 5 6 7 4 6
split_gain=1276.12 431.018 219.498 155.024 49.9171 33.1113 26.082 21.877 16.1138 14.7237 11.7128 9.82997 9.29926 11.3728 8.40131 8.12741 7.58654 7.41977 30.2061 7.39135 7.28491 6.97692 6.93947 6.51707 6.75907 6.47618 6.22724 6.22317 5.34612 4.91208
threshold=0.061769910156726844 1.0000000180025095e-35 0.31805309653282171 0.013362831901758911 0.17752212285995486 0.00026548672030912718 0.022035398520529274 0.67185840010643016 0.22863636910915378 0.45527841150760656 0.32562056183815008 0.32274959981441503 0.90692642331123363 0.0093764648772776144 0.035331947728991515 0.52959111332893383 0.217440240085125 0.0012389380135573449 0.030612244270741943 0.049339246004819877 0.56966492533683788 0 1 0.51542207598686229 0.18463078141212466 0.46868900954723364 0.038596967235207565 0.28300885856151586 0.32274959981441503 0.025218237191438678
decision_type=2 2 2 2 2 2 2 2 2 2 2 2 2 2 2 2 2 2 2 2 2 1 1 2 2 2 2 2 2 2
left_child=1 21 4 5 9 -3 20 22 -8 10 11 -2 13 27 16 19 -11 18 -7 -10 -5 -1 -4 24 -21 -25 -16 -6 -18 -14
right_child=2 3 7 6 12 17 8 -9 15 14 -12 -13 29 -15 26 -17 28 -19 -20 23 -22 -23 -24 25 -26 -27 -28 -29 -30 -31
leaf_value=0.0043703533508480333 -0.002455021942828301 -0.054146540341806694 0.040000354596542498 -0.030150769834072107 0.036426620563020089 0.081129590715208852 -0.034055580681767027 0.054789522986962672 -0.021773348957510621 0.037142454883598644 0.019002878044199669 0.0092092175909364912 0.0095301320487581487 0.0043308875906491644 0.056447302359291351 0.0034069937468458817 0.015082926312924206 -0.038315654793170957 -0.055406129350929978 0 -0.011790771236727698 0.014306129407353605 0.017547192397795786 0.0018878174128439892 -0.020503310452361825 -0.042422155530474619 0.021813888065785783 0.010942298360112322 -0.015715845499484873 0.033274975708466041
leaf_weight=754.61584366858006 234.57710422575474 563.91569320112467 200.26600949466228 489.734498873353 81.674038290977478 6.3261387199163464 83.256068252027035 451.78657959401608 162.89545597881079 14.168821379542349 230.59812131524086 775.77825903892517 23.706198036670685 80.467761963605881 13.700236707925795 88.353812217712402 23.142990455031395 613.57334068417549 10.84115310013294 56.229058586061001 61.977911420166492 231.82993617653847 42.874452441930771 137.20532767474651 142.04210222512484 8.6688139736652357 313.44718582928181 34.935579389333725 35.451473295688629 420.15373967587948
leaf_count=4325 1345 6865 840 4556 361 49 830 1827 1334 65 1176 4157 101 363 68 550 124 6282 109 420 496 1241 179 918 1110 60 1553 155 185 1781
internal_value=-0.000273802 -0.0211492 0.0236486 -0.0324843 0.0161512 -0.0453169 -0.0200174 0.0482534 -0.0134362 0.0115228 0.00882558 0.00649617 0.0279888 0.0188716 0.0198757 -0.0105393 0.0044169 -0.0374075 -0.00462475 -0.0129796 -0.0280998 0.0067117 0.0360704 -0.00879759 -0.0146984 -0.000738381 0.0232963 0.0288504 -0.00346113 0.0320205
internal_weight=6388.19 3411.47 2976.73 2425.02 2281.8 1194.66 1230.36 694.927 678.651 1640.86 1240.95 1010.36 640.937 197.077 399.911 595.395 72.7633 630.741 17.1673 507.041 551.712 986.446 243.14 344.145 198.271 145.874 327.147 116.61 58.5945 443.86
internal_count=43425 29145 14280 23579 11434 13305 10274 2846 5222 8673 6678 5502 2761 879 1995 4392 374 6440 158 3842 5052 5566 1019 2508 1530 978 1621 516 309 1882
cat_boundaries=0 1 2
cat_threshold=2 2
is_linear=0
shrinkage=0.05


Tree=17
num_leaves=31
num_cat=0
split_feature=7 7 7 7 7 7 7 7 4 1 1 3 5 4 3 6 1 1 5 7 1 4 5 4 4 6 3 6 1 5
split_gain=1159.93 403.938 200.287 152.078 44.6581 33.7676 24.698 21.1395 15.2449 13.6994 8.28039 10.1089 8.21386 8.08904 8.00774 7.49732 7.26505 14.144 8.86268 7.09709 26.9975 6.94977 6.22121 6.59315 5.88654 5.77564 6.44714 6.79511 5.76198 5.74399
threshold=0.061769910156726844 1.0000000180025095e-35 0.31805309653282171 0.013362831901758911 0.17752212285995486 0.00026548672030912718 0.022035398520529274 0.67185840010643016 0.22863636910915378 0.81165540218353283 0.90692642331123363 0.0093764648772776144 0.38491770625114446 0.3369396179914475 0.36140660941600805 0.034470714628696449 0.36939570307731634 0.57518798112869274 0.45527841150760656 0.0012389380135573449 0.030612244270741943 0.56966492533683788 0.52959111332893383 0.37838028371334081 0.28013147413730627 0.25324466824531561 1.0000000180025095e-35 0.044264031574130065 0.88165265321731578 0.4275322705507279
decision_type=2 2 2 2 2 2 2 2 2 2 2 2 2 2 2 2 2 2 2 2 2 2 2 2 2 2 2 2 2 2
left_child=1 -1 4 5 9 -3 21 -4 -8 14 11 29 13 24 16 -10 18 25 -2 20 -7 -5 23 -17 28 26 27 -18 -11 -6
right_child=2 3 7 6 10 19 8 -9 15 12 -12 -13 -14 -15 -16 22 17 -19 -20 -21 -22 -23 -24 -25 -26 -27 -28 -29 -30 -31
leaf_value=0.0063532617560354086 0.0081931124906251852 -0.053847768475920134 0.034020248590556794 -0.029322287332681919 0.031302087645041415 0.072933763685403386 -0.033244404083132194 0.052396050244823279 -0.021089778380344329 0.015149788232111092 0.030206982271390095 0.0041087188031935879 0.024357106418914941 0.016257497246113289 0.039746374089020257 -0.019416873506952662 0.035058092289323904 0.0055428418920861816 0.031024535856252103 -0.037539154742311648 -0.055023895785796396 -0.011298144053166693 0.0057323065414591722 -0.0053523584788689538 -0.02873525302557613 -0.05417299223032486 -0.033473536863615386 -0.018292278291593547 -0.0063174365085248724 -0.0021283388382897276
leaf_weight=989.92262272536755 187.05306361615658 539.31482393294573 244.87079204618931 478.68071489036083 103.22192125022411 6.6864352673292187 81.081469476222992 448.8808898627758 123.09237811714411 70.525327131152153 446.91409668326378 80.58035571873188 208.58495119214058 397.28133773803711 17.965052798390388 121.77569334208965 10.362218052148821 588.25563894212246 55.385083362460136 595.41878981888294 10.382926486432551 61.464065402746201 77.260510474443436 268.82432090491056 13.686498269438742 10.549925833940504 20.394304037094116 13.712117686867712 55.60455159842968 14.343242868781088
leaf_count=5566 1024 6865 1019 4556 452 49 830 1827 1005 385 1882 363 1008 1983 92 985 58 3235 276 6282 109 496 480 1922 75 61 107 75 294 64
internal_value=-0.000272817 -0.0204568 0.0223799 -0.0316855 0.0152574 -0.0446986 -0.0193139 0.0459231 -0.0128982 0.0108887 0.0264166 0.0178311 0.0159098 0.0126161 0.00673852 -0.010093 0.00605896 0.00326767 0.0134402 -0.0366268 -0.00447607 -0.027283 -0.00718516 -0.00975384 0.00222912 -0.0209335 -0.0128316 0.0045143 0.00564881 0.0271827
internal_weight=6342.08 3353.9 2988.17 2363.98 2294.42 1151.8 1212.18 693.752 672.034 1649.36 645.06 198.146 745.683 537.098 903.677 590.953 885.712 643.274 242.438 612.488 17.0694 540.145 467.861 390.6 139.816 55.0186 44.4686 24.0743 126.13 117.565
internal_count=43425 29145 14280 23579 11434 13305 10274 2846 5222 8673 2761 879 3745 2737 4928 4392 4836 3536 1300 6440 158 5052 3387 2907 754 301 240 133 679 516
is_linear=0
shrinkage=0.05


Tree=18
num_leaves=31
num_cat=2
split_feature=7 7 7 7 7 7 7 7 4 1 5 1 3 3 6 7 1 4 1 1 5 12 12 5 4 1 1 6 3 6
split_gain=1054.51 378.344 183.07 149.058 40.0063 34.4162 23.3661 20.4198 14.41 12.1955 7.46009 7.38978 8.99535 7.05259 6.95931 6.77764 24.2862 6.62189 6.49004 12.8712 7.81724 6.19869 6.1062 5.6618 6.25512 6.16599 5.52056 5.48979 5.93975 6.06886
threshold=0.061769910156726844 1.0000000180025095e-35 0.31805309653282171 0.013362831901758911 0.17752212285995486 0.00026548672030912718 0.022035398520529274 0.67185840010643016 0.22863636910915378 0.81165540218353283 0.51541250944137584 0.90692642331123363 0.0093764648772776144 0.36140660941600805 0.034470714628696449 0.0012389380135573449 0.030612244270741943 0.56966492533683788 0.36939570307731634 0.57518798112869274 0.45527841150760656 0 1 0.52959111332893383 0.51542207598686229 0.4708049893379212 0.93142634630203258 0.25324466824531561 1.0000000180025095e-35 0.044264031574130065
decision_type=2 2 2 2 2 2 2 2 2 2 2 2 2 2 2 2 2 2 2 2 2 1 1 2 2 2 2 2 2 2
left_child=1 21 4 5 9 -3 17 22 -8 13 -11 12 -6 18 -10 16 -7 -5 20 27 -2 -1 -4 24 -16 -26 -12 28 29 -20
right_child=2 3 7 6 11 15 8 -9 14 10 26 -13 -14 -15 23 -17 -18 -19 19 -21 -22 -23 -24 -25 25 -27 -28 -29 -30 -31
leaf_value=0.0038102201615628495 0.0077504899214684278 -0.053562233290211106 0.035770588345913568 -0.028503601127932061 0.025628138431725751 0.066035172438453707 -0.032438887421517397 0.050163636322635721 -0.020347214362289152 0.013455806757381325 0.038344757288938727 0.028519188008559918 0.0038982633625307527 0.037075639692573971 -0.014713438754629396 -0.036765635689118836 -0.054660198118048432 -0.010822607474630921 0.032706529841352631 0.0052504137309936309 0.029078456560581091 0.013132261155010455 0.014821384232533961 0.0054271395174242676 -0.015067439347150628 0.0053321708178379716 0.0011745021893869799 -0.05309575169724319 -0.032331697899205973 -0.017552206407633816
leaf_weight=759.06143374741077 187.83377468585968 515.67840579897165 203.08783558011055 468.08405395597219 118.43119870126247 7.0170534402132061 78.996191464364529 445.50448988378048 121.25664361566305 685.37740167975426 52.598544403910637 449.62804733216763 80.686703935265541 18.294552013278008 225.81310991197824 577.99698325991631 9.9412489384412748 60.973708622157574 10.553934901952745 589.92970030009747 56.124077588319778 234.23168444633484 43.283058047294617 77.523301884531975 56.931557968258858 105.23830078542233 12.678963094949721 10.235808253288267 20.070721715688705 13.583332121372221
leaf_count=4325 1024 6865 840 4556 516 49 830 1827 1005 3449 240 1882 363 92 1788 6282 109 496 58 3235 276 1241 179 480 438 681 56 61 107 75
internal_value=-0.000271525 -0.0197783 0.0211911 -0.0308931 0.0144188 -0.0440828 -0.0186258 0.0437505 -0.0123756 0.0102922 0.0150107 0.0249497 0.0168542 0.00637868 -0.00966085 -0.0358504 -0.00433108 -0.0264778 0.00573677 0.00309592 0.0126875 0.00601461 0.032118 -0.00686272 -0.00933202 -0.0018034 0.0312144 -0.0201244 -0.0122748 0.00426123
internal_weight=6296.65 3298.74 2997.9 2305.45 2306.03 1110.63 1194.82 691.875 665.759 1657.28 750.655 648.746 199.118 906.626 586.763 594.955 16.9583 529.058 888.331 644.373 243.958 993.293 246.371 465.506 387.983 162.17 65.2775 54.4438 44.208 24.1373
internal_count=43425 29145 14280 23579 11434 13305 10274 2846 5222 8673 3745 2761 879 4928 4392 6440 158 5052 4836 3536 1300 5566 1019 3387 2907 1119 296 301 240 133
cat_boundaries=0 1 2
cat_threshold=2 2
is_linear=0
shrinkage=0.05


Tree=19
num_leaves=31
num_cat=0
split_feature=7 7 7 7 7 7 1 7 4 5 8 5 3 4 4 6 1 7 1 3 7 10 3 5 8 6 4 4 3 1
split_gain=958.907 354.174 167.563 145.945 35.8804 32.2055 25.0788 19.7066 14.2072 11.0522 9.92532 9.52608 9.49066 8.53771 7.90442 7.43893 7.142 56.3083 6.6068 8.01482 6.53294 6.47079 6.0283 6.21256 11.8386 6.66904 6.61408 6.1192 5.94911 6.39652
threshold=0.061769910156726844 1.0000000180025095e-35 0.31805309653282171 0.01212389348074794 0.17752212285995486 0.00026548672030912718 0.4708049893379212 0.67185840010643016 0.33923077583312994 0.45527841150760656 0.64570158720016491 0.52959111332893383 0.32562056183815008 0.32274959981441503 0.11055555567145349 0.035331947728991515 1.0000000180025095e-35 0.0026548672467470173 0.90692642331123363 0.0093764648772776144 0.03823008947074414 0.217440240085125 1.0000000180025095e-35 0.36885663866996771 0.32670532166957861 0.22326064109802249 0.38961258530616766 0.51078385114669811 0.28643822669982916 0.44862772524356848
decision_type=2 2 2 2 2 2 2 2 2 2 2 2 2 2 2 2 2 2 2 2 2 2 2 2 2 2 2 2 2 2
left_child=1 -1 4 5 9 -3 8 -4 20 12 14 28 13 -2 -8 21 17 -7 19 -6 -5 -11 -16 27 25 26 -25 -24 -10 -30
right_child=2 3 7 6 18 16 10 -9 11 15 -12 -13 -14 -15 22 -17 -18 -19 -20 -21 -22 -23 23 24 -26 -27 -28 -29 29 -31
leaf_value=0.0056958026925817426 -0.0030145510362487621 -0.053288848187746013 0.030350320235050705 -0.038682908586657898 0.024179330124846837 0.096275137515147366 -0.035646005465861275 0.048072358609346201 -0.022673955216807266 0.032286522821874601 -0.05302931568665116 0.025404784347708494 0.016467715814123724 0.0078160547464716477 0.027424995025333965 0.020060741127572695 -0.041003817586711233 -0.03370633681301359 0.026945997736464351 0.003698870811541282 -0.012702945388036589 -0.0048088492235095369 -0.017013759735300945 0.0094195809924047871 -0.057487970384219877 0.026001397541857318 -0.015760941812719295 -0.0032815644533537519 0.025330719197975811 -0.01950222499739393
leaf_weight=996.39145241677761 236.00440393388271 492.98198994249105 247.66421630978584 193.632190361619 119.23568132519722 8.5170671269297582 27.62414662539959 441.74120365083218 402.78330332040787 14.525110349059103 13.43204704672098 11.160926729440687 235.08065585792065 785.27359339594841 11.465897075831888 334.46570047736168 279.52112301439047 241.04466285556555 452.02644926309586 80.787178486585617 28.481223054230213 59.369966268539429 243.23735631257296 57.245866604149342 8.3227623626589757 26.561079867184162 47.62505679577589 123.26820904016495 13.774296581745146 18.542673401534557
leaf_count=5566 1345 6865 1019 1972 516 62 294 1827 3734 65 125 67 1176 4157 91 1621 3127 2697 1882 363 236 309 2105 409 68 201 338 901 123 164
internal_value=-0.000269283 -0.0191156 0.0200764 -0.0301089 0.0136327 -0.044068 -0.018476 0.0417184 -0.0250169 0.00973229 -0.0106401 -0.0198404 0.00740149 0.00530829 -0.00957738 0.0168874 -0.0354585 -0.0292135 0.0235799 0.0159384 -0.0353813 0.00244897 -0.00817017 -0.00899147 0 0.00365848 -0.00197214 -0.012411 -0.0210181 -0.000219876
internal_weight=6251.79 3245.61 3006.17 2249.22 2316.77 1022.06 1227.16 689.405 668.375 1664.72 558.782 446.261 1256.36 1021.28 545.35 408.361 529.083 249.562 652.049 200.023 222.113 73.8951 517.726 506.26 139.755 131.432 104.871 366.506 435.1 32.317
internal_count=43425 29145 14280 23579 11434 12751 10828 2846 6296 8673 4532 4088 6678 5502 4407 1995 5886 2759 2761 879 2208 374 4113 4022 1016 948 747 3006 4021 287
is_linear=0
shrinkage=0.05


Tree=20
num_leaves=31
num_cat=2
split_feature=7 7 7 7 7 7 7 7 4 1 1 6 6 5 4 3 1 1 5 7 1 1 4 5 6 12 4 12 6 3
split_gain=872.131 331.364 153.525 142.991 35.5992 32.214 21.4136 19.0049 13.0213 10.5687 6.54351 6.39576 6.37263 6.22869 6.74041 6.03124 7.67178 10.2559 6.46316 5.80424 19.2415 5.58532 5.87844 8.1465 5.65545 5.51692 5.46589 5.4159 5.17617 5.49811
threshold=0.061769910156726844 1.0000000180025095e-35 0.31805309653282171 0.013362831901758911 0.00026548672030912718 0.17752212285995486 0.022035398520529274 0.67185840010643016 0.22863636910915378 0.81165540218353283 0.32542745769023901 0.025218237191438678 0.033052308484911926 0.38491770625114446 0.3369396179914475 0.32562056183815008 0.36939570307731634 0.57518798112869274 0.45527841150760656 0.0012389380135573449 0.030612244270741943 0.8989795744419099 0.43323189020156866 0.0012749712332151832 0.029046440497040752 0 0.28013147413730627 1 0.25324466824531561 1.0000000180025095e-35
decision_type=2 2 2 2 2 2 2 2 2 2 2 2 2 2 2 2 2 2 2 2 2 2 2 2 2 1 2 1 2 2
left_child=1 25 5 4 -3 9 10 27 -8 15 -5 -7 -10 14 26 16 18 28 -2 20 -6 22 -13 -24 -23 -1 -11 -4 29 -18
right_child=2 3 7 6 19 11 8 -9 12 13 -12 21 -14 -15 -16 -17 17 -19 -20 -21 -22 24 23 -25 -26 -27 -28 -29 -30 -31
leaf_value=0.003316550034237815 0.0070429556871920637 -0.053026610245953856 0.032117072701541259 -0.031080133544918506 0.052100312840797629 0.0019341145207904652 -0.030869768688895724 0.046105556677685566 -0.019269069103802491 0.0045306783533513298 -0.019613648596888782 0.0097185017916144572 -0.0060778062122218181 0.020840614854537115 0.014001690809192988 0.017398586443812352 0.0036358191840731979 0.0031511221664481193 0.026290077813302084 -0.035230445258632899 -0.054062407335473822 0.046214343082964182 -0.0031228272411250851 0.03856570751339676 0.024920314472037398 0.012074688057818273 -0.028621156805899668 0.01246899549521638 -0.052219754942411024 -0.031618350930190366
leaf_weight=762.99840398132801 189.06411631405354 471.20005339384079 205.18494023382664 237.6818018630147 7.7692191451787975 36.936256304383278 75.13672898709774 437.66461877524853 114.88243934512138 127.45564883947372 271.54409546405077 122.71588829159737 462.69026383757591 213.34539997577667 404.06959444284439 96.571593090891838 24.281739711761475 516.22496730089188 57.175193965435028 545.34458165615797 9.2055696770548803 34.614880070090294 15.148484051227568 48.402264162898064 397.17397165298462 236.40902815759182 13.661916196346281 43.598365172743797 9.9721365272998792 19.853770732879639
leaf_count=4325 1024 6865 840 2394 49 157 830 1827 977 679 2658 540 3415 1008 1983 501 133 2826 276 6282 109 144 66 209 1645 1241 75 179 61 107
internal_value=-0.000267238 -0.0184676 0.0190293 -0.029332 -0.0428647 0.0128946 -0.0172879 0.0398099 -0.0112757 0.0092059 -0.0249805 0.0222986 -0.00871316 0.0135723 0.0107156 0.0055722 0.00416547 0.000970808 0.0115412 -0.0343327 -0.00515923 0.023507 0.0161858 0.0285606 0.0266493 0.00539428 0.00126777 0.0287003 -0.0197061 -0.0121454
internal_weight=6207.98 3194.86 3013.12 2195.45 1033.52 2326.67 1161.94 686.448 652.709 1671.68 509.226 654.992 577.573 758.533 545.187 913.144 816.572 570.333 246.239 562.319 16.9748 618.055 186.267 63.5507 431.789 999.407 141.118 248.783 54.1076 44.1355
internal_count=43425 29145 14280 23579 13305 11434 10274 2846 5222 8673 5052 2761 4392 3745 2737 4928 4427 3127 1300 6440 158 2604 815 275 1789 5566 754 1019 301 240
cat_boundaries=0 1 2
cat_threshold=2 2
is_linear=0
shrinkage=0.05


Tree=21
num_leaves=31
num_cat=0
split_feature=7 7 7 7 7 7 7 4 4 6 5 7 7 7 3 5 1 1 3 6 3 8 1 4 5 6 4 3 5 6
split_gain=794.665 331.009 147.501 120.119 40.8115 33.8389 18.3022 12.8531 9.0313 8.8609 10.5158 8.27134 8.48658 7.40752 7.25396 6.88986 5.94293 7.14968 10.8023 5.90091 5.38982 5.07276 5.01434 5.22883 7.24205 5.02934 4.94151 7.36753 6.84364 6.09002
threshold=0.047610620036721236 1.0000000180025095e-35 0.31805309653282171 0.00026548672030912718 0.02008849568665028 0.13831858336925509 0.67185840010643016 0.23867116868495944 0.14093999564647677 0.025062814354896549 0.0010459065088070931 0.0012389380135573449 0.01212389348074794 0.17752212285995486 0.32562056183815008 0.45527841150760656 0.93142634630203258 0.73576799035072338 0.0093764648772776144 0.040524579584598548 0.035265678539872176 0.65337747335433971 0.8989795744419099 0.43323189020156866 0.0012749712332151832 0.026839122176170353 0.51542207598686229 0.070531357079744353 0.37005913257598883 0.10620300844311716
decision_type=2 2 2 2 2 2 2 2 2 2 2 2 2 2 2 2 2 2 2 2 2 2 2 2 2 2 2 2 2 2
left_child=1 -1 5 -3 8 14 -4 -6 -5 10 -7 -10 -13 15 -2 19 17 18 -17 -11 -14 26 23 -15 -25 -24 28 -28 -9 -29
right_child=2 3 6 4 7 9 -8 21 11 13 -12 12 20 22 -16 16 -18 -19 -20 -21 -22 -23 25 24 -26 -27 27 29 -30 -31
leaf_value=0.0051102385074292475 0.0037376793254926856 -0.052774580307313662 0.027160703634361474 -0.04149380467465795 -0.031414872165644238 -0.026930388541100071 0.044249236052899238 -0.018133330252505631 0.013657801589852376 0.023042959205912639 0.011778781218200668 -0.033537250588263998 -0.028782273400739106 0.0092071561323547168 0.014910482952277055 0.030943978346878905 -0.0049178790502371591 0.036093467253606473 -0.024395460168591277 0.0084005182625430611 -0.017173344685008012 -0.051060313609783262 0.046180640329174294 -0.0029702325508709844 0.036287230039460161 0.023775365792264129 -0.011337089579943217 -0.0090900242062664002 0.0012243177505602205 0.017625107081932014
leaf_weight=1002.1701417267323 968.09294845163822 450.30635710805655 249.73196539282799 144.57562743127346 85.677799992263317 22.73987665772438 433.33914823830128 230.66110163927078 11.620001211762427 86.112335130572319 75.250970631837845 412.10185842961073 214.90367232263088 123.05137647688389 171.45543509721756 22.59989832341671 15.204605147242544 83.21426847577095 14.245619863271711 355.55328634381294 194.37806228548288 7.5650767087936392 27.306591510772705 15.135864883661268 48.863275825977325 406.31652021408081 148.19905195385218 35.329293265938759 56.312864609062672 52.950276449322701
leaf_count=5566 5379 6865 1019 1668 969 105 1827 1979 108 415 353 4877 2249 540 877 109 67 379 72 1724 1968 60 111 66 209 1678 1150 284 417 335
internal_value=-0.000263879 -0.018425 0.0174795 -0.0299632 -0.023514 0.0117161 0.0380138 -0.0134239 -0.0298721 0.0172454 0.00272661 -0.0278443 -0.0284391 0.0184288 0.00542428 0.0143208 0.0242257 0.0279591 0.00940458 0.0112713 -0.0232867 -0.0105063 0.0222363 0.0153105 0.0269346 0.0252081 -0.00990104 -0.00451569 -0.0143183 0.00687901
internal_weight=6164.97 3046.75 3118.21 2044.58 1594.27 2435.14 683.071 616.695 977.579 1295.59 97.9908 833.004 821.384 1197.6 1139.55 576.93 135.264 120.06 36.8455 441.666 409.282 531.018 620.674 187.051 63.9991 433.623 523.453 236.479 286.974 88.2796
internal_count=43425 28495 14930 22929 16064 12084 2846 5194 10870 5828 458 9202 9094 5370 6256 2766 627 560 181 2139 4217 4225 2604 815 275 1789 4165 1769 2396 619
is_linear=0
shrinkage=0.05


Tree=22
num_leaves=31
num_cat=1
split_feature=7 7 7 7 7 7 7 4 4 6 5 7 7 7 3 5 12 3 4 1 5 7 3 1 1 3 3 3 6 3
split_gain=723.255 309.788 135.251 119.411 38.9675 30.3345 17.6092 12.1551 8.85831 7.92823 9.53633 7.73432 8.25648 6.70608 6.47303 6.117 5.53693 8.63575 5.41255 5.80833 6.38516 7.4969 5.74877 5.28577 6.29903 9.70059 5.14697 4.94171 5.25471 7.80728
threshold=0.047610620036721236 1.0000000180025095e-35 0.31805309653282171 0.00026548672030912718 0.02008849568665028 0.13831858336925509 0.67185840010643016 0.23867116868495944 0.14093999564647677 0.025062814354896549 0.0010459065088070931 0.0012389380135573449 0.01212389348074794 0.17752212285995486 0.32562056183815008 0.45527841150760656 0 0.034128241240978248 0.18724341690540316 0.89725545048713695 0.37248815596103674 0.15265487134456637 0.10057219490408899 0.93142634630203258 0.73576799035072338 0.0093764648772776144 0.035265678539872176 0.017601951956748966 0.040524579584598548 0.01202242122963071
decision_type=2 2 2 2 2 2 2 2 2 2 2 2 2 2 2 2 1 2 2 2 2 2 2 2 2 2 2 2 2 2
left_child=1 -1 5 -3 8 14 -4 -6 -5 10 -7 -10 -13 15 -2 16 17 27 -19 20 21 -20 -21 24 25 -17 -14 28 -11 -30
right_child=2 3 6 4 7 9 -8 -9 11 13 -12 12 26 -15 -16 23 -18 18 19 22 -22 -23 -24 -25 -26 -27 -28 -29 29 -31
leaf_value=0.0048413593144290062 0.0035438025557908205 -0.052531880413811342 0.025716592389236338 -0.040801636380655822 -0.030631192850739866 -0.025829500214199705 0.042491579444772609 -0.010063845376098328 0.012854343690857882 0.036141143123923754 0.011143353776153532 -0.032767834466500396 -0.02798677122436562 0.021046357953286993 0.01406719860049559 0.02905337393916382 -0.00052298045128907949 -0.010826183765550777 0.026794220075624511 -0.0087718585988056132 0.0041026647922647189 0.060691256361233958 0.022203188117819295 -0.0046804667639892914 0.033884403068885738 -0.023434176824605579 -0.016540191065481581 -0.0038102773167008456 0.0015866032353793686 0.04746264584794703
leaf_weight=1004.8709298223257 969.95951202511787 430.27420170605183 250.55142891407013 139.80043601244688 83.534013539552689 22.533253282308578 428.82117381691933 526.93949323147535 11.732263304293154 19.650645285844803 75.562368482351303 400.97742149978876 210.08849873393774 622.95922210812569 172.62201772630215 22.866410687565804 87.911084249615669 11.868553251028059 49.133737146854401 21.096819788217545 16.955672457814217 25.342740684747696 49.629550471901894 15.182701811194418 84.187814593315125 14.096460372209547 191.79872786253691 76.849714770913124 74.698281779885292 10.535365909337996
leaf_count=5566 5379 6865 1019 1668 969 105 1827 4225 108 97 353 4877 2249 2604 877 109 421 58 226 98 80 118 230 67 379 72 1968 382 377 52
internal_value=-0.000260367 -0.0177939 0.0165811 -0.0291965 -0.0227742 0.0110908 0.036317 -0.0128909 -0.0290887 0.0163129 0.00258186 -0.0270676 -0.0276587 0.0174282 0.00513915 0.0135304 0.0106586 0.0134351 0.0214036 0.0237986 0.032156 0.0384616 0.0128938 0.0228249 0.0263142 0.00889217 -0.0225419 0.00576938 0.0128331 0.00736471
internal_weight=6123.03 3000.02 3123.01 1995.15 1564.87 2443.64 679.373 610.474 954.397 1301.06 98.0956 814.597 802.865 1202.96 1142.58 580.006 443.672 355.761 174.027 162.159 91.4322 74.4765 70.7264 136.333 121.151 36.9629 401.887 181.734 104.884 85.2336
internal_count=43425 28495 14930 22929 16064 12084 2846 5194 10870 5828 458 9202 9094 5370 6256 2766 2139 1718 810 752 424 344 328 627 560 181 4217 908 526 429
cat_boundaries=0 1
cat_threshold=2
is_linear=0
shrinkage=0.05


Tree=23
num_leaves=31
num_cat=2
split_feature=7 7 7 7 7 7 7 4 1 4 7 7 4 6 1 7 6 3 8 4 1 6 3 6 8 12 3 12 6 6
split_gain=658.202 289.677 124.088 118.627 37.1967 27.4174 16.9196 11.5112 8.74836 8.67974 7.22917 8.01985 6.42713 6.22707 6.34982 8.78815 7.11883 6.00508 5.70111 7.60624 10.5964 5.45175 5.43002 5.41875 4.95965 4.90862 4.90859 4.83044 4.8148 4.5521
threshold=0.047610620036721236 1.0000000180025095e-35 0.31805309653282171 0.00026548672030912718 0.02008849568665028 0.12566372007131579 0.67185840010643016 0.25211864709854132 0.91751700639724743 0.14093999564647677 0.0012389380135573449 0.01212389348074794 0.1649659872055054 0.025218237191438678 0.88047617673873912 0.15415929257869723 0.040051745250821121 0.061836926266551025 0.33067493140697485 0.47039544582366949 0.87627550959587108 0.20337178558111194 0.0093764648772776144 0.043203210458159454 0.65337747335433971 0 0.035265678539872176 1 0.27909746766090399 0.18337896466255191
decision_type=2 2 2 2 2 2 2 2 2 2 2 2 2 2 2 2 2 2 2 2 2 2 2 2 2 1 2 1 2 2
left_child=1 25 5 -3 9 -2 27 23 12 -5 -11 -12 21 -14 16 -16 17 22 -18 -20 28 -7 -15 -6 -9 -1 -13 29 -21 -4
right_child=2 3 6 4 7 8 -8 24 -10 10 11 26 13 14 15 -17 18 -19 19 20 -22 -23 -24 -25 -26 -27 -28 -29 -30 -31
leaf_value=0.0026319126830036225 0.0040598048797316861 -0.052297665819879491 0.034900165071052522 -0.040109620296864434 -0.044542996982655583 0.0097635197117930134 0.04082254878656396 -0.0086401907684523268 0.019511626141281366 0.012105541465875225 -0.032001339635215724 -0.027199949991584989 -0.00083735996739531531 0.032562572957407686 -0.016727959181997518 0.013345170674297253 0.018447131379606865 0.047811308863996947 0.0037535851684220066 -0.00315575022904933 0.062149632059984118 -0.030169668297022046 0.0085080103180404706 -0.019556401500525677 -0.050193672099880009 0.010851765340773747 -0.015923233438157252 0.0091143764546157031 0.032823384510009372 0.01985750883056181
leaf_weight=768.48662607371807 988.30271025002003 411.07670878991485 105.71701791882515 135.22049152106047 32.937959082424641 17.256111010909081 424.15989004075527 496.34984727948904 598.0008270740509 11.838447600603102 390.32847136259079 205.47927633672953 78.65401965379715 47.94095666706562 37.933883607387543 66.940132454037666 261.08457215130329 26.565346449613571 212.71217812597752 22.858293667435646 14.036762684583662 16.527065396308899 47.426824301481247 68.18920224159956 7.2465294301509848 238.94094401597977 189.33652070909739 43.981505826115608 15.311842411756514 101.54779794812202
leaf_count=4325 5493 6865 428 1668 376 89 1827 3989 2524 108 4877 2249 383 219 180 298 1210 122 1018 105 63 88 223 769 60 1241 1968 179 69 412
internal_value=-0.000256377 -0.0171754 0.015733 -0.0284325 -0.0220431 0.0105013 0.0347112 -0.0123677 0.014848 -0.0283122 -0.0262995 -0.0268864 0.0116171 0.0124885 0.0138874 0.00241424 0.015736 0.0266616 0.0131893 0.00798366 0.025083 -0.00965601 0.0206739 -0.0277801 -0.0092579 0.00458734 -0.0218102 0.0243619 0.0111946 0.0275674
internal_weight=6082.39 2955.43 3126.96 1948 1536.93 2451.55 675.406 604.724 1463.25 932.203 796.983 785.144 865.248 831.465 752.811 104.874 647.937 121.933 526.004 264.919 52.2069 33.7832 95.3678 101.127 503.596 1007.43 394.816 251.246 38.1701 207.265
internal_count=43425 28495 14930 22929 16064 12084 2846 5194 6591 10870 9202 9094 4067 3890 3507 478 3029 564 2465 1255 237 177 442 1145 4049 5566 4217 1019 174 840
cat_boundaries=0 1 2
cat_threshold=2 2
is_linear=0
shrinkage=0.05


Tree=24
num_leaves=31
num_cat=1
split_feature=7 7 7 7 7 7 4 1 4 7 7 3 1 6 5 3 1 5 1 6 7 1 6 8 12 6 4 3 5 6
split_gain=599.023 270.685 117.722 114.379 37.5729 35.4475 10.9358 9.03854 8.49538 6.75392 7.7774 6.64344 6.52665 4.82582 4.73747 4.67494 4.61612 5.87367 5.51093 6.81916 6.71676 4.59208 4.58872 4.41932 4.39036 4.37527 4.17103 6.38183 5.37434 4.98722
threshold=0.047610620036721236 1.0000000180025095e-35 0.00026548672030912718 0.67185840010643016 0.17752212285995486 0.02008849568665028 0.23867116868495944 0.81165540218353283 0.14093999564647677 0.0012389380135573449 0.01212389348074794 0.36140660941600805 0.94519516825675975 0.36325818300247198 0.51541250944137584 0.035265678539872176 0.36939570307731634 0.45527841150760656 0.57518798112869274 0.25324466824531561 0.11283186078071596 0.87627550959587108 0.012658453080803158 0.65337747335433971 0 0.025218237191438678 0.51542207598686229 0.070531357079744353 0.37005913257598883 0.10620300844311716
decision_type=2 2 2 2 2 2 2 2 2 2 2 2 2 2 2 2 2 2 2 2 2 2 2 2 1 2 2 2 2 2
left_child=1 24 -3 4 7 8 -7 11 -4 -10 -11 16 25 23 -9 -12 17 -2 19 20 -18 -16 -17 26 -1 -6 28 -28 -8 -29
right_child=3 2 5 -5 12 6 13 14 9 10 15 -13 -14 -15 21 22 18 -19 -20 -21 -22 -23 -24 -25 -26 -27 27 29 -30 -31
leaf_value=0.0024967080056569023 0.0045560828786373594 -0.052071174273041171 -0.039417219094922851 0.039233597854411356 -0.0071438180037941418 -0.029134322022450004 -0.017150068717510496 0.0098195395321502982 0.011406802613541232 -0.031237929756193761 -0.026422087830213992 0.031689086936645315 0.023572695881256239 0.016410365410235953 0.043309240257154373 -0.041981775282126155 0.013626606874763232 0.021595606814053255 0.0025225373755100346 -0.051410007364513781 -0.022702319553906634 0.014816029063110584 -0.012956453584498076 -0.049488600064130236 0.010254759621738996 0.016161195573593478 -0.010980496195645909 -0.0078701619812963919 0.00037923672324316655 0.016876742622798487
leaf_weight=769.57424245774746 201.72142523527145 392.68669307231903 130.82989874482155 419.39809370040894 20.774703055620193 79.652945801615715 219.37808167934418 704.02050620317459 11.938906520605086 380.1384578794241 201.0688696578145 20.964394688606262 467.07226955890656 17.534460209310055 20.884345516562462 14.933785565197466 23.617097824811935 67.979510426521301 672.2574173361063 9.7253919094800931 27.156901568174362 46.836604461073875 172.05290085822344 6.9902274683117858 240.18181708455086 427.77718038856983 138.64731071144342 34.643059998750687 53.906043700873852 48.497242659330368
leaf_count=4325 1100 6865 1668 1827 90 969 1939 3449 108 4877 2249 103 1885 129 93 157 139 331 3698 61 146 203 1811 60 1241 1805 1101 284 403 309
internal_value=-0.000252067 -0.0165723 -0.0276756 0.0149324 0.0111695 -0.0213259 -0.0118636 0.0069605 -0.027543 -0.0255404 -0.0261226 0.00387149 0.0194146 -0.00920127 0.0110494 -0.0210919 0.00328165 0.00887593 0.00121485 -0.0132136 -0.00571237 0.0237276 -0.0153225 -0.0101088 0.00434783 0.0150693 -0.00953279 -0.00440216 -0.0136752 0.00650802
internal_weight=6042.84 2912.65 1902.9 3130.19 2710.79 1510.21 599.249 1795.16 910.963 780.133 768.194 1023.42 915.624 519.596 771.741 388.056 1002.46 269.701 732.757 60.4994 50.774 67.7209 186.987 502.062 1009.76 448.552 495.072 221.788 273.284 83.1403
internal_count=43425 28495 22929 14930 13103 16064 5194 9323 10870 9202 9094 5578 3780 4225 3745 4217 5475 1431 4044 346 285 296 1968 4096 5566 1895 4036 1694 2342 593
cat_boundaries=0 1
cat_threshold=2
is_linear=0
shrinkage=0.05


Tree=25
num_leaves=31
num_cat=0
split_feature=7 7 7 7 7 7 8 4 5 4 7 1 1 1 3 4 3 6 1 6 6 3 5 6 6 5 1 6 4 6
split_gain=545.177 252.807 116.671 105.899 33.8466 33.7209 15.1399 14.5144 10.1141 8.30208 8.22021 7.07109 5.94269 9.03514 7.0094 6.36247 5.66884 5.02324 8.77244 9.26756 4.84228 5.68883 5.65811 7.87629 5.57852 4.62749 4.80887 5.20543 4.77454 5.66077
threshold=0.047610620036721236 1.0000000180025095e-35 0.00026548672030912718 0.67185840010643016 0.17752212285995486 0.017256637103855613 0.6439594328403474 0.33923077583312994 0.52959111332893383 0.50996163487434398 0.12566372007131579 0.4871456921100617 0.90121948719024669 0.29864865541458135 0.023604429326951507 0.49412102997303015 0.014500059653073551 0.059072781354188926 0.5513722598552705 0.12027147412300111 0.037058494985103614 0.23570261150598529 0.0076337936334311971 0.29780831933021551 0.21946597844362262 0.45527841150760656 0.93142634630203258 0.02547288499772549 0.3369396179914475 0.17450613528490069
decision_type=2 2 2 2 2 2 2 2 2 2 2 2 2 2 2 2 2 2 2 2 2 2 2 2 2 2 2 2 2 2
left_child=1 -1 -3 4 10 9 7 8 11 -4 -2 -7 13 -6 16 -15 -14 -13 19 -19 -9 22 24 -24 -22 28 27 -27 29 -12
right_child=3 2 5 -5 12 6 -8 20 -10 -11 25 17 14 15 -16 -17 -18 18 -20 -21 21 -23 23 -25 -26 26 -28 -29 -30 -31
leaf_value=0.0041214120214084242 0.0035398800837372797 -0.051851657539623335 -0.031394839675177977 0.037717405631080038 0.021717366274296587 -0.032346086710041293 -0.050038088022877084 -0.015649981760782441 0.011328576785009405 -0.019091622057077078 0.0089184109461927352 -0.027978193800174675 0.023571223955963089 -0.00034409526097075433 0.019170090560843164 0.033336297804794954 0.052780368332996597 0.075148818673631088 -0.01951404153437776 0.00088952074449137315 0.012798897404560711 0.0094029354021470252 -0.019706819645690273 0.0085215080828249141 -0.007803673252397854 -0.0041010974797509722 -0.0086435581408684774 0.021240569284287653 0.010471642443761066 -0.011558743407790978
leaf_weight=1011.9559162557125 993.22185359895229 375.0771227106452 545.76656022667885 414.5729733556509 128.56478345394135 123.86984177678823 26.836669094860554 106.43660689890385 22.001958012580872 187.30748784542084 75.456179901957512 48.275403097271919 40.668022781610489 125.97999703884125 577.32247911393642 15.640241310000418 29.604000315070152 5.2059763595461872 50.096822038292885 20.88545884937048 55.946287401020527 68.816268980503082 112.47325254976749 31.320301428437233 79.210229650139809 22.325069531798363 17.349873483181 187.35392342507839 443.60937328636646 60.880618751049042
leaf_count=5566 5493 6865 6969 1827 538 1357 289 991 148 2189 394 511 165 545 2348 64 120 50 502 215 501 517 955 233 637 109 76 852 2077 322
internal_value=-0.000247822 -0.015985 -0.0269293 0.0141763 0.0105825 -0.0206257 -0.0131669 -0.0117876 -0.0209667 -0.0282611 0.00659359 -0.0238516 0.0183996 0.0121191 0.0210099 0.00336111 0.0360049 -0.0153383 -0.00723752 0.0161276 -0.00630983 -0.00343315 -0.00661993 -0.0135219 0.000690684 0.010345 0.0164173 0.0185179 0.00795686 -0.000190698
internal_weight=6004.03 2871.48 1859.53 3132.55 2717.98 1484.45 751.375 724.538 270.335 733.074 1800.2 248.334 917.78 270.185 647.595 141.62 70.272 124.464 76.1883 26.0914 454.203 347.766 278.95 143.794 135.157 806.975 227.029 209.679 579.946 136.337
internal_count=43425 28495 22929 14930 13103 16064 6906 6617 2783 9158 9323 2635 3780 1147 2633 609 285 1278 767 265 3834 2843 2326 1188 1138 3830 1037 961 2793 716
is_linear=0
shrinkage=0.05


Tree=26
num_leaves=31
num_cat=0
split_feature=7 7 7 7 7 7 4 4 5 6 4 6 7 6 1 6 3 5 1 1 7 6 4 8 5 6 6 3 4 6
split_gain=496.21 219.592 126.347 94.4896 42.5427 27.7442 11.3713 8.34778 6.61085 7.90245 7.91757 10.0328 6.44496 7.84662 6.2061 5.89308 5.73672 10.7779 5.59233 5.15476 4.97837 4.80051 4.76353 4.6713 15.1735 5.25899 8.75638 7.99213 6.11603 5.01817
threshold=0.061769910156726844 1.0000000180025095e-35 0.00026548672030912718 0.67185840010643016 0.02008849568665028 0.17752212285995486 0.22863636910915378 0.14093999564647677 0.45527841150760656 0.15922193974256518 0.32274959981441503 0.17450613528490069 0.0012389380135573449 0.011208822019398214 0.39736843109130865 0.035331947728991515 0.3442887961864472 0.0011594206443987789 0.94519516825675975 0.92980295419693004 0.15415929257869723 0.038596967235207565 0.32274959981441503 0.31782911717891699 0.030816714279353622 0.049339246004819877 0.18961966782808307 0.36074022948741918 0.47813564538955694 0.22962705045938495
decision_type=2 2 2 2 2 2 2 2 2 2 2 2 2 2 2 2 2 2 2 2 2 2 2 2 2 2 2 2 2 2
left_child=1 -1 -3 5 7 8 -6 -4 9 -2 -11 -12 -9 -14 -15 20 19 -18 -7 -13 22 -17 -10 -8 25 -25 28 29 -27 -28
right_child=3 2 4 -5 6 18 23 12 15 10 11 16 13 14 -16 21 17 -19 -20 -21 -22 -23 -24 24 -26 26 27 -29 -30 -31
leaf_value=0.0039067641142426076 0.0086426514319712516 -0.051638425895288956 -0.038171198663200075 0.036267687436822328 -0.02764710090691995 0.0134367260727642 -0.0013311081242992507 0.012232927483784004 0.010138868419457967 -0.0097136681727621882 -0.015289462951010406 0.0029111636240106349 -0.03909518108227808 -0.025675500554711701 -0.014510302238947531 0.042857447999922985 0.050111527365795362 0.0062907397915855385 0.021292513047721826 0.036777422297322462 0.025140870597853134 0.013593358941978323 -0.018379183290296398 -0.017174290643754565 -0.057307419406959596 -0.00091363467475325379 -0.026557963335343656 0.027405295369112431 0.028875168211433672 -0.0075274298619765496
leaf_weight=1014.126192972064 666.7167362421751 358.22099143639207 123.39740270376205 409.71670827269554 76.058427818119526 451.14001758396626 223.24678397923708 11.818646587431429 24.115181460976601 138.89030966162682 59.689948856830597 340.69392678141594 84.015947923064232 480.49822048097849 171.95577201247215 14.750866547226904 20.565967038273811 44.856952384114265 468.44056691229343 11.558338880538939 14.99550613760948 330.884984344244 36.436395958065987 116.13142067193985 16.46770765632391 44.873872973024845 48.938477106392384 13.016714438796042 27.557382710278034 122.71431847661734
leaf_count=5566 3454 6865 1668 1827 969 1895 1643 108 124 776 306 1777 1086 6060 1948 68 96 212 1885 57 65 1553 185 1060 142 357 406 96 206 965
internal_value=-0.000243375 -0.014908 -0.0248536 0.0139342 -0.0186997 0.0104434 -0.00940111 -0.0260419 0.00666114 0.00486963 0.000778811 0.00384348 -0.0240302 -0.0246205 -0.0227432 0.0121039 0.00659275 0.0201978 0.0174458 0.00404672 -0.000482245 0.0148688 -0.0069412 -0.00712473 -0.0104297 -0.00833317 -0.00431511 -0.0101065 0.0103751 -0.0129945
internal_weight=5966.49 2933.04 1918.91 3033.45 1560.69 2623.74 689.005 871.686 1704.16 1282.97 616.255 477.365 748.289 736.47 652.454 421.183 417.675 65.4229 919.581 352.252 75.5471 345.636 60.5516 612.947 389.7 373.232 257.101 184.67 72.4313 171.653
internal_count=43425 29145 23579 14280 16714 12453 5844 10870 8673 6678 3224 2448 9202 9094 8008 1995 2142 308 3780 1834 374 1621 309 4875 3232 3090 2030 1467 563 1371
is_linear=0
shrinkage=0.05


Tree=27
num_leaves=31
num_cat=0
split_feature=7 7 7 7 7 7 8 4 4 1 6 3 1 6 4 6 5 1 1 3 4 1 3 3 6 6 7 4 8 3
split_gain=452.151 220.208 114.152 90.6608 30.668 27.4196 14.5938 13.5343 8.06809 7.42015 6.47331 6.02387 5.42516 5.32812 5.01902 6.78968 4.79343 4.68169 8.44704 6.64708 5.5308 5.00457 4.86604 4.58439 4.40664 8.33801 4.19638 4.1291 6.98764 4.96991
threshold=0.047610620036721236 1.0000000180025095e-35 0.00026548672030912718 0.67185840010643016 0.017256637103855613 0.17752212285995486 0.6439594328403474 0.1225140728056431 0.50996163487434398 0.81165540218353283 0.037754381075501449 0.32562056183815008 0.36939570307731634 0.025218237191438678 0.22323627769947055 0.033052308484911926 0.45527841150760656 0.90121948719024669 0.29864865541458135 0.023604429326951507 0.49412102997303015 0.76491227746009838 0.014500059653073551 0.082746285945177092 0.040051745250821121 0.030959768220782283 0.019026548601686958 0.33923077583312994 1.0000000180025095e-35 0.23570261150598529
decision_type=2 2 2 2 2 2 2 2 2 2 2 2 2 2 2 2 2 2 2 2 2 2 2 2 2 2 2 2 2 2
left_child=1 -1 -3 5 8 9 7 -6 -4 11 26 12 16 -7 15 -14 -2 18 24 22 21 -20 -19 -17 25 -15 -9 28 -12 -29
right_child=3 2 4 -5 6 13 -8 10 -10 -11 27 -13 14 17 -16 23 -18 19 20 -21 -22 -23 -24 -25 -26 -27 -28 29 -30 -31
leaf_value=0.003703740025100741 0.003883694094110047 -0.05143081142578021 -0.029955388755136626 0.034879033598685154 -0.035669978968038744 -8.677625915698504e-05 -0.049347449932961446 -0.038530669307231945 -0.017595583493212972 0.0096228047623062984 -0.0005884137624907965 0.014556974858710324 0.01598386535500745 0.0092445856474407014 0.00087629265247023006 -0.028937247291280929 0.019179468346663578 0.022689024783350074 -0.018772278429230318 0.01794438257093629 0.031190916241574884 0.0051144907721796095 0.050406330236920094 0.0087497108047691514 0.016230402483071543 0.067481865385941545 -0.014421910796460692 -0.0060032578392588904 -0.021929702749777232 0.0089662713489500594
leaf_weight=1016.1819778978825 202.92752741277218 342.09167659282684 519.67695578560233 404.85704013705254 50.812851294875145 45.201582446694374 25.423390187323093 21.160201005637646 180.90965187549591 779.11854495108128 67.802305772900581 103.98094771802425 14.949529051780699 12.001835003495218 586.07273076474667 43.109035819768906 69.04515016078949 38.115828722715378 28.877288177609444 552.89475195109844 15.254166662693022 89.831573903560638 28.76014569401741 9.640455096960066 97.221661001443863 13.084968939423559 137.08136416971684 275.2308896407485 89.733486972749233 69.124833904206753
leaf_count=5566 1100 6865 6969 1827 667 189 289 238 2189 3745 657 527 89 50 3214 258 331 154 121 2240 62 390 116 59 404 54 1330 2319 890 516
internal_value=-0.000238914 -0.0148607 -0.025467 0.0127969 -0.0192793 0.00951921 -0.0121394 -0.0107951 -0.0267739 0.00593834 -0.00886771 0.00314505 0.00185641 0.0165434 -0.000605495 -0.0134895 0.0077908 0.017407 0.011667 0.0197702 0.00294559 -0.000665064 0.034741 -0.0219515 0.0211684 0.0399663 -0.0176996 -0.00607016 -0.0127825 -0.00298208
internal_weight=5930.17 2795.23 1779.05 3134.94 1436.96 2730.09 736.369 710.946 700.587 1808.84 660.133 1029.73 925.744 921.244 653.772 67.699 271.973 876.042 256.271 619.771 133.963 118.709 66.876 52.7495 122.308 25.0868 158.242 501.892 157.536 344.356
internal_count=43425 28495 22929 14930 16064 13103 6906 6617 9158 9323 5950 5578 5051 3780 3620 406 1431 3591 1081 2510 573 511 270 317 508 104 1568 4382 1547 2835
is_linear=0
shrinkage=0.05


Tree=28
num_leaves=31
num_cat=1
split_feature=7 7 7 7 7 7 8 4 6 4 1 3 3 3 8 5 3 12 4 3 6 6 4 5 5 4 5 5 4 3
split_gain=411.418 205.2 112.791 83.9007 29.3956 24.8245 13.007 13.6237 12.2711 8.53717 7.78596 9.11731 8.89055 6.41117 11.9735 10.1303 9.46675 5.81997 6.65415 6.08525 7.81967 5.52577 5.42846 5.25175 5.08815 4.84995 4.60398 4.44428 5.10248 4.59601
threshold=0.047610620036721236 1.0000000180025095e-35 0.00026548672030912718 0.67185840010643016 0.015309734269976618 0.15265487134456637 0.6439594328403474 0.1225140728056431 0.025218237191438678 0.50996163487434398 0.4708049893379212 1.0000000180025095e-35 0.02768652327358723 0.037214621901512153 0.32668323814868933 0.005000124918296934 0.03315588831901551 0 0.21339728683233264 0.34665770828723913 0.032495966181159026 0.045543439686298377 0.33923077583312994 0.37111482024192816 0.0046180838253349074 0.19515224546194079 0.41596639156341558 0.029705882072448734 0.50125628709793102 0.050075225532054908
decision_type=2 2 2 2 2 2 2 2 2 2 2 2 2 2 2 2 2 1 2 2 2 2 2 2 2 2 2 2 2 2
left_child=1 -1 -3 5 9 23 7 21 -7 -4 22 -12 -13 14 -14 16 -16 19 25 -10 -21 -6 26 27 -22 -19 -9 28 -2 -29
right_child=3 2 4 -5 6 8 -8 10 17 -11 11 12 13 -15 15 -17 -18 18 -20 20 24 -23 -24 -25 -26 -27 -28 29 -30 -31
leaf_value=0.0035116649550685692 0.0026341972468635604 -0.051228179849695001 -0.031223460737914901 0.033546765914318676 -0.050295604090717205 -0.0056024519926020332 -0.048826410271096916 -0.029927020433269454 0.015057033397551274 -0.016547300734630167 0.042563343696261656 -0.03073594662249364 0.05282017619735007 -0.0058812610542078054 0.060290156692562394 -0.056292975427124171 -0.021841129529317403 0.0055690176983916552 0.011127288984447915 0.05333129642329372 0.032062738840285168 -0.021539813987936435 -0.01145666227659675 0.0087064101132951106 0.014855364088047416 -0.040374779038790581 0.0013955749551720431 -0.015426577552529148 0.016434020903424964 0.0024684933566732309
leaf_weight=1018.1295285075903 747.60667449235916 326.66281126439571 415.70771804079413 400.0177630931139 27.437878981232643 73.140656799077988 24.43608845025301 79.734295882284641 733.92168639600277 132.833780862391 9.8102749139070493 32.985218219459057 13.770198613405226 301.12927250564098 6.6217734590172785 6.8842890411615363 7.1461095884442329 11.218135744333267 214.49012760818005 21.703729450702667 70.603324577212334 45.891178868710995 296.80970844626427 518.74832290410995 115.27599300444126 11.286192387342453 13.388003706932066 65.36250189691782 73.731210172176361 78.488340616226196
leaf_count=5566 3963 6865 5873 1827 376 324 289 880 3129 1681 83 285 114 2599 54 62 63 52 893 89 293 620 2964 2571 478 59 121 403 401 448
internal_value=-0.000233855 -0.0143151 -0.0247412 0.0121564 -0.018618 0.00902559 -0.0128684 -0.0118128 0.0142136 -0.0276823 -0.00983527 -0.00470408 -0.00598708 -0.00353091 0.0168428 -0.00704374 0.0174499 0.015448 0.00839801 0.0172163 0.0248153 -0.0324214 -0.0147987 0.0046457 0.0214319 -0.0173278 -0.0253735 0.00245738 0.00388094 -0.00563295
internal_weight=5894.97 2759.38 1741.25 3135.59 1414.59 2735.58 866.044 841.608 1251.64 548.541 768.279 378.347 368.537 335.552 34.4224 20.6522 13.7679 1178.5 236.994 941.505 207.583 73.3291 389.932 1483.94 185.879 22.5043 93.1223 965.189 821.338 143.851
internal_count=43425 28495 22929 14930 16064 13103 8510 8221 5317 7554 7225 3260 3177 2892 293 179 117 4993 1004 3989 860 996 3965 7786 771 111 1001 5215 4364 851
cat_boundaries=0 1
cat_threshold=2
is_linear=0
shrinkage=0.05


Tree=29
num_leaves=31
num_cat=1
split_feature=7 7 7 7 7 7 8 4 4 1 3 3 1 3 8 1 6 3 1 6 4 1 5 3 7 3 12 4 5 4
split_gain=374.29 191.078 111.32 77.6366 27.9497 22.6096 12.4889 12.9023 8.2372 7.18975 8.04769 8.2691 6.37928 5.78155 9.72986 6.22724 5.46258 5.44476 5.21604 5.95385 5.11477 4.74298 4.34564 4.25032 32.3695 3.9465 3.90758 3.76615 6.59627 5.52587
threshold=0.047610620036721236 1.0000000180025095e-35 0.00026548672030912718 0.67185840010643016 0.015309734269976618 0.17752212285995486 0.6439594328403474 0.1225140728056431 0.50996163487434398 0.4708049893379212 1.0000000180025095e-35 0.02768652327358723 0.81165540218353283 0.044590337201952941 0.32668323814868933 0.55051019787788402 0.045543439686298377 0.36140660941600805 0.65108695626258861 0.22326064109802249 0.33923077583312994 0.94519516825675975 0.41596639156341558 0.17239066958427432 0.0026548672467470173 1.0000000180025095e-35 0 0.51078385114669811 0.019794563762843612 0.33489097654819494
decision_type=2 2 2 2 2 2 2 2 2 2 2 2 2 2 2 2 2 2 2 2 2 2 2 2 2 2 1 2 2 2
left_child=1 26 -3 5 8 12 7 16 23 20 -11 -12 17 14 18 -16 -6 -2 19 -13 22 -7 -9 24 -4 -14 -1 29 -29 -15
right_child=3 2 4 -5 6 21 -8 9 -10 10 11 13 25 27 15 -17 -18 -19 -20 -21 -22 -23 -24 -25 -26 -27 -28 28 -30 -31
leaf_value=0.0015904609585695073 0.0021905716578699795 -0.051029942241255122 0.091087424263930558 0.032266827109079473 -0.049911758963558504 0.011254685410956982 -0.048310682483130474 -0.029136308491852558 -0.015941147022805503 0.039235230474384514 -0.029874514785965339 -0.0089716058108666504 0.034691955497542087 0.0019278094938640176 0.032677638134635499 -0.01923747183122556 -0.020848033320312258 0.027564908132695028 0.076052931856324835 0.05767096529008825 -0.010982738959030243 0.018472004010267568 0.0013249440865654714 -0.039530011702351778 -0.02970219665855028 0.0082220160674493468 0.0088657730545385251 0.011915774695477679 -0.013005599080203302 -0.016790881622054898
leaf_weight=776.89554542303085 1011.792990334332 311.90843772143126 5.5371840298175803 395.219213783741 26.296139515936375 454.36835810542107 23.487261451780796 77.854370757937431 131.04089263826609 10.110662944614885 32.261076517403126 7.3046145066618937 14.384157612919806 58.273774608969688 7.6820052862167385 22.016524948179722 45.067878492176533 21.537648916244507 6.5300158113241187 5.9002652764320374 294.20887633413076 469.38897939026356 13.401603557169436 100.56461059302092 298.75557538866997 769.57317689061165 243.07925255596638 61.834387429058552 46.317621357738972 118.8340827524662
leaf_count=4325 5475 6865 43 1827 376 1895 289 880 1681 83 285 67 69 572 73 191 620 103 50 49 2964 1885 121 1463 4367 3676 1241 450 340 1100
internal_value=-0.000229333 -0.0137844 -0.024024 0.0115474 -0.0179714 0.00855705 -0.0123595 -0.0113352 -0.0269367 -0.00942053 -0.00449047 -0.00571922 0.00531467 -0.00336773 0.0123689 -0.0055764 -0.0316822 0.0027269 0.0395183 0.0206398 -0.0142278 0.014929 -0.0246116 -0.0304784 -0.0274586 0.00871843 0.00332991 -0.00611567 0.0011945 -0.010606
internal_weight=5861.43 2725.16 1705.19 3136.26 1393.28 2741.05 857.381 833.894 535.898 762.53 377.065 366.954 1817.29 334.693 49.4334 29.6985 71.364 1033.33 19.7349 13.2049 385.465 923.757 91.256 404.857 304.293 783.957 1019.97 285.26 108.152 177.108
internal_count=43425 28495 22929 14930 16064 13103 8510 8221 7554 7225 3260 3177 9323 2892 430 264 996 5578 166 116 3965 3780 1001 5873 4410 3745 5566 2462 790 1672
cat_boundaries=0 1
cat_threshold=2
is_linear=0
shrinkage=0.05


Tree=30
num_leaves=31
num_cat=0
split_feature=7 7 7 7 7 7 4 4 7 6 1 5 4 6 3 3 4 6 4 3 7 6 6 1 8 6 7 6 6 7
split_gain=340.664 164.728 118.64 69.3101 34.065 18.4792 9.01009 8.0222 5.99121 7.89373 5.65413 5.23622 5.67362 7.35709 9.92361 6.5036 4.53524 5.18398 4.51236 4.80959 9.42762 6.81136 5.73641 4.29993 4.29872 4.23488 4.22375 3.75285 5.61445 3.63619
threshold=0.061769910156726844 1.0000000180025095e-35 0.00026548672030912718 0.67185840010643016 0.02008849568665028 0.17752212285995486 0.22863636910915378 0.14093999564647677 0.0012389380135573449 0.011208822019398214 0.38365800678730017 0.38491770625114446 0.32274959981441503 0.16871757060289386 0.32781545817852026 0.37646310031414038 0.36456401646137243 0.02547288499772549 0.50996163487434398 0.15809583663940432 0.0042477876413613566 0.052195154130458839 0.19724349677562716 0.94519516825675975 0.48666666448116308 0.055809069424867637 0.003274336340837181 0.035331947728991515 0.023850155062973503 0.015309734269976618
decision_type=2 2 2 2 2 2 2 2 2 2 2 2 2 2 2 2 2 2 2 2 2 2 2 2 2 2 2 2 2 2
left_child=1 -1 -3 5 7 11 -6 -4 -9 -10 18 12 13 14 25 -16 17 -13 19 20 21 -11 -23 -7 -12 -2 -24 28 -18 -22
right_child=3 2 4 -5 6 23 -8 8 9 10 24 16 -14 -15 15 -17 27 -19 -20 -21 29 22 26 -25 -26 -27 -28 -29 -30 -31
leaf_value=0.0031583338599362452 -0.0078006115447575748 -0.050835512502944748 -0.035755749274844421 0.031035696113413211 -0.024876512048571688 0.010670915698629954 -0.0058960025691192726 0.014284273091298315 -0.037004037578108447 0.073066084041979867 -0.010510273541227919 -0.0094814345709589784 0.0054585658268852463 -0.011686358217183201 0.052756437777349952 0.0034857215501313044 0.018790782621351504 0.016673693123981783 -0.01475359983465103 -0.038210480244709064 -0.030515168132898174 -0.043434850646412539 0.059203920870570748 0.017540719182193822 -0.047370694675102326 0.012492412403851001 -0.005791080325626541 0.0075946549412862999 -0.022363656079895176 -0.01665502169392492
leaf_weight=1021.6313581168652 81.950126975774765 297.80310971662402 110.48927300050855 390.47862526774406 69.986994810402393 455.24625045061111 600.3306467756629 11.495186381042002 76.208500318229198 3.4487939998507526 170.14281611144543 20.338028430938721 966.42342294752598 124.10739957541227 15.749325037002565 12.021572232246397 11.84945388138294 228.88731846213341 122.61999008059502 66.980947658419609 143.47317888587713 5.6771161556243888 3.8820094764232618 469.59417690336704 8.3065734878182393 37.268030062317848 6.3596479967236519 195.20814056694508 26.407113566994667 74.311375796794891
leaf_count=5566 455 6865 1668 1827 969 1895 4875 108 1086 52 2041 100 4888 700 77 58 60 1067 1567 983 2130 85 58 1885 109 204 96 930 134 887
internal_value=-0.000224692 -0.0128267 -0.0220477 0.0113694 -0.0162239 0.00846324 -0.00788861 -0.0231704 -0.0211515 -0.0217587 -0.0198249 0.00539368 0.00366387 -0.00271519 0.00482825 0.0316964 0.00981653 0.0145163 -0.0229646 -0.0262528 -0.0228397 0.0103614 -0.00328277 0.014166 -0.0122796 -0.00140988 0.0186955 0.00477402 -0.00947051 -0.0258186
internal_weight=5828.68 2793.15 1771.52 3035.53 1473.71 2645.05 670.318 803.395 692.906 681.411 605.202 1720.21 1237.52 271.096 146.989 27.7709 482.69 249.225 426.753 304.133 237.152 19.3676 15.9188 924.84 178.449 119.218 10.2417 233.465 38.2566 217.785
internal_count=43425 29145 23579 14280 16714 12453 5844 10870 9202 9094 8008 8673 6382 1494 794 135 2291 1167 5858 4291 3308 291 239 3780 2150 659 154 1124 194 3017
is_linear=0
shrinkage=0.05


Tree=31
num_leaves=31
num_cat=0
split_feature=7 7 7 7 7 7 8 4 4 1 3 3 1 6 3 8 1 4 6 6 4 6 3 3 3 6 5 5 6 3
split_gain=310.154 165.482 107.974 66.3334 25.3363 19.155 11.8798 11.565 7.7032 6.47802 7.13952 7.75098 6.38079 5.54981 5.2281 8.58433 5.65448 4.85523 4.76054 6.95638 7.29318 6.38845 7.41308 8.00788 8.00692 6.26411 6.06319 5.53411 8.24793 4.6018
threshold=0.047610620036721236 1.0000000180025095e-35 0.00026548672030912718 0.67185840010643016 0.015309734269976618 0.13831858336925509 0.6439594328403474 0.1225140728056431 0.50996163487434398 0.4708049893379212 1.0000000180025095e-35 0.02768652327358723 0.94519516825675975 0.045543439686298377 0.044590337201952941 0.32668323814868933 0.55051019787788402 0.33923077583312994 0.025062814354896549 0.022626066580414776 0.35832114517688757 0.040051745250821121 0.0093764648772776144 0.085142057389020934 0.3860259354114533 0.056370716542005546 0.42036484181880956 0.37111482024192816 0.15922193974256518 0.11785249039530755
decision_type=2 2 2 2 2 2 2 2 2 2 2 2 2 2 2 2 2 2 2 2 2 2 2 2 2 2 2 2 2 2
left_child=1 -1 -3 5 8 -2 7 13 -4 17 -11 -12 18 -6 15 -13 -17 -9 19 20 -7 22 -20 -24 -25 -23 27 28 -27 -28
right_child=3 2 4 -5 6 12 -8 9 -10 10 11 14 -14 -15 -16 16 -18 -19 21 -21 -22 25 23 24 -26 26 29 -29 -30 -31
leaf_value=0.0029954459666277095 0.0028351758618856476 -0.050644340316867077 -0.029051899893168871 0.029850314626391469 -0.049296618566315287 -0.013841454396341747 -0.047542750214658792 -0.023502192157721327 -0.014764969823406622 0.036799284191553719 -0.028818800957597118 0.037198915280209431 0.016112765889531935 -0.019148081663275602 -0.0054700754473274065 0.030990236451995445 -0.018296027329949362 -0.010049051318225503 0.033098728471570908 -0.02601288007185458 0.021527693091429316 -0.0011691895319489011 0.0036657618807173272 0.054666232020140051 0.011441378381566121 0.024484135830118464 0.024367833710130564 -0.0026966538907920064 0.0068010748136104878 0.0033739714685428663
leaf_weight=1023.2883462309837 1165.6777044832706 284.32191805914044 384.96215938031673 385.81050816178322 24.539193741977215 25.011006414890289 22.102555211633444 88.619116120040417 127.63351423293352 10.33968114107847 31.392028860747814 20.138867862522602 480.15924291312695 43.146121613681316 282.25366114079952 7.8146645873785046 21.603677779436111 289.11864277720451 58.801797077059746 22.513956591486931 34.359260246157646 147.10307003557682 96.359635934233665 18.357378616929054 26.613806262612343 81.886653006076813 109.12740376591682 102.50557316839695 346.4830347597599 35.105486035346985
leaf_count=5566 6256 6865 5873 1827 376 122 289 1001 1681 83 285 166 1932 620 2462 73 191 2964 255 107 156 640 429 79 117 370 474 476 1539 151
internal_value=-0.000219971 -0.0127747 -0.0226293 0.0104331 -0.016738 0.00770624 -0.0113849 -0.0103972 -0.0255079 -0.0086019 -0.00391239 -0.00509494 0.0112865 -0.0302087 -0.0028274 0.012104 -0.00497364 -0.0132238 0.009182 -0.00236629 0.00654538 0.010112 0.018143 0.0118661 0.029279 0.00814914 0.0101868 0.0076987 0.0101979 0.0192986
internal_weight=5797.15 2661.27 1637.99 3135.88 1353.66 2750.07 841.068 818.966 512.596 751.28 373.543 363.203 1584.39 67.6853 331.811 49.5572 29.4183 377.738 1104.23 81.8842 59.3703 1022.34 200.133 141.331 44.9712 822.211 675.108 530.875 428.37 144.233
internal_count=43425 28495 22929 14930 16064 13103 8510 8221 7554 7225 3260 3177 6847 996 2892 430 264 3965 4915 385 278 4530 880 625 196 3650 3010 2385 1909 625
is_linear=0
shrinkage=0.05


Tree=32
num_leaves=31
num_cat=0
split_feature=7 7 7 7 7 7 8 4 1 4 6 6 6 6 6 4 5 3 3 6 5 4 6 6 3 3 3 1 4 6
split_gain=282.055 153.742 106.219 61.3033 24.1899 17.3362 12.2096 10.7747 6.52058 6.41824 5.86913 4.76418 7.76146 6.05442 5.83346 5.73093 5.11385 5.19703 6.63855 4.96283 7.71997 4.97222 4.84056 7.59603 4.48131 7.10013 6.53919 4.42711 4.06705 5.77805
threshold=0.047610620036721236 1.0000000180025095e-35 0.00026548672030912718 0.67185840010643016 0.017256637103855613 0.12566372007131579 0.6439594328403474 0.1225140728056431 0.94519516825675975 0.50996163487434398 0.037754381075501449 0.025062814354896549 0.040051745250821121 0.022626066580414776 0.055809069424867637 0.35832114517688757 0.42036484181880956 0.091863088309764876 0.046326955780386932 0.15922193974256518 0.013778429478406908 0.21339728683233264 0.06846578419208528 0.08591387048363687 0.0093764648772776144 0.085142057389020934 0.3860259354114533 0.87627550959587108 0.28569257259368902 0.17450613528490069
decision_type=2 2 2 2 2 2 2 2 2 2 2 2 2 2 2 2 2 2 2 2 2 2 2 2 2 2 2 2 2 2
left_child=1 -1 -3 5 9 -2 7 -6 11 -4 -9 13 24 15 -14 -7 19 18 -18 20 22 -22 -16 -24 -13 -26 -27 -25 -21 -30
right_child=3 2 4 -5 6 8 -8 10 -10 -11 -12 12 14 -15 16 -17 17 -19 -20 28 21 -23 23 27 25 26 -28 -29 29 -31
leaf_value=0.0028412127230923404 0.0020762220886909872 -0.050455892137695996 -0.026317599362658595 0.028707991544325219 -0.03235654227810849 -0.010648448059968089 -0.047034595782241978 -0.015512940877735727 0.015279343095406501 -0.014857854722733075 -0.0042053907857777257 0.029001572617374488 -0.0015909253494032181 -0.024970372447987083 0.010639500437996918 0.016760765772582866 0.016122985377626766 0.0033423977683628772 0.044878860791109754 -0.0052432993619751338 0.020743475128833164 -0.018387292692513983 0.058639600153648566 -0.0052864502385760286 0.00561796096881138 0.045395812762179188 0.010235730750027074 0.034490379742613562 -0.014077189451941627 0.0084454013993271234
leaf_weight=1024.8588302731514 1006.5148419216275 271.44051618874073 461.5207206569612 381.22697733342648 44.504792120307684 34.052475914359093 21.247089125216007 151.04493314772844 482.54205107688904 170.12009084224701 486.65344201773405 63.567965388298035 152.83064420521259 22.291174024343491 40.244096100330353 42.789281204342842 114.26014351844788 57.780580997467041 24.703311830759048 88.673657953739166 12.585623383522032 22.247325763106346 19.32739245891571 11.887144371867182 106.36224488914013 26.950506895780563 26.900515764951706 16.179358452558517 30.747206896543503 350.78722079098225
leaf_count=5566 5493 6865 6969 1827 667 169 289 1568 1942 2189 4382 277 667 107 190 195 500 250 106 448 59 98 85 57 475 117 118 71 144 1535
internal_value=-0.000214915 -0.012286 -0.0219389 0.00991409 -0.0161339 0.00730996 -0.00974202 -0.0085665 0.0103209 -0.0232419 -0.00689354 0.00842478 0.00932013 -0.00205506 0.00732168 0.00455132 0.00905345 0.0160555 0.0212994 0.00671832 0.0156954 -0.00408677 0.0236108 0.0344745 0.0177055 0.013177 0.0279763 0.017507 0.00436666 0.00661403
internal_weight=5766.84 2631.39 1606.53 3135.45 1335.09 2754.22 703.45 682.203 1747.71 631.641 637.698 1265.17 1166.03 99.1329 942.254 76.8418 789.423 196.744 138.963 592.679 122.471 34.8329 87.638 47.3939 223.781 160.213 53.851 28.0665 470.208 381.534
internal_count=43425 28495 22929 14930 16064 13103 6906 6617 7610 9158 5950 5668 5197 471 4210 364 3543 856 606 2687 560 157 403 213 987 710 235 128 2127 1679
is_linear=0
shrinkage=0.05


Tree=33
num_leaves=31
num_cat=0
split_feature=7 7 7 7 1 7 4 7 4 6 4 3 8 7 1 6 7 6 8 4 5 3 7 4 6 6 6 1 3 6
split_gain=256.453 142.704 104.39 56.6215 22.9994 15.7209 11.6855 7.79893 7.33919 6.4423 6.30573 5.74041 5.66736 5.37501 5.2634 4.43575 4.44098 4.2595 4.23716 4.22505 4.71291 4.15737 4.05796 4.23124 6.06367 9.35305 3.96807 6.64366 4.66852 3.93218
threshold=0.047610620036721236 1.0000000180025095e-35 0.00026548672030912718 0.67185840010643016 0.4708049893379212 0.13831858336925509 0.15779159218072894 0.035398229956626899 0.50996163487434398 0.16328698396682742 0.54880952835083019 0.014134451746940615 0.48666666448116308 0.0012389380135573449 0.97464698553085338 0.014994551893323662 0.015309734269976618 0.29185217618942266 0.64570158720016491 0.33923077583312994 0.41596639156341558 0.32562056183815008 0.015752212144434456 0.39794188737869268 0.060303030535578735 0.20718534290790561 0.19082633405923846 0.52919501066207897 0.32302914559841162 0.32304200530052191
decision_type=2 2 2 2 2 2 2 2 2 2 2 2 2 2 2 2 2 2 2 2 2 2 2 2 2 2 2 2 2 2
left_child=1 -1 -3 5 6 21 -4 10 18 -10 12 -9 13 -8 17 -15 -17 -7 22 20 -18 29 -6 24 -24 -26 -11 -28 -29 -2
right_child=3 2 4 -5 8 14 7 11 9 26 -12 -13 -14 15 -16 16 19 -19 -20 -21 -22 -23 23 -25 25 -27 27 28 -30 -31
leaf_value=0.0026951469617740396 0.00062550233179857863 -0.050269662366035042 -0.034176941866696224 0.027606372878463278 -0.028323680156333256 0.0081355259981581857 0.02673807945170455 0.0046067713324580758 -0.0091387471457750769 0.045667478852469023 -0.0087910644695821921 -0.038833300852849889 -0.044191453142237741 -0.032738126421726362 0.016349365696918253 -0.023548606256604869 -0.031795323446536218 0.020947579197622322 -0.052023297798185833 -0.0093657126682999484 0.013567435967946094 0.0095508917475709623 -0.015698503308516687 -0.018948171976221357 0.02879270697943468 -0.0049934812214800575 0.050677993906793208 -0.0025604123764714605 0.030080758418629894 0.017156561507785117
leaf_weight=1026.347602263093 952.88382096588612 259.13512017577887 128.82803446054459 376.73802414536476 27.661426864564419 1234.7449388951063 5.7962177470326415 56.284143537282944 69.116726323962212 7.5625463575124732 118.01696565747261 8.6822640970349294 26.768014032393694 70.78675914555788 285.13029745221138 257.62706055119634 44.844185099005699 69.021088436245918 6.1428873091936103 153.27865716069937 6.3388851881027213 178.6420681476593 69.174123696982861 65.505221866071224 26.850426323711872 84.813444383442402 8.0789123103022558 62.094108834862709 13.154222086071966 37.333928719162941
leaf_count=5566 5195 6865 2071 1827 416 5427 60 509 632 65 1258 80 405 1053 1143 4065 516 277 97 1711 63 877 754 616 276 845 68 428 76 184
internal_value=-0.000209385 -0.0118104 -0.0212564 0.00942258 -0.0155423 0.00693577 -0.0202242 -0.0178115 -0.00619733 0.00231921 -0.0193854 -0.00117258 -0.0215858 -0.0204452 0.0101746 -0.0209728 -0.0191529 0.00881918 -0.0110785 -0.013581 -0.0260643 0.0025283 -0.0101237 -0.00804906 -0.00406514 0.00310442 0.0110878 0.00783851 0.00311161 0.00125549
internal_weight=5737.38 2602.89 1576.54 3134.49 1317.41 2757.76 877.251 748.423 440.154 160.007 683.457 64.9664 565.44 538.672 1588.9 532.876 462.089 1303.77 280.148 204.462 51.1831 1168.86 274.005 246.343 180.838 111.664 90.8898 83.3272 75.2483 990.218
internal_count=43425 28495 22929 14930 16064 13103 11791 9720 4273 1269 9131 589 7873 7468 6847 7408 6355 5704 3004 2290 579 6256 2907 2491 1875 1121 637 572 504 5379
is_linear=0
shrinkage=0.05


Tree=34
num_leaves=31
num_cat=0
split_feature=7 8 7 7 7 7 7 4 1 6 4 7 6 4 5 5 3 10 3 6 3 7 1 10 8 7 1 6 4 3
split_gain=233.183 135.368 72.3066 50.5444 43.1764 17.2015 12.5687 10.7244 6.18114 5.70863 5.63932 9.26629 5.4078 4.39812 4.66947 4.38269 4.20257 6.43492 3.91346 3.88716 3.8478 13.0218 12.4892 10.4727 11.4287 3.84321 3.78339 4.9937 4.68531 3.8711
threshold=0.061769910156726844 0.48666666448116308 1.0000000180025095e-35 0.67185840010643016 0.015309734269976618 0.00044247785990592098 0.17752212285995486 0.1225140728056431 0.4708049893379212 0.045543439686298377 0.50996163487434398 0.0012389380135573449 0.012658453080803158 0.33923077583312994 0.52959111332893383 0.50488919019699108 0.28643822669982916 0.50908526778221141 1.0000000180025095e-35 0.025218237191438678 0.17239066958427432 0.0042477876413613566 1.0000000180025095e-35 0.65622368454933178 0.31782911717891699 0.03823008947074414 0.81165540218353283 0.077046748250722899 0.26999843120574957 0.32562056183815008
decision_type=2 2 2 2 2 2 2 2 2 2 2 2 2 2 2 2 2 2 2 2 2 2 2 2 2 2 2 2 2 2
left_child=1 2 -1 6 5 -4 15 9 13 -6 11 -7 -12 25 -15 26 -14 -18 -10 -8 21 22 23 24 -13 -9 27 29 -29 -2
right_child=3 -3 4 -5 7 10 19 8 18 -11 12 20 16 14 -16 -17 17 -19 -20 -21 -22 -23 -24 -25 -26 -27 -28 28 -30 -31
leaf_value=0.002556795144024405 0.00348463675239866 -0.047994893181376792 -0.048734046955508578 0.026543383966290909 -0.048477694504377396 0.040884199478063384 -0.0025917903558090919 -0.026984656100292426 0.025779520420278226 -0.016678733009174319 -0.04038210332609498 0.083952921291495133 -0.011672436417008393 -0.0095926406778780188 0.022801553163321695 0.010912740213228722 0.067163793048012316 -0.014211315611091402 -0.0034592912348928879 0.012305839891104448 -0.036670790116483207 -0.027387468236372212 -0.03549881355198721 0.11401104328605194 -0.019876725537672536 -0.0034290506918484526 0.0061495536131078625 -0.013072198385116283 0 0.019715947626086801
leaf_weight=1027.7590395212173 352.66811406612396 225.87930833175778 73.613934867084026 372.35181592404842 22.353008206933737 4.9903745576739302 45.463186919689178 67.938226863741875 11.618617706000803 40.590780161321163 15.139184050261973 3.9021656066179293 85.589749842882156 284.00102292746305 11.398884013295172 222.34557299315929 4.369717560708521 5.0943197309970856 438.17342699319124 881.98180152475834 77.977410718798637 232.17221100628376 8.8037312664091569 3.478522974997758 7.641318216919899 23.952756732702255 679.26136066019535 85.207944571971893 352.27040983736515 41.162027984857559
leaf_count=5566 1875 5634 1993 1827 376 55 189 834 90 620 220 63 1186 2977 67 992 46 65 3688 3591 1296 3827 144 54 125 219 3258 496 1849 203
internal_value=-0.000204611 -0.0109617 -0.00754435 0.00928719 -0.0148441 -0.0262759 0.00686918 -0.0081963 -0.00668978 -0.0281097 -0.022574 -0.0257836 -0.012641 -0.0113233 -0.0083184 0.00434994 -0.00813234 0.0231477 -0.00268734 0.01157 -0.0268067 -0.0237694 0.0112448 0.0390234 0.0152121 -0.0209093 0.00337997 0.00111046 -0.00255849 0.00519835
internal_weight=5709.15 2676.44 2450.56 3032.71 1422.8 522.773 2660.36 900.027 837.083 62.9438 449.159 338.966 110.193 387.291 295.4 1732.92 95.0538 9.46404 449.792 927.445 333.975 255.998 23.8257 15.022 11.5435 91.891 1510.57 831.308 437.478 393.83
internal_count=43425 29145 23511 14280 17945 9074 12453 8871 7875 996 7081 5564 1517 4097 3044 8673 1297 111 3778 3780 5509 4213 386 242 188 1053 7681 4423 2345 2078
is_linear=0
shrinkage=0.05


Tree=35
num_leaves=31
num_cat=0
split_feature=7 8 7 7 7 7 7 4 7 6 6 4 7 6 6 1 1 3 6 3 6 5 6 6 5 6 3 3 5 5
split_gain=211.99 127.858 72.5292 48.5024 35.2385 17.0461 9.30173 9.2728 7.23686 5.60715 5.44287 5.37744 8.47839 5.15084 4.37611 4.87421 18.1272 11.5817 4.12668 3.9059 3.9054 5.27468 5.19309 8.38626 4.99672 3.84408 3.83828 4.00276 3.78848 4.16677
threshold=0.047610620036721236 0.48666666448116308 1.0000000180025095e-35 0.31805309653282171 0.015309734269976618 0.00044247785990592098 0.12566372007131579 0.1225140728056431 0.67185840010643016 0.045543439686298377 0.037754381075501449 0.50996163487434398 0.0012389380135573449 0.012658453080803158 0.18337896466255191 0.29864865541458135 0.86576578021049511 0.026402927935123447 0.040051745250821121 0.06953234970569612 0.025062814354896549 0.0010459065088070931 0.036626014858484275 0.036008004099130637 0.37248815596103674 0.36325818300247198 0.34665770828723913 0.40138889849185949 0.0015380964032374325 0.00079646016820333909
decision_type=2 2 2 2 2 2 2 2 2 2 2 2 2 2 2 2 2 2 2 2 2 2 2 2 2 2 2 2 2 2
left_child=1 2 -1 6 5 -4 -2 9 14 -6 -9 12 -7 -13 -5 -16 -17 -18 19 -12 21 -8 23 26 -23 -20 -22 -28 29 -10
right_child=3 -3 4 8 7 11 20 10 28 -11 18 13 -14 -15 15 16 17 -19 25 -21 22 24 -24 -25 -26 -27 27 -29 -30 -31
leaf_value=0.0024257276828686981 0.0016970145499513919 -0.047682860833788129 -0.048470009308653993 0.020971013365626859 -0.048105803034200277 0.037707065700409652 -0.020471312467989757 -0.014956355179950011 0.022565695582548114 -0.016081219727282488 0.034706160268986049 -0.039740928750196455 -0.026089839494320616 -0.0077844611972681891 0.03282164434648252 -0.049312250944114538 0.048127188065482072 0.003196149377825946 -0.0063707602513646336 -0.0088151539685163757 0.0090164616631311107 0.015250757586134945 0.0073727090533717461 0.054497758864231444 -0.0082606995374073979 0.017456298587644147 0.033639326186321136 0.00097968911833521744 0.028540981396397783 -0.0019015620299721642
leaf_weight=1029.0972245931625 1009.9125179648399 216.23451094701886 70.396169044077396 128.19766820967197 21.423844482749701 5.1445721574127665 26.402205795049667 171.1361442245543 72.728513807058334 40.012751698493958 12.464041717350485 14.628902323544024 326.29093686491251 94.393684729933739 16.706692337989807 13.870583951473234 17.629906833171844 76.765232980251312 522.49008247256279 8.4302971661090833 140.38778963685036 51.082809284329414 1180.2838040292263 13.248183459043501 40.093731716275215 17.294711381196976 36.977634981274605 12.995035246014593 272.98375681042671 22.36250701546669
leaf_count=5566 5493 5634 1993 516 376 55 123 1870 361 620 127 220 5509 1297 67 57 71 308 5016 83 608 236 5172 56 186 129 153 57 1355 111
internal_value=-0.000200094 -0.0109062 -0.00749384 0.00851139 -0.015325 -0.025571 0.00541389 -0.00871788 0.0210221 -0.0273899 -0.00713998 -0.0218896 -0.0250734 -0.0121508 0.0144597 0.00772885 0.00378388 0.0116828 -0.00474304 0.01695 0.0079103 -0.000798671 0.00865386 0.0160486 0.00485939 -0.00559499 0.0133193 0.0252652 0.0255172 0.0167633
internal_weight=5682.07 2549.44 2333.2 3132.63 1304.11 510.854 2511.38 793.252 621.245 61.4366 731.815 440.458 331.436 109.023 253.17 124.972 108.266 94.3951 560.679 20.8943 1501.47 117.579 1383.89 203.609 91.1765 539.785 190.36 49.9727 368.075 95.091
internal_count=43425 28495 22861 14930 17295 9074 12084 8221 2846 996 7225 7081 5564 1517 1019 503 436 379 5355 210 6591 545 6046 874 422 5145 818 210 1827 472
is_linear=0
shrinkage=0.05


Tree=36
num_leaves=31
num_cat=0
split_feature=7 8 7 7 7 7 1 4 3 4 6 1 6 4 7 6 3 6 4 5 7 3 7 1 10 8 3 10 1 6
split_gain=192.691 124.828 61.0751 43.0423 38.459 16.8771 10.6969 9.43955 6.60211 5.72982 7.40457 5.64263 5.50229 5.11927 7.7671 4.90302 4.46123 4.27194 4.12202 4.13933 4.0588 3.84959 12.4229 11.3937 8.33716 9.86498 3.80028 5.52009 3.69573 4.04858
threshold=0.061769910156726844 0.48666666448116308 1.0000000180025095e-35 0.67185840010643016 0.015309734269976618 0.00044247785990592098 0.91366460919380199 0.1225140728056431 0.023604429326951507 0.1649659872055054 0.090207271277904524 0.4708049893379212 0.045543439686298377 0.50996163487434398 0.0012389380135573449 0.012658453080803158 0.015458228066563608 0.072323430329561247 0.33923077583312994 0.52959111332893383 0.13831858336925509 0.17239066958427432 0.0042477876413613566 1.0000000180025095e-35 0.65622368454933178 0.31782911717891699 0.28643822669982916 0.50908526778221141 0.4871456921100617 0.21205670386552813
decision_type=2 2 2 2 2 2 2 2 2 2 2 2 2 2 2 2 2 2 2 2 2 2 2 2 2 2 2 2 2 2
left_child=1 2 -1 6 5 -4 9 12 16 10 -2 18 -6 14 -7 -15 -8 -18 -9 -20 -11 22 23 24 25 -16 -17 -28 -14 -30
right_child=3 -3 4 -5 7 13 8 11 -10 20 -12 -13 28 15 21 26 17 -19 19 -21 -22 -23 -24 -25 -26 -27 27 -29 29 -31
leaf_value=0.0023015399269108627 0.0054920898336532431 -0.047368177226791791 -0.048204007637074602 0.024527183836304617 -0.04773388126983702 0.034868650400496824 0.015509632892294668 -0.019983038928411082 0.0094163777847512519 0.0024938476105924872 -0.022882438482467231 -0.0022906508853320589 -0.027173122643898869 -0.039096968582903846 0.077204209948137065 -0.010884994460888676 0.019059210483651823 0.058911373029089678 -0.008893607483992599 0.021434279464600883 0.0073796952184942092 -0.035515507188090094 -0.025959860681609159 -0.034309242582562308 0.10184969604818435 -0.018364866033198139 0.06135153083854758 -0.013379558119297905 0.038995664827208551 -0.015311446634222181
leaf_weight=1030.3661660552025 47.402992442250252 207.02151108533144 67.323717217892408 363.91109849512577 20.534551568329334 5.2894235737621775 49.873953774571419 89.823338378220797 768.16777004301548 958.69247329235077 44.111834771931171 447.07278929650784 24.926375098526478 14.140476163476704 4.1020603664219397 84.201319798827171 13.15334574878216 15.113646969199179 280.37844903767109 11.537421658635138 770.13525380194187 73.812779329717159 221.58083513751626 8.3430895879864675 3.7498786598443976 7.341199167072773 4.5767202600836736 5.0022745952010155 5.287057250738143 9.2484500706195814
leaf_count=5566 266 5634 1993 1827 376 55 205 1053 3209 4960 269 3778 402 220 63 1186 54 63 2977 67 3427 1296 3827 144 54 125 46 65 79 139
internal_value=-0.000194548 -0.0101099 -0.00691693 0.00839447 -0.0137621 -0.0248668 0.00619017 -0.00751412 0.0108378 0.00402616 -0.00814043 -0.006118 -0.0266751 -0.0212092 -0.0243641 -0.0116711 0.0247177 0.040676 -0.0105855 -0.0076709 0.00467352 -0.0253727 -0.0222848 0.0120659 0.0379169 0.0158326 -0.00744524 0.0220744 -0.0154975 0.00423173
internal_weight=5656.22 2625.66 2418.64 3030.56 1388.27 499.464 2666.65 888.808 846.309 1820.34 91.5148 828.812 59.9964 432.14 324.219 107.921 78.1409 28.267 381.739 291.916 1728.83 318.93 245.117 23.5362 15.1931 11.4433 93.7803 9.57899 39.4619 14.5355
internal_count=43425 29145 23511 14280 17945 9074 12453 8871 3531 8922 535 7875 996 7081 5564 1517 322 117 4097 3044 8387 5509 4213 386 242 188 1297 111 620 218
is_linear=0
shrinkage=0.05


Tree=37
num_leaves=31
num_cat=0
split_feature=8 7 7 7 7 7 4 1 7 1 6 5 3 4 1 6 6 6 5 1 6 4 7 6 6 6 6 1 1 7
split_gain=180.552 116.631 40.9128 53.4135 35.4781 18.8922 12.2329 7.58611 6.88803 5.09546 5.03536 5.00483 6.82626 6.37354 7.99654 4.44018 4.36734 7.45908 5.87302 4.15175 3.99024 3.89328 6.64474 5.15567 3.88384 4.51773 3.82878 3.9982 6.81164 5.57065
threshold=0.48666666448116308 0.094336282461881651 1.0000000180025095e-35 0.017256637103855613 0.67185840010643016 0.00044247785990592098 0.33923077583312994 0.94519516825675975 0.03823008947074414 0.4871456921100617 0.01602564146742225 0.0075639106798917064 0.25168919563293463 0.38961258530616766 0.88047617673873912 0.29780831933021551 0.063366986811161055 0.074488926678895964 0.015053989365696909 0.5513722598552705 0.29915967583656317 0.50996163487434398 0.0012389380135573449 0.011208822019398214 0.025062814354896549 0.029046440497040752 0.29185217618942266 0.29864865541458135 0.65345367789268505 0.31805309653282171
decision_type=2 2 2 2 2 2 2 2 2 2 2 2 2 2 2 2 2 2 2 2 2 2 2 2 2 2 2 2 2 2
left_child=1 2 -1 5 7 -4 8 26 9 -5 -10 24 13 -13 15 -15 18 -18 -11 -19 -21 22 -7 -23 -8 -26 27 29 -29 -3
right_child=-2 4 3 6 -6 21 11 -9 10 16 -12 12 -14 14 -16 -17 17 19 -20 20 -22 23 -24 -25 25 -27 -28 28 -30 -31
leaf_value=0.0021838565667283271 -0.047050275139018438 0.0073930943728866471 -0.047935515027483638 -0.027710593938163892 0.023569864152983625 0.032319103513295332 -0.010725522298707803 0.012116025104973196 0.039831639392447764 0.0061477623523484336 -0.0064437293968904038 0.0064820122342679077 0.0085703230946782092 -0.016046455769961377 0.025867276115093527 0.004126897444315227 0.055018582520609483 0.0088508212050892373 -0.041300407766562637 -0.037962645390081651 0.0053107004703591672 -0.039958449566107092 -0.022611414451664431 -0.0090749908201380527 0.033167763634404226 0.0039380063536379869 0.016651794142310959 -0.0086412607148635464 0.0045439328448004411 0.028397494550293542
leaf_weight=1031.5694947689772 198.22285102680326 284.26120539009571 64.390562139451504 86.384710814803839 359.86636631190777 5.4255802482366553 43.33195923268795 504.47711552679539 5.9956721998751155 9.6045936718583125 150.11532649770379 61.97069101780653 78.817483440041542 210.79361138492823 13.490892961621283 30.851144589483738 5.2600782588124266 19.957191325724125 19.024783335626125 14.461771100759508 8.0721738860011083 15.105688475072382 392.24291462078691 134.05762220174074 13.714365437626837 344.37011390924454 70.053246170282364 105.51071701943874 1314.2141674011946 35.715370282530785
leaf_count=5566 5634 1332 1993 1207 1827 55 382 2054 55 107 1217 500 527 1626 73 225 51 218 251 162 89 239 6605 1786 89 2479 309 542 6082 143
internal_value=-0.000189757 0.00151983 -0.00569111 -0.0103965 0.00896154 -0.0222784 -0.00388428 0.00668684 -0.0121604 -0.019364 -0.00461009 -0.000567096 -0.00456061 -0.00784177 -0.0113417 -0.0134496 -0.00983487 -0.000459275 -0.0252424 -0.00755746 -0.0222853 -0.0192399 -0.0218415 -0.0122607 0.00335948 0.00508039 0.00517008 0.00470394 0.00355998 0.00976134
internal_weight=5631.33 5433.11 2759.01 1727.44 2674.1 611.222 1116.22 2314.23 318.876 162.765 156.111 797.34 395.924 317.106 255.136 241.645 76.3806 47.7512 28.6294 42.4911 22.5339 546.832 397.668 149.163 401.416 358.084 1809.75 1739.7 1419.72 319.977
internal_count=43425 37791 25502 19936 12289 10678 9258 10462 3357 2085 1272 5901 2951 2424 1924 1851 878 520 358 469 251 8685 6660 2025 2950 2568 8408 8099 6624 1475
is_linear=0
shrinkage=0.05


Tree=38
num_leaves=31
num_cat=0
split_feature=8 7 7 7 7 7 4 1 7 1 3 1 3 4 6 6 6 6 5 8 6 3 4 3 7 4 6 3 3 1
split_gain=170.339 105.543 37.4083 49.8537 32.7574 18.6003 11.2032 6.86189 6.42502 4.82626 4.6361 4.89076 5.20482 4.79456 4.45841 4.45751 4.06457 6.50443 5.58382 3.90046 4.44926 3.88294 3.87806 4.88632 49.8495 6.4174 4.25857 4.11757 3.72374 10.7413
threshold=0.48666666448116308 0.094336282461881651 1.0000000180025095e-35 0.017256637103855613 0.67185840010643016 0.00044247785990592098 0.33923077583312994 0.94519516825675975 0.03823008947074414 0.4871456921100617 0.058922160416841514 0.77411872148513805 0.061836926266551025 0.506115883588791 0.086564276367425932 0.01602564146742225 0.063366986811161055 0.074488926678895964 0.015053989365696909 1.0000000180025095e-35 0.22607336193323138 0.32173123955726629 0.14093999564647677 0.15809583663940432 0.0026548672467470173 0.51078385114669811 0.014599318150430919 0.31717914342880255 1.0000000180025095e-35 0.62678572535514843
decision_type=2 2 2 2 2 2 2 2 2 2 2 2 2 2 2 2 2 2 2 2 2 2 2 2 2 2 2 2 2 2
left_child=1 2 -1 5 7 -4 8 -3 9 -5 28 12 -12 -13 -14 -10 18 -18 -11 20 -19 -16 27 24 -24 -25 -27 -7 29 -8
right_child=-2 4 3 6 -6 22 10 -9 15 16 11 13 14 -15 21 -17 17 19 -20 -21 -22 -23 23 25 -26 26 -28 -29 -30 -31
leaf_value=0.0020723218613672824 -0.046728601400522499 0.0049049680125461802 -0.047664036315017824 -0.026962267393810344 0.022644962172384653 -0.032623814713630871 -0.0014402819387074482 0.011510704772767895 0.036814206436523514 0.0058146332879532346 0.043461979575086837 0.0090444283516091378 -0.007618746607525856 0.042419135503913123 -0.00048733579051983122 -0.0061492859393854496 0.050192228004239725 0.039836588119373156 -0.040635201713851876 -0.021738590873178264 -0.0087499677000353396 0.016032223542943532 0.17861054384985722 -0.033121782201689175 -0.015797729153089177 -0.051871291835315497 0.0010824079616490161 0.017795028483171736 -0.0083579724489020249 0.056780426258360009
leaf_weight=1032.7107127010822 189.82159096561372 1812.2352367043495 61.590888015925884 84.397166214883327 355.94237445294857 66.700341321527958 198.48438156396151 504.46154199540615 6.1663366779685012 9.6515995562076586 6.8317037001252165 61.266016632318497 120.90564250946045 13.178193852305411 103.06619849801064 149.46003198251128 5.4811629503965369 7.2033407166600254 18.387316830456257 22.113217279314995 12.917943157255648 53.774217925965786 3.2256030663847914 83.770704552531242 349.01209729537368 4.2957696393132236 26.663208335638046 4.1179641000926486 231.1781669780612 8.148526690900324
leaf_count=5566 5634 8408 1993 1207 1827 1258 1632 2054 55 107 64 344 943 72 762 1217 51 77 251 240 152 341 23 1420 5517 61 336 70 1695 48
internal_value=-0.000184496 0.0014463 -0.00543924 -0.00997317 0.0085193 -0.0215986 -0.00370455 0.00634596 -0.0116738 -0.0187111 -0.000539077 0.00366469 0.000659697 0.0150685 -0.000390376 -0.0043923 -0.00942927 -0.000433319 -0.0245046 -0.00722461 0.00850755 0.0051513 -0.0185958 -0.0169102 -0.0139531 -0.0259253 -0.00624765 -0.0296006 -0.0039978 0.000857809
internal_weight=5607.16 5417.34 2744.7 1711.99 2672.64 599.377 1112.61 2316.7 315.778 160.152 796.833 359.022 284.578 74.4442 277.746 155.626 75.7546 47.7157 28.0389 42.2345 20.1213 156.84 537.786 466.967 352.238 114.73 30.959 70.8183 437.811 206.633
internal_count=43425 37791 25502 19936 12289 10678 9258 10462 3357 2085 5901 2526 2110 416 2046 1272 878 520 358 469 229 1103 8685 7357 5540 1817 397 1328 3375 1680
is_linear=0
shrinkage=0.05


Tree=39
num_leaves=31
num_cat=0
split_feature=8 7 4 7 7 7 4 6 6 6 6 3 3 5 5 4 1 1 6 1 7 7 3 6 5 5 4 3 7 8
split_gain=160.685 95.9986 35.2149 24.5663 17.0857 48.7351 11.4298 9.43114 4.45439 5.07924 7.19097 4.74279 5.25271 4.40151 5.50443 4.63361 4.37518 4.04906 5.24635 4.50998 4.18099 4.03668 3.94873 3.93148 3.67147 3.94356 3.5357 5.53963 11.9206 6.08595
threshold=0.48666666448116308 0.12566372007131579 0.84756097197532665 0.67185840010643016 1.0000000180025095e-35 0.019026548601686958 0.11153278499841691 0.020050250925123695 0.025062814354896549 0.036626014858484275 0.036008004099130637 0.45785273611545568 0.45412458479404455 0.00095858881832100462 0.00228809891268611 0.35832114517688757 0.75255101919174205 0.39736843109130865 0.023783811368048195 0.3473824411630631 0.007168141659349204 0.041946902871131904 0.04336890950798989 0.18337896466255191 0.0015380964032374325 0.00079646016820333909 0.52086955308914196 0.03916651941835881 0.0042477876413613566 0.31782911717891699
decision_type=2 2 2 2 2 2 2 2 2 2 2 2 2 2 2 2 2 2 2 2 2 2 2 2 2 2 2 2 2 2
left_child=1 2 4 8 -1 7 16 -6 13 10 -10 12 -11 22 -15 -16 -7 18 -9 26 -19 -8 -3 -14 25 -5 27 28 29 -20
right_child=-2 3 -4 24 5 6 21 17 9 11 -12 -13 23 14 15 -17 -18 20 19 -21 -22 -23 -24 -25 -26 -27 -28 -29 -30 -31
leaf_value=0.0019666021413730513 -0.046402609293516278 -0.0019629684107015603 -0.04639769039097582 0.018790765146526604 -0.03158736716671242 -0.031258917429154466 -0.0041425546663177706 0.025361582917525705 0.012540061209854569 0.0065217311831978339 0.050301394019426786 -0.024934668154760697 0.044004186956268919 0.035131612248090985 -0.014403521582180369 0.0089136199601392851 0.005839413017628442 -0.040751687249248568 0.074735546918342721 -0.039183684569278898 -0.0053572189859057715 0.0014183091748613641 -0.040116630318356987 0.012004780455326929 0.024796092729744285 -0.0054426071079209503 -0.0068573766735148499 -0.02917991169936528 -0.017791914651283134 0.0043349786652658066
leaf_weight=1033.7931189537048 181.80132944881916 15.413345888257028 48.101547101512551 69.678429067134857 100.80223373509943 41.789447281509638 473.68465895205736 6.8322243057191363 229.98673628270626 1339.2835332155228 13.370321750640867 11.510216429829596 16.092938914895058 11.76922272145748 37.468174785375595 49.009192198514938 9.5054448656737787 8.8673924785107356 4.9033869132399532 24.480842037126422 134.84683360531926 1047.5707420781255 12.452074304223059 25.355352446436882 260.78855037689209 21.673893436789513 72.566341362893581 96.059428535401821 176.46831222996116 8.4095885530114174
leaf_count=5566 5634 72 1632 361 1861 614 4440 102 974 5788 56 48 65 53 180 215 67 165 66 386 1816 5815 57 102 1355 111 984 1745 2949 146
internal_value=-0.000179766 0.00137559 -0.00396686 0.0096894 -0.00333408 -0.00581949 -0.00109693 -0.0175189 0.00727447 0.00797312 0.0146551 0.00680059 0.00707055 -0.00174617 0.00318884 -0.00113625 -0.024289 -0.0148456 -0.017501 -0.0182853 -0.0076027 -0.00031009 -0.0192738 0.0246254 0.0217513 0.0129869 -0.0168334 -0.0193452 -0.0143283 0.0310013
internal_weight=5584.33 5402.53 3288.68 2113.85 3240.58 2206.79 1572.55 634.237 1761.71 1635.6 243.357 1392.24 1380.73 126.112 98.2466 86.4774 51.2949 533.434 389.72 382.888 143.714 1521.26 27.8654 41.4483 352.141 91.3523 358.407 285.841 189.781 13.313
internal_count=43425 37791 28354 9437 26722 21156 10936 10220 7610 7033 1030 6003 5955 577 448 395 681 8359 6378 6276 1981 10255 129 167 1827 472 5890 4906 3161 212
is_linear=0
shrinkage=0.05


Tree=40
num_leaves=31
num_cat=1
split_feature=8 7 4 7 5 7 7 4 6 12 6 5 3 6 3 4 3 3 6 1 6 7 5 8 7 5 6 6 3 4
split_gain=151.565 86.8292 33.4908 22.7299 15.564 14.0637 39.3592 10.5483 7.10121 5.1995 5.75924 5.83819 6.61071 5.67377 6.84695 5.24946 5.02047 4.48966 4.26651 4.11835 3.85445 4.14777 4.45946 19.5842 10.7211 6.88478 4.27015 8.27492 7.35157 4.99131
threshold=0.48666666448116308 0.12566372007131579 0.84756097197532665 0.67185840010643016 0.62470659613609325 0.0012389380135573449 0.019026548601686958 0.11153278499841691 0.020050250925123695 0 0.025062814354896549 0.0011594206443987789 0.03020223788917065 0.037058494985103614 0.034602491185069091 0.35832114517688757 0.037074185907840736 0.02887451741844416 0.050916196778416641 0.75255101919174205 0.32304200530052191 0.041327433660626418 0.030816714279353622 0.31782911717891699 0.02008849568665028 0.46868900954723364 0.049339246004819877 0.19174208492040637 0.30662393569946295 0.47813564538955694
decision_type=2 2 2 2 2 2 2 2 2 1 2 2 2 2 2 2 2 2 2 2 2 2 2 2 2 2 2 2 2 2
left_child=1 2 4 9 5 -1 8 19 -7 10 11 12 -3 -12 17 -13 -16 -15 -19 -8 21 22 24 25 -9 -24 -26 28 29 -28
right_child=-2 3 -4 -5 -6 6 7 20 -10 -11 13 15 -14 14 16 -17 -18 18 -20 -21 -22 -23 23 -25 26 -27 27 -29 -30 -31
leaf_value=0.0018642316813018607 -0.046071788270055002 0.00056973919258418286 -0.046081756450683381 0.020889216402493749 -0.046813248608953612 -0.02974533241728286 -0.030484644632302896 0.047939496736277593 -0.013916398367675232 0.0014670747015300455 0.016872090279674814 -0.011346249181950804 -0.051177112822810733 0.0054749783814430596 0.030598806863050051 0.014902749539384121 0.010383624913265522 -0.035695681413181364 -0.0024844389192043657 0.0055301768102413336 0.011068638348880454 0.00071145311339422914 -0.0083969271444743875 -0.055602548277710676 -0.013262139928662221 0.03067003384936607 0.0074622486723469224 -0.0057035115873182848 -0.026400257264328614 0.048205962904245225
leaf_weight=1043.0734900422394 174.14617601409554 12.414306566119196 46.062127374112606 348.45480161905289 20.224712174385786 83.11219883710146 40.737891882658005 10.568174690008162 513.10239645466208 353.84847371280193 202.41824579238892 33.364387854933739 11.81109097599983 465.52664124965668 32.836161971092224 43.845873698592186 535.7779024541378 11.52838149666786 60.16700404882431 9.539807088673113 70.975852526724339 1077.8521482646465 112.86547519266605 21.987209476530552 72.617606040090322 12.393489457666872 13.223792217671873 103.10637546703219 6.4598782211542121 18.510085225105286
leaf_count=5649 5634 59 1632 1827 552 1473 614 124 8112 1525 852 161 54 2064 138 191 2258 49 259 67 450 6200 1130 238 770 117 140 887 55 144
internal_value=-0.000174739 0.00130849 -0.00378629 0.00921438 -0.00318023 -0.00290232 -0.00519891 -0.00104379 -0.016136 0.00690368 0.00826458 -0.00317353 -0.0245606 0.00915543 0.00773702 0.00349525 0.011565 0.00367467 -0.00793662 -0.0235544 -0.000294681 -0.000855236 -0.00541033 -0.012172 -0.000949493 -0.00447026 -0.00340939 0.00162462 0.0215012 0.0314615
internal_weight=5562.55 5388.41 3276.41 2111.99 3230.35 3210.13 2167.05 1570.84 596.215 1763.54 1409.69 101.436 24.2254 1308.25 1105.84 77.2103 568.614 537.222 71.6954 50.2777 1520.56 1449.58 371.732 147.246 224.486 125.259 213.918 141.3 38.1938 31.7339
internal_count=43425 37791 28354 9437 26722 26170 20521 10936 9585 7610 6085 465 113 5620 4768 352 2396 2372 308 681 10255 9805 3605 1485 2120 1247 1996 1226 339 284
cat_boundaries=0 1
cat_threshold=2
is_linear=0
shrinkage=0.05


Tree=41
num_leaves=31
num_cat=1
split_feature=8 7 4 7 5 7 7 4 4 1 12 6 5 3 6 3 4 6 3 3 6 6 3 7 6 6 3 4 10 6
split_gain=142.943 78.5301 31.8361 21.0102 14.78 12.7761 36.2549 6.17878 5.32153 4.86799 4.68 5.18836 5.31286 6.12422 5.10115 6.16542 4.73378 4.56857 4.49281 4.05518 3.88262 3.84264 3.74929 12.0748 5.40609 7.40509 5.16674 4.81163 3.92836 3.61298
threshold=0.48666666448116308 0.12566372007131579 0.84756097197532665 0.67185840010643016 0.62470659613609325 0.0012389380135573449 0.022035398520529274 0.14093999564647677 0.092713762074708952 0.38365800678730017 0 0.025062814354896549 0.0011594206443987789 0.03020223788917065 0.037058494985103614 0.034602491185069091 0.35832114517688757 0.32304200530052191 0.037074185907840736 0.02887451741844416 0.050916196778416641 0.042055048048496253 0.062343280762434013 0.0042477876413613566 0.24937810748815539 0.052195154130458839 0.030837154015898708 0.52086955308914196 0.65043154358863842 0.023431372828781608
decision_type=2 2 2 2 2 2 2 2 2 2 1 2 2 2 2 2 2 2 2 2 2 2 2 2 2 2 2 2 2 2
left_child=1 2 4 10 5 -1 7 21 -8 22 11 12 13 -3 -13 19 -14 -10 -17 -16 -21 -7 23 24 25 -9 -25 -24 -29 -28
right_child=-2 3 -4 -5 -6 6 8 9 17 -11 -12 14 16 -15 15 18 -18 -19 -20 20 -22 -23 27 26 -26 -27 29 28 -30 -31
leaf_value=0.0017693172398440841 -0.045735631341932405 0.00054137176841559766 -0.045760081466181046 0.02005488745420644 -0.046475943071549591 -0.044134094254525739 -0.034616173408525214 0.052555891417445211 -0.00089017852764327384 -0.0060672378642889144 0.0013933616226169353 0.015995911918821239 -0.01082668277592987 -0.049457639005782983 0.00519466126272359 0.0289375037485438 0.014108590079744375 0.01352411491489338 0.0098507184647572393 -0.034125863311947613 -0.002361470130078305 -0.020248422424982766 -0.028847738284000619 -0.018664950970155355 0.076676038403957314 -0.02057213013782205 0.030872670844533136 0.0083013844373798287 -0.033559732952174709 -0.0065024998738051959
leaf_weight=1044.0572616197169 166.84076562151313 12.416742667555811 44.116639412939548 344.9003422409296 19.375178014859557 24.510907415300608 11.308052372187374 6.0267529524862784 1415.2039135172963 188.02286542579532 353.94254279136658 202.82508808374405 33.225678190588951 11.619039818644522 466.10539148747921 32.986919298768044 43.999771028757095 57.07524673640728 536.51041108369827 11.462069615721701 60.140965595841408 59.824457544833422 91.418878581374884 218.02473426237702 4.1080797947943202 7.7602062411606312 7.601768545806407 18.22404116392136 7.9244722798466674 40.079485360532999
leaf_count=5649 5634 59 1632 1827 552 509 212 99 9403 2450 1525 852 161 54 2064 138 191 319 2258 49 259 1145 1740 3332 61 124 129 248 130 620
internal_value=-0.000170088 0.00124422 -0.00361363 0.00876215 -0.00303333 -0.00276739 -0.00496548 -0.0145853 -0.000594149 -0.0127535 0.00655187 0.00784186 -0.00302325 -0.0235261 0.00868568 0.00734071 0.00331558 -0.000327109 0.0109699 0.00348629 -0.00755648 -0.0272937 -0.0158725 -0.0127135 0.0268382 0.0111828 -0.0154051 -0.023433 -0.00427393 -0.000387033
internal_weight=5541.64 5374.8 3264.66 2110.13 3220.55 3201.17 2157.11 673.527 1483.59 589.191 1765.23 1411.29 101.261 24.0358 1310.03 1107.21 77.2254 1472.28 569.497 537.708 71.603 84.3354 401.168 283.601 17.895 13.787 265.706 117.567 26.1485 47.6813
internal_count=43425 37791 28354 9437 26722 26170 20521 10587 9934 8933 7610 6085 465 113 5620 4768 352 9722 2396 2372 308 1654 6483 4365 284 223 4081 2118 378 749
cat_boundaries=0 1
cat_threshold=2
is_linear=0
shrinkage=0.05


Tree=42
num_leaves=31
num_cat=0
split_feature=8 7 4 7 5 7 8 7 4 3 8 4 1 6 6 6 3 4 3 8 6 4 3 1 6 5 7 6 7 4
split_gain=134.793 71.4878 28.7442 23.5358 23.196 20.2325 11.1168 7.40223 8.022 6.66182 5.65868 7.76735 5.47295 5.10755 10.2872 4.71308 6.23731 4.71269 4.70248 4.69234 4.27398 4.31426 4.18974 3.91219 5.73346 3.84284 3.80541 3.77298 3.76756 3.76578
threshold=0.48666666448116308 0.094336282461881651 0.84756097197532665 0.67185840010643016 0.0075639106798917064 0.014778761193156244 0.33330383896827703 0.019026548601686958 0.49967658519744879 0.03315588831901551 0.32658188045024877 0.57738095521926891 0.94519516825675975 0.047678871080279357 0.21643934398889544 0.29780831933021551 0.060754165053367622 0.081877991557121291 0.28643822669982916 0.33269366621971136 0.053215339779853828 0.33656601607799536 0.34719188511371618 0.61167800426483165 0.020050250925123695 0.52959111332893383 0.041946902871131904 0.023431372828781608 0.015752212144434456 0.50125628709793102
decision_type=2 2 2 2 2 2 2 2 2 2 2 2 2 2 2 2 2 2 2 2 2 2 2 2 2 2 2 2 2 2
left_child=1 2 4 12 6 10 19 -8 -9 25 11 -6 -3 -10 -15 17 -17 -11 23 -1 27 22 -22 28 -25 -7 -16 -20 -19 -23
right_child=-2 3 -4 -5 5 9 7 8 13 15 -12 -13 -14 14 26 16 -18 18 20 -21 21 29 -24 24 -26 -27 -28 -29 -30 -31
leaf_value=0.0018925373927020845 -0.045393660107175819 0.003903405126681179 -0.045432229063954291 0.019248861856251399 -0.023758967179339532 -0.014669530428880435 -0.012137605645379589 -0.0072214486505073868 -0.0055387348240809441 -0.044529715361849312 -0.043570904951560692 0.018538395226499273 0.0098027268577568199 0.046071556940387254 -0.004064964948923085 0.038727526295564474 -0.00038617427877488434 0.011586696244014802 0.015063838928311622 0.034929709742991817 0.014247410125618429 -0.0076224000844551699 0.067652461617343881 0.030728728048919747 -0.0050647454510898554 0.0042915513820015738 0.021684527000347304 -0.018399829289735947 -0.018793907613572226 0.019685861365067864
leaf_weight=1167.8939536884427 159.87026529945433 1821.438085898757 42.261009393259883 341.46904763579369 152.27664031460881 240.14515168592334 277.92910211533308 195.2082319483161 39.392903178930283 7.0696328915655604 33.3260139785707 11.479805819690226 503.80913369357586 21.34114133566618 37.549391873180866 15.205894511193035 29.763355232775211 11.32153584063053 12.110408559441565 10.768690854310988 9.6453995779156667 25.273693256080151 6.2412152774631968 11.975229915231465 148.8810142762959 29.579383172094822 22.874569751322269 26.401833493262529 84.67514830827713 24.734251007437706
leaf_count=6446 5634 8408 1632 1827 2931 2647 4442 1665 329 137 783 145 2054 153 282 138 244 171 123 58 97 196 68 102 1044 184 131 210 980 164
internal_value=-0.000165508 0.00118287 -0.00455847 0.00698762 -0.00390381 -0.0105393 -0.000606674 -0.00618407 -0.000935876 -0.00645525 -0.0246576 -0.0207538 0.00518412 0.00914773 0.0162826 -0.00244999 0.0127854 -0.0043266 -0.00351391 0.00220156 0.00540278 0.0131575 0.0358328 -0.00715856 -0.00235154 -0.0125708 0.00562008 -0.00773572 -0.0151506 0.00579699
internal_weight=5521.91 5362.04 2695.32 2666.72 2653.06 880.106 1772.96 594.295 316.366 683.023 197.082 163.756 2325.25 121.158 81.7651 413.299 44.9692 368.329 361.26 1178.66 104.407 65.8946 15.8866 256.853 160.856 269.725 60.424 38.5122 95.9967 50.0079
internal_count=43425 37791 25502 12289 23870 10364 13506 7002 2560 6505 3859 3076 10462 895 566 3674 382 3292 3155 6504 858 525 165 2297 1146 2831 413 333 1151 360
is_linear=0
shrinkage=0.05


Tree=43
num_leaves=31
num_cat=1
split_feature=8 7 4 7 5 7 7 4 6 12 6 5 4 1 6 3 3 6 8 6 5 5 6 3 3 1 6 1 4 4
split_gain=127.09 64.8038 28.7025 17.7988 13.5259 10.5972 30.7436 8.87898 6.95332 4.23334 4.66702 5.64622 5.04734 4.66689 4.25526 5.17222 4.90627 4.01942 3.81495 3.67646 3.53668 3.70599 3.52784 3.88206 12.9311 3.48141 4.79749 4.36359 3.56051 3.47863
threshold=0.48666666448116308 0.12566372007131579 0.84756097197532665 0.67185840010643016 0.62470659613609325 0.0012389380135573449 0.019026548601686958 0.11153278499841691 0.020050250925123695 0 0.0245190653949976 0.0011482024565339091 0.35832114517688757 0.9759001135826112 0.036626014858484275 0.0093764648772776144 0.024213715456426147 0.031634543091058738 0.31782911717891699 0.051505981013178832 0.0015380964032374325 0.00079646016820333909 0.02547288499772549 0.057769836857914932 0.041775742545723922 0.39736843109130865 0.023783811368048195 0.3473824411630631 0.54880952835083019 0.1011171229183674
decision_type=2 2 2 2 2 2 2 2 2 1 2 2 2 2 2 2 2 2 2 2 2 2 2 2 2 2 2 2 2 2
left_child=1 2 4 9 5 -1 8 18 -7 10 11 -3 -13 14 15 17 -17 -12 22 -15 21 -5 -8 24 29 26 -10 28 -28 -24
right_child=-2 3 -4 20 -6 6 7 -9 25 -11 13 12 -14 19 -16 16 -18 -19 -20 -21 -22 -23 23 -25 -26 -27 27 -29 -30 -31
leaf_value=0.0015904089184213873 -0.045045407112409321 -0.026666729615551082 -0.045097766791903277 0.015513191257659795 -0.045896921416577641 -0.028292442702614454 -0.047033232349356108 -0.00024394943184956683 0.026360816968088452 0.0010352285236099484 0.015676066751139556 -0.011729753479080637 0.014215475808497524 0.026017278499426519 0.0053330998387461307 -0.011575222198567436 0.013355783913331851 0.045180708286461625 -0.048255674629988199 0.010761657818220039 0.021523471534157797 -0.0083472856609803879 0.0070346691147217498 -0.027384133063631629 0.084918727620078266 -0.0054219534918175981 -0.015964780395898354 -0.037292493394607648 0.00095664924504811717 -0.043271001274567823
leaf_weight=1045.883469440043 153.22034508362412 20.486455127596855 40.491320395842195 67.020104005932808 17.997910806909204 78.832165248692036 6.6600997261703005 1518.0666392147541 6.7492414824664584 354.26232947409153 29.987151488661766 33.109434515237808 42.721515297889709 55.060953289270401 942.16369047760963 24.451723903417587 97.354829728603363 19.710585042834282 10.813245806843041 148.49938926100731 250.02642557024956 21.113419130444527 7.490393050014978 13.101204458624123 4.1201057508587828 137.74832168221474 293.39444136619568 22.07761887460947 34.138561777770519 6.0107889100909233
leaf_count=5649 5634 97 1632 361 552 1473 108 10255 102 1525 126 161 185 224 4094 108 408 83 198 599 1355 111 69 147 50 1958 5224 375 453 109
internal_value=-0.00016076 0.0011247 -0.0033085 0.00795483 -0.00277727 -0.00253061 -0.00454775 -0.000918748 -0.0144578 0.0059396 0.00716503 -0.00342038 0.00282085 0.00794305 0.00666143 0.0139221 0.00830467 0.0275455 -0.0220254 0.0149234 0.0184703 0.00973748 -0.0141962 -0.006786 0.0083144 -0.0122352 -0.0148525 -0.0156698 -0.0141861 -0.0151475
internal_weight=5502.76 5349.54 3243.58 2105.97 3203.08 3185.09 2139.2 1566.26 572.94 1767.81 1413.55 96.3174 75.8309 1317.23 1113.67 171.504 121.807 49.6977 48.1958 203.56 338.16 88.1335 37.3826 30.7225 17.6213 494.108 356.36 349.611 327.533 13.5012
internal_count=43425 37791 28354 9437 26722 26170 20521 10936 9585 7610 6085 443 346 5642 4819 725 516 209 681 823 1827 472 483 375 228 8112 6154 6052 5677 178
cat_boundaries=0 1
cat_threshold=2
is_linear=0
shrinkage=0.05


Tree=44
num_leaves=31
num_cat=0
split_feature=8 7 4 5 7 7 8 4 6 4 3 5 8 8 1 8 4 5 5 4 4 6 1 3 1 5 4 6 6 5
split_gain=119.807 58.9828 25.9913 20.1315 19.8447 17.056 8.12973 6.77035 10.3881 7.84139 6.56211 7.96759 6.60572 6.28228 9.6113 6.27516 7.08094 5.63125 6.05734 5.15711 7.10933 5.53583 4.72018 6.6592 4.99909 5.42354 5.34381 5.31175 5.82466 5.62639
threshold=0.48666666448116308 0.094336282461881651 0.84756097197532665 0.012564592994749548 0.67185840010643016 0.014778761193156244 0.33330383896827703 0.50125628709793102 0.0070378463715314874 0.51078385114669811 0.28643822669982916 0.019206888973712925 1.0000000180025095e-35 0.32502073049545294 0.7124060094356538 0.32658188045024877 0.57738095521926891 0.080128207802772536 0.015053989365696909 0.25211864709854132 0.31647802889347082 0.18463078141212466 0.91547620296478283 0.023604429326951507 0.88165265321731578 0.51541250944137584 0.1649659872055054 0.27909746766090399 0.086564276367425932 0.003444607369601727
decision_type=2 2 2 2 2 2 2 2 2 2 2 2 2 2 2 2 2 2 2 2 2 2 2 2 2 2 2 2 2 2
left_child=1 2 3 6 22 15 -1 -8 -9 -10 13 -12 -13 19 17 16 -5 18 -15 -7 21 -21 24 -24 26 -26 -3 28 -28 -30
right_child=-2 4 -4 5 -6 10 7 8 9 -11 11 12 -14 14 -16 -17 -18 -19 -20 20 -22 -23 23 -25 25 -27 27 -29 29 -31
leaf_value=0.0015030326386994827 -0.044690426005264697 -0.016961711425631576 -0.044756292913717917 -0.022522151653009304 0.01772000881007561 -0.015180197345003452 -0.0095939866802500322 -0.048078976143279918 0.024703872854076381 -0.00063465003333597748 0.057520885457253812 0.0054395254255006431 -0.039707650557059909 -0.056968797603661893 0.025042766941317591 -0.045194912706269359 0.017716445053792166 -0.054401797302649574 -0.010037999435319999 0.042428198449240617 -0.0052351480540955807 -0.0026571361887286864 0.021823501050943508 0.0062888226237726086 -0.010786340283073818 0.01610187619706694 0.0064502270684268287 0.01338011412407248 -0.0072303309728897897 0.0033593330949314316
leaf_weight=1270.2650431208313 146.87720426544547 29.777548640966415 38.803800903260708 146.66651525720954 334.95761914551258 117.53699491918087 378.77709668129683 9.9045370221137983 37.450264990329742 161.53726716712117 6.6712817810475817 91.855019271373749 8.776606831699608 8.7209374718368036 8.9552962034940702 28.550037832930684 11.599865570664404 17.06994640827179 33.432948373258114 14.569601006805899 270.78122835233808 12.317301481962202 76.245142936706543 754.42035137116909 110.66459608078003 22.359714299440384 652.02236585319042 146.50537222623825 199.72095568478107 336.45352497696877
leaf_count=7403 5634 151 1632 2931 1827 1523 4831 165 252 1754 53 756 95 81 58 743 145 224 324 109 2332 91 312 3125 499 92 3074 668 971 1570
internal_value=-0.000156009 0.0010694 -0.00417464 -0.00357354 0.00633715 -0.0103288 -0.000743525 -0.00560747 0.00159837 0.00411906 -0.00615054 0.00500184 0.00141686 -0.00863704 -0.0227219 -0.0235028 -0.019532 -0.0300587 -0.0199774 -0.00630728 -0.00278301 0.0216553 0.00469664 0.00772319 0.00301407 -0.00622051 0.00391841 0.00438923 0.00327541 -0.000576526
internal_weight=5484.25 5337.37 2674.24 2635.44 2663.13 777.504 1857.93 587.669 208.892 198.988 590.687 107.303 100.632 483.384 68.1791 186.816 158.266 59.2238 42.1539 415.205 297.668 26.8869 2328.17 830.665 1497.5 133.024 1364.48 1334.7 1188.2 536.174
internal_count=43425 37791 25502 23870 12289 9465 14405 7002 2171 2006 5646 904 851 4742 687 3819 3076 629 405 4055 2532 200 10462 3437 7025 591 6434 6283 5615 2541
is_linear=0
shrinkage=0.05


Tree=45
num_leaves=31
num_cat=2
split_feature=8 7 4 7 5 7 7 4 6 12 3 8 7 4 12 6 3 3 1 5 5 4 1 6 5 3 1 4 6 5
split_gain=112.918 53.4964 25.8317 15.03 12.3552 8.83263 26.4403 7.7802 6.48308 3.79325 4.39233 3.69486 3.68858 9.25535 3.44604 3.39997 3.68201 11.1497 3.41429 3.31245 3.40424 3.26199 3.78981 4.62667 3.50433 5.0072 3.49553 3.23918 2.91807 3.10936
threshold=0.48666666448116308 0.12566372007131579 0.84756097197532665 0.67185840010643016 0.62470659613609325 0.0012389380135573449 0.019026548601686958 0.11153278499841691 0.020050250925123695 0 0.32781545817852026 0.31782911717891699 0.00026548672030912718 0.59523808956146251 1 0.02547288499772549 0.057769836857914932 0.041775742545723922 0.55051019787788402 0.0015380964032374325 0.00079646016820333909 0.10657506436109544 0.39736843109130865 0.023783811368048195 0.37347440421581274 0.036235980689525611 0.3473824411630631 0.69314920902252208 0.32304200530052191 0.52959111332893383
decision_type=2 2 2 2 2 2 2 2 2 1 2 2 2 2 1 2 2 2 2 2 2 2 2 2 2 2 2 2 2 2
left_child=1 2 4 9 5 14 8 11 -7 10 -3 15 -2 -14 -1 -8 17 18 -17 20 -5 -10 23 -23 27 -26 -25 -24 29 -9
right_child=12 3 -4 19 -6 6 7 28 21 -11 -12 -13 13 -15 -16 16 -18 -19 -20 -21 -22 22 24 26 25 -27 -28 -29 -30 -31
leaf_value=-0.00016117279861496038 -0.048783643225730186 0.0050669591538997309 -0.044407401746671051 0.014106347914479699 -0.045299132018802167 -0.027137755057991472 -0.046308787391303882 -0.0014976329569701312 -0.027383005835891733 0.0007468685382033078 0.011832559911339526 -0.047660290175481075 -0.03940240548095305 0.039123091633367232 0.0065573712839109462 -0.031853948375423165 -0.02638205664241506 0.077395196253140203 0.021581085157498164 0.019984561356577366 -0.0088530886580923708 0.027700688852561967 -0.010027245103960202 -0.012640201894347062 -0.038080607314549673 0.023591904718278722 -0.034798092091224191 0.018933016124196057 0.0096282656863869651 0.0060123612707409764
leaf_weight=797.12887239456177 109.0132683031261 1106.1563681066036 37.194828001782298 65.886148899793625 16.719403598457575 75.708870563656092 6.3539576716721049 1290.4635434374213 30.025643680244684 354.48665601015091 308.71124714612961 10.136873099952934 27.618789255619053 4.1954837106168261 250.28693995252252 8.8657683990895801 12.792502999305723 4.3397930152714244 4.2896685451269141 244.98584523797035 21.016514539718628 6.6257860101759425 92.698259010910988 300.58292038738728 3.756874497979882 20.948045559227467 19.186183918267488 10.579865068197249 71.769393347203732 154.05194210261106
leaf_count=4381 4889 4791 1632 361 552 1473 108 8945 639 1525 1294 198 673 72 1268 135 147 50 43 1355 111 97 1344 5256 60 275 330 111 450 860
internal_value=-0.000151867 0.00101615 -0.00302802 0.00722444 -0.00254219 -0.00231372 -0.00416784 -0.000824057 -0.0134883 0.00538822 0.00654742 -0.0208867 -0.0443283 -0.0288001 0.00143997 -0.0132342 -0.00600155 0.00868175 -0.0140215 0.016994 0.00849258 -0.0113396 -0.0102626 -0.0131258 -0.00291699 0.0138961 -0.0139958 -0.00699673 -0.000200474 -0.000692899
internal_weight=5466.58 5325.75 3224.51 2101.24 3187.31 3170.59 2123.18 1563.06 560.112 1769.35 1414.87 46.7786 140.828 31.8143 1047.42 36.6417 30.2877 17.4952 13.1554 331.889 86.9027 484.404 454.378 326.395 127.983 24.7049 319.769 103.278 1516.28 1444.52
internal_count=43425 37791 28354 9437 26722 26170 20521 10936 9585 7610 6085 681 5634 745 5649 483 375 228 178 1827 472 8112 7473 5683 1790 335 5586 1455 10255 9805
cat_boundaries=0 1 2
cat_threshold=2 2
is_linear=0
shrinkage=0.05


Tree=46
num_leaves=31
num_cat=0
split_feature=8 7 7 7 7 1 4 4 7 3 7 3 4 4 5 6 5 3 5 6 4 5 4 1 5 6 4 6 5 3
split_gain=106.454 49.0752 26.3469 24.37 19.1342 12.0591 8.04724 4.19637 4.05394 4.8594 4.08648 32.2372 3.96774 7.74308 6.60531 5.41552 6.13584 5.14709 4.1896 4.17458 3.91019 3.90435 3.87974 6.35177 18.5477 5.49985 4.98183 4.66994 4.53727 6.58543
threshold=0.48666666448116308 0.061769910156726844 1.0000000180025095e-35 0.00070796458749100577 0.31805309653282171 0.4708049893379212 0.14093999564647677 0.49412102997303015 0.035398229956626899 0.014134451746940615 0.0017699114396236839 0.55894121527671825 0.39154426753520971 0.37588028609752661 0.38491770625114446 0.14561489224433902 0.0022175699705258016 0.033407738432288177 0.003017741953954101 0.088165346533060088 0.47281807661056524 0.0020918130176141862 0.50996163487434398 0.505102038383484 0.0076337936334311971 0.16328698396682742 0.38961258530616766 0.19724349677562716 0.37347440421581274 0.07458051294088365
decision_type=2 2 2 2 2 2 2 2 2 2 2 2 2 2 2 2 2 2 2 2 2 2 2 2 2 2 2 2 2 2
left_child=1 2 -1 -4 7 6 -5 12 10 -10 11 -8 13 14 15 16 -3 18 -15 -18 -6 -9 26 24 -24 -25 28 -27 29 -7
right_child=-2 4 3 5 20 22 8 21 9 -11 -12 -13 -14 17 -16 -17 19 -19 -20 -21 -22 -23 23 25 -26 27 -28 -29 -30 -31
leaf_value=0.0013552758016670094 -0.043973233327003383 0.012259464174608603 -0.04374002612609873 -0.027025958138015033 0.010805304970081444 0.0041739892686410325 0.1534979421960479 0.01939174735250071 0.0041112598103113752 -0.036632988440504909 -0.012255456691031017 -0.050577935404301805 0.00022149940822439995 -0.012858355395971669 0.0079750158350559864 -0.004992345697177005 -0.0034605974977156453 0.021097314002589646 0.013341196853568153 0.028054463922778789 0.020132257336688823 0.0052140850486795936 0.10278745112693762 -0.0097569277778531208 -0.02248508480975156 0.045264858111223077 -0.013790311027990132 0.0060031771521913031 0.010543931260769024 -0.015860482492359496
leaf_weight=1039.9759864509106 135.03151794523001 137.3866730928421 49.574290672317147 80.406177062541246 425.01352950930595 87.648008368909359 2.9269746728241426 71.348179653286934 74.755925439298153 8.0101664438843709 551.06994038447738 5.2322645224630833 1005.4393998682499 24.877503544092178 389.81186252832413 312.19578344374895 178.94455201923847 106.48946653306484 38.832078173756599 11.045172423124312 155.87099489569664 156.74598839879036 5.7881088592112047 59.844775546342134 5.7695467248558998 8.4324951991438848 107.49192814528942 73.500146005302668 64.003855925053358 76.492295693606138
leaf_count=5566 5634 677 2059 1728 1980 988 25 324 641 80 8633 116 4672 106 1736 1603 905 451 169 52 866 739 57 563 54 66 990 498 538 909
internal_value=-0.000147643 0.00096566 -0.00453194 -0.00939115 0.00516426 -0.00797783 -0.012083 0.0032147 -0.0101998 6.82128e-05 -0.0117282 0.0229972 0.00254351 0.00448538 0.00284516 -0.000274367 0.00420972 0.0143687 0.00302824 -0.00158835 0.0133197 0.00967734 -0.00190141 0.00466925 0.0401664 0.00171402 -0.0049186 0.0101552 -0.000712504 -0.00513596
internal_weight=5449.96 5314.92 2300.92 1260.95 3014 1211.37 722.401 2433.12 641.995 82.7661 559.229 8.15924 2205.02 1199.58 1029.38 639.572 327.376 170.199 63.7096 189.99 580.885 228.094 488.971 153.335 11.5577 141.777 335.636 81.9326 228.144 164.14
internal_count=43425 37791 23511 17945 14280 15886 11223 11434 9495 721 8774 141 10371 5699 4973 3237 1634 726 275 957 2846 1063 4663 1238 111 1127 3425 564 2435 1897
is_linear=0
shrinkage=0.05


Tree=47
num_leaves=31
num_cat=0
split_feature=8 7 7 7 7 1 4 7 4 3 7 7 1 1 1 3 4 6 6 1 3 5 8 4 6 4 1 1 6 1
split_gain=100.292 44.4168 24.0744 23.331 17.4372 11.1003 7.60597 3.97696 8.93772 3.91149 16.1151 4.19826 3.80551 6.9279 9.74368 6.24045 3.77472 3.6848 7.09893 5.03743 5.3167 4.49176 11.7929 9.13389 11.5619 8.45927 5.54707 5.04898 4.15748 3.89144
threshold=0.48666666448116308 0.061769910156726844 1.0000000180025095e-35 0.00070796458749100577 0.31805309653282171 0.4708049893379212 0.14093999564647677 0.00026548672030912718 0.59523808956146251 0.42831988632678991 0.0026548672467470173 0.01212389348074794 0.96424010396003734 0.29864865541458135 0.81165540218353283 0.037074185907840736 0.49412102997303015 0.050125628709793098 0.047591427341103561 0.57518798112869274 0.034128241240978248 0.0076337936334311971 0.31782911717891699 0.39794188737869268 0.22607336193323138 0.48573797941207891 0.54169884324073803 0.505102038383484 0.081356864422559752 0.55051019787788402
decision_type=2 2 2 2 2 2 2 2 2 2 2 2 2 2 2 2 2 2 2 2 2 2 2 2 2 2 2 2 2 2
left_child=1 2 -1 -4 16 6 -5 -2 -9 10 -8 -12 13 -6 -15 -16 -3 18 -7 21 -21 25 23 24 -23 28 27 -27 -19 -26
right_child=7 4 3 5 12 17 9 8 -10 -11 11 -13 -14 14 15 -17 -18 19 -20 20 -22 22 -24 -25 29 26 -28 -29 -30 -31
leaf_value=0.0012866231532424075 -0.048459399994651903 0.0024153178283709905 -0.043322073761450829 -0.026325762867073735 0.017529707341325706 -0.0057651123654458821 0.075036907143031628 -0.038189785302793454 0.039518712619492594 -0.050819089985285365 -0.015960100259700984 -0.0072277641875009239 0.015441898642729282 -0.033848604293736789 0.020007607992605234 -0.0079733060603890023 0.0091753476939886759 0.041093046477129455 -0.054876155858807875 -0.023783482563565071 -0.00049686905439148875 0.061871818987666007 -0.025217004210523742 -0.0078905018229636081 -0.029980816427348147 0.095641526925922912 0.0024977187886079241 0.035782090570366722 -0.0066453909955437249 0.032883797901514189
leaf_weight=1040.6814241111279 99.759225787594914 2205.9931098967791 47.60101985745132 78.470056802034378 80.068559050559998 140.85447093471885 5.4889534413814536 25.5957510098815 4.1781743578612796 5.7137597128748885 208.77419831976295 416.37157528847456 399.24849833548069 19.470180287957191 38.410161256790161 40.906549468636513 228.56788310408592 5.5460950843989876 7.7053650505840769 28.229217197746038 185.63206326216459 16.217421442270282 26.927544750273228 21.547723572701216 6.3163997083902341 6.0311283767223385 6.1351334899663916 9.7894047722220403 23.333734016865492 3.857916284352541
leaf_count=5566 4889 10371 2059 1728 392 1534 64 673 72 127 4155 5149 2055 80 155 164 1063 62 88 234 1527 167 289 188 87 56 45 78 260 48
internal_value=-0.000143054 0.000918003 -0.00432745 -0.00900311 0.004909 -0.00763745 -0.0116073 -0.0435951 -0.0270218 -0.00978066 -0.00939291 -0.0101541 0.0127172 0.0066019 -0.00221349 0.00552199 0.00305239 -0.00181244 -0.00838119 0.0010483 -0.0036037 0.0089992 0.00113391 0.016061 0.035761 0.0204595 0.0437905 0.0593733 0.00245995 -0.00556899
internal_weight=5433.42 5303.89 2291.22 1250.54 3012.66 1202.94 714.819 129.533 29.7739 636.348 630.635 625.146 578.104 178.855 98.7869 79.3167 2434.56 488.124 148.56 339.564 213.861 125.703 74.867 47.9395 26.3917 50.8355 21.9557 15.8205 28.8798 10.1743
internal_count=43425 37791 23511 17945 14280 15886 11223 5634 745 9495 9368 9304 2846 791 399 319 11434 4663 1622 3041 1761 1280 779 490 302 501 179 134 322 135
is_linear=0
shrinkage=0.05


Tree=48
num_leaves=31
num_cat=2
split_feature=8 7 4 7 5 7 7 3 4 6 7 7 8 12 12 6 5 5 4 6 3 3 3 3 6 6 1 6 8 6
split_gain=94.5105 40.8604 21.9662 11.5907 10.9311 6.81459 20.938 8.86552 6.63277 6.56692 4.04895 8.78742 3.55684 3.46613 3.39018 4.16414 5.1911 4.93846 4.08967 3.77157 4.99959 4.52798 5.71869 4.07413 3.73135 3.62165 10.1524 4.50704 3.32862 3.26046
threshold=0.48666666448116308 0.12566372007131579 0.84756097197532665 0.67185840010643016 0.62470659613609325 0.0017699114396236839 0.019026548601686958 0.1978823319077492 0.11153278499841691 0.020050250925123695 0.00026548672030912718 0.0017699114396236839 0.31782911717891699 0 1 0.0245190653949976 0.0011482024565339091 0.37248815596103674 0.42875768244266516 0.037058494985103614 0.034602491185069091 0.0093764648772776144 0.024213715456426147 0.037074185907840736 0.031634543091058738 0.043560761958360679 0.87627550959587108 0.040524579584598548 0.32745453715324407 0.02547288499772549
decision_type=2 2 2 2 2 2 2 2 2 2 2 2 2 1 1 2 2 2 2 2 2 2 2 2 2 2 2 2 2 2
left_child=1 2 4 14 5 7 9 13 12 -7 -2 -12 29 -1 15 16 -3 -18 -19 21 25 24 28 -22 -17 26 27 -21 -23 -8
right_child=10 3 -4 -5 -6 6 8 -9 -10 -11 11 -13 -14 -15 -16 19 17 18 -20 20 23 22 -24 -25 -26 -27 -28 -29 -30 -31
leaf_value=4.2814228362475516e-05 -0.048285300397719971 -0.026505020810455027 -0.043318482664205869 0.015009241155881687 -0.044481740982809596 -0.026484932299276898 -0.045557416882427197 -0.046977974087832192 -0.00019811017418331058 -0.010047461788325137 0.049194091360102686 -0.036276131298905979 -0.047001435842034291 0.0067978586926419754 0.00032033223213707404 0.013898674456994622 0.013715063813457396 -0.023417163700549807 0.012660960385362768 0.015155743599084543 0.025680314354773182 0.0059244870421539643 0.012892409416465115 0.0075683303636590706 0.041555242884874721 0.0031622411565392049 -0.051056005921929076 -0.023628167203811265 -0.028360293875099214 -0.0051310364404710453
leaf_weight=795.78846260160208 95.227863466367126 20.443975776433945 32.826123440638185 323.53089354932308 15.165422677993773 70.434184279292822 6.0070208795368663 9.3474332690238935 1514.0337692834437 466.33807944506407 3.2688806802034405 25.7666878066957 9.4141377955675107 249.95086580514908 354.70196421444416 30.092535212635994 40.630838572978973 24.179353669285774 11.33741809427738 22.802497506141663 33.171008884906769 13.174639835953714 128.93232035636902 538.21894736588001 21.567596688866615 494.45064260065556 11.895980045199392 10.996940597891806 14.661255717277525 29.771786503493786
leaf_count=4347 4889 97 1632 1827 552 1432 108 179 10255 8028 59 686 198 1248 1525 126 183 112 51 103 138 58 536 2258 90 2168 51 50 64 375
internal_value=-0.000139179 0.00087202 -0.00268148 0.00630104 -0.00225724 -0.00205103 -0.00370128 0.00122259 -0.000765482 -0.0122182 -0.0432245 -0.0263463 -0.0196205 0.00166267 0.00470685 0.00580159 -0.00418482 0.00176899 -0.011757 0.00653642 0.00537038 0.0127253 0.00843733 0.00863285 0.0255996 0.00190899 -0.01152 0.00235709 -0.0119913 -0.0121658
internal_weight=5418.13 5293.87 3199.08 2094.79 3166.25 3151.09 2096 1055.09 1559.23 536.772 124.263 29.0356 45.1929 1045.74 1771.26 1416.56 96.5916 76.1476 35.5168 1319.96 1111.54 208.428 156.768 571.39 51.6601 540.146 45.6954 33.7994 27.8359 35.7788
internal_count=43425 37791 28354 9437 26722 26170 20396 5774 10936 9460 5634 745 681 5595 7610 6085 443 346 163 5642 4768 874 658 2396 216 2372 204 153 122 483
cat_boundaries=0 1 2
cat_threshold=2 2
is_linear=0
shrinkage=0.05


Tree=49
num_leaves=31
num_cat=2
split_feature=8 7 4 7 5 7 7 6 4 7 4 8 5 5 6 3 3 1 12 6 7 1 3 3 6 5 6 3 12 4
split_gain=89.0451 36.9513 20.8054 10.6484 10.352 6.17764 19.1858 6.20196 6.11171 4.11517 8.27949 3.4511 3.17308 6.25952 3.10613 3.47964 10.4368 3.52305 3.05587 3.77094 4.11772 8.14423 4.23895 3.79811 4.14309 5.11905 3.88157 2.86758 2.83243 2.81027
threshold=0.48666666448116308 0.12566372007131579 0.84756097197532665 0.67185840010643016 0.62470659613609325 0.0017699114396236839 0.019026548601686958 0.020050250925123695 0.11153278499841691 0.00026548672030912718 0.59523808956146251 0.31782911717891699 0.0012247959384694698 0.00079646016820333909 0.02547288499772549 0.057769836857914932 0.044590337201952941 0.61564627289772045 0 0.025062814354896549 0.15265487134456637 0.7124060094356538 0.045959666371345527 0.32781545817852026 0.032495966181159026 0.00043445768824312841 0.20841107517480853 0.026121948845684532 1 0.10657506436109544
decision_type=2 2 2 2 2 2 2 2 2 2 2 2 2 2 2 2 2 2 1 2 2 2 2 2 2 2 2 2 1 2
left_child=1 2 4 18 5 28 7 -7 11 -2 -11 14 13 27 -8 16 17 -16 19 20 21 -3 -22 -21 -25 26 -26 -5 -1 -9
right_child=9 3 -4 12 -6 6 8 29 -10 10 -12 -13 -14 -15 15 -17 -18 -19 -20 23 22 -23 -24 24 25 -27 -28 -29 -30 -31
leaf_value=-0.00029043172419652801 -0.048108090303762042 -0.027048907755356108 -0.042936536960548589 -0.0043066832950774464 -0.04410429079440964 -0.025780080151907865 -0.044971710108094344 -0.025125293127490008 -0.0001882271339251937 -0.037167827270202514 0.037266692203103288 -0.046593472882798609 0.017140917091148539 -0.028330889281222654 -0.027871775920237041 -0.025122796470465315 0.081392140165626653 0.027327561521948724 0.00030430309856218089 0.0047886049426822249 -0.0015617927123318057 0.02330219584684845 -0.02866759298313077 0.028734446376869172 0.011713364956139479 0.0062306497689149642 0.044178231256896967 0.018511991780088465 0.0057663491283149616 -0.0086237243230413499
leaf_weight=801.91761646792293 90.909246547147632 11.077876195311545 31.496861031278968 19.436190724372864 14.546999312937258 68.787109445780516 5.7878723889589301 27.767680458724499 1513.8617019057274 24.054173367097977 4.2712729386985293 9.0323006324470025 245.58111782371998 11.529606357216833 9.4803848676383549 12.387062683701513 3.8166596814990035 3.9727009013295165 354.72139424085617 1026.0245160162449 39.066174536943436 28.02640289068222 23.181419119238853 30.630407989025116 21.766970261931419 220.79268862307072 16.750935792922974 44.360606893897057 253.56454019248486 434.52392875775695
leaf_count=4470 4889 58 1632 110 552 1432 108 639 10255 673 72 198 1404 62 151 147 40 37 1525 4411 173 133 101 127 91 920 71 251 1304 7389
internal_value=-0.000134994 0.00082868 -0.00255652 0.00599208 -0.00215104 -0.00195399 -0.00352957 -0.0117365 -0.000728878 -0.042847 -0.0256761 -0.0189771 0.0143786 0.00529577 -0.0116878 -0.00489468 0.00938758 -0.0111211 0.00446977 0.00550866 -0.00375088 0.00887805 -0.0117662 0.00622584 0.0112912 0.00920119 0.0260392 0.011486 0.0011603 -0.00963093
internal_weight=5403.12 5283.89 3190.94 2092.95 3159.45 3144.9 2089.42 531.079 1558.34 119.235 28.3254 44.477 320.908 75.3264 35.4447 29.6568 17.2697 13.4531 1772.04 1417.32 101.352 39.1043 62.2476 1315.97 289.941 259.311 38.5179 63.7968 1055.48 462.292
internal_count=43425 37791 28354 9437 26722 26170 20396 9460 10936 5634 745 681 1827 423 483 375 228 188 7610 6085 465 191 274 5620 1209 1082 162 361 5774 8028
cat_boundaries=0 1 2
cat_threshold=2 2
is_linear=0
shrinkage=0.05


Tree=50
num_leaves=31
num_cat=0
split_feature=8 7 7 7 1 1 4 4 7 7 8 3 7 6 6 4 1 5 6 4 6 6 1 5 3 6 6 1 4 3
split_gain=83.8742 33.6866 18.5227 20.5068 14.0935 9.14097 6.78594 4.44367 4.17812 8.03664 3.88676 3.72739 24.6349 3.64412 3.51424 3.38148 5.03463 8.21555 5.14607 4.58252 3.89822 3.86531 4.38746 4.81888 4.26745 4.36382 4.16902 4.1392 3.86083 5.29271
threshold=0.48666666448116308 0.061769910156726844 1.0000000180025095e-35 0.00070796458749100577 0.97464698553085338 0.4708049893379212 0.14093999564647677 0.47281807661056524 0.00026548672030912718 0.0017699114396236839 0.33261936902999883 0.42831988632678991 0.0017699114396236839 0.042055048048496253 0.011979913804680111 0.50996163487434398 0.49489796161651617 0.006499193375930191 0.16328698396682742 0.38961258530616766 0.19724349677562716 0.0084389690309762972 0.57518798112869274 0.52959111332893383 0.07458051294088365 0.060303030535578735 0.056370716542005546 0.7124060094356538 0.109621848911047 0.31717914342880255
decision_type=2 2 2 2 2 2 2 2 2 2 2 2 2 2 2 2 2 2 2 2 2 2 2 2 2 2 2 2 2 2
left_child=1 2 -1 -4 7 6 13 -3 -2 -10 -9 12 -8 -5 -14 19 17 -17 -18 21 -20 -7 28 24 27 -26 -25 -24 -23 -30
right_child=8 4 3 5 -6 15 11 10 9 -11 -12 -13 14 -15 -16 16 18 -19 20 -21 -22 22 23 26 25 -27 -28 -29 29 -31
leaf_value=0.0010790300838159433 -0.047927414266561753 0.0019148901321662454 -0.042137164302063768 -0.04235888623239642 0.011444994973084046 -0.042918398926436112 0.12500015938223416 0.0047877333312217434 0.045718130995837901 -0.035188961283131169 0.018555964460691549 -0.050451831475295632 -0.021197670621384484 -0.017503235562583975 -0.0078819465377237257 0.078120689848298966 -0.0091082771595395583 -0.0079124060524819809 0.041771930734731462 -0.012904235142682212 0.0063482899780053434 -0.031569387511326291 -0.0064674767527030802 0.032443302076476437 -0.039374889024669325 -0.0088122466691984303 -0.0026420111890718937 0.030353964946028017 0.008415421818600527 0.053355949504829608
leaf_weight=1042.6360842883587 86.793776808306575 2208.8245025500655 42.389963515102863 21.274251751601696 556.13343299925327 5.0961074680089942 3.3404343016445628 168.24350294470787 3.3739401400089291 24.277451142668724 74.679385602474213 5.2517288960516444 54.944483712315559 53.05579536780715 558.68688984960318 5.7152149491012079 59.182684995234013 5.0928869396448135 8.6793577000498754 105.72275428846478 74.518524542450905 5.090183448046445 45.168578073382378 13.974230647087095 19.023081701248884 31.70029304921627 20.638676963746548 9.0777674801647645 69.340277552604675 7.220847886055707
leaf_count=5566 4889 10405 2059 538 2719 79 25 811 59 686 345 127 1075 1190 8268 53 565 50 66 990 504 106 492 84 232 344 126 92 797 83
internal_value=-0.000130919 0.000787335 -0.0038142 -0.00798558 0.00425685 -0.0067529 -0.0104239 0.00262391 -0.04246 -0.0250076 0.00904683 -0.00870302 -0.00833143 -0.0247318 -0.00908564 -0.00147184 0.00465571 0.0374218 0.00210883 -0.00431431 0.0101495 -0.000275802 0.000702824 -0.00465749 -0.0100161 -0.0204276 0.0114316 -0.000169135 0.00992191 0.0127833
internal_weight=5389.15 5274.7 2266.82 1224.19 3007.88 1181.8 696.554 2451.75 114.445 27.6514 242.923 622.224 616.972 74.33 613.631 485.241 153.189 10.8081 142.381 332.053 83.1979 226.33 221.234 139.583 104.97 50.7234 34.6129 54.2463 81.6513 76.5611
internal_count=43425 37791 23511 17945 14280 15886 11223 11561 5634 745 1156 9495 9368 1728 9343 4663 1238 103 1135 3425 570 2435 2356 1370 1160 576 210 584 986 880
is_linear=0
shrinkage=0.05


Tree=51
num_leaves=31
num_cat=1
split_feature=8 7 4 5 8 5 1 3 5 4 4 6 1 6 3 5 3 3 3 1 12 6 3 6 4 7 7 4 6 1
split_gain=78.9833 30.7306 17.9611 13.487 11.8331 20.7242 11.3734 8.24332 6.45153 5.98813 6.66745 6.50177 6.25717 5.82102 5.17507 5.0789 4.871 6.32101 5.65085 5.803 4.46447 4.59816 6.60443 5.71678 8.59387 4.85181 4.2349 7.66005 4.22954 4.22547
threshold=0.48666666448116308 0.094336282461881651 0.84756097197532665 0.012564592994749548 0.31782911717891699 0.042697655037045486 0.97464698553085338 0.33436854183673864 0.36885663866996771 0.27356395125389105 0.38961258530616766 0.22962705045938495 0.38365800678730017 0.096097234636545195 0.19280333071947101 0.01510427473112941 0.12520959228277209 0.070531357079744353 0.13336677104234698 0.2828571498394013 0 0.31281407177448278 0.030837154015898708 0.045543439686298377 0.55277779698371898 0.019026548601686958 0.00026548672030912718 0.59523808956146251 0.29185217618942266 0.86576578021049511
decision_type=2 2 2 2 2 2 2 2 2 2 2 2 2 2 2 2 2 2 2 2 1 2 2 2 2 2 2 2 2 2
left_child=1 2 3 16 8 7 28 15 29 12 -11 -12 -10 -14 -15 -6 17 20 -18 -20 -1 23 -23 25 -25 -22 -2 -28 -3 -5
right_child=26 6 -4 4 5 -7 -8 -9 9 10 11 -13 13 14 -16 -17 18 -19 19 -21 21 22 -24 24 -26 -27 27 -29 -30 -31
leaf_value=-0.0015592220452831532 -0.047742911937023763 0.0023253714925801252 -0.04214904979771654 -0.011062096027350123 -0.030779400735657349 -0.04703683131709363 0.010914810564768021 0.052798804010527771 -0.03154159807775412 0.017161769462788704 -0.009384558803972624 0.016719863822947184 -0.018971233292598842 0.00037062432924789951 0.060189373967611974 -0.0039033709066915129 -0.057028934000507084 0.014137282729818151 -0.026259160111570631 -0.0025118826303432845 0.0051590599070007017 -0.004861563607582815 0.081676038400840451 -0.019965446823151611 0.041523165700152867 0.034047052717079106 -0.036130752010461918 0.035195062129903747 0.012452290196687317 0.010696623191763427
leaf_weight=1223.8555536419153 82.872265819460154 1988.8745097666979 29.03440142609179 325.50329253077507 23.920066155493259 50.362449359148741 554.04956302046776 5.2413784638047209 25.565782841295004 72.585150312632322 85.189141731709242 32.956752847880125 16.52792777121067 9.6435016691684705 5.8545318320393553 67.85020998865366 5.5623565390706053 81.217212609946728 30.481544367969036 166.6629693582654 259.83686895295978 3.9841220267117006 4.541264608502388 42.437201630324125 6.4221516214311114 15.393257126212118 22.643914539366964 4.3588566929101935 108.96005260944366 23.643317565321922
leaf_count=9135 4889 9103 1632 4074 263 1212 2719 49 529 646 907 354 244 127 66 860 55 763 646 1610 1408 54 56 481 59 138 673 72 467 134
internal_value=-0.000127269 0.00074758 -0.00309812 -0.002656 -0.00833256 -0.0210283 0.0045406 -0.0074403 -0.00518961 0.000952923 0.00523871 -0.00205247 -0.0131385 0.00144925 0.0235293 -0.010989 -0.000355538 0.000546766 -0.00766667 -0.00622037 -0.000160043 0.00497213 0.0410677 0.00399481 -0.0117129 0.00680467 -0.0420656 -0.0243453 0.00285431 -0.00957169
internal_weight=5376.03 5266.16 2614.27 2585.24 744.844 147.374 2651.88 97.0117 597.469 248.323 190.731 118.146 57.5917 32.026 15.498 91.7703 1840.39 1637.69 202.707 197.145 1556.47 332.615 8.52539 324.089 48.8594 275.23 109.875 27.0028 2097.83 349.147
internal_count=43425 37791 25502 23870 9465 2384 12289 1172 7081 2873 1907 1261 966 437 193 1123 14405 12094 2311 2256 11331 2196 110 2086 540 1546 5634 745 9570 4208
cat_boundaries=0 1
cat_threshold=2
is_linear=0
shrinkage=0.05


Tree=52
num_leaves=31
num_cat=1
split_feature=8 7 4 5 4 6 5 7 5 6 3 10 12 8 6 1 7 7 6 4 6 4 4 7 6 3 6 3 6 4
split_gain=74.3558 28.1072 17.5971 9.23456 9.16742 5.4046 4.48091 9.97563 5.72055 5.09137 6.87017 8.96066 4.433 4.92868 5.66608 4.32992 4.28803 7.34711 4.18147 4.10394 6.44729 5.27702 4.41645 4.15204 5.25086 4.68398 4.00278 4.96303 4.66271 4.00114
threshold=0.48666666448116308 0.12566372007131579 0.84756097197532665 0.62470659613609325 0.47281807661056524 0.37749999761581426 0.005000124918296934 0.022035398520529274 0.36457799375057226 0.16328698396682742 0.036235980689525611 0.49839413166046148 0 0.33330383896827703 0.030232721939682964 0.97464698553085338 0.00026548672030912718 0.0017699114396236839 0.30384616553783422 0.50125628709793102 0.0070378463715314874 0.53950104117393505 0.23182243108749392 0.015309734269976618 0.26004481315612799 0.060754165053367622 0.050125628709793098 0.10380747169256212 0.16871757060289386 0.59523808956146251
decision_type=2 2 2 2 2 2 2 2 2 2 2 2 1 2 2 2 2 2 2 2 2 2 2 2 2 2 2 2 2 2
left_child=1 2 3 5 15 6 12 8 -8 -10 11 -11 13 14 -1 -3 -2 -18 -14 22 -21 -22 -15 -24 25 -25 27 -27 -28 -23
right_child=16 4 -4 -5 -6 -7 7 -9 9 10 -12 -13 18 19 -16 -17 17 -19 -20 20 21 29 23 24 -26 26 28 -29 -30 -31
leaf_value=-0.00063425187127552315 -0.047554241276326611 0.00260171748423232 -0.041739176115636822 -0.043312208343994955 0.013845258320997776 -0.018413604423017871 -0.016905867964443225 -0.0011860105589447047 -0.010834276818846711 -0.029508930671233721 0.031636928123590459 0.048864574761590673 0.003561515178586023 0.010080009197119174 0.010710377159331657 0.008414071370453774 0.042601425421336839 -0.034088578639438157 0.031402953381922304 -0.045233047826010973 0.013889454874569855 -0.015493338130612135 -0.021456024895638946 0.0012370746468696424 -0.021639789207163047 -0.056695357891531399 0.012885518197734563 -0.014333687826288299 -0.018990427665850053 0.0073374409997198978
leaf_weight=811.31318324804306 79.135880302637815 1402.6843076050282 27.883755734190345 13.316380877047775 268.4557608217001 47.718202266842127 192.89231175929308 875.66979238018394 67.652925545349717 14.420191027224066 20.668698605149984 4.7447068542242041 420.84775750339031 30.910098999738693 127.14258247613907 417.20821066200733 3.4722240418195751 22.915347935631871 13.896649863570927 6.8612521737813941 70.321875046938658 41.79674756154418 60.720331534743309 154.72031044214964 50.479998961091042 9.6815705038607103 21.836634203791618 25.762691915035248 23.796964690089226 34.99671134352684
leaf_count=4441 4889 6143 1632 552 1348 969 3536 5941 1200 228 301 90 2918 458 744 1946 59 686 132 129 644 481 1262 1311 408 73 171 204 191 338
internal_value=-0.000123831 0.000709546 -0.00225635 -0.00190307 0.00521398 -0.00172386 -0.00146317 -0.00388991 -0.0117527 -0.00245139 0.0116523 -0.00969332 3.2408e-05 -0.00127649 0.000898376 0.00393733 -0.041661 -0.0236858 0.00446998 -0.00512266 0.00173058 0.0039841 -0.00792792 -0.00954889 -0.00699928 -0.00383598 -0.0135681 -0.0261724 -0.00363297 -0.00502774
internal_weight=5363.92 5258.4 3170.05 3142.17 2088.35 3128.85 3081.13 1176.05 300.379 107.487 39.8336 19.1649 1905.09 1470.34 938.456 1819.89 105.523 26.3876 434.744 531.885 153.977 147.115 377.909 346.999 286.278 235.798 81.0779 35.4443 45.6336 76.7935
internal_count=43425 37791 28354 26722 9437 26170 25201 11296 5355 1819 619 318 13905 10855 5185 8089 5634 745 3050 5670 1592 1463 4078 3620 2358 1950 639 277 362 819
cat_boundaries=0 1
cat_threshold=2
is_linear=0
shrinkage=0.05


Tree=53
num_leaves=31
num_cat=1
split_feature=8 7 4 5 4 6 7 4 12 6 3 1 3 4 6 5 8 4 4 1 3 4 5 6 4 10 5 6 3 3
split_gain=69.9811 25.4168 16.6341 8.7328 8.34794 4.97596 4.33465 7.07696 4.09493 5.58005 5.40518 7.27531 5.1314 6.13517 5.27481 3.94488 4.08002 5.53667 7.19772 3.92928 3.88457 3.66067 5.35077 3.60729 3.56989 3.82523 3.54819 3.28136 3.92065 7.09865
threshold=0.48666666448116308 0.12566372007131579 0.84756097197532665 0.62470659613609325 0.47281807661056524 0.37749999761581426 0.00026548672030912718 0.59523808956146251 0 0.30962505936622625 1.0000000180025095e-35 0.30217391252517706 0.31393080949783331 0.24684873968362811 0.0094167301431298273 0.37441588938236242 0.32745453715324407 0.49967658519744879 0.506115883588791 0.97464698553085338 0.39956089854240423 0.25211864709854132 0.38491770625114446 0.38117647171020513 0.59523808956146251 0.42710936069488531 0.013012411538511516 0.26004481315612799 0.091863088309764876 0.07174048945307733
decision_type=2 2 2 2 2 2 2 2 1 2 2 2 2 2 2 2 2 2 2 2 2 2 2 2 2 2 2 2 2 2
left_child=1 2 3 5 19 8 -2 -8 -1 10 -10 -12 13 -13 -15 16 -16 27 -19 -3 21 -14 26 -7 25 -20 -23 28 29 -18
right_child=6 4 -4 -5 -6 23 7 -9 9 -11 11 12 20 14 15 -17 17 18 24 -21 -22 22 -24 -25 -26 -27 -28 -29 -30 -31
leaf_value=-0.0023720439565681922 -0.047361039322371679 0.0024702645413576924 -0.041319499753995056 -0.042909361776565673 0.01321525729245971 -0.051188852384797895 -0.035079426481188065 0.033281854377354245 0.0057393753042847048 0.020898572355278023 -0.027101866639995212 -0.026750764664201024 0.03902743079373034 0.040225960949252584 -0.022574650639124869 0.009424343806846815 -0.013337991130409663 0.063342510474514113 -0.0052261370203038537 0.0080121743754744644 -0.0066761993560761242 0.0098510182488045807 -0.019044425793356464 -0.011811389924984572 -0.025275985585466509 0.043922210334570694 0.045941395674810613 0.020654078721539789 -0.030546114740019194 0.040539638881656764
leaf_weight=2390.7177463136613 75.576196771115065 1403.4458671659231 26.787499221041799 12.783793998882173 267.22784167528152 6.8855858668684951 21.354056408628825 4.4411990195512763 307.33448495715857 36.903641536831856 29.478084471076727 28.856422020122409 13.211874030530451 6.9982295185327521 34.879136636853218 43.553759634494781 39.672623194754124 6.1291421651840237 8.7073281705379504 416.25879855453968 27.886465523391962 29.521724358201027 12.347173046320675 40.059937950223684 7.537321660667657 6.9061020612716666 9.0282833501696569 7.6923196092247954 22.460512597113848 7.1010994836688033
leaf_count=19811 4889 6143 1632 552 1348 146 673 72 1908 327 624 350 105 84 313 277 308 41 58 1946 204 214 70 823 65 79 65 56 193 49
internal_value=-0.000120406 0.000673495 -0.00215098 -0.00181357 0.00495722 -0.00164243 -0.0412486 -0.0230334 -0.00139387 0.00200662 0.000922131 -0.00339304 -0.00113256 -0.00528497 -0.00201435 -0.00366332 -0.00774277 -0.00280816 0.0155965 0.0037411 0.00876053 0.0155531 0.009297 -0.0177898 0.00252269 0.016336 0.0185296 -0.00988944 -0.01338 -0.00498268
internal_weight=5351.74 5250.37 3163.44 3136.65 2086.93 3123.87 101.371 25.7953 3076.92 686.206 649.302 341.968 312.49 220.494 191.638 184.639 141.086 106.206 29.2799 1819.7 91.9955 64.1091 50.8972 46.9455 23.1508 15.6134 38.55 76.9266 69.2342 46.7737
internal_count=43425 37791 28354 26722 9437 26170 5634 745 25201 5390 5063 3155 2531 1873 1523 1439 1162 849 243 8089 658 454 349 969 202 137 279 606 550 357
cat_boundaries=0 1
cat_threshold=2
is_linear=0
shrinkage=0.05


Tree=54
num_leaves=31
num_cat=1
split_feature=8 7 4 7 7 4 1 6 7 7 4 4 1 3 7 12 1 3 3 4 7 3 3 1 3 5 3 5 3 6
split_gain=65.8443 23.4902 14.818 11.5017 10.5346 10.0438 7.33917 4.46723 4.37724 6.71212 3.88507 3.87318 3.67707 3.26941 3.16052 3.0007 5.0411 6.2138 4.3589 3.70868 3.4424 2.9125 4.27888 6.10052 3.3256 5.01075 3.80011 3.3523 5.95646 4.13947
threshold=0.48666666448116308 0.061769910156726844 0.84756097197532665 1.0000000180025095e-35 0.31805309653282171 0.049243129789829261 0.4708049893379212 0.034470714628696449 0.00026548672030912718 0.0017699114396236839 0.36695635318756109 0.1225140728056431 0.43541666865348821 0.31717914342880255 0.017256637103855613 0 0.2828571498394013 0.064902164041996016 0.013318945188075306 0.47347928583621984 0.0034513274440541868 1.0000000180025095e-35 0.02768652327358723 0.52086955308914196 0.030837154015898708 0.0076337936334311971 0.033964859321713455 0.36885663866996771 0.037214621901512153 0.052697699517011649
decision_type=2 2 2 2 2 2 2 2 2 2 2 2 2 2 2 1 2 2 2 2 2 2 2 2 2 2 2 2 2 2
left_child=1 2 3 -1 -3 -5 7 11 -2 -10 -9 -7 13 15 -12 20 18 -18 19 -17 -13 -8 23 -23 25 -24 -26 29 -29 -28
right_child=8 4 -4 5 -6 6 21 10 9 -11 14 12 -14 -15 -16 16 17 -19 -20 -21 -22 22 24 -25 26 -27 27 28 -30 -31
leaf_value=0.0010239932839401567 -0.047162957861261408 0.0021076348311082536 -0.04088982678771818 -0.042976412578718357 0.0097062306539330012 -0.046148540717891262 0.023387017394970507 -0.012668613171865146 0.039789727057862351 -0.032976636641449876 -0.0075822329332377938 0.02433838272701359 -0.039042086065132896 -0.05120320025796983 0.0021991586450425672 0.035310321529626973 0.0011801342671552283 0.095345869670251798 -0.042694417764010582 -0.026621510814789001 -0.015894242084114385 0.018763697199174114 0.058925884623021708 -0.025709769285026298 -0.0367679304927057 0 -0.012285736857424557 0.049438148222925395 0.0039244986970587833 0.00087125223086792687
leaf_weight=1042.9111283868551 72.185110464692116 2440.9654308184981 25.743136982433498 18.208817278966308 561.80717849731445 10.324447778984903 11.947294183075426 180.66384387016296 3.5641152486205128 21.669752284884453 200.68764265999198 5.4459415003657332 13.640893511474131 4.9757860191166392 139.14766930788755 6.0016105510294455 4.4197918549180022 2.9306783936917782 6.0547475293278685 3.8347029201686382 96.137513052672148 9.6271264366805536 5.832127194851636 35.559984866529703 7.1043020524084559 8.786923870444296 85.24383607134223 7.6301933377981177 110.30544457957149 197.5832531042397
leaf_count=5566 4889 11434 1632 691 2846 291 100 3330 59 686 3604 96 198 98 1335 97 68 57 142 54 1651 92 48 334 68 92 1017 60 913 1877
internal_value=-0.000116569 0.000639573 -0.00323324 -0.0027915 0.00353124 -0.00619054 -0.00560203 -0.00896558 -0.0408257 -0.022385 -0.00673497 -0.0164745 -0.0142731 -0.0116036 -0.003563 -0.00994531 0.00609323 0.0401715 -0.00950977 0.010638 -0.0136664 -0.000862142 -0.00149717 -0.0161038 5.66886e-05 0.0234166 -0.000773873 -0.000114322 0.00695089 -0.00307952
internal_weight=5340.94 5243.52 2240.75 2215.01 3002.77 1172.09 1153.89 674.265 97.419 25.2339 520.499 153.766 143.442 129.801 339.835 124.825 23.2415 7.35047 15.8911 9.83631 101.583 479.62 467.673 45.1871 422.486 14.6191 407.867 400.763 117.936 282.827
internal_count=43425 37791 23511 21879 14280 16313 15622 11021 5634 745 8269 2752 2461 2263 4939 2165 418 125 293 151 1747 4601 4501 426 4075 140 3935 3867 973 2894
cat_boundaries=0 1
cat_threshold=2
is_linear=0
shrinkage=0.05


Tree=55
num_leaves=31
num_cat=0
split_feature=8 7 5 7 7 6 4 7 1 5 8 4 7 4 1 5 4 5 1 7 3 7 4 4 4 6 6 4 6 6
split_gain=61.9327 21.2515 14.2749 10.7009 9.56933 9.16517 5.55734 5.51479 5.25032 4.8512 7.5955 6.80523 4.41307 6.52825 3.53335 3.49081 5.7487 4.67197 3.26867 4.53954 3.25659 3.60736 4.24681 4.08297 3.82841 4.85965 6.05739 3.4647 3.1825 2.95289
threshold=0.48666666448116308 0.061769910156726844 0.62470659613609325 1.0000000180025095e-35 0.31805309653282171 0.034470714628696449 0.1225140728056431 0.00097345130052417528 0.39736843109130865 0.42022895812988287 0.32670532166957861 0.27356395125389105 0.00026548672030912718 0.59523808956146251 0.04540816321969033 0.1234756112098694 0.57738095521926891 0.34259587526321417 0.40862709283828741 0.013362831901758911 0.26538176834583288 0.0057522123679518708 0.46834814548492437 0.39794188737869268 0.43827861547470098 0.078696139156818404 0.07100840657949449 0.51078385114669811 0.12324766442179681 0.030232721939682964
decision_type=2 2 2 2 2 2 2 2 2 2 2 2 2 2 2 2 2 2 2 2 2 2 2 2 2 2 2 2 2 2
left_child=1 2 3 -1 -3 6 -5 -8 9 15 11 -11 -2 -14 -13 20 17 -17 19 -10 21 23 24 -7 25 26 -23 -24 -21 -9
right_child=12 4 -4 5 -6 8 7 29 18 10 -12 14 13 -15 -16 16 -18 -19 -20 28 -22 22 27 -25 -26 -27 -28 -29 -30 -31
leaf_value=0.0009722896461586537 -0.046959652509378738 0.002000985357642053 -0.045534957084701157 -0.042402051104896851 0.0092527876632911253 0.053335576905180954 -0.039666535904423747 -0.0082841893980862055 -0.025457532523780038 -0.024593257911893852 -0.051370970580119614 0.03980291006965872 -0.034015219225362693 0.031508484141657182 -0.0077621297360749063 -0.029511551327855913 0.029669751573560468 -0.0096559352441435188 -0.00085212446626354806 0.062249578363136319 -0.026803951758640282 -0.0031935270057783711 0.018694040605778922 0.0028688637115348121 -0.035741909212448367 -0.016077860562725206 0.050379014335026701 -0.0036106006424033673 0.012823468166307457 -0.028239106161610513
leaf_weight=1043.4425508975983 68.954880882054567 2442.4775571152568 19.545005243271589 16.685635907575488 559.92633520066738 5.0357237011194256 17.260083019733429 195.75446392595768 3.9124265089631107 6.9474417939782169 4.307432245463132 20.224455293267969 20.17446863651276 4.5185741968452922 4.5891155116260043 53.713637148961425 6.3788225725293151 68.61326977238059 459.95523852854967 5.8896408025175324 17.57482972741127 32.266936151310802 22.231607358902693 19.464943347498775 15.402578391134737 81.403701443225145 6.1785165928304187 78.380178742110729 8.0045029744505864 20.722877826541662
leaf_count=5566 4889 11434 1065 475 2846 93 982 3005 78 133 76 182 673 72 101 1149 78 1120 4539 84 401 501 286 450 338 1317 123 1002 109 258
internal_value=-0.000113212 0.000607 -0.00308457 -0.00270558 0.00335532 -0.00598718 -0.0144732 -0.0124408 -0.00367172 -0.00759396 0.00989374 0.0184946 -0.0403946 -0.0217447 0.0308095 -0.00915942 -0.0159883 -0.0184323 -2.59287e-05 0.0209216 -0.00597455 -0.0045396 -0.00645205 0.0136194 -0.0122389 -0.00914941 0.00539469 0.00128195 0.0344273 -0.0102297
internal_weight=5329.94 5236.29 2233.89 2214.34 3002.4 1170.9 250.423 233.737 920.475 442.713 36.0684 31.761 93.6479 24.693 24.8136 406.645 128.706 122.327 477.762 17.8066 277.939 260.364 235.864 24.5007 135.252 119.849 38.4455 100.612 13.8941 216.477
internal_count=43425 37791 23511 22446 14280 16880 4720 4245 12160 7350 492 416 5634 745 283 6858 2347 2269 4810 271 4511 4110 3567 543 2279 1941 624 1288 193 3263
is_linear=0
shrinkage=0.05


Tree=56
num_leaves=31
num_cat=1
split_feature=8 7 5 4 4 7 7 6 5 5 7 3 3 1 4 4 1 6 6 1 4 5 6 4 3 3 6 12 5 4
split_gain=58.232 19.3548 14.3137 7.73861 6.88875 4.44453 6.12634 4.15174 3.68775 7.32555 7.99823 4.63623 6.47089 7.07575 6.0385 4.83022 4.19087 4.14749 4.92743 3.76843 3.677 4.65722 5.20365 4.36603 5.18721 4.60425 3.77505 3.65311 3.74295 4.12354
threshold=0.48666666448116308 0.13831858336925509 0.62470659613609325 0.84756097197532665 0.47281807661056524 0.00026548672030912718 0.0017699114396236839 0.37749999761581426 0.49839228391647344 0.005000124918296934 0.014778761193156244 0.031958725303411491 0.017032033763825897 0.77411872148513805 0.40711779892444616 0.1225140728056431 0.87627550959587108 0.036394527181983001 0.038596967235207565 0.70320320129394542 0.57738095521926891 0.36457799375057226 0.020050250925123695 0.324840858578682 0.026298499666154388 0.1235790252685547 0.060868855565786369 0 0.0013598550576716664 0.23182243108749392
decision_type=2 2 2 2 2 2 2 2 2 2 2 2 2 2 2 2 2 2 2 2 2 2 2 2 2 2 2 1 2 2
left_child=1 2 3 7 -3 -2 -7 8 9 27 20 12 13 14 15 -12 17 -10 -19 -16 21 -11 -23 26 -25 -26 -24 28 29 -1
right_child=5 4 -4 -5 -6 6 -8 -9 16 10 11 -13 -14 -15 19 -17 -18 18 -20 -21 -22 22 23 24 25 -27 -28 -29 -30 -31
leaf_value=0.00034385027582623954 -0.046750777876165384 0.0033712636549335243 -0.045236721566761277 -0.035415164104510802 0.01207375965027278 0.037239167069109118 -0.03185524871032662 -0.016349185141960466 -0.01045238401012207 -0.025774697194538683 -0.019732686515117739 -0.00053522745041976539 -0.018934459068509924 0.034125361874214222 -0.012337748104754272 0.0053475327364520646 -0.019535874300064867 0.038373398265604548 0.0071371220504433085 -0.055690136799200055 0.0078854557207112558 -0.04986621169195634 0.034808544813175878 0.07383234544299519 -0.036079929075678779 0.043721412891552854 -0.041258301992387392 0.0041549159807935552 0.0063411834735096068 -0.0053175240786564014
leaf_weight=840.84032737836242 65.878095354884863 1652.3599078506231 18.711936979554594 16.633000330999494 264.43804916739464 3.649981107562783 20.530825778841972 45.218799989670515 30.199643723666668 83.061475217342377 22.821813490241766 553.52565503120422 96.332888245582581 11.660710647702215 99.374166809022427 117.32231746986508 16.194691866636276 13.603995352983473 179.07866623997688 5.2774982303380957 12.687151383608578 4.2082824073731926 2.1914282143116024 4.235530022531746 3.4849127046763897 3.5228626728057861 5.2606908120214939 451.29468969255686 156.64213802292943 519.28971903771162
leaf_count=4877 4889 7326 1065 1119 1348 59 686 969 200 1984 428 4424 764 63 980 1071 71 74 989 29 169 104 49 79 68 69 120 3124 907 5321
internal_value=-0.000110369 0.000575564 -0.00173718 -0.00148719 0.00457502 -0.0399526 -0.0211094 -0.0013124 -0.00109998 -0.00157862 -0.00500626 -0.00340024 -0.00787985 -0.00370215 -0.00553766 0.00121653 0.00486942 0.00667311 0.0093872 -0.0146228 -0.0172184 -0.0202758 -9.10206e-05 0.0110529 0.0307808 0.00338408 -0.0180627 0.000204113 -0.000968295 -0.00181419
internal_weight=5319.53 5229.47 3312.67 3293.96 1916.8 90.0589 24.1808 3277.33 3232.11 2993.03 1024.97 906.315 352.789 256.457 244.796 140.144 239.077 222.882 192.683 104.652 118.652 105.965 22.9037 18.6954 11.2433 7.00778 7.45212 1968.07 1516.77 1360.13
internal_count=43425 37791 29117 28052 8674 5634 745 26933 25964 24630 10401 7759 3335 2571 2508 1499 1334 1263 1063 1009 2642 2473 489 385 216 137 169 14229 11105 10198
cat_boundaries=0 1
cat_threshold=2
is_linear=0
shrinkage=0.05


Tree=57
num_leaves=31
num_cat=0
split_feature=8 7 5 7 7 6 4 7 4 7 4 1 1 7 6 6 4 7 4 4 6 4 7 10 4 6 6 10 6 4
split_gain=54.7358 17.7936 12.8606 8.96981 8.33227 8.19189 5.339 5.1068 4.80885 4.46904 13.4168 4.162 4.43323 15.7497 6.88837 7.65075 5.55082 4.04428 3.73485 6.41118 4.21265 9.88158 7.77678 3.25329 3.23307 5.51489 3.56364 3.47763 3.38393 3.73386
threshold=0.48666666448116308 0.061769910156726844 0.62470659613609325 1.0000000180025095e-35 0.67185840010643016 0.034470714628696449 0.1225140728056431 0.00097345130052417528 0.049243129789829261 0.00026548672030912718 0.65896359086036693 0.39736843109130865 1.0000000180025095e-35 0.0042477876413613566 0.052195154130458839 0.19724349677562716 0.40711779892444616 0.0042477876413613566 0.46834814548492437 0.43827861547470098 0.07100840657949449 0.62965035438537609 0.031946902163326747 0.44078992307186132 0.36695635318756109 0.11376707255840303 0.07100840657949449 0.47478930652141577 0.36325818300247198 0.38047619163990026
decision_type=2 2 2 2 2 2 2 2 2 2 2 2 2 2 2 2 2 2 2 2 2 2 2 2 2 2 2 2 2 2
left_child=1 2 3 -1 -3 6 -5 -8 -7 -2 -11 12 13 14 -10 -16 -17 -14 19 24 21 22 23 -20 25 26 27 -15 29 -26
right_child=9 4 -4 5 -6 8 7 -9 11 10 -12 -13 17 18 15 16 -18 -19 20 -21 -22 -23 -24 -25 28 -27 -28 -29 -30 -31
leaf_value=0.00085946728163338961 -0.04653598909967982 0.0021670558329889688 -0.044931291931367176 -0.041776448480385336 0.010872183671414456 -0.039751079923592142 -0.038782592218732211 -0.0095679785899090847 0.11861964329711078 -0.031073446629165481 0.11289739247339273 0.00025320317554051146 -0.03309883785611914 0.0056445417124504097 -0.028314097526528893 0.092883693704562217 0.018758974097992306 -0.010025357118949351 -0.018224051280375467 -0.04712727792644561 -0.004463769687702881 -0.052353203310489677 0.081142357562140194 0.027692876318268195 0.023888758382366378 -0.02285033084675734 0.027383930431638472 -0.031302175767979383 0.038857942068377602 -0.0088170478976953223
leaf_weight=1044.5406773388386 62.947655388154089 2694.1702086776495 17.917979776859283 15.81796017475426 306.53410612046719 8.9009878337383253 16.160546336323023 213.62282077595592 2.5150109604001072 22.050423590466384 1.636610522866248 474.03744480572641 23.555463704280555 17.154676066711549 4.0358019806444636 4.5383114293217641 6.1636542323976755 104.67350809276104 5.3064243569970229 11.219529405236242 85.484629299491644 4.113073617219924 5.6806576028466216 12.696181546896694 10.559900023043154 61.672507677227259 9.7309924922883493 9.8636233918368799 5.2382150813937178 47.263907566666603
leaf_count=5566 4889 12453 1065 475 1827 245 982 3263 41 732 13 4728 558 243 70 56 191 1935 49 253 1092 53 52 189 107 1119 180 228 84 687
internal_value=-0.000107203 0.000546014 -0.00284376 -0.00249739 0.00305832 -0.00552424 -0.0136365 -0.0116604 -0.00333862 -0.0395023 -0.0204831 -0.00297082 -0.00652377 -0.00320461 0.0430141 0.0290624 0.0512243 -0.0143254 -0.00602441 -0.0106525 0.000990416 0.0178993 0.0304791 0.0138564 -0.00805975 -0.0137208 0.00148505 -0.00772498 0.000704125 -0.002727
internal_weight=5309.8 5223.17 2222.46 2204.55 3000.7 1160.01 245.601 229.783 914.405 86.6347 23.687 905.504 431.466 303.237 17.2528 14.7378 10.702 128.229 285.984 172.703 113.281 27.7963 23.6833 18.0026 161.484 98.4218 36.7493 27.0183 63.062 57.8238
internal_count=43425 37791 23511 22446 14280 16880 4720 4245 12160 5634 745 11915 7187 4694 358 317 247 2493 4336 2901 1435 343 290 238 2648 1770 651 471 878 794
is_linear=0
shrinkage=0.05


Tree=58
num_leaves=31
num_cat=1
split_feature=8 7 5 4 6 4 5 7 4 1 3 7 7 3 6 4 3 3 7 7 4 3 3 1 4 12 5 5 6 6
split_gain=51.4476 16.2738 13.0029 6.95568 5.61235 6.04951 5.32084 4.47434 11.7553 4.3527 7.1655 11.9513 8.35043 5.16604 6.78516 4.256 4.43757 5.97512 5.8088 5.72763 4.44146 4.75926 4.31805 4.92953 4.25214 4.07111 8.65225 6.30641 3.88198 3.98655
threshold=0.48666666448116308 0.15265487134456637 0.62470659613609325 0.84756097197532665 0.025218237191438678 0.21458838135004046 0.00067739756195805978 0.00026548672030912718 0.65896359086036693 0.70320320129394542 1.0000000180025095e-35 0.0057522123679518708 0.14672566205263141 0.0093764648772776144 0.060868855565786369 0.10657506436109544 0.029707981273531917 0.02233022823929787 0.047610620036721236 0.10530973598361017 0.33923077583312994 0.38569077849388128 0.012500488199293615 0.63211598992347728 0.47281807661056524 0 0.4465929120779038 0.0046376825775951156 0.19082633405923846 0.2821722030639649
decision_type=2 2 2 2 2 2 2 2 2 2 2 2 2 2 2 2 2 2 2 2 2 2 2 2 2 1 2 2 2 2
left_child=1 2 3 9 5 -3 -7 -2 -9 10 25 -12 15 14 -11 -13 17 18 -17 -19 21 -18 -20 -24 -6 -1 27 28 -27 -30
right_child=7 4 -4 -5 24 6 -8 8 -10 13 11 12 -14 -15 -16 16 20 19 22 -21 -22 -23 23 -25 -26 26 -28 -29 29 -31
leaf_value=-0.0013869869416089163 -0.046314935444689877 -0.040918057990924087 -0.044618305794473831 -0.034333563732012129 0.0042702830678596412 -0.026725490839305529 0.0049344697442601669 -0.030411530649679774 0.10024247421074627 0.053760308438780262 -0.02981099807855905 -0.025202058362088692 -0.041832689006048029 0.0010752060383088702 0.0056117603462561344 -0.016191064967677093 -0.0094381003087195426 -0.033923902472245533 -0.015628259776775295 0.0049112545323108953 0.0014370703471127608 0.038070880926390431 0.045218483854885451 0.0049878450671666658 0.011405084864008748 0.0044955909099553982 0.051874819692330848 -0.018642249585307875 0.058804245948105793 -0.00090152445931401489
leaf_weight=1364.6228677630424 60.156785766594112 11.681851491332052 17.161367195658386 15.594397672452031 1235.5194138586521 17.095173507928848 57.621195614337921 21.42213688232005 1.7602185308933247 10.653274670243261 48.8610302451998 22.231950817629695 14.514666482806204 1028.9135997630656 23.88191044703126 46.265369532629848 169.38021647371352 39.124319814145565 13.428538158535956 12.213049799203871 451.31922944635153 5.3060937076807013 10.982733517885206 25.550951585173607 252.84332276880741 272.2850653193891 9.4131071083247644 29.174509081989527 6.6668831259012205 4.4826388210058212
leaf_count=10452 4889 60 1065 1119 5445 79 260 732 13 52 1152 545 79 5268 118 620 2293 420 80 63 5008 75 69 137 1300 1471 60 370 70 61
internal_value=-0.000104353 0.000517692 -0.00131756 -0.00110996 0.00476516 -0.00759341 -0.00226857 -0.0390565 -0.0198884 -0.000964076 -0.00208718 -0.00580372 -0.00434644 0.00171979 0.0207211 -0.00365128 -0.00302228 -0.0108232 -0.00340551 -0.0245963 -0.00117398 -0.00794545 0.00834282 0.0173089 0.00548639 -0.000190771 0.00486173 0.00341397 0.00570767 0.0345606
internal_weight=5300.13 5216.79 3642.03 3624.87 1574.76 86.3982 74.7164 83.3391 23.1824 3609.27 2545.82 859.178 810.317 1063.45 34.5352 795.802 773.571 147.565 96.2276 51.3374 626.006 174.686 49.9622 36.5337 1488.36 1686.65 322.022 312.609 283.435 11.1495
internal_count=43425 37791 30647 29582 7144 399 339 5634 745 28463 23025 10541 9389 5438 170 9310 8765 1389 906 483 7376 2368 286 206 6745 12484 2032 1972 1602 131
cat_boundaries=0 1
cat_threshold=2
is_linear=0
shrinkage=0.05


Tree=59
num_leaves=31
num_cat=0
split_feature=8 7 5 4 4 7 4 6 6 6 5 5 8 7 3 4 6 6 3 3 8 1 1 4 1 3 1 6 3 3
split_gain=48.343 14.7202 12.1558 6.41517 5.46857 4.47275 10.3892 3.62554 3.61314 3.34202 3.36408 8.40101 13.5706 7.11288 5.36112 6.0203 7.02614 6.60928 4.49599 5.1293 4.38125 4.23514 4.14051 4.0465 3.66945 4.65117 3.57643 4.22208 3.53718 9.64236
threshold=0.48666666448116308 0.13831858336925509 0.62470659613609325 0.84756097197532665 0.47281807661056524 0.00026548672030912718 0.65896359086036693 0.37749999761581426 0.38117647171020513 0.34405763447284704 0.005000124918296934 0.37347440421581274 0.32670532166957861 0.013362831901758911 0.031958725303411491 0.33923077583312994 0.029933058656752113 0.039775667712092407 0.03916651941835881 0.36140660941600805 0.32705551385879522 0.89725545048713695 0.505102038383484 0.38961258530616766 0.7124060094356538 0.091213475912809386 0.63299319148063671 0.03899515978991986 0.052596999332308776 0.046909116208553321
decision_type=2 2 2 2 2 2 2 2 2 2 2 2 2 2 2 2 2 2 2 2 2 2 2 2 2 2 2 2 2 2
left_child=1 2 3 7 -3 -2 -7 9 -9 10 -1 13 23 -12 26 22 24 -18 -19 21 -21 -20 -16 -13 25 -17 -15 -28 29 -24
right_child=5 4 -4 -5 -6 6 -8 8 -10 -11 11 12 -14 14 15 16 17 18 19 20 -22 -23 28 -25 -26 -27 27 -29 -30 -31
leaf_value=0.00015186962250030118 -0.046087283379843115 0.0029126088014591665 -0.044297408169279053 -0.033749432407663413 0.0107060929646985 -0.029746939117329115 0.089939171512666727 -0.050747587157362696 -0.0093897580582524738 0.014206438089042603 -0.021145021066649068 0.0059869286687287224 -0.050090591879489249 -0.0075428727499610897 -0.035775267320077478 0.061974382210388881 -0.022836420067212801 0.031420275855271323 -0.0041092322407145273 0.00089000508122424643 0.052500864458383839 0.026443056262818787 -0.0090987652994539599 -0.003116239413113927 0.00731292321008826 0.010195813169290437 0.0014917802935888584 -0.030453547915451504 -0.012266436973644967 0.064419904042751885
leaf_weight=1951.4378727227449 57.498993575572968 1651.9106501042843 16.44040646776557 15.085822427645324 261.40655329823494 20.823308629915122 1.8721186369657505 6.1725816875696173 37.9167425557971 35.743218850344419 77.175970990210772 338.62508717179298 12.352436978369949 186.60054849274457 14.53586846962571 9.9554672390222567 28.651611968874931 12.758985444903372 154.22276750579476 8.3984161391854304 8.3615930415689927 12.119952619075773 16.809662701562051 189.98894592002034 19.149600669741631 8.1714632213115674 13.534302771091459 39.975837763398886 77.259037824347615 5.9266021177172652
leaf_count=14030 4889 7326 1065 1119 1348 732 13 146 823 487 1897 2395 173 2131 279 103 213 101 1136 59 60 63 148 1389 104 91 83 241 726 55
internal_value=-0.000101179 0.00049115 -0.00153211 -0.00131495 0.00398051 -0.0386031 -0.0193036 -0.00116257 -0.0153948 -0.000965779 -0.001138 -0.00318074 0.00148191 -0.00682419 -0.00502 -0.00127947 0.00288871 -0.000430792 0.00283128 0.000795782 0.027094 -0.00183856 -0.0108447 0.00270574 0.0229632 0.0390914 -0.0108587 -0.0222926 -0.00713863 0.0100444
internal_weight=5290.88 5210.69 3297.37 3280.93 1913.32 80.1944 22.6954 3265.84 44.0893 3221.76 3186.01 1234.57 540.966 693.608 616.432 376.321 261.79 224.513 195.862 183.103 16.76 166.343 114.531 528.614 37.2765 18.1269 240.111 53.5101 99.9953 22.7363
internal_count=43425 37791 29117 28052 8674 5634 745 26933 969 25964 25477 11447 3957 7490 5593 3138 1930 1632 1419 1318 119 1199 1208 3784 298 194 2455 324 929 203
is_linear=0
shrinkage=0.05


Tree=60
num_leaves=31
num_cat=0
split_feature=8 7 5 7 1 6 4 7 7 4 4 6 5 4 3 7 7 7 6 5 3 5 8 5 8 3 4 5 3 1
split_gain=45.4107 13.5615 10.8752 8.71535 7.36178 5.47574 4.67311 4.52471 4.46462 9.24381 4.16729 3.70077 3.02499 3.01947 4.69937 5.58439 5.56278 4.95687 5.0403 5.49702 4.38103 4.24578 6.7654 4.35227 4.43237 3.76652 4.22618 4.08659 4.61588 3.84364
threshold=0.48666666448116308 0.041946902871131904 0.62470659613609325 1.0000000180025095e-35 0.97464698553085338 0.034470714628696449 0.1225140728056431 0.00026548672030912718 0.00026548672030912718 0.65896359086036693 0.049243129789829261 0.29185217618942266 0.43890526890754705 0.50996163487434398 0.10798611119389535 0.01212389348074794 0.015309734269976618 0.0087610618211329001 0.21362434327602389 0.040408162400126464 0.13848753273487094 0.34259587526321417 0.32670532166957861 0.020050250925123695 0.32025641202926641 0.28464819490909582 0.074175827205181136 0.17666931450366977 0.15613918751478198 0.44862772524356848
decision_type=2 2 2 2 2 2 2 2 2 2 2 2 2 2 2 2 2 2 2 2 2 2 2 2 2 2 2 2 2 2
left_child=1 2 3 -1 11 6 -5 -8 -2 -10 -7 -3 -6 21 17 -16 -17 18 -15 -20 -18 23 -23 -12 25 26 -25 28 -28 -29
right_child=8 4 -4 5 12 10 7 -9 9 -11 13 -13 -14 14 15 16 20 -19 19 -21 -22 22 -24 24 -26 -27 27 29 -30 -31
leaf_value=0.00080669173114977777 -0.04585269473045564 0.00094113288791283247 -0.043968257630897421 -0.040502523140986624 0.0059268004257740023 -0.038776752431794896 -0.041169034422625761 -0.0088915177984516831 -0.029080241582184432 0.081370401615689994 -0.0053490568129736784 0.0087816583123577815 0.015266498701467505 -0.01341118335414032 -0.016168557258661235 0.059902251505002425 0.048730207667569664 -0.0062913792371166611 0.057793467590332194 -0.027273658018645005 0.0070064030698477999 0.0037053054559760788 -0.051836153341710912 0.033350810879070471 -0.036504645638316374 -0.045464696405589138 -0.0006777868428382381 -0.028459353155226266 0.077419133320275585 0.0063975977744820936
leaf_weight=1044.9854936599731 54.968081860803068 2454.3923604562879 15.753475129604338 14.186511203646658 429.55256755650043 8.3227160517126304 11.529783923178909 193.76160040125251 20.252620954066519 1.9735314100980748 266.60747947357595 160.4995313026011 110.03679369390011 6.4744180925190475 15.096664237789808 6.8356573656201354 7.1597813740372649 161.45559134334326 9.364276201464234 2.2237260788679114 51.863252580165863 140.95741818100214 5.5991896353662005 5.7294841222465029 24.163737282156944 7.0836992152035227 9.7006896249949914 29.295799519866705 2.2142562326043835 10.482085727155207
leaf_count=5566 4889 11950 1065 456 2048 245 934 3132 732 13 3991 803 671 122 326 81 49 1722 242 41 422 1996 100 138 477 133 215 665 55 146
internal_value=-9.82016e-05 0.000465743 -0.00269817 -0.0023741 0.00252433 -0.00573599 -0.0127114 -0.0107478 -0.038142 -0.0187285 -0.00374148 0.00142461 0.00784316 -0.00334738 0.00100401 0.0110122 0.0173337 -0.00348507 0.0212211 0.0409477 0.0122261 -0.00561565 0.00151535 -0.00857095 -0.0181851 -0.0111994 -0.00681375 -0.0114178 0.013943 -0.0191556
internal_weight=5282.52 5205.33 2050.85 2035.09 3154.48 990.108 219.478 205.291 77.1942 22.2262 770.63 2614.89 539.589 762.307 260.473 80.9554 65.8587 179.518 18.0624 11.588 59.023 501.834 146.557 355.277 88.6698 64.506 57.4223 51.6928 11.9149 39.7779
internal_count=43425 37791 22319 21254 15472 15688 4522 4066 5634 745 11166 12753 2719 10921 3005 878 552 2127 405 283 471 7916 2096 5820 1829 1352 1219 1081 270 811
is_linear=0
shrinkage=0.05


Tree=61
num_leaves=31
num_cat=0
split_feature=8 7 5 4 6 4 5 7 4 1 3 7 7 3 6 3 4 3 7 7 6 8 6 3 3 1 4 1 4 6
split_gain=42.6413 12.347 11.0079 5.77851 5.03847 5.5111 4.81197 4.45026 8.26845 3.47264 6.12389 10.7555 7.88837 4.67959 5.88763 3.74114 5.75221 5.51357 5.6072 4.92714 4.12327 5.82434 5.08733 4.27632 3.93746 4.50649 3.82321 4.67196 3.9789 5.12781
threshold=0.48666666448116308 0.15265487134456637 0.62470659613609325 0.84756097197532665 0.025218237191438678 0.21458838135004046 0.00067739756195805978 0.00026548672030912718 0.65896359086036693 0.70320320129394542 1.0000000180025095e-35 0.0057522123679518708 0.14672566205263141 0.0093764648772776144 0.060868855565786369 0.027973395772278312 0.33923077583312994 0.02233022823929787 0.10530973598361017 0.047610620036721236 0.050125628709793098 1.0000000180025095e-35 0.17833333462476733 0.044590337201952941 0.012500488199293615 0.63211598992347728 0.38047619163990026 0.32542745769023901 0.50125628709793102 0.0070378463715314874
decision_type=2 2 2 2 2 2 2 2 2 2 2 2 2 2 2 2 2 2 2 2 2 2 2 2 2 2 2 2 2 2
left_child=1 2 3 9 5 -3 -7 -2 -9 10 -1 -12 15 14 -11 17 20 19 -19 -13 -17 23 -23 -22 -21 -26 27 -18 -28 -30
right_child=7 4 -4 -5 -6 6 -8 8 -10 13 11 12 -14 -15 -16 16 26 18 -20 24 21 22 -24 -25 25 -27 28 -29 29 -31
leaf_value=-0.00010984878964508093 -0.045610834928469339 -0.039519532022442405 -0.043630538279918848 -0.032686281032986229 0.0048296359265142088 -0.02581574247703829 0.0043368827701508834 -0.028412036265546965 0.07411932948327464 0.049920397607169209 -0.028641327595754634 -0.015161480044164871 -0.040743655138663841 0.00092538074999682989 0.0053772559151995698 -0.019833313543818246 -0.014339096063272484 -0.034240421221935595 0.0045218201668601691 -0.015687006957554851 -0.01635234965706743 0.0040722393289950752 -0.025049660665725511 0.013474203625696762 0.041899005212503601 0.003874911241913321 -0.0055735099966511166 0.020487800015755935 -0.043077215599535382 0.0058096686342454145
leaf_weight=1683.5094966609031 52.558122308924794 11.595691621303557 15.09901804756373 14.222351169213651 1484.7272164821625 17.023168459534645 57.598055630922318 19.70880946516991 2.0655291378498069 10.882675543427466 46.680480316281319 47.865668823942542 14.235314428806303 1029.827154096216 23.909995816648006 59.543908169493079 11.870177920907734 36.063847733661532 12.251838430762289 13.538107074797152 15.499072719365357 22.973929110914469 41.55797703564167 50.970422018319368 11.268877476453779 25.965367987751961 188.91248720139265 46.748839925974607 5.3929937444627276 199.72548953816295
leaf_count=12484 4889 60 1065 1119 6745 79 260 732 13 52 1152 683 79 5268 118 1041 255 409 63 82 203 281 600 718 69 140 2292 435 100 1939
internal_value=-9.54331e-05 0.000441533 -0.0011606 -0.000980549 0.00414511 -0.00757703 -0.00250019 -0.0376728 -0.0181629 -0.000852969 -0.00186041 -0.00531693 -0.00395375 0.00154073 0.0195562 -0.00327954 -0.0016251 -0.0104808 -0.0243188 -0.00363412 -0.00891415 -0.00390159 -0.0146144 0.00643015 0.00714346 0.0155982 0.00143351 0.0133379 -0.000327724 0.0044796
internal_weight=5273.79 5199.46 3628.52 3613.42 1570.94 86.2169 74.6212 74.3325 21.7743 3599.19 2534.57 851.065 804.384 1064.62 34.7927 790.149 643.195 146.954 48.3157 98.638 190.545 131.001 64.5319 66.4695 50.7724 37.2342 452.65 58.619 394.031 205.118
internal_count=43425 37791 30647 29582 7144 399 339 5634 745 28463 23025 10541 9389 5438 170 9310 7864 1446 472 974 2843 1802 881 921 291 209 5021 690 4331 2039
is_linear=0
shrinkage=0.05


Tree=62
num_leaves=31
num_cat=1
split_feature=8 7 5 1 3 7 7 1 7 4 4 6 3 6 4 3 3 6 3 4 7 3 12 5 5 3 4 1 5 5
split_gain=40.026 11.5198 10.7593 5.78744 7.18925 11.4332 8.74404 5.90881 4.42996 7.42742 3.97016 4.66763 3.68827 9.91008 3.61616 3.99063 5.4446 4.36686 4.76696 4.11252 3.95358 3.49937 3.32379 7.69841 4.80535 2.9407 3.51313 2.84825 2.95824 3.09662
threshold=0.48666666448116308 0.31805309653282171 0.62470659613609325 0.70320320129394542 1.0000000180025095e-35 0.0057522123679518708 0.14672566205263141 1.0000000180025095e-35 0.00026548672030912718 0.65896359086036693 0.65896359086036693 0.15619137138128283 0.0093764648772776144 0.038144992664456374 0.13231695443391803 0.029707981273531917 0.030837154015898708 0.025062814354896549 0.02233022823929787 0.33656601607799536 0.047610620036721236 0.018538734875619415 0 0.42036484181880956 0.19924677163362506 0.023172011598944667 0.40257234871387487 0.86159002780914318 0.38491770625114446 0.0012987210066057744
decision_type=2 2 2 2 2 2 2 2 2 2 2 2 2 2 2 2 2 2 2 2 2 2 1 2 2 2 2 2 2 2
left_child=1 2 3 4 10 7 14 -6 -2 -10 22 -12 13 -5 -7 17 -17 -16 20 -20 -19 -22 -1 24 -24 -21 -27 28 29 -15
right_child=8 -3 -4 12 5 6 -8 -9 9 -11 11 -13 -14 27 15 16 -18 18 19 25 21 -23 23 -25 -26 26 -28 -29 -30 -31
leaf_value=-0.00074139402615554131 -0.045361379049601767 0.0072621609248237854 -0.043283942563045956 0.044489452094207127 0.019984168645353781 -0.015285362562727736 -0.033378445327453633 -0.034367475823018773 -0.027742948442216076 0.067894113787551377 -0.042665510319450019 0.0059430021511814243 0.0013763504993538074 0.0245524719008357 -0.035707927198386107 0.036063798457829109 -0.0010203996093637189 -0.011806662264084283 0.0060693237773921061 -0.04746219469800423 0 0.029318086302581616 0.0047230801533158957 0.043869139542970226 -0.022856545067358798 -0.043856051117190806 0.0011863066517810517 -0.011003260727430712 0.030558541668372841 -0.0093336546510432352
leaf_weight=1503.1485277526081 50.263450694270432 549.7494285851717 14.475546045228837 18.349619492888451 5.4282459039241067 56.806405544281006 24.58761565387249 45.590804466977715 19.190660769119862 2.1490588784217826 11.534211247228088 8.2627215329557639 1826.4689520131797 9.9958785921335238 14.561832830309866 9.9656472280621511 582.73377908393741 36.916401315480471 10.589121293276547 13.334415905177595 29.471155613660812 15.579460471868513 304.25631029345095 12.056880090385674 16.511789184063673 6.7795672081410912 11.110538274049757 23.276034131646156 12.925207063555716 20.04784881696105
leaf_count=10954 4889 2846 1065 82 160 1198 131 1451 732 13 626 200 8602 48 186 92 6715 487 89 114 165 87 1779 70 216 80 97 96 57 98
internal_value=-9.29492e-05 0.000418231 -0.000390872 -0.000254765 -0.00173761 -0.00550638 -0.00405553 -0.0284591 -0.0371955 -0.0176067 1.34404e-05 -0.0221984 0.00185251 0.0120605 -0.00312994 -0.00217658 -0.000382453 -0.00982122 -0.00670913 -0.0204268 0.00024409 0.010234 0.000256865 0.00477922 0.00328113 -0.0295627 -0.0157537 0.0029489 0.0106308 0.00181881
internal_weight=5266.12 5194.51 4644.76 4630.29 2719.23 863.455 812.436 51.0191 71.6032 21.3397 1855.77 19.7969 1911.06 84.5946 787.848 731.042 592.699 138.342 123.781 41.8136 81.967 45.0506 1835.97 332.825 320.768 31.2245 17.8901 66.245 42.9689 30.0437
internal_count=43425 37791 34945 33880 24897 11052 9441 1611 5634 745 13845 826 8983 381 9310 8112 6807 1305 1119 380 739 252 13019 2065 1995 291 177 299 203 146
cat_boundaries=0 1
cat_threshold=2
is_linear=0
shrinkage=0.05


Tree=63
num_leaves=31
num_cat=1
split_feature=8 5 1 4 7 4 7 7 1 4 6 4 6 4 1 3 12 6 7 10 1 6 4 3 5 6 7 6 4 3
split_gain=37.5579 10.528 10.1181 5.26944 4.40401 6.6948 4.30131 6.80687 10.1973 4.97196 3.47829 4.86877 4.0083 4.11274 6.16118 4.09304 3.89453 4.03354 5.67073 7.17394 5.3679 5.09604 4.74344 4.56244 3.61354 3.36118 3.00947 12.0189 2.95949 6.45542
threshold=0.48666666448116308 0.62470659613609325 0.97464698553085338 0.84756097197532665 0.00026548672030912718 0.65896359086036693 0.041946902871131904 0.0026548672467470173 0.030612244270741943 0.049243129789829261 0.037754381075501449 0.14093999564647677 0.041136806830763824 0.27356395125389105 0.61167800426483165 0.030837154015898708 0 0.023783811368048195 0.019026548601686958 0.56601691246032726 0.56949809193611156 0.019884023815393451 0.35432548820972448 0.02768652327358723 0.31476190686225897 0.29185217618942266 0.031946902163326747 0.014599318150430919 0.50996163487434398 0.10798611119389535
decision_type=2 2 2 2 2 2 2 2 2 2 2 2 2 2 2 2 1 2 2 2 2 2 2 2 2 2 2 2 2 2
left_child=1 2 3 6 -2 -6 7 8 -1 -9 11 -11 13 -12 15 -15 26 18 19 21 22 -18 -19 -20 -17 -8 -13 -28 -14 -30
right_child=4 -3 -4 -5 5 -7 25 9 -10 10 12 16 28 14 -16 24 17 20 23 -21 -22 -23 -24 -25 -26 -27 27 -29 29 -31
leaf_value=0.0013319294623302443 -0.045103996962613468 -0.042928179701797048 0.0070201083721956525 -0.03147854079949599 -0.027073627278322007 0.062484210227417319 0.00073044993839157472 -0.040440481987150285 -0.051406931392125481 -0.035014665710404388 -0.029308936772276369 -0.015607097810415289 -0.006046764170339709 0.037063925898335424 0.081043096636154777 0.009330975021330767 -0.045246062606665728 0.051532616715366179 0 0.061958294073415757 -0.05404334592641713 0.030994814936069693 -0.016052515980710901 0.060832772352883507 -0.052150000390437413 0.0081967039993304756 0.064319996746549465 -0.011936375570314227 -0.0046353318644614654 0.013113431160719455
leaf_weight=1050.5422371700406 48.078662325628102 13.881635467521845 535.74825938884169 13.358296259306369 18.697012024000291 2.2249614447355262 2455.5765832066536 9.708136957138775 9.1431652531027776 18.081806855276227 4.2266052793711451 115.8452719822526 455.90662556141615 9.1275758072733932 3.810231275856494 8.5721903070807439 7.9137750528752822 3.7016311176121253 4.5366549119353285 2.9710786156356326 5.4875158704817286 2.8568127416074276 7.977346021682024 8.8844980970025045 3.165136892348527 160.74246596544981 6.0994902774691573 30.887115359306335 166.78063101321459 73.771943483501673
leaf_count=5601 4889 1065 2720 1118 732 13 11950 315 225 522 72 2071 7283 133 31 141 168 64 52 80 60 48 118 96 47 803 62 340 1882 724
internal_value=-9.01115e-05 0.000396546 0.000514546 -0.000235716 -0.0367099 -0.0170598 -0.000143744 -0.00188406 0.000867363 -0.00495718 -0.00458138 -0.0101711 -0.00291464 0.0152661 0.0231906 0.0120512 -0.00785069 0.00511048 0.0171581 -0.00510539 -0.013652 -0.0244647 0.00519963 0.0401921 -0.00712635 0.00119137 -0.0116437 0.000643827 -0.00367836 0.000790216
internal_weight=5258.31 5189.3 5175.42 4639.67 69.0006 20.922 4626.32 2010 1059.69 950.312 940.604 215.243 725.361 28.9017 24.6751 20.8649 197.161 44.3293 27.1628 13.7417 17.1665 10.7706 11.679 13.4212 11.7373 2616.32 152.832 36.9866 696.459 240.553
internal_count=43425 37791 36726 34006 5634 745 32888 20135 5826 14309 13994 3681 10313 424 352 321 3159 686 444 296 242 216 182 148 188 12753 2473 402 9889 2606
cat_boundaries=0 1
cat_threshold=2
is_linear=0
shrinkage=0.05


Tree=64
num_leaves=31
num_cat=0
split_feature=8 5 7 4 1 3 7 7 7 4 3 6 4 6 3 3 7 7 3 3 5 5 1 4 4 4 1 4 6 6
split_gain=35.2276 9.92173 9.39631 4.91988 4.39269 6.0956 8.93386 8.17395 4.37264 6.05126 3.32896 8.83908 3.32651 3.17863 3.09126 5.19886 5.21922 4.67309 4.0445 3.11173 3.87466 3.09538 2.83637 2.7957 4.44264 3.46006 3.9877 3.00304 4.52309 5.29285
threshold=0.48666666448116308 0.62470659613609325 0.31805309653282171 0.84756097197532665 0.70320320129394542 1.0000000180025095e-35 0.0057522123679518708 0.12566372007131579 0.00026548672030912718 0.65896359086036693 0.0093764648772776144 0.038144992664456374 0.10657506436109544 0.16328698396682742 0.029707981273531917 0.02233022823929787 0.047610620036721236 0.10530973598361017 0.018538734875619415 0.030837154015898708 0.0076337936334311971 0.0074794194661080846 0.030612244270741943 0.33923077583312994 0.32274959981441503 0.38047619163990026 0.32542745769023901 0.50125628709793102 0.0070378463715314874 0.017013475298881534
decision_type=2 2 2 2 2 2 2 2 2 2 2 2 2 2 2 2 2 2 2 2 2 2 2 2 2 2 2 2 2 2
left_child=1 2 3 4 5 -1 13 12 -2 -10 11 -6 -8 -7 15 16 -14 -17 21 20 -16 -18 -15 24 -21 26 -25 -27 -29 -30
right_child=8 -3 -4 -5 10 6 7 -9 9 -11 -12 -13 14 22 19 17 18 -19 -20 23 -22 -23 -24 25 -26 27 -28 28 29 -31
leaf_value=0.00015513940217898818 -0.044838369332171252 -0.042562986462079178 0.0066840673538302144 -0.030880017905571697 0.041797583736722016 -0.039203605043377887 -0.022647194319808665 -0.029412276118984837 -0.026404742531758615 0.057733879939805957 0.0012226971362922787 0.0027246941222849675 -0.014005342876782987 0.043018272353325081 0.057370961724153374 -0.031192457080272247 -0.015697936729018942 0.0040996448541506482 0.033495488586619826 -0.0018874497992598617 -0.00039625374409235403 0.015395155603934436 -0.018205086068547364 -0.013552452867208782 -0.020658248290686392 -0.0054143481125731221 0.018885699773082951 -0.042372605199789366 0.041748464529417668 0.0028076463392542749
leaf_weight=1846.4180176071823 45.998589280061424 13.31592180393636 547.08657981455326 12.969572194851933 18.540006756782532 24.056654753163457 20.428860399872065 29.831236660480499 18.226747997105125 2.2939854115247718 1827.4236076269299 66.352266099303961 44.084334455430508 1.9811874553561235 5.0350871682167035 36.219651997089386 15.225544758141043 12.294816195964811 13.056900858879088 124.12087053991854 6.2854216434061527 16.635075002908707 17.776265809312463 11.646296028047798 42.506313439458609 185.53140345588326 46.262867450714111 5.1294958479702464 9.0941520854830724 184.65558224916458
leaf_count=13186 4889 1065 2846 1119 82 667 545 159 732 13 8601 299 620 42 41 420 87 63 75 1776 75 96 443 255 547 2269 425 100 105 1783
internal_value=-8.76687e-05 0.000375646 0.000488013 -0.000244187 -0.000156256 -0.00145648 -0.00495517 -0.00375386 -0.036216 -0.0165222 0.00167572 0.011356 -0.00276021 -0.0269375 -0.00221457 -0.00899708 -0.00175148 -0.0221556 0.0101684 -0.000701591 0.0251368 0.000377328 -0.0116284 -0.00119419 -0.00671536 0.000875444 0.0122636 -0.000829861 0.00342238 0.00468182
internal_weight=5250.48 5183.96 5170.65 4623.56 4610.59 2698.28 851.858 808.044 66.5193 20.5207 1912.32 84.8923 778.213 43.8141 757.784 137.516 89.0019 48.5145 44.9175 620.267 11.3205 31.8606 19.7575 608.947 166.627 442.32 57.9092 384.411 198.879 193.75
internal_count=43425 37791 36726 33880 32761 23779 10593 9441 5634 745 8982 381 9282 1152 8737 1361 878 483 258 7376 116 183 485 7260 2323 4937 680 4257 1988 1888
is_linear=0
shrinkage=0.05


Tree=65
num_leaves=31
num_cat=1
split_feature=8 3 1 1 5 7 4 7 7 7 10 4 10 6 4 7 6 7 7 3 3 12 10 4 6 6 5 5 3 3
split_gain=33.0288 9.44112 8.97552 7.83801 5.85067 4.33609 5.48204 3.76312 5.7671 5.64179 9.57236 4.64631 3.70674 3.18177 4.29504 3.12789 5.75167 9.02732 5.06362 4.12946 6.01894 3.76031 3.21392 3.05373 3.30465 3.0396 2.86881 2.60799 2.55485 3.43951
threshold=0.48666666448116308 0.52066960930824291 0.97464698553085338 0.030612244270741943 0.62470659613609325 0.00026548672030912718 0.65896359086036693 0.041946902871131904 0.0026548672467470173 0.00044247785990592098 0.78368934988975536 0.049243129789829261 0.9598853886127473 0.034470714628696449 0.1225140728056431 0.019026548601686958 0.014599318150430919 0.041327433660626418 0.03823008947074414 0.024213715456426147 0.32302914559841162 0 0.46193891763687139 0.53744271397590648 0.027707984670996669 0.29185217618942266 0.29736468195915228 0.43890526890754705 0.32173123955726629 0.36696970462799078
decision_type=2 2 2 2 2 2 2 2 2 2 2 2 2 2 2 2 2 2 2 2 2 1 2 2 2 2 2 2 2 2
left_child=1 2 4 -3 7 -2 -7 8 9 12 -11 -10 -1 14 -13 22 17 21 19 -18 23 -17 -16 24 26 28 -21 -4 -9 -30
right_child=5 3 27 -5 -6 6 -8 25 11 10 -12 13 -14 -15 15 16 18 -19 -20 20 -22 -23 -24 -25 -26 -27 -28 -29 29 -31
leaf_value=-0.032487457467426463 -0.044564185416173338 0.091875861505426676 0.0048390950050953936 -0.049419916696869501 -0.039309155809234213 -0.025736976280452146 0.053525376557923846 -0.00010623924479916574 -0.039790953528822094 0.089990914405543534 -0.011786399002253778 -0.041119392065760672 0.00066736611202932589 -0.0027715659981489421 -0.045566497569401114 0.04111347499916565 -0.019457310569709889 0.081866612620019194 -0.033742065030488586 -0.019691837465607421 -0.028574302179176517 -0.0081645456150235707 -0.011793578018054935 0.04942447159186223 0.044281195823736172 0.0077516623506716474 0.030912639971033176 0.013601823115025061 0.0096387031291707351 0.00062276049472538477
leaf_weight=8.3950074166059476 44.018304956145585 0.94230730924755235 425.03326433897018 13.7837345469743 9.4609625842422229 17.778800917789344 2.3567993640899649 2003.3838137388229 9.2378064133226854 4.5709209591150266 4.3812133520841599 10.465304246172307 1046.3247520774603 740.85026321932673 7.7850809171795836 5.0684648565948009 19.968278743326664 4.5368084907531729 15.989834278821943 8.6797458119690472 7.7370338886976233 15.062266178429132 81.875133778899908 7.0113288685679427 4.9434156939387313 161.01245683431625 3.9846391454339019 107.44158081710339 171.19528310373425 280.05993386358023
leaf_count=680 4889 71 2045 856 719 732 13 9898 315 67 64 368 5566 10598 141 58 256 39 179 107 90 188 1779 73 62 803 54 671 832 1212
internal_value=-8.5051e-05 0.000355992 0.000471319 -0.0394826 -0.000234424 -0.0357137 -0.0159939 -0.000152519 -0.0017821 0.000737837 0.0400484 -0.00462899 0.000395676 -0.00427162 -0.00999626 -0.00816403 -0.00167419 0.0189078 -0.00919599 -0.00154952 0.00937394 0.0041373 -0.0148292 0.0215695 0.009979 0.00109589 -0.00326082 0.00661883 0.000656969 0.00405565
internal_weight=5243.33 5179.18 5164.45 14.726 4631.98 64.1539 20.1356 4622.52 2006.87 1063.67 8.95213 943.195 1054.72 933.958 193.107 182.642 92.9818 24.6675 68.3143 52.3244 32.3562 20.1307 89.6602 24.6191 17.6078 2615.65 12.6644 532.475 2454.64 451.255
internal_count=43425 37791 36864 927 34148 5634 745 33429 20684 6377 131 14307 6246 13992 3394 3026 1106 285 821 642 386 246 1920 296 223 12745 161 2716 11942 2044
cat_boundaries=0 1
cat_threshold=1
is_linear=0
shrinkage=0.05


Tree=66
num_leaves=31
num_cat=0
split_feature=8 5 7 7 4 4 1 3 7 7 6 3 6 4 3 3 3 7 3 1 3 5 6 5 1 5 5 7 1 7
split_gain=30.9543 8.84637 7.90497 4.29459 4.97564 4.25577 3.64152 5.33344 8.32283 7.611 3.04165 3.03402 7.89801 2.89824 3.1451 4.51284 4.5044 3.80339 3.09245 3.46667 2.73869 3.29755 2.73776 2.67233 5.18636 4.92572 4.8918 7.42145 3.08409 8.89737
threshold=0.48666666448116308 0.62470659613609325 0.31805309653282171 0.00026548672030912718 0.65896359086036693 0.84756097197532665 0.70320320129394542 1.0000000180025095e-35 0.0057522123679518708 0.14672566205263141 0.16328698396682742 0.0093764648772776144 0.038144992664456374 0.10657506436109544 0.029707981273531917 0.02233022823929787 0.023172011598944667 0.047610620036721236 0.012500488199293615 0.63211598992347728 0.030837154015898708 0.0076337936334311971 0.30962505936622625 0.4465929120779038 0.37668919563293463 0.012352036312222483 0.0088261873461306112 0.017256637103855613 0.4708049893379212 0.076194688677787795
decision_type=2 2 2 2 2 2 2 2 2 2 2 2 2 2 2 2 2 2 2 2 2 2 2 2 2 2 2 2 2 2
left_child=1 2 5 -2 -5 6 7 23 10 13 -9 12 -8 -10 15 17 -17 22 -19 -20 21 -16 -15 25 -25 26 28 -28 -1 -30
right_child=3 -3 -4 4 -6 -7 11 8 9 -11 -12 -13 -14 14 20 16 -18 18 19 -21 -22 -23 -24 24 -26 -27 27 -29 29 -31
leaf_value=-7.277318718475522e-05 -0.044281143574055104 -0.041833990719254997 0.0061381358201146093 -0.025071023696242024 0.04976803136784469 -0.02960284280285589 0.039370397746554382 -0.038539995170430004 -0.021518357901757375 -0.031252379865135897 -0.011213152234163108 0.0010818936551595943 0.0025582086595786892 -0.017120131305335434 0.052367330911106375 -0.042476928596807878 -0.0098889648078615156 -0.013839160096472925 0.036593105151731142 0.0036596965262316161 -0.0010339392550495377 -0.00031128853289353405 0.027956404596662422 0.01252593874328547 -0.016991953877447449 -0.0069031976679309222 -0.024399540427894533 0.032820106769109264 0.052765363799209923 0.0006212332931454
leaf_weight=1415.0819155927747 42.133096754550934 12.303418832831083 544.36512061953545 17.352147825062278 2.4140013754367819 12.201646087691186 18.703142732381821 23.017101826146245 19.719004420563579 23.857822954654694 19.555249946191907 1828.4083950221539 66.391311276704073 39.911092694848776 5.2382022738456708 16.530501883476973 31.09110370837152 13.110640496015547 11.75594252347946 25.856670841574669 607.08463397808373 6.2771004401147366 3.5103809572756282 91.943437691777945 17.534062623977661 243.4720117431134 7.1261127945035687 25.14206126704812 10.709800079464911 34.477264806628227
leaf_count=9041 4889 1065 2846 732 13 1119 82 667 545 131 485 8601 299 571 41 163 320 80 69 137 7260 75 49 539 86 2979 120 174 73 174
internal_value=-8.24554e-05 0.000337385 0.000439674 -0.0352029 -0.0154749 -0.000231133 -0.00015159 -0.00133791 -0.00462392 -0.00347413 -0.0261605 0.00151475 0.0107447 -0.00261426 -0.00211467 -0.0088316 -0.021371 -0.00241973 0.0068082 0.0141555 -0.000566074 0.0234658 -0.0133052 0.000166818 0.00774149 -0.0003084 0.000764425 0.0199929 0.000334762 0.0131796
internal_weight=5236.27 5174.38 5162.07 61.8992 19.7661 4617.71 4605.5 2692 846.515 803.943 42.5724 1913.5 85.0945 780.085 760.366 141.766 47.6216 94.1447 50.7233 37.6126 618.6 11.5153 43.4215 1845.49 109.478 1736.01 1492.54 32.2682 1460.27 45.1871
internal_count=43425 37791 36726 5634 745 33880 32761 23779 10593 9441 1152 8982 381 9310 8765 1389 483 906 286 206 7376 116 620 13186 625 12561 9582 294 9288 247
is_linear=0
shrinkage=0.05


Tree=67
num_leaves=31
num_cat=0
split_feature=8 3 1 1 5 7 4 5 5 8 5 4 5 4 7 5 3 3 3 3 4 6 7 6 5 4 6 7 6 7
split_gain=28.9973 8.42808 7.58384 7.30547 5.1434 4.24834 4.52295 3.25337 3.97051 11.0726 8.22386 10.0398 5.14487 4.36238 3.88994 5.71854 5.25014 5.51444 5.32083 7.80378 4.86811 5.24715 3.72067 6.69415 3.63649 5.42021 5.31288 3.51449 3.27685 3.73197
threshold=0.48666666448116308 0.52066960930824291 0.97464698553085338 0.030612244270741943 0.62470659613609325 0.00026548672030912718 0.65896359086036693 0.49839228391647344 0.018528054468333725 0.32658188045024877 0.020050250925123695 0.43827861547470098 0.01771555840969086 0.049243129789829261 0.15265487134456637 0.0092640272341668623 0.14008718729019168 0.039008708670735366 0.04336890950798989 0.047631235793232925 0.42360590398311621 0.2420746982097626 0.31805309653282171 0.25939275324344641 0.4465929120779038 0.32274959981441503 0.035331947728991515 0.17752212285995486 0.29185217618942266 0.0057522123679518708
decision_type=2 2 2 2 2 2 2 2 2 2 2 2 2 2 2 2 2 2 2 2 2 2 2 2 2 2 2 2 2 2
left_child=1 2 4 -3 7 -2 -7 8 12 13 11 -11 14 -10 -1 16 17 22 -19 -20 -18 -22 -16 -24 28 -26 -27 -17 -15 -30
right_child=5 3 -4 -5 -6 6 -8 -9 9 10 -12 -13 -14 24 15 27 20 18 19 -21 21 -23 23 -25 25 26 -28 -29 29 -31
leaf_value=-0.0005056662930468485 -0.043988933782161954 0.084627133108766517 0.0060913743342104736 -0.048905733689295496 -0.038314959792802326 -0.024407584637639267 0.046390837933496652 0.0046844478172274997 -0.038195154711002537 0.0264854188899807 -0.048899082993839674 -0.041001601704559576 0.041696296394336738 -0.004084320698813251 3.6658436966909285e-05 0.0039277271713234153 -0.0019454814596959185 -0.03586832797810123 0.024534046893840509 -0.012629516778755612 0.013567995159510807 0.050401790985357242 0.022567992985036263 -0.010935332932933327 0.011743684532374338 -0.025687497136870213 0.0015089685705095999 0.02587345477636431 -0.039992269752843319 0.0066224908682560833
leaf_weight=2433.6446574218571 40.338475184515119 0.99629077780991693 529.89744925498962 12.892950040288268 8.7455881386995298 16.945809695869688 2.4661274850368491 323.54104414582253 8.1669325586408359 11.465535681694748 22.157328164204955 10.385387551039456 7.4520995244383803 876.21944831684232 235.95678602159023 31.928556621074677 32.70861653983593 16.85062962770462 17.512277364730835 70.358476668596268 42.376242533326149 12.755318060517309 52.006478190422058 20.587932169437408 113.12520639039576 21.97815097682178 94.780397348105907 44.544293239712715 4.3411842733621588 112.40523295663297
leaf_count=18212 4889 71 2716 856 719 732 13 1665 290 90 425 111 47 7511 1012 143 142 68 75 296 175 52 238 94 612 122 477 188 107 1277
internal_value=-8.002e-05 0.000319615 0.000425723 -0.0384334 -0.000222301 -0.0346839 -0.0149653 -0.000148238 -0.000513658 -0.00285362 -0.027477 -0.00540294 0.000473094 -0.00196712 0.000368035 0.00405746 0.00210098 -0.00024768 -0.0101673 -0.00514667 0.0131956 0.0222563 0.003105 0.0129956 -0.00171798 0.00393819 -0.0035852 0.0167932 -0.00303275 0.0048136
internal_weight=5229.53 5169.78 5155.89 13.8892 4625.99 59.7504 19.4119 4617.25 4293.71 1275.02 44.0083 21.8509 3018.68 1231.02 3011.23 577.586 501.113 413.273 104.721 87.8708 87.8402 55.1316 308.551 72.5944 1222.85 229.884 116.759 76.4728 992.966 116.746
internal_count=43425 37791 36864 927 34148 5634 745 33429 31764 11022 626 201 20742 10396 20695 2483 2152 1783 439 371 369 227 1344 332 10106 1211 599 331 8895 1384
is_linear=0
shrinkage=0.05


end of trees

feature_importances:
popularity_prior=512
age_group_fit=351
region_fit=335
known_hobby_compatibility=260
cooccurrence_score=233
occupation_fit=206
mismatch_penalty=86
is_cold_start=42
novelty_bonus=15

parameters:
[boosting: gbdt]
[objective: binary]
[metric: auc]
[tree_learner: serial]
[device_type: cpu]
[data_sample_strategy: bagging]
[data: ]
[valid: ]
[num_iterations: 500]
[learning_rate: 0.05]
[num_leaves: 31]
[num_threads: -1]
[seed: 42]
[deterministic: 0]
[force_col_wise: 0]
[force_row_wise: 0]
[histogram_pool_size: -1]
[max_depth: -1]
[min_data_in_leaf: 50]
[min_sum_hessian_in_leaf: 0.001]
[bagging_fraction: 1]
[pos_bagging_fraction: 1]
[neg_bagging_fraction: 1]
[bagging_freq: 0]
[bagging_seed: 400]
[bagging_by_query: 0]
[feature_fraction: 1]
[feature_fraction_bynode: 1]
[feature_fraction_seed: 30056]
[extra_trees: 0]
[extra_seed: 12879]
[early_stopping_round: 0]
[early_stopping_min_delta: 0]
[first_metric_only: 0]
[max_delta_step: 0]
[lambda_l1: 0.1]
[lambda_l2: 0.1]
[linear_lambda: 0]
[min_gain_to_split: 0]
[drop_rate: 0.1]
[max_drop: 50]
[skip_drop: 0.5]
[xgboost_dart_mode: 0]
[uniform_drop: 0]
[drop_seed: 17869]
[top_rate: 0.2]
[other_rate: 0.1]
[min_data_per_group: 100]
[max_cat_threshold: 32]
[cat_l2: 10]
[cat_smooth: 10]
[max_cat_to_onehot: 4]
[top_k: 20]
[monotone_constraints: ]
[monotone_constraints_method: basic]
[monotone_penalty: 0]
[feature_contri: ]
[forcedsplits_filename: ]
[refit_decay_rate: 0.9]
[cegb_tradeoff: 1]
[cegb_penalty_split: 0]
[cegb_penalty_feature_lazy: ]
[cegb_penalty_feature_coupled: ]
[path_smooth: 0]
[interaction_constraints: ]
[verbosity: -1]
[saved_feature_importance_type: 0]
[use_quantized_grad: 0]
[num_grad_quant_bins: 4]
[quant_train_renew_leaf: 0]
[stochastic_rounding: 1]
[linear_tree: 0]
[max_bin: 255]
[max_bin_by_feature: ]
[min_data_in_bin: 3]
[bin_construct_sample_cnt: 200000]
[data_random_seed: 175]
[is_enable_sparse: 1]
[enable_bundle: 1]
[use_missing: 1]
[zero_as_missing: 0]
[feature_pre_filter: 1]
[pre_partition: 0]
[two_round: 0]
[header: 0]
[label_column: ]
[weight_column: ]
[group_column: ]
[ignore_column: ]
[categorical_feature: 12]
[forcedbins_filename: ]
[precise_float_parser: 0]
[parser_config_file: ]
[objective_seed: 16083]
[num_class: 1]
[is_unbalance: 0]
[scale_pos_weight: 1]
[sigmoid: 1]
[boost_from_average: 1]
[reg_sqrt: 0]
[alpha: 0.9]
[fair_c: 1]
[poisson_max_delta_step: 0.7]
[tweedie_variance_power: 1.5]
[lambdarank_truncation_level: 30]
[lambdarank_norm: 1]
[label_gain: ]
[lambdarank_position_bias_regularization: 0]
[eval_at: ]
[multi_error_top_k: 1]
[auc_mu_weights: ]
[num_machines: 1]
[local_listen_port: 12400]
[time_out: 120]
[machine_list_filename: ]
[machines: ]
[gpu_platform_id: -1]
[gpu_device_id: -1]
[gpu_use_dp: 0]
[num_gpu: 1]

end of parameters

pandas_categorical:null
