tree
version=v4
num_class=1
num_tree_per_iteration=1
label_index=0
max_feature_idx=12
objective=binary sigmoid:1
feature_names=lightgcn_score cooccurrence_score segment_popularity_score known_hobby_compatibility age_group_fit occupation_fit region_fit popularity_prior mismatch_penalty popularity_penalty novelty_bonus category_diversity_reward is_cold_start
feature_infos=none [0:1] none [0:1] [0:1] [0:1] [0:1] [0:1] [0:1] [0:1] [0:1] none -1:1:0
tree_sizes=3264 3393 3415 3402 3404 3430 3389 3414 3426 3404 3449 3421 3412 3423 3423 3425 3417 3417 3446 3420 3434 3453 3409 3433 3441 3436 3439 3407 3411 3404 3424 3417 3446

Tree=0
num_leaves=31
num_cat=0
split_feature=7 7 7 7 7 7 3 7 4 4 3 1 5 4 4 1 5 6 5 7 5 5 7 6 1 4 8 5 1 5
split_gain=1423.51 267.043 164.105 214.718 66.8261 23.8239 20.4546 17.133 10.3243 8.93944 11.0625 7.91567 7.88768 7.8057 7.32692 6.96714 6.14029 7.40963 5.90688 5.454 5.358 7.82665 5.26449 5.01796 4.33814 4.83867 4.3103 3.84813 3.653 3.28537
threshold=0.12566372007131579 0.23654867708683017 1.0000000180025095e-35 0.041946902871131904 0.67185840010643016 0.017256637103855613 0.1533312872052193 0.087610617280006423 0.34656305611133581 0.37014016509056097 0.049412859603762634 0.76428571343421947 0.0071895292494446048 0.50125628709793102 0.42875768244266516 0.79269602894783031 0.37248815596103674 0.039255440235137946 0.011561267077922823 0.0037168140988796954 0.0061760181561112413 0.45527841150760656 0.15265487134456637 0.044700471684336669 0.62731480598449718 0.51542207598686229 0.33269366621971136 0.005000124918296934 0.95445135235786449 0.012352036312222483
decision_type=2 2 2 2 2 2 2 2 2 2 2 2 2 2 2 2 2 2 2 2 2 2 2 2 2 2 2 2 2 2
left_child=2 8 -1 5 6 19 23 9 18 -5 -11 -9 26 -12 20 -16 17 -17 -2 -4 -10 -22 -20 28 -7 -26 -13 -19 -3 -25
right_child=1 4 3 7 -6 24 -8 11 14 10 13 12 -14 -15 15 16 -18 27 22 -21 21 -23 -24 29 25 -27 -28 -29 -30 -31
leaf_value=-1.368606672773075 -1.3814928244452593 -1.3281182583295517 -1.4470642413809629 -1.4188604739883968 -1.1933903043232326 -1.4237639644611584 -1.2214618191082958 -1.3737997930741062 -1.2875253070387134 -1.4033264682554212 -1.3819552421288195 -1.395035620193193 -1.3270602859017209 -1.3272491327944445 -1.3642114813427602 -1.3543237100333936 -1.3643842479412558 -1.3230089009586385 -1.3678922060327974 -1.4361067763185178 -1.3643842479412558 -1.3027177156788488 -1.3201067641060589 -1.2572041727599899 -1.4157743993587117 -1.3727368768790211 -1.3501629729130342 -1.2781255958844795 -1.2796510005228572 -1.2882502250775241
leaf_weight=166.39999628067017 15.519999653100966 9.4399997889995593 237.59999468922615 20.319999545812607 54.719998776912689 156.159996509552 20.799999535083771 45.919998973608017 16.959999620914459 25.439999431371689 14.879999667406084 8.4799998104572296 27.839999377727509 11.839999735355375 18.23999959230423 9.4399997889995593 8.7999998033046705 11.039999753236772 11.039999753236772 245.11999452114105 8.799999803304674 13.59999969601631 13.119999706745146 24.959999442100525 21.43999952077866 9.1199997961521131 13.599999696016312 11.039999753236769 8.4799998104572278 19.839999556541443
leaf_count=1040 97 59 1485 127 342 976 130 287 106 159 93 53 174 74 114 59 55 69 69 1532 55 85 82 156 134 57 85 69 53 124
internal_value=-1.38629 -1.28571 -1.41393 -1.42294 -1.23663 -1.43563 -1.26521 -1.37249 -1.33513 -1.39077 -1.37988 -1.35862 -1.34481 -1.3574 -1.32636 -1.33797 -1.3263 -1.31593 -1.35701 -1.44152 -1.30938 -1.32652 -1.34157 -1.28004 -1.42036 -1.40277 -1.36758 -1.29996 -1.30444 -1.27059
internal_weight=1280 275.84 1004.16 837.76 138.24 669.44 83.52 168.32 137.6 72.48 52.16 95.84 49.92 26.72 97.92 58.56 40.32 31.52 39.68 482.72 39.36 22.4 24.16 62.72 186.72 30.56 22.08 22.08 17.92 44.8
internal_count=8000 1724 6276 5236 864 4184 522 1052 860 453 326 599 312 167 612 366 252 197 248 3017 246 140 151 392 1167 191 138 138 112 280
is_linear=0
shrinkage=1


Tree=1
num_leaves=31
num_cat=0
split_feature=7 7 7 7 7 7 3 1 4 1 6 6 7 1 5 7 3 7 6 3 7 4 6 4 1 3 8 6 6 5
split_gain=1243.69 285.495 191.309 80.4155 45.5261 15.1429 14.4734 11.5147 11.41 9.47332 6.49328 9.16493 5.65137 14.9806 5.97702 7.28482 5.19167 5.12676 6.92213 4.97802 4.91207 4.19747 7.56333 4.16827 3.8863 4.71246 7.41084 3.748 3.31626 3.31591
threshold=0.094336282461881651 0.23654867708683017 1.0000000180025095e-35 0.03823008947074414 0.67185840010643016 0.0057522123679518708 0.1533312872052193 0.81725418567657482 0.37014016509056097 0.68693286180496227 0.037173517048358924 0.09064574167132379 0.14672566205263141 0.38832199573516851 0.49264955520629888 0.097964603453874602 0.062663611024618163 0.15265487134456637 0.20337178558111194 0.023108677938580516 0.017256637103855613 0.38500961661338812 0.048849564045667655 0.34656305611133581 0.8603896200656892 0.031277174130082137 0.32922174036502844 0.25040192902088171 0.25324466824531561 0.012658453080803158
decision_type=2 2 2 2 2 2 2 2 2 2 2 2 2 2 2 2 2 2 2 2 2 2 2 2 2 2 2 2 2 2
left_child=2 7 -1 5 6 -4 24 12 -5 28 -11 -12 14 -14 15 -2 21 23 -19 -16 -7 -9 -23 -18 -3 -26 -27 -17 -10 -15
right_child=1 4 3 8 -6 20 -8 16 9 10 11 -13 13 29 19 27 17 18 -20 -21 -22 22 -24 -25 25 26 -28 -29 -30 -31
leaf_value=0.016622743899680791 0.039806478546931243 0.074155453898518506 -0.059371559458514633 -0.028073648610014514 0.16378880678061603 -0.048209753236521304 0.14221131191248088 0.02216055153081696 -0.01967331818637787 -0.011454951047664672 0.074048265322184156 0.014226876324449765 0.084967647609099056 -0.0033632755720216937 0.015829168424919979 -0.0067626998122992223 0.0497940453090919 0.067540986941313025 0.01490100610456337 0.062696532981321162 -0.036011714345241211 0.015002150345562638 0.072786845629060681 0.091562988154219788 0.12511890379188248 0.060778346897808824 0.11287406227778612 0.028679300930678504 0.010331650363087801 0.037675985585773689
leaf_weight=168.16689491271973 18.441301733255386 19.481781214475632 254.10590475797653 41.268239855766296 61.055774509906769 212.6619978249073 22.859386652708054 19.86190390586853 34.140217825770378 10.84169654548168 9.4085014462471026 20.703939363360405 14.77063477039337 9.3161389976739901 10.083267241716387 30.40880474448204 10.114232257008554 15.979211226105692 10.784885868430136 14.207474112510679 146.21891534328461 8.8791331946849841 17.164063677191734 19.923050493001938 17.364835888147354 13.557672441005709 16.294818416237831 9.7484425455331785 12.283430367708204 9.8413007110357267
leaf_count=1040 114 115 1647 262 342 1370 130 121 215 67 58 128 90 57 62 187 62 97 65 86 934 54 103 120 102 80 95 60 77 60
internal_value=-5.62132e-05 0.0771998 -0.0314972 -0.042416 0.130211 -0.0499587 0.107106 0.0407636 -0.00642589 0.00376152 0.0213067 0.0332665 0.0298827 0.0472081 0.0226826 0.0138707 0.0530497 0.0633584 0.0466497 0.0435912 -0.0432652 0.0400753 0.0534098 0.0778762 0.0948054 0.103045 0.0896633 0.00176675 -0.0116216 0.0175454
internal_weight=1279.94 370.138 909.8 741.633 150.614 612.987 89.5585 219.524 128.646 87.3778 40.9541 30.1124 116.817 33.9281 82.8893 58.5985 102.706 56.8014 26.7641 24.2907 358.881 45.9051 26.0432 30.0373 66.6991 47.2173 29.8525 40.1572 46.4236 19.1574
internal_count=8000 2202 5798 4758 864 3951 522 1338 807 545 253 186 716 207 509 361 622 344 162 148 2304 278 157 182 392 277 175 247 292 117
is_linear=0
shrinkage=0.05


Tree=2
num_leaves=31
num_cat=1
split_feature=7 7 7 7 7 7 3 4 1 1 7 1 6 6 4 3 7 5 6 12 4 3 1 10 3 3 4 6 6 4
split_gain=1095.16 225.635 179.144 77.2915 33.5252 15.1051 10.8634 10.4987 9.75328 8.47834 5.84917 14.33 5.72128 7.68791 5.4423 8.53639 4.81867 3.71654 4.34981 3.68912 5.16943 3.61104 3.59498 3.61524 3.35808 5.06388 4.5566 3.11662 3.03576 2.95076
threshold=0.094336282461881651 0.23654867708683017 1.0000000180025095e-35 0.03823008947074414 0.67185840010643016 0.0057522123679518708 0.1533312872052193 0.37014016509056097 0.79269602894783031 0.68693286180496227 0.14672566205263141 0.38832199573516851 0.037173517048358924 0.09064574167132379 0.34656305611133581 0.39718089997768408 0.017256637103855613 0.0079752025194466131 0.052195154130458839 0 0.38905704021453863 0.083405800163745894 0.86754387617111217 0.20088066160678866 0.30183246731758123 0.066815476864576354 0.44127418100833898 0.04340579733252526 0.25324466824531561 0.23182243108749392
decision_type=2 2 2 2 2 2 2 2 2 2 2 2 2 2 2 2 2 2 2 1 2 2 2 2 2 2 2 2 2 2
left_child=2 8 -1 5 6 -4 19 -5 10 28 21 -12 -11 -14 17 22 -7 -10 -19 20 -3 -2 24 -24 25 26 -16 -22 -9 -18
right_child=1 4 3 7 -6 16 -8 9 14 12 11 -13 13 -15 15 -17 29 18 -20 -21 27 -23 23 -25 -26 -27 -28 -29 -30 -31
leaf_value=0.015633584674851937 0.01080170156672147 0.073202529106917019 -0.058601771444625889 -0.02714697203009607 0.14296088341881338 -0.047233218990648612 0.12530316106286407 -0.018922315580584791 0.01201280935406338 -0.010963215608149652 0.076844125586699757 0.0069307981918840765 0.067378272515925486 0.013403227244295914 0.033864641539647966 0.097709870472773741 -0.049434434724120249 0.070361312252324837 0.027720954898698316 0.061449405993151462 0.077665239904804118 0.041633216335489796 0.055061569036122006 0.022291337398024781 0.033015216518237737 0.10012486111574917 0.082241744066743616 0.11698883566089782 0.0097574859060004793 -0.031159636761436117
leaf_weight=169.82884645462036 52.074792355298996 24.475758582353592 244.80875663459301 40.564716950058937 66.31635457277298 206.36862859129906 24.610381275415421 33.734945446252823 15.906267881393431 10.767993479967116 15.505743086338045 14.182469666004179 9.8214404731988925 20.878920033574104 13.221776381134992 10.083268061280249 29.534398391842842 9.6084888130426425 17.982385918498039 14.897884204983709 9.0263842940330523 11.815704345703123 15.028302028775213 21.350657045841217 10.739706352353094 8.7153126150369626 8.4677282422780973 21.829549014568329 12.359780699014662 113.47162160277367
leaf_count=1040 318 137 1647 262 342 1370 130 215 97 67 90 86 58 128 78 58 193 57 107 83 51 71 88 125 63 50 50 121 77 741
internal_value=-0.000102057 0.0702653 -0.0305451 -0.0414101 0.115414 -0.0490054 0.0959683 -0.00613796 0.0378229 0.00355757 0.0253298 0.0437488 0.0199798 0.0309956 0.046676 0.0539574 -0.042252 0.0318058 0.0429514 0.0854539 0.0917043 0.0166379 0.0480837 0.0360798 0.0584628 0.0671499 0.0532716 0.105935 -0.0111194 -0.0350007
internal_weight=1277.98 385.839 892.14 722.311 161.156 594.183 94.84 128.128 224.683 87.5631 93.5787 29.6882 41.4684 30.7004 131.104 87.6068 349.375 43.4971 27.5909 70.2296 55.3317 63.8905 77.5235 36.379 41.1445 30.4048 21.6895 30.8559 46.0947 143.006
internal_count=8000 2202 5798 4758 864 3951 522 807 1338 545 565 176 253 186 773 512 2304 261 164 392 309 389 454 213 241 178 128 172 292 934
cat_boundaries=0 1
cat_threshold=2
is_linear=0
shrinkage=0.05


Tree=3
num_leaves=31
num_cat=0
split_feature=7 7 7 7 7 7 4 3 1 1 6 6 7 5 3 7 7 6 5 3 3 7 6 1 10 4 7 6 4 3
split_gain=970.146 183.159 167.795 74.2878 26.1495 15.0937 9.65711 8.53276 8.37217 7.59599 5.0546 6.50586 4.72799 4.52003 4.76756 10.5793 6.27849 4.30916 3.92485 5.09558 3.69928 3.6374 5.59824 3.62706 5.6998 3.4957 3.06199 3.03986 2.87356 2.83029
threshold=0.094336282461881651 0.23654867708683017 1.0000000180025095e-35 0.03823008947074414 0.67185840010643016 0.0057522123679518708 0.37014016509056097 0.1533312872052193 0.81725418567657482 0.68693286180496227 0.037173517048358924 0.09064574167132379 0.017256637103855613 0.50488919019699108 1.0000000180025095e-35 0.14672566205263141 0.097964603453874602 0.20337178558111194 0.37248815596103674 0.069028213620185866 0.062663611024618163 0.15265487134456637 0.20337178558111194 0.83728626370430004 0.20088066160678866 0.42875768244266516 0.12566372007131579 0.044700471684336669 0.23182243108749392 0.10680751129984857
decision_type=2 2 2 2 2 2 2 2 2 2 2 2 2 2 2 2 2 2 2 2 2 2 2 2 2 2 2 2 2 2
left_child=2 8 -1 5 7 -4 -5 27 13 -8 -11 -12 -7 14 15 -2 -16 -17 19 -18 23 26 -23 -10 -25 -26 -22 -3 -14 -6
right_child=1 4 3 6 29 12 9 -9 20 10 11 -13 28 -15 16 17 18 -19 -20 -21 21 22 -24 24 25 -27 -28 -29 -30 -31
leaf_value=0.014713355668774459 0.0080951089105418123 0.059804361549934008 -0.057874293164582064 -0.026241916690294242 0.13196770454329576 -0.046279847435128842 -0.010636387257180172 0.11212163411883161 0.058478333215154749 -0.010489916580212269 0.061649285084089726 0.012634296670152837 -0.048491476489859742 0.04610071616935426 0.037808224946517387 0.080343467009052982 -0.022860635854034136 0.03309100153268385 0.025283360536151541 0.022718047181463186 0.041865625473171825 0.057900000350325102 0.011605145428241688 0.061548005480674461 -0.0010392701864125557 0.034642783089411232 0.076631013840096379 0.084378974022806308 -0.030202096525205991 0.098774754925091302
leaf_weight=171.39277815818787 20.310000479221344 20.574087992310524 235.72338326275349 39.88656122982502 60.136386930942535 200.24731352925301 45.77779433131218 26.098370850086212 12.1201985925436 10.697500690817831 10.196466147899629 21.043853148818016 28.628349363803864 23.031069844961166 16.173816829919815 11.274412959814073 20.057134553790096 9.6271337121725065 11.698097735643385 8.6319191902875883 10.702095746994017 17.03489384055138 11.144240185618399 8.6179466843605024 15.223446860909464 12.014754414558409 21.733298063278198 52.79594549536705 111.27556696534157 10.539366781711577
leaf_count=1040 124 112 1647 262 291 1370 292 130 70 67 58 128 193 134 96 64 122 55 69 52 61 97 65 49 90 69 121 280 741 51
internal_value=-0.000136364 0.0644048 -0.029621 -0.0404301 0.103717 -0.0480785 -0.00586251 0.0868459 0.035192 0.00336693 0.0187603 0.0289374 -0.0412604 0.0259998 0.0211715 0.0341542 0.0115802 0.0590785 0.000885782 -0.00894204 0.0453387 0.0537424 0.039874 0.0345274 0.0261523 0.0145863 0.0654777 0.0776467 -0.0340123 0.127235
internal_weight=1274.41 399.539 874.87 703.477 170.144 575.875 127.602 99.4684 229.394 87.7156 41.9378 31.2403 340.151 120.804 97.7725 41.2115 56.561 20.9015 40.3872 28.6891 108.591 60.6145 28.1791 47.9763 35.8561 27.2382 32.4354 73.37 139.904 70.6758
internal_count=8000 2202 5798 4758 864 3951 807 522 1338 545 253 186 2304 716 582 243 339 119 243 174 622 344 162 278 208 159 182 392 934 342
is_linear=0
shrinkage=0.05


Tree=4
num_leaves=31
num_cat=0
split_feature=7 7 7 7 7 7 4 1 1 3 4 5 7 3 6 7 1 4 3 1 5 3 6 6 5 6 4 5 3 6
split_gain=863.302 157.188 151.91 71.3939 21.3578 15.1048 8.88282 7.61321 7.31689 6.66625 5.41419 8.4754 4.64029 4.47214 4.46703 4.36451 10.9116 4.14279 6.31734 3.42173 4.81484 4.54732 5.29396 4.18585 2.97885 3.55605 2.79946 2.79154 2.78762 2.69562
threshold=0.094336282461881651 1.0000000180025095e-35 0.23654867708683017 0.03823008947074414 0.67185840010643016 0.0057522123679518708 0.34316018223762518 0.95445135235786449 0.79269602894783031 0.049412859603762634 0.50125628709793102 0.0075639106798917064 0.017256637103855613 0.098928127437829985 0.23410008102655414 0.14672566205263141 0.38832199573516851 0.34656305611133581 0.39718089997768408 0.81530213356018078 0.37111482024192816 0.065830361098051085 0.050916196778416641 0.15922193974256518 0.0079752025194466131 0.052195154130458839 0.23182243108749392 0.010544848162680866 0.083405800163745894 0.14561489224433902
decision_type=2 2 2 2 2 2 2 2 2 2 2 2 2 2 2 2 2 2 2 2 2 2 2 2 2 2 2 2 2 2
left_child=1 -1 8 5 7 -3 -5 14 15 -8 11 -11 -7 -13 27 28 -17 24 19 -19 21 22 -21 -23 -10 -26 -14 -4 29 -2
right_child=2 3 4 6 -6 12 9 -9 17 10 -12 13 26 -15 -16 16 -18 18 -20 20 -22 23 -24 -25 25 -27 -28 -29 -30 -31
leaf_value=0.013855999740274731 0.020265147552223226 -0.057184910788283951 0.031674514851833001 -0.027369025253283209 0.11490847970413327 -0.045346897987739068 -0.011505458718495572 0.089781051572367238 0.0098445705737972705 -0.026278456606006667 0.037104408389631652 0.052854156476356468 -0.047571971223520859 0.00058231076520932836 0.085140745751069793 0.065048653460540326 0.0052936708837565448 0.07094624980829986 0.082558575846359783 0.0024626725963389994 0.018892499514051475 0.088745302985073909 0.048859939283373538 0.041133169991597024 0.06112293698037588 0.023524590789127331 -0.029264338514719008 0.066736966888184007 0.036007137309870513 -0.0021528884589002489
leaf_weight=172.86507487297058 27.41766569018364 226.86275419592857 14.021717652678491 34.170948937535286 74.260512247681618 194.30274799466133 44.542449310421944 65.474701628088951 16.263613298535347 13.892983138561251 17.809181243181229 8.083928510546686 27.747039720416069 8.581606596708296 12.944492444396017 16.66396434605122 14.430896803736685 9.12186451256275 10.947580233216284 9.6110117137432116 24.238596349954605 9.9199973493814486 18.260370716452599 10.23631130158901 10.197580084204676 18.653454631567001 109.15716931223869 11.095079243183134 12.353008434176443 25.414443805813789
leaf_count=1040 165 1647 73 228 342 1370 284 325 97 86 107 49 193 53 66 90 86 52 58 55 135 54 101 57 57 107 741 58 71 153
internal_value=-0.000164043 -0.0287223 0.0593591 -0.0394727 0.0941956 -0.0471747 -0.0055998 0.0791946 0.032809 0.00237365 0.0152556 0.00227982 -0.0402878 0.0264 0.0606647 0.0220846 0.037583 0.0402632 0.0464273 0.0414105 0.0375204 0.0467588 0.0331053 0.0651349 0.0274619 0.0371519 -0.0330433 0.0475645 0.0145687 0.00940298
internal_weight=1269.54 858.016 411.527 685.151 177.797 558.07 127.081 103.536 233.73 92.9101 48.3677 30.5585 331.207 16.6655 38.0613 96.28 31.0949 137.45 92.3357 81.3882 72.2663 48.0277 27.8714 20.1563 45.1146 28.851 136.904 25.1168 65.1851 52.8321
internal_count=8000 5798 2202 4758 864 3951 807 522 1338 579 295 188 2304 102 197 565 176 773 512 454 402 267 156 111 261 164 934 131 389 318
is_linear=0
shrinkage=0.05


Tree=5
num_leaves=31
num_cat=1
split_feature=7 7 7 7 7 1 4 1 4 4 4 7 3 6 6 4 5 6 7 8 5 8 12 4 3 1 6 5 1 1
split_gain=771.112 155.35 139.177 52.1035 18.0355 14.4617 10.54 7.39874 8.35787 9.79045 7.98283 6.47316 6.42745 5.21902 5.35443 4.74494 4.29782 4.23143 4.50176 2.97185 2.89064 3.77608 2.81304 3.86425 2.60832 2.53201 2.20377 2.15817 7.97354 4.96959
threshold=0.087610617280006423 1.0000000180025095e-35 0.23654867708683017 0.018318584188818935 0.67185840010643016 0.68693286180496227 0.50125628709793102 0.7559294104576112 0.25728709995746618 0.36456401646137243 0.3369396179914475 0.0037168140988796954 0.1533312872052193 0.039255440235137946 0.17450613528490069 0.29890210926532751 0.46868900954723364 0.2477144002914429 0.03823008947074414 0.33143651485443121 0.27919691801071173 0.3288442343473435 0 0.38905704021453863 0.017490910366177562 0.58578431606292736 0.039908116683363921 0.38491770625114446 0.81725418567657482 0.89181286096572887
decision_type=2 2 2 2 2 2 2 2 2 2 2 2 2 2 2 2 2 2 2 2 2 2 1 2 2 2 2 2 2 2
left_child=1 -1 7 11 12 15 26 8 24 10 -10 -3 22 -11 -15 -5 17 20 -19 -16 21 -17 23 -4 -2 -23 -7 28 -9 -29
right_child=2 3 4 5 -6 6 -8 27 9 13 -12 -13 -14 14 19 16 -18 18 -20 -21 -22 25 -24 -25 -26 -27 -28 29 -30 -31
leaf_value=0.013056157805518368 0.0043039976902598314 -0.057228939955382634 0.054939353905451641 -0.04123367736739874 0.10491563887438292 -0.035351364995458601 0.037689481269210443 0.0066636986449292272 0.021389640315007039 0.043025290931825583 0.086528230889196561 -0.044533622681918267 0.093733584507156992 -0.016285352892359609 0.00054420816801231805 0.0072917411508588714 0.0063232605113020804 -0.023117569015605077 0.011798847076433264 0.038214097271232428 -0.048196959143974948 -0.037357476484323318 0.045193525187192607 0.081494885009721144 -0.032355119365639666 -0.012810251244763369 -0.0043001382429269366 0.05441900941704797 0.038293326288445791 0.011670702735088828
leaf_weight=174.25168752670288 10.830977112054827 196.62542715668678 27.334561616182327 44.774494022130966 77.194568753242493 7.9291392713785198 15.640302047133444 25.383808016777039 9.3811264336109179 11.543381243944166 10.067737221717833 225.64164984226227 28.305576145648956 16.865285739302635 9.9569316208362597 7.2671371698379508 11.73773844540119 28.187960296869278 13.416056886315344 11.630424529314039 20.420057073235512 38.792374074459076 16.551233783364296 34.924420341849327 8.3813628107309324 15.556108757853506 21.640433043241501 33.579154446721077 100.83210906386375 8.9936720430850965
leaf_count=1040 63 1485 137 314 342 52 92 149 57 67 55 1640 130 99 58 50 78 195 85 68 139 266 83 172 51 103 138 184 558 50
internal_value=-0.000185552 -0.0288242 0.0530793 -0.0401006 0.0862535 -0.0206368 0.00454461 0.0292856 0.017448 0.0255376 0.0556347 -0.0504691 0.0726724 0.0136421 0.00460293 -0.0269829 -0.0222058 -0.0249576 -0.0117369 0.0211524 -0.031579 -0.0259215 0.0649355 0.0700228 -0.0115143 -0.0304596 -0.0128862 0.0354598 0.0319821 0.0455539
internal_weight=1263.64 821.881 441.756 647.629 184.31 225.362 45.2099 257.446 88.6572 69.4449 19.4489 422.267 107.116 49.996 38.4526 180.152 135.377 123.64 41.604 21.5874 82.0357 61.6156 78.8102 62.259 19.2123 54.3485 29.5696 168.789 126.216 42.5728
internal_count=8000 5677 2323 4637 864 1512 282 1459 518 404 112 3125 522 292 225 1230 916 838 280 126 558 419 392 309 114 369 190 941 707 234
cat_boundaries=0 1
cat_threshold=2
is_linear=0
shrinkage=0.05


Tree=6
num_leaves=31
num_cat=0
split_feature=7 7 7 7 7 1 4 7 1 4 4 4 1 4 6 6 5 6 7 6 5 8 8 3 1 5 5 3 3 3
split_gain=691.61 145.786 119.272 50.8623 15.6187 13.4221 9.36667 6.56249 6.38581 7.42369 8.40861 6.62271 5.68273 4.55385 4.55222 4.81368 3.99197 3.99672 4.13036 3.64231 2.80028 3.52683 2.58959 2.41551 2.411 2.3675 2.32509 3.53829 2.62626 2.18271
threshold=0.087610617280006423 1.0000000180025095e-35 0.23654867708683017 0.018318584188818935 0.67185840010643016 0.68693286180496227 0.50125628709793102 0.001150442461948842 0.7559294104576112 0.25728709995746618 0.36456401646137243 0.3369396179914475 0.95445135235786449 0.29890210926532751 0.039255440235137946 0.17450613528490069 0.46868900954723364 0.2477144002914429 0.03823008947074414 0.23410008102655414 0.27919691801071173 0.3288442343473435 0.33143651485443121 0.017490910366177562 0.58578431606292736 0.010544848162680866 0.0015380964032374325 0.10800864174962045 0.039008708670735366 0.10680751129984857
decision_type=2 2 2 2 2 2 2 2 2 2 2 2 2 2 2 2 2 2 2 2 2 2 2 2 2 2 2 2 2 2
left_child=1 -1 8 7 12 13 -7 -3 9 23 11 -11 19 -5 -12 -16 17 20 -19 25 21 -15 -17 -2 -23 -4 -14 28 -28 -6
right_child=2 3 4 5 29 6 -8 -9 -10 10 14 -13 26 16 15 22 -18 18 -20 -21 -22 24 -24 -25 -26 -27 27 -29 -30 -31
leaf_value=0.012309047776195939 0.0040808839597164586 -0.057521659121501673 0.025540340936778479 -0.040284925570216054 0.10046939230610537 -0.012358370453746229 0.035059790726522704 -0.044313049500659923 0.0330681879024841 0.020076566672291265 0.039927464767103835 0.078715483787382412 0.093719001931298951 0.0068991325178721979 -0.015621448273995201 0.00051710802258659412 0.0059854870695609389 -0.022307321896915935 0.0111321336415478 0.072764971533874886 -0.047284012357719091 -0.036388371423476305 0.03554823295600118 -0.03135629299584073 -0.012274437992805587 0.05691287589544345 0.073314218509814524 0.083868100799268611 0.040390431645071792 0.07349388193722059
leaf_weight=175.55810213088989 10.856768339872362 164.92498111724854 14.667064577341081 43.570739254355431 67.785588651895523 29.339139744639397 15.97134657204151 242.99660840630531 171.88960641622543 9.4983669668436068 11.817411869764326 10.511331230401991 16.66563555598259 7.3014391809701911 16.711215659976006 9.9599526971578616 11.784526586532591 27.765790417790413 13.512025356292723 13.801464915275572 19.791578382253647 37.860828936100006 11.878326267004011 8.2231928408145887 15.431046441197394 11.757656931877134 13.030004292726518 26.001531183719635 14.302859231829641 11.774370431900023
leaf_count=1040 63 1296 73 314 291 190 92 1829 941 57 67 55 77 50 99 58 78 195 85 66 139 266 68 51 103 58 62 117 69 51
internal_value=-0.00020527 -0.0279594 0.049353 -0.0391844 0.0795285 -0.0198942 0.0042862 -0.0496784 0.0273988 0.0164246 0.0239399 0.0513672 0.0670579 -0.0261107 0.0128644 0.00435697 -0.0214187 -0.0241169 -0.0112398 0.0514194 -0.030645 -0.0250588 0.0198744 -0.0110152 -0.0295357 0.03985 0.0758872 0.0700567 0.056478 0.0966372
internal_weight=1256.94 805.808 451.132 630.25 189.786 222.328 45.3105 407.922 261.346 89.4566 70.3766 20.0097 110.226 177.018 50.3669 38.5495 133.447 121.663 41.2778 40.2262 80.3849 60.5933 21.8383 19.08 53.2919 26.4247 70 53.3344 27.3329 79.56
internal_count=8000 5677 2323 4637 864 1512 282 3125 1459 518 404 112 522 1230 292 225 916 838 280 197 558 419 126 114 369 131 325 248 131 342
is_linear=0
shrinkage=0.05


Tree=7
num_leaves=31
num_cat=0
split_feature=7 7 7 7 7 1 4 7 1 1 4 4 7 3 4 5 6 7 1 5 4 6 3 5 1 5 8 6 6 7
split_gain=621.87 136.805 103.518 49.6408 13.7934 12.4595 8.33298 6.66479 5.62171 4.84567 4.367 3.75838 4.45172 5.99629 3.93709 3.70643 3.77261 3.78863 3.58161 4.44456 3.54897 3.07262 2.91984 2.89776 2.90436 2.71239 3.2926 2.39925 3.41858 2.24326
threshold=0.087610617280006423 1.0000000180025095e-35 0.23654867708683017 0.018318584188818935 0.67185840010643016 0.68693286180496227 0.50125628709793102 0.0037168140988796954 0.81725418567657482 0.95445135235786449 0.29890210926532751 0.19897611439228061 0.14672566205263141 1.0000000180025095e-35 0.45241193473339086 0.46868900954723364 0.2477144002914429 0.03823008947074414 0.76095238327980053 0.38491770625114446 0.42502371966838842 0.23410008102655414 0.034602491185069091 0.0035007025580853228 0.44817399978637701 0.27919691801071173 0.3288442343473435 0.047591427341103561 0.030694349668920044 0.10530973598361017
decision_type=2 2 2 2 2 2 2 2 2 2 2 2 2 2 2 2 2 2 2 2 2 2 2 2 2 2 2 2 2 2
left_child=1 -1 8 7 9 10 -7 -3 11 21 -5 -2 14 -14 18 16 25 -18 20 -20 22 -4 23 -13 -25 26 -12 28 -28 -10
right_child=2 3 4 5 -6 6 -8 -9 29 -11 15 12 13 -15 -16 -17 17 -19 19 -21 -22 -23 -24 24 -26 -27 27 -29 -30 -31
leaf_value=0.011610400418586266 -0.0073939045774611403 -0.056061447892518934 0.037230889157012517 -0.039351178691869083 0.089662270423893464 -0.011834336044050282 0.032676687341110212 -0.042737555474861147 0.012138921236770383 0.070231088638759737 0.0065294105730558652 -0.010124490652837246 0.053715332499431681 0.0054663020527544286 -0.013524263214379812 0.0056670352633278083 -0.021517056622902243 0.010507807303587 0.012422609357110133 0.050046333153962667 0.03382063640620276 0.067189255949387225 -0.018176596680391777 0.0045476611519659404 0.044602424320026451 -0.046390919875681697 -0.030396015521389427 -0.039304606512523904 0.0075855318870816984 0.035417844063818191
leaf_weight=176.78940176963806 12.399814531207083 181.65452565997839 26.875095963478088 42.406600266695023 81.424505934119225 29.116625472903252 16.278379276394844 212.36721232533455 12.254061028361319 71.837346777319908 7.3339382708072653 9.4892600178718585 20.048141151666645 9.8572598546743375 10.032309547066687 11.828855469822882 27.360464587807655 13.602647706866263 15.504554972052572 16.961507543921471 12.706887304782866 14.196942850947378 11.06135882437229 10.106853365898134 8.624495789408682 19.181465342640877 16.923718556761745 26.593689933419228 8.7548788189887983 115.92763319611549
leaf_count=1040 73 1485 131 314 342 190 92 1640 70 325 50 57 104 56 59 78 195 85 89 89 75 66 65 59 50 139 119 188 62 613
internal_value=-0.000219296 -0.0271152 0.0460373 -0.0382846 0.0737619 -0.0191723 0.00405389 -0.0489056 0.0256649 0.062182 -0.0252598 0.0185085 0.0211346 0.0380496 0.0156935 -0.0206539 -0.0232981 -0.0107611 0.0192353 0.0323255 0.0109184 0.0478458 0.00331596 0.0119512 0.0233946 -0.0297311 -0.0242174 -0.028631 -0.0172734 0.0332426
internal_weight=1249.5 790.192 459.308 613.403 194.334 219.381 45.395 394.022 264.974 112.909 173.986 136.792 124.393 29.9054 94.4872 131.58 119.751 40.9631 84.4549 32.4661 51.9889 41.072 39.282 28.2206 18.7313 78.7877 59.6062 52.2723 25.6786 128.182
internal_count=8000 5677 2323 4637 864 1512 282 3125 1459 522 1230 776 703 160 543 916 838 280 484 178 306 197 231 166 109 558 419 369 181 683
is_linear=0
shrinkage=0.05


Tree=8
num_leaves=31
num_cat=1
split_feature=7 7 7 7 7 1 4 7 1 3 4 5 6 7 4 7 4 4 1 5 8 1 12 4 5 6 6 5 1 6
split_gain=560.178 128.365 90.5543 48.4335 12.4177 11.5593 7.42456 6.77729 4.87421 4.54229 4.1849 3.43951 3.55755 3.4742 3.3431 3.87817 5.53684 3.52021 3.19484 2.62743 3.07181 2.35365 2.33353 3.11667 2.30151 2.29542 3.90745 2.99369 2.15425 3.9444
threshold=0.087610617280006423 1.0000000180025095e-35 0.23654867708683017 0.018318584188818935 0.67185840010643016 0.68693286180496227 0.50125628709793102 0.001150442461948842 0.81725418567657482 0.1533312872052193 0.29890210926532751 0.46868900954723364 0.2477144002914429 0.03823008947074414 0.19897611439228061 0.14672566205263141 0.43323189020156866 0.45241193473339086 0.4708049893379212 0.27919691801071173 0.3288442343473435 0.58578431606292736 0 0.38905704021453863 0.49839228391647344 0.06846578419208528 0.18733490258455279 0.0071895292494446048 0.89181286096572887 0.030331781134009365
decision_type=2 2 2 2 2 2 2 2 2 2 2 2 2 2 2 2 2 2 2 2 2 2 1 2 2 2 2 2 2 2
left_child=1 -1 8 7 9 10 -7 -3 14 22 -5 12 19 -14 -2 17 -17 18 -16 20 -12 -22 23 -4 -9 27 -27 -20 -10 -30
right_child=2 3 4 5 -6 6 -8 24 28 -11 11 -13 13 -15 15 16 -18 -19 25 -21 21 -23 -24 -25 -26 26 -28 -29 29 -31
leaf_value=0.010956396896365786 -0.0070567721150663247 -0.056469469784207027 0.042942116966269719 -0.038431097692493615 0.083657838919845282 -0.011329303619616017 0.030507746338437898 -0.043445658826092692 0.037480726717691933 0.074888067906923581 0.0061810499605838374 0.0053666628184766661 -0.020746584093163115 0.0099226255459063609 0.0011330734450776022 0.060911701588740701 0.017030406606586539 -0.012955002645934478 0.013303322899136501 -0.045515250907912586 -0.03468876370422052 -0.010527847108624115 0.034293997567402111 0.065820834853185364 -0.012259916324718316 -0.010539403100490003 0.025509424011777866 0.047801488307893769 -0.0047560067713249918 0.029456390814676499
leaf_weight=177.95034408569336 12.348712816834448 152.06454634666443 29.325241014361382 41.282000958919525 82.872294008731842 28.903858363628387 16.563374206423759 221.86286023259163 66.980943948030472 30.534712851047516 7.3647340536117545 11.870860353112219 26.97153651714325 13.688246980309485 21.42305700480938 12.608892470598223 17.829760372638702 9.9558747112750989 10.865620598196985 18.589999362826347 36.264803007245064 15.030722126364706 17.714281976222992 37.724128141999245 6.6383089423179618 10.311972275376318 25.703046008944511 16.978885680437088 9.6724778711795789 53.61045877635479
leaf_count=1040 73 1296 137 314 342 190 92 1775 350 130 50 78 195 85 126 64 96 59 63 139 266 103 83 172 54 60 143 92 51 282
internal_value=-0.000232193 -0.0262908 0.0430511 -0.0373999 0.0686918 -0.0184714 0.0038354 -0.0481488 0.0240746 0.0578283 -0.0244283 -0.0199095 -0.022499 -0.0103 0.0174225 0.0198712 0.0355114 0.0147881 0.0180968 -0.0288336 -0.0233934 -0.0277406 0.0515429 0.0559677 -0.0425673 0.0236987 0.0150487 0.0346142 0.031066 0.0241491
internal_weight=1241.51 775.046 466.46 597.096 198.171 216.53 45.4672 380.566 268.29 115.298 171.063 129.781 117.91 40.6598 138.026 125.677 30.4387 95.2385 85.2826 77.2503 58.6603 51.2955 84.7637 67.0494 228.501 63.8595 36.015 27.8445 130.264 63.2829
internal_count=8000 5677 2323 4637 864 1512 282 3125 1459 522 1230 916 838 280 776 703 160 543 484 558 419 369 392 309 1829 358 203 155 683 333
cat_boundaries=0 1
cat_threshold=2
is_linear=0
shrinkage=0.05


Tree=9
num_leaves=31
num_cat=0
split_feature=7 7 7 7 7 1 7 4 1 4 4 4 3 4 6 6 5 6 7 5 6 3 3 6 8 5 6 1 4 6
split_gain=505.479 120.433 79.8987 47.2307 11.3085 10.7192 6.88725 6.62398 4.23829 5.70883 6.59261 4.49427 4.03385 4.00617 3.88716 4.16106 3.19069 3.35307 3.18494 2.54334 2.91834 2.30197 2.28068 2.21339 2.38554 2.19086 4.01821 3.61123 2.64891 2.18568
threshold=0.087610617280006423 1.0000000180025095e-35 0.23654867708683017 0.018318584188818935 0.67185840010643016 0.68693286180496227 0.0037168140988796954 0.50125628709793102 0.7559294104576112 0.25728709995746618 0.36456401646137243 0.3369396179914475 0.1533312872052193 0.29890210926532751 0.039255440235137946 0.17450613528490069 0.46868900954723364 0.2477144002914429 0.03823008947074414 0.27919691801071173 0.047591427341103561 1.0000000180025095e-35 0.017490910366177562 0.030694349668920044 0.33220402896404272 0.35774062573909765 0.16328698396682742 0.071428570896387114 0.44480359554290777 0.034618590027093894
decision_type=2 2 2 2 2 2 2 2 2 2 2 2 2 2 2 2 2 2 2 2 2 2 2 2 2 2 2 2 2 2
left_child=1 -1 8 6 12 13 -3 -7 9 22 11 -11 29 -5 -12 -16 17 19 -19 20 23 -17 -2 24 -15 -8 28 -28 -27 -4
right_child=2 3 4 5 -6 7 25 -9 -10 10 14 -13 -14 16 15 21 -18 18 -20 -21 -22 -23 -24 -25 -26 26 27 -29 -30 -31
leaf_value=0.010343589186865529 0.0040671878691469869 -0.055002263682612643 0.030242456170104542 -0.037523565430641129 0.078431885482107916 -0.010842808277160554 -0.043840550107408081 0.028526158645196198 0.027093077296081958 0.01777012926019091 0.034790122431293459 0.065185915149740967 0.06992170207500352 0 -0.016138708581354546 0.0033166061075770924 0.005083219307816092 -0.019995746536710105 0.0093736544406446565 -0.04465483849716112 -0.03379909420467643 0.036487151642752895 -0.030522995349562484 0.0085534236403147553 -0.035996375362011133 -0.052561180824951648 0.017583483651853884 -0.029223926216399611 -0.015509353874906243 0.052002950232476766
leaf_weight=179.04529929161072 10.860871866345407 167.61000326275826 15.901668474078177 40.196678057312965 83.951097205281258 28.700482174754143 156.56860860437155 16.828121945261955 179.8684313595295 9.7065037935972232 12.273176699876784 11.316057935357092 31.061028003692627 8.3559638708829933 16.804958939552307 13.670865640044214 11.910669133067129 26.598543018102646 13.769124329090117 18.017337441444397 29.125061005353928 8.796739920973776 8.0856464058160764 9.3740669637918455 10.888726130127905 19.181878574192528 6.4959509447217014 10.563218675553797 7.1454771608114234 70.388611972332001
leaf_count=1040 63 1485 74 314 342 190 1286 92 941 57 67 55 130 59 99 76 78 195 85 139 213 50 51 67 80 157 53 86 58 318
internal_value=-0.000242323 -0.025486 0.0403516 -0.0365297 0.064228 -0.0177922 -0.0474055 0.00362966 0.0226054 0.0137105 0.02011 0.0437177 0.053966 -0.0236178 0.0103189 0.00247546 -0.0191874 -0.0217219 -0.00985609 -0.0279571 -0.0225924 0.0166296 -0.0105148 -0.0109355 -0.0206821 -0.0409884 -0.0305035 -0.0111102 -0.0427909 0.0480904
internal_weight=1233.06 760.375 472.686 581.33 201.302 213.765 367.565 45.5286 271.383 91.5148 72.5683 21.0226 117.351 168.236 51.5457 39.2726 128.039 116.129 40.3677 75.7612 57.7438 22.4676 18.9465 28.6188 19.2447 199.955 43.3865 17.0592 26.3274 86.2903
internal_count=8000 5677 2323 4637 864 1512 3125 282 1459 518 404 112 522 1230 292 225 916 838 280 558 419 126 114 206 139 1640 354 139 215 392
is_linear=0
shrinkage=0.05


Tree=10
num_leaves=31
num_cat=1
split_feature=7 7 7 7 7 1 6 4 1 8 4 1 5 1 1 12 3 4 4 6 5 6 5 5 4 1 6 6 3 10
split_gain=456.773 112.977 70.9468 46.0383 10.4153 9.93545 7.01931 5.91668 3.8437 3.84328 3.93333 3.78993 3.03401 2.81416 4.12832 3.3552 4.13646 2.90632 5.45104 5.81561 2.51423 3.24083 3.04263 3.0205 2.49448 3.02232 2.46722 3.28127 2.45992 2.33728
threshold=0.087610617280006423 1.0000000180025095e-35 0.23654867708683017 0.018318584188818935 0.67185840010643016 0.68693286180496227 0.011374418158084156 0.50125628709793102 0.81725418567657482 0.6439594328403474 0.29890210926532751 0.8603896200656892 0.35774062573909765 0.81530213356018078 0.79269602894783031 0 0.018538734875619415 0.26999843120574957 0.36456401646137243 0.046590983867645271 0.46868900954723364 0.25324466824531561 0.27919691801071173 0.015053989365696909 0.15779159218072894 0.049819927662611015 0.047591427341103561 0.030694349668920044 0.12571839243173602 0.37757417559623724
decision_type=2 2 2 2 2 2 2 2 2 2 2 2 2 2 2 1 2 2 2 2 2 2 2 2 2 2 2 2 2 2
left_child=1 -1 8 6 11 9 -3 -7 13 10 -5 -4 -8 14 15 17 -17 -2 -19 -20 21 22 23 26 -14 -26 27 -12 29 -23
right_child=2 3 4 5 -6 7 12 -9 -10 -11 20 -13 24 -15 -16 16 -18 18 19 -21 -22 28 -24 -25 25 -27 -28 -29 -30 -31
leaf_value=0.0097688752786123396 0.0011202376708503738 -0.055334506639525008 0.032544977781620854 -0.035425572327820801 0.07382906794262982 -0.010374383739054577 -0.043914979830718598 0.026709555887694122 0.02736118430638837 -0.057541387578590966 -0.025292327840150858 0.055204785462392859 -0.044775600856828301 -0.0062700643006470894 0.041126044132447595 0.020452561149598422 -0.024421393966161265 0.046307762291412792 0.039491498266885687 0.0030846854546348421 0.0048156462215527733 0.0040249933985661247 -0.042405979073617629 0.009683250403622232 0.00076212148971460908 -0.032164098749666692 -0.034589969526013696 0.014030277110431359 0.018907850397995859 -0.02528220410286143
leaf_weight=180.07835865020752 19.938556954264641 143.72137869894505 25.189801380038261 37.083238378167152 84.710679799318314 28.506143316626549 166.61912529915571 17.074247971177101 133.87756426632404 7.6996573731303206 14.753629326820375 93.953541532158852 15.974099375307558 13.222704932093619 16.456432059407234 9.2142248451709765 11.250476241111754 18.584133088588715 15.967938736081122 35.733490973711014 11.948401734232901 11.150495037436487 18.944260597229004 7.7215508669614783 10.946475580334665 17.755646608769894 24.536131098866463 7.9964526444673529 7.4147604256868354 16.276288285851479
leaf_count=1040 119 1315 115 297 342 190 1433 92 683 60 109 407 136 70 86 52 64 96 87 202 78 69 150 53 91 150 185 57 51 121
internal_value=-0.000251637 -0.0247006 0.0378941 -0.0356737 0.0602428 -0.0171342 -0.0466758 0.00343573 0.0212477 -0.0228274 -0.0210668 0.0504872 -0.0407392 0.0153659 0.0176585 0.0140904 -0.00397257 0.0182426 0.0230204 0.0144799 -0.0165898 -0.0189888 -0.0249298 -0.0187544 -0.0287121 -0.019474 -0.0235142 -0.011251 -0.00620057 -0.0132142
internal_weight=1224.3 746.2 478.1 566.122 203.854 211.105 355.017 45.5804 274.246 165.525 157.825 119.143 211.295 140.368 127.145 110.689 20.4647 90.2241 70.2856 51.7014 120.742 108.794 73.952 55.0078 44.6762 28.7021 47.2862 22.7501 34.8415 27.4268
internal_count=8000 5677 2323 4637 864 1512 3125 282 1459 1230 1170 522 1810 776 706 620 116 504 385 289 873 795 554 404 377 241 351 166 241 190
cat_boundaries=0 1
cat_threshold=2
is_linear=0
shrinkage=0.05


Tree=11
num_leaves=31
num_cat=0
split_feature=7 7 7 7 7 7 7 6 3 3 3 1 1 8 5 1 3 3 3 6 6 7 4 5 4 4 3 5 6 6
split_gain=413.188 105.955 63.3174 44.9351 10.3006 9.69419 6.43291 5.09068 5.71169 4.18727 3.59477 3.51356 3.36088 3.26271 2.6549 6.24087 5.98116 6.37561 4.89781 3.87953 3.33433 2.8145 2.62843 2.33095 2.22041 2.0763 5.19349 3.36759 2.81858 7.54773
threshold=0.087610617280006423 1.0000000180025095e-35 0.23654867708683017 0.017256637103855613 0.041946902871131904 0.67185840010643016 0.001150442461948842 0.044700471684336669 0.049412859603762634 0.08626554906368257 0.1533312872052193 0.53453689813613903 0.81725418567657482 0.6439594328403474 0.37248815596103674 0.76095238327980053 1.0000000180025095e-35 0.072077922523021712 0.30183246731758123 0.22771719843149188 0.20337178558111194 0.14672566205263141 0.25211864709854132 0.49839228391647344 0.47281807661056524 0.34656305611133581 0.39718089997768408 0.37111482024192816 0.18733490258455279 0.037880156189203269
decision_type=2 2 2 2 2 2 2 2 2 2 2 2 2 2 2 2 2 2 2 2 2 2 2 2 2 2 2 2 2 2
left_child=1 -1 12 6 13 10 -3 -6 11 -10 -4 -9 14 22 16 -16 20 19 -17 -18 21 -2 -5 -8 -7 -14 27 28 29 -27
right_child=2 3 5 4 7 24 23 8 9 -11 -12 -13 25 -15 15 18 17 -19 -20 -21 -22 -23 -24 -25 -26 26 -28 -29 -30 -31
leaf_value=0.0092294373831887776 0.018933997169261724 -0.055095626907971984 0.041884908776450597 -0.037807987621634599 -0.020993762552348597 0.060815399704545185 -0.041600652712911357 0.011847549458959324 0.049097809346652359 0.0069613562967847974 0.06219630977617157 -0.02818592228265536 0.016403914147128214 -0.057030362516850688 0.0086934766864743881 0.062965000818197017 -0.029458202184395956 0.022452017793891027 0.015569628610696351 0.0089002268682239188 0.0056585536149444428 0.054840471534498683 -0.019660469800491655 -0.0095186181339356225 0.078575543313215868 0.013397423263593534 0.061031011309124618 0.0075727222729066292 0.017706523502282689 0.060855807288889389
leaf_weight=181.0533344745636 13.193020507693292 134.44763332605362 88.970109403133392 25.060443617403507 22.148623511195183 43.092173829674721 189.11412324011326 9.5526919215917605 10.127089664340021 14.807235836982725 31.769605994224548 12.270147338509558 43.882719561457634 7.5254965871572486 32.544960275292397 13.15763768553734 20.33568507432938 15.247612714767454 9.9675962179899198 9.4207349270582181 17.255187004804611 10.258595839142798 120.05568112432957 6.3269356787204734 42.102390065789223 15.128512263298033 11.919651731848715 20.770941153168678 24.035213366150856 19.815940037369728
leaf_count=1040 78 1296 392 209 148 173 1667 67 63 92 130 83 228 61 179 66 119 85 50 54 95 50 897 54 169 77 56 104 120 98
internal_value=-0.000259016 -0.0239324 0.0356396 -0.0348292 -0.0173652 0.0566444 -0.0465337 -0.00123878 0.00803717 0.0244026 0.0473178 -0.0104596 0.019987 -0.0246067 0.0144938 0.0230466 0.00886005 -0.00360671 0.0429066 -0.0171575 0.0227405 0.0350193 -0.0228527 -0.040593 0.0697328 0.0256646 0.0300206 0.0252525 0.0313708 0.0405492
internal_weight=1215.36 732.489 482.868 551.436 221.547 205.934 329.889 68.9058 46.7572 24.9343 120.74 21.8228 276.934 152.642 141.381 55.6702 85.7108 45.004 23.1252 29.7564 40.7068 23.4516 145.116 195.441 85.1946 135.553 91.6703 79.7506 58.9797 34.9445
internal_count=8000 5677 2323 4637 1620 864 3017 453 305 155 522 150 1459 1167 776 295 481 258 116 173 223 128 1106 1721 342 683 455 399 295 175
is_linear=0
shrinkage=0.05


Tree=12
num_leaves=31
num_cat=0
split_feature=7 7 7 7 7 7 7 4 4 6 3 1 1 3 1 8 3 3 4 4 4 6 5 5 1 6 4 5 6 5
split_gain=374.253 99.3031 57.0774 43.8456 9.58766 7.78811 6.54507 6.20526 4.88484 4.63932 5.09513 3.98714 3.4999 3.3381 3.23174 3.1879 2.91013 2.89292 2.9743 5.31845 3.09894 2.75565 4.82245 4.58673 2.72139 2.6731 2.52537 2.25436 1.96171 2.89676
threshold=0.087610617280006423 1.0000000180025095e-35 0.28300885856151586 0.017256637103855613 0.041946902871131904 0.17752212285995486 0.001150442461948842 0.47281807661056524 0.17269993573427203 0.044700471684336669 0.049412859603762634 0.73320060968399059 0.86754387617111217 0.073002234101295485 0.53453689813613903 0.6439594328403474 0.085340477526187911 0.14369551092386249 0.37588028609752661 0.45241193473339086 0.28013147413730627 0.25606176257133489 0.020494638010859493 0.4275322705507279 0.91106721758842479 0.036008004099130637 0.25211864709854132 0.49839228391647344 0.28300000727176672 0.0071895292494446048
decision_type=2 2 2 2 2 2 2 2 2 2 2 2 2 2 2 2 2 2 2 2 2 2 2 2 2 2 2 2 2 2
left_child=1 -1 5 6 15 8 -3 21 -2 -6 14 -12 -7 -14 -11 26 24 -18 20 -20 -19 23 -23 25 28 -4 -5 -8 29 -10
right_child=2 3 7 4 9 12 27 -9 16 10 11 -13 13 -15 -16 -17 17 18 19 -21 -22 22 -24 -25 -26 -27 -28 -29 -30 -31
leaf_value=0.0087227299406649767 -0.016198333121673347 -0.054670975824475158 0.031498539314127112 -0.036946231907687699 -0.020216396605393636 0.015169000064518767 -0.040795241311542919 0.074423384934997228 0.0074515673675164748 0.011174197431638978 0.0053180766033753433 0.045873075126837665 0.051934949534497787 0.026208836997022041 -0.027279905863261844 -0.056509964409136172 0.044358211261578608 0.030204757522695903 0.051383854735992489 0.0075811209759141067 -0.0046337326669907289 0.058189771050734265 0.01963342473104597 0.07427278705893034 -0.0046301009656757588 0.055391413371873865 -0.018935632406506017 -0.0091137626512044888 0.037999610185838369 0.022089099344804655
leaf_weight=181.97377562522888 10.365591764450071 128.85956325381994 18.209035009145737 24.382441595196724 21.861574098467827 16.873236477375031 183.3546195179224 42.230389133095741 65.859367862343788 9.6259986013174075 14.532612755894663 10.74962894618511 33.588805541396141 22.433619633316994 12.052720397710798 7.2236232236027709 18.25644226372242 10.136976927518846 15.913604676723482 12.816772446036337 16.404970973730087 16.413170680403709 17.285897016525269 26.558030322194099 15.950985074043272 44.353132158517838 118.46391704678535 6.2831786572933188 10.439577683806418 72.740150481462479
leaf_count=1040 60 1296 78 209 148 79 1667 169 358 67 92 63 155 99 83 61 90 53 78 64 83 68 72 109 83 185 897 54 57 383
internal_value=-0.000261157 -0.0231759 0.0335863 -0.0339865 -0.0167119 0.0212891 -0.045834 0.0575031 0.0170287 -0.00117967 0.00760032 0.0228712 0.0357237 0.0417873 -0.0100026 -0.0237962 0.0184998 0.0268611 0.0209218 0.0321107 0.00854764 0.0515886 0.0386769 0.0563661 0.0147293 0.0485784 -0.0220685 -0.0397773 0.0168365 0.0151801
internal_weight=1206.19 719.364 486.83 537.39 218.893 321.78 318.497 165.05 248.884 68.8225 46.961 25.2822 72.8957 56.0224 21.6787 150.07 238.519 73.5288 55.2723 28.7304 26.5419 122.819 33.6991 89.1202 164.99 62.5622 142.846 189.638 149.039 138.6
internal_count=8000 5677 2323 4637 1620 1642 3017 681 1309 453 305 155 333 254 150 1167 1249 368 278 142 136 512 140 372 881 263 1106 1721 798 741
is_linear=0
shrinkage=0.05


Tree=13
num_leaves=31
num_cat=0
split_feature=7 7 7 7 7 6 1 4 4 3 6 6 5 6 4 8 5 1 6 4 6 5 5 6 3 3 5 4 3 4
split_gain=339.262 87.3448 51.4517 47.2487 11.0549 7.41585 6.29307 5.79084 5.24355 4.71899 6.28502 6.3782 4.14137 4.07208 3.76571 3.26461 3.10252 2.52515 2.85977 2.51317 2.42675 4.27592 4.12251 2.36324 2.29108 2.2644 3.262 6.49127 3.0131 3.25221
threshold=0.094336282461881651 1.0000000180025095e-35 0.018318584188818935 0.28300885856151586 0.041946902871131904 0.011374418158084156 0.95875850319862377 0.47281807661056524 0.23867116868495944 0.049412859603762634 0.037173517048358924 0.09064574167132379 0.0071895292494446048 0.28300000727176672 0.4714068621397019 0.6439594328403474 0.35774062573909765 0.049819927662611015 0.16328698396682742 0.25211864709854132 0.25606176257133489 0.020494638010859493 0.4275322705507279 0.036008004099130637 0.010714756790548565 0.062663611024618163 0.37111482024192816 0.40257234871387487 0.071260899305343642 0.37588028609752661
decision_type=2 2 2 2 2 2 2 2 2 2 2 2 2 2 2 2 2 2 2 2 2 2 2 2 2 2 2 2 2 2
left_child=1 -1 5 6 15 -3 13 20 -6 24 -11 -12 -13 14 25 19 -7 18 -18 -4 22 -22 23 -5 -10 -2 28 -28 -27 -30
right_child=3 2 4 7 8 16 -8 -9 9 10 11 12 -14 -15 -16 -17 17 -19 -20 -21 21 -23 -24 -25 -26 26 27 -29 29 -31
leaf_value=0.0082464271626327308 0.011379413854654945 -0.054050244894027703 -0.036236656096520652 0.029733550004398725 -0.024590103476487348 -0.041616944850540939 0.044702130632243028 0.070707893614617753 0.0046269549280404648 -0.016190615549567626 0.062165747581892833 -0.011053959712683447 0.034883815411599073 0.040958282038616393 0.037992466969071131 -0.056016546380792599 -0.029439192649495707 -0.036135275245775103 0.010948192151306567 -0.017177287201014611 0.05484123933302984 0.018599252197932837 0.070081758148022241 0.052169637356837953 -0.021144883514164443 0.053497410835490047 0.02246296023750758 -0.024117676768289641 0.007214308464937591 0.035722648627157558
leaf_weight=182.84296751022339 146.15702319145203 127.14308439940214 21.515287309885025 18.328178942203522 17.069853834807873 151.54353491961956 26.09377633035183 42.231705218553543 17.99231218546629 9.7961573600769025 9.9252412617206591 9.3162147402763384 9.919472396373747 19.636754289269447 20.209428250789642 6.9311748892068854 9.2446893677115458 24.242633983492851 7.9508099853992453 106.55249558389187 16.547013178467751 17.338842511177063 26.739801272749901 44.733395963907242 16.002813495695591 10.849363565444945 28.559940919280052 9.9423481673002225 18.457874998450279 23.331286013126373
leaf_count=1040 765 1315 189 78 124 1433 114 169 120 62 53 53 57 94 96 61 83 223 71 809 68 72 109 185 105 54 141 49 95 113
internal_value=-0.000262504 -0.0216335 -0.0316641 0.0328857 -0.0133026 -0.044547 0.0211101 0.0543512 0.000215756 0.00611416 0.0180104 0.0296866 0.0124346 0.0188555 0.0171353 -0.0223475 -0.0382353 -0.0256773 -0.0105206 -0.020444 0.0486734 0.0365532 0.0531455 0.0457854 -0.00738463 0.0153227 0.0215722 0.0102737 0.0297064 0.0232974
internal_weight=1197.15 727.989 545.146 469.157 225.021 320.125 303.238 165.919 90.0221 72.9522 38.9571 29.1609 19.2357 277.144 257.507 134.999 192.982 41.4381 17.1955 128.068 123.687 33.8859 89.8014 63.0616 33.9951 237.298 91.1408 38.5023 52.6385 41.7892
internal_count=8000 5798 4758 2202 1633 3125 1521 681 574 450 225 163 110 1407 1313 1059 1810 377 154 998 512 140 372 263 225 1217 452 190 262 208
is_linear=0
shrinkage=0.05


Tree=14
num_leaves=31
num_cat=0
split_feature=7 7 7 7 1 7 7 4 4 4 7 4 8 5 1 3 5 3 1 3 3 1 3 6 4 7 6 5 4 4
split_gain=307.708 87.1621 46.6432 41.6564 8.48406 6.82395 6.20725 5.43766 5.05022 4.12423 3.31902 3.02354 3.34658 3.10371 2.86812 2.9418 2.52382 2.46096 2.49587 2.45531 2.73365 2.43771 2.39544 2.63458 3.48291 2.24444 2.23443 2.19302 2.12761 4.50125
threshold=0.087610617280006423 1.0000000180025095e-35 0.28300885856151586 0.017256637103855613 0.68693286180496227 0.001150442461948842 0.17752212285995486 0.47281807661056524 0.50125628709793102 0.17269993573427203 0.061769910156726844 0.29890210926532751 0.32670532166957861 0.46868900954723364 0.86754387617111217 0.073002234101295485 0.37347440421581274 0.085340477526187911 0.91106721758842479 0.14369551092386249 0.38690277934074407 0.58578431606292736 0.043194472789764411 0.25606176257133489 0.32188832759857183 0.31805309653282171 0.22607336193323138 0.49839228391647344 0.39154426753520971 0.37014016509056097
decision_type=2 2 2 2 2 2 2 2 2 2 2 2 2 2 2 2 2 2 2 2 2 2 2 2 2 2 2 2 2 2
left_child=1 -1 6 5 10 -3 9 22 28 -2 11 -5 13 16 -8 -16 -13 18 -11 -19 -21 26 23 24 -4 -26 -14 -7 29 -6
right_child=2 3 7 4 8 27 14 -9 -10 17 -12 12 21 -15 15 -17 -18 19 -20 20 -22 -23 -24 -25 25 -27 -28 -29 -30 -31
leaf_value=0.0077984032212193412 -0.015554901817953033 -0.05389587085385894 0.06124173784881886 -0.035375190773195446 -0.020355395622447859 -0.039189218305531737 0.013130508131897273 0.067354622172466946 0.024909543826350026 0.015001365509157283 0.0039811168291157889 -0.0077392820545877901 -0.037241912905823196 0.016341199534464154 0.046432307691776399 0.022543566889806604 -0.0419610634243332 0.039959201649337285 -0.0054702720907382381 0.008664959219887497 0.031220092478367975 -0.008992425207925852 0.053397666708459947 0.020756598808584673 0.04714977951188281 0.017543230586627996 -0.015359101845134488 -0.0075407643806878122 -0.030503920364737782 0.027833294973948142
leaf_weight=183.6639940738678 10.262986361980436 118.5463120341301 19.724283590912819 36.445412270724773 11.590486578643327 172.37165132164955 17.088523879647255 42.124836444854736 17.279598191380501 151.31239527463913 12.323547914624212 27.239930011332035 38.330189645290375 10.178176149725912 34.523091375827789 22.778731867671013 6.8355888202786437 18.75387054681778 16.080846145749092 31.729541942477226 24.468737915158272 18.738655768334866 60.832238122820854 16.416860908269882 13.77532097697258 13.603002026677132 18.396452188491821 6.115394987165927 8.2452547997236234 8.1737731695175153
leaf_count=1040 60 1296 81 321 85 1667 79 169 92 798 88 210 315 67 155 99 58 90 83 163 115 137 247 68 58 58 142 54 54 51
internal_value=-0.000263634 -0.0217175 0.0299168 -0.0323393 -0.0154623 -0.0444596 0.0189148 0.051473 0.00365014 0.0151278 -0.0206284 -0.0226038 -0.0186478 -0.00754522 0.0316698 0.0370789 -0.0148532 0.0164536 0.0130028 0.0240663 0.0186123 -0.0250738 0.0460031 0.0387699 0.044885 0.032739 -0.0302728 -0.0381377 -0.00932926 -0.000134821
internal_weight=1187.95 694.474 493.475 510.81 213.777 297.033 326.999 166.477 45.2891 252.608 168.488 156.164 119.719 44.2537 74.3903 57.3018 34.0755 242.345 167.393 74.9522 56.1983 75.4653 124.352 63.5195 47.1026 27.3783 56.7266 178.487 28.0095 19.7643
internal_count=8000 5677 2323 4637 1620 3017 1642 681 282 1309 1338 1250 929 335 333 254 268 1249 881 368 278 594 512 265 197 116 457 1721 190 136
is_linear=0
shrinkage=0.05


Tree=15
num_leaves=31
num_cat=0
split_feature=7 7 7 7 1 7 1 4 4 7 6 4 5 7 8 4 5 4 3 4 5 5 5 3 3 5 5 1 8 1
split_gain=279.256 81.6235 42.4055 40.5027 7.83694 6.93845 5.87684 5.12896 4.52179 3.53782 5.67791 4.69771 3.50588 4.78121 3.28245 3.15798 4.54677 3.15451 3.09463 4.84231 2.7004 2.58227 7.0328 4.49786 3.49873 2.35317 5.48027 2.31065 2.28001 2.48933
threshold=0.087610617280006423 1.0000000180025095e-35 0.28300885856151586 0.017256637103855613 0.68693286180496227 0.001150442461948842 0.95875850319862377 0.47281807661056524 0.50125628709793102 0.12566372007131579 0.28300000727176672 0.34656305611133581 0.010946001391857864 0.15265487134456637 0.6439594328403474 0.42875768244266516 0.37248815596103674 0.29890210926532751 0.046326955780386932 0.47039544582366949 0.0012247959384694698 0.0071895292494446048 0.017571208998560909 0.010362972505390646 0.024366219528019432 0.0061760181561112413 0.50488919019699108 0.89181286096572887 0.32670532166957861 0.58578431606292736
decision_type=2 2 2 2 2 2 2 2 2 2 2 2 2 2 2 2 2 2 2 2 2 2 2 2 2 2 2 2 2 2
left_child=1 -1 6 5 14 -3 9 -4 -6 21 11 12 20 -14 17 25 18 -5 19 -17 -11 23 -23 -2 -24 -13 -27 -20 -19 -30
right_child=2 3 7 4 8 -7 -8 -9 -10 10 -12 15 13 -15 -16 16 -18 28 27 -21 -22 22 24 -25 -26 26 -28 -29 29 -31
leaf_value=0.0073767346507896767 0.025623365369312329 -0.053520372333736403 0.043548291141418567 -0.031720321447161581 -0.0089343237420716291 -0.037339347634211713 0.040513695370448105 0.0643049393588601 0.023381139331825854 0.0071557462435005714 0.050160685340182032 0.046248662032002036 -0.012265679954723649 0.029042561255172673 -0.05526002385457407 -0.0048917309130856309 -0.007130148780520278 -0.0059483637881001484 0.049556610530752422 0.032182871736163007 -0.027836786576799388 0.054016614620703285 -0.011614732279744886 -0.0096854640696830488 0.016271025980534752 -0.0015715219258053967 0.042938600713224695 0.01991360264234341 -0.025658257869145881 -0.0050809015800408639
leaf_weight=184.43973779678345 12.124825894832609 113.53661058098078 124.82647253572941 35.383829481899738 27.83013704419136 173.33302320539951 26.502282470464706 41.92602875828743 17.489628881216049 10.507729500532152 14.443437620997427 20.020763009786606 10.173689514398577 21.174408629536629 6.3791230842471114 18.72666072845459 16.040824472904205 48.439859949052334 13.898907750844957 16.175081416964531 11.047402322292326 9.7540694922208768 15.873383983969687 34.256232514977455 36.885896489024162 12.251606702804567 15.159346416592596 14.328274652361868 54.759561829268932 21.047440283000469
leaf_count=1040 70 1296 512 317 190 1721 114 169 92 55 65 94 55 101 60 95 80 366 66 78 57 51 89 185 190 59 72 66 441 154
internal_value=-0.000264252 -0.021014 0.0282762 -0.0315341 -0.014878 -0.0437773 0.0178414 0.0488324 0.00345067 0.0158281 0.019897 0.0174075 0.00476288 0.015481 -0.0199108 0.0226439 0.0163701 -0.0184332 0.0224224 0.0121904 -0.0105934 0.00852374 0.0151494 -0.000312275 0.00778051 0.032954 0.0229292 0.0348096 -0.0145865 -0.0200251
internal_weight=1178.74 682.639 496.097 498.199 211.33 286.87 329.345 166.753 45.3198 302.843 193.948 179.505 52.9032 31.3481 166.01 126.601 79.1697 159.631 63.1289 34.9017 21.5551 108.894 62.5133 46.3811 52.7593 47.4317 27.411 28.2272 124.247 75.807
internal_count=8000 5677 2323 4637 1620 3017 1642 681 282 1528 943 878 268 156 1338 610 385 1278 305 173 112 585 330 255 279 225 131 132 961 595
is_linear=0
shrinkage=0.05


Tree=16
num_leaves=31
num_cat=0
split_feature=7 7 7 7 1 7 1 4 4 7 7 6 4 5 7 6 6 6 6 5 3 5 8 5 5 3 3 4 3 4
split_gain=253.519 76.3854 39.3611 38.5301 7.27843 7.05444 5.24064 4.88458 4.60251 3.49231 3.1483 4.99724 4.16957 3.15128 4.26628 3.08053 6.80394 6.34462 3.19576 3.37566 2.81709 2.47732 2.35209 2.30639 6.12071 4.02601 3.14291 2.28561 2.23901 3.40254
threshold=0.087610617280006423 1.0000000180025095e-35 0.017256637103855613 0.28300885856151586 0.62731480598449718 0.001150442461948842 0.95875850319862377 0.47281807661056524 0.50125628709793102 0.047610620036721236 0.12566372007131579 0.28300000727176672 0.34656305611133581 0.010946001391857864 0.15265487134456637 0.026376795955002311 0.0350523628294468 0.040748018771409995 0.20337178558111194 0.3529226034879685 0.1157280206680298 0.0012247959384694698 0.6439594328403474 0.0071895292494446048 0.017571208998560909 0.010362972505390646 0.024366219528019432 0.23182243108749392 0.056636579334735877 0.21458838135004046
decision_type=2 2 2 2 2 2 2 2 2 2 2 2 2 2 2 2 2 2 2 2 2 2 2 2 2 2 2 2 2 2
left_child=1 -1 5 6 9 -3 10 28 -6 22 23 12 13 21 -15 -14 -17 -18 19 -19 -10 -12 27 25 -25 -2 -26 -4 29 -5
right_child=3 2 4 7 8 -7 -8 -9 20 -11 11 -13 15 14 -16 16 17 18 -20 -21 -22 -23 -24 24 26 -27 -28 -29 -30 -31
leaf_value=0.0069796355859261978 0.024007506898924613 -0.05315856186383492 -0.038172137577034318 0.057658247950662656 -0.011033109135065259 -0.036543191134258309 0.038175855497419961 0.061512055318884963 0.00047862270479249276 0.0018312326628860426 0.0067783036175361362 0.046960816293955814 -0.00044091639233122823 -0.011731167324136253 0.027284155616917678 0.061218752285224366 -0.013748185465120057 0.047709539084015908 0.015724724902636888 0.017967098066337835 0.033648684824819627 -0.026801681217807207 -0.054805623691057584 0.050050262566873276 -0.011107108862826119 -0.009248492286920736 0.015343719280695056 -0.0189173543472759 0.049436526228215587 0.029649306087426105
leaf_weight=185.17287969589233 12.296020299196242 108.71655084937811 19.293547086417675 14.108983531594275 46.588013611733913 168.3829513117671 26.719272315502167 41.649551749229431 15.137785844504835 14.365536764264105 10.542840063571932 14.657267451286314 14.007205799221991 10.1115570217371 21.412196487188339 11.15554830431938 12.093428105115889 23.004898011684418 49.643049389123917 17.753188326954842 11.407546669244764 10.907839521765707 6.0194256156682959 10.00191694498062 15.776012405753134 34.090101987123489 37.158178240060806 96.211954899132252 52.321960091590881 58.82947838306427
leaf_count=1040 70 1296 184 58 334 1721 114 169 89 103 55 65 67 55 101 53 58 108 239 85 64 57 59 51 89 185 190 787 211 243
internal_value=-0.000265014 -0.0203234 -0.0307332 0.026749 -0.0143062 -0.0430969 0.016848 0.0463514 -0.00151034 -0.0211496 0.0149489 0.0187716 0.0164318 0.00450802 0.014614 0.0213333 0.0240589 0.0199099 0.024478 0.0349525 0.0149935 -0.0101105 -0.0239066 0.0080636 0.0142925 -0.000292762 0.0073602 -0.0222071 0.0412255 0.0352072
internal_weight=1169.54 671.296 486.123 498.24 209.024 277.1 331.331 166.91 73.1333 135.89 304.611 195.289 180.632 52.9744 31.5238 127.657 113.65 102.495 90.4011 40.7581 26.5453 21.4507 121.525 109.322 62.9361 46.3861 52.9342 115.506 125.26 72.9385
internal_count=8000 5677 4637 2323 1620 3017 1642 681 487 1133 1528 943 878 268 156 610 543 490 432 193 153 112 1030 585 330 255 279 971 512 301
is_linear=0
shrinkage=0.05


Tree=17
num_leaves=31
num_cat=0
split_feature=7 7 7 7 7 1 1 4 4 8 4 7 6 4 5 7 4 5 3 4 5 5 5 6 3 1 3 3 1 1
split_gain=230.266 71.439 38.2285 35.1387 7.16899 6.8412 4.68363 4.64931 3.70776 3.10361 2.88102 2.80268 4.41514 3.70186 2.8337 3.81146 2.81172 3.86836 2.78127 3.90041 2.27856 2.26489 2.1869 3.165 2.48016 2.29118 4.50385 2.55778 6.50009 2.17619
threshold=0.087610617280006423 1.0000000180025095e-35 0.017256637103855613 0.28300885856151586 0.001150442461948842 0.68693286180496227 0.95875850319862377 0.47281807661056524 0.50125628709793102 0.6439594328403474 0.29890210926532751 0.12566372007131579 0.28300000727176672 0.34656305611133581 0.010946001391857864 0.15265487134456637 0.42875768244266516 0.37248815596103674 0.065830361098051085 0.47039544582366949 0.0012987210066057744 0.49839228391647344 0.46868900954723364 0.2477144002914429 0.2362911254167557 0.46640120446681982 0.041702900081872947 0.070672262459993376 0.60612246394157421 0.98979592323303234
decision_type=2 2 2 2 2 2 2 2 2 2 2 2 2 2 2 2 2 2 2 2 2 2 2 2 2 2 2 2 2 2
left_child=1 -1 4 6 -3 9 11 29 -7 10 -4 -2 13 14 20 -16 -15 18 19 -18 -13 -6 23 25 -25 -12 -27 -28 -29 -5
right_child=3 2 5 7 21 8 -8 -9 -10 -11 22 12 -14 16 15 -17 17 -19 -20 -21 -22 -23 -24 24 -26 26 27 28 -30 -31
leaf_value=0.0066054798439026024 0.0076316034806128506 -0.052809094817150383 -0.030161355205984675 0.033828693772226213 -0.036877912753495196 -0.0080472894669983679 0.036015153389387863 0.058938199575713446 0.021124832285779192 -0.054414097837647647 -0.03059610867365456 0.0052746428724983647 0.044052011707980246 0.02972702034922475 -0.011217521818370145 0.025658308660393397 -0.0014201542379238036 -0.0074433056534700228 0.034803931635465239 0.028438865841782179 -0.027060695375136529 -0.0038793630767414398 0.006780792139210453 -0.010040368658056539 0.022431761624186832 0.012343594549333807 -0.050359540698616416 -0.038067360248070808 0.02525003774961972 0.048184333048768652
leaf_weight=185.86591482162476 109.7099467664957 104.08211496472359 33.859326958656311 80.076571926474571 157.87762922048569 27.477975495159626 26.907111048698425 41.307944357395172 17.797786876559258 5.8648672103881827 36.845744147896767 11.378718942403795 14.845384880900381 48.353720009326935 10.051968127489092 21.631036788225174 23.338266536593437 16.088851481676102 20.911034762859344 19.983872428536415 9.9694551229476911 5.7544085010886183 11.659313246607779 30.327533029019833 7.1364968344569197 11.89214365929365 7.0525521785020855 10.518809482455255 6.377688840031623 45.4197638630867
leaf_count=1040 585 1296 317 329 1667 190 114 169 92 60 314 59 65 225 55 101 116 80 95 94 53 54 78 229 51 96 56 90 47 183
internal_value=-0.000263119 -0.0196465 -0.0299388 0.0253282 -0.0424188 -0.0137468 0.0159176 0.0440739 0.00333129 -0.0185635 -0.0171467 0.0141244 0.0177174 0.0155153 0.00426795 0.013803 0.0201049 0.0142205 0.0197277 0.012272 -0.00964839 -0.0357511 -0.0134663 -0.0156589 -0.00367842 -0.0217517 -0.0124604 -0.0249851 -0.0138657 0.0390983
internal_weight=1160.36 660.39 474.524 499.974 267.714 206.81 333.169 166.804 45.2758 161.534 155.67 306.262 196.552 181.707 53.0312 31.683 128.676 80.322 64.2332 43.3221 21.3482 163.632 121.81 110.151 37.464 72.6869 35.8412 23.9491 16.8965 125.496
internal_count=8000 5677 4637 2323 3017 1620 1642 681 282 1338 1278 1528 943 878 268 156 610 385 305 210 112 1721 961 883 280 603 289 193 137 512
is_linear=0
shrinkage=0.05


Tree=18
num_leaves=31
num_cat=1
split_feature=7 7 7 7 7 7 4 1 6 3 3 1 7 6 4 6 6 6 6 5 5 7 1 8 5 5 12 6 5 5
split_gain=209.242 66.7991 37.0664 32.0963 7.27913 6.45422 4.43626 4.19318 4.1199 3.75305 3.64539 3.2076 2.50133 3.91183 3.29221 2.71742 5.81878 5.64554 2.8216 2.81525 2.5492 2.58229 2.25048 2.77546 2.77662 2.67278 3.90914 4.99156 2.53018 2.17274
threshold=0.087610617280006423 1.0000000180025095e-35 0.017256637103855613 0.28300885856151586 0.001150442461948842 0.041946902871131904 0.47281807661056524 0.95875850319862377 0.044700471684336669 0.049412859603762634 0.08626554906368257 0.53453689813613903 0.12566372007131579 0.28300000727176672 0.34656305611133581 0.026376795955002311 0.0350523628294468 0.040748018771409995 0.20337178558111194 0.3529226034879685 0.010946001391857864 0.17752212285995486 0.67006802558898937 0.32670532166957861 0.46868900954723364 0.0086486586369574087 0 0.12027147412300111 0.37005913257598883 0.49839228391647344
decision_type=2 2 2 2 2 2 2 2 2 2 2 2 2 2 2 2 2 2 2 2 2 2 2 2 2 2 1 2 2 2
left_child=1 -1 4 7 -3 22 -5 12 -7 11 -11 -10 -2 14 20 -16 -17 -18 19 -19 -14 -22 23 24 28 26 -25 -28 -4 -6
right_child=3 2 5 6 29 8 -8 -9 9 10 -12 -13 13 -15 15 16 17 18 -20 -21 21 -23 -24 25 -26 -27 27 -29 -30 -31
leaf_value=0.0062527701146196692 0.0072229515407536433 -0.052470717353718811 -0.0089563535476407333 0.037113314042850377 -0.036099311580170754 -0.018814921714924909 0.056552549225589145 0.034011575132130288 0.013565673776724477 0.043036621225274588 0.0043677821604418696 -0.025430778374299912 -0.0092074742930286172 0.041394207326653096 -0.0014126121506723851 0.055324648988776454 -0.014076318463919874 0.043128053372203462 0.013728623257618828 0.016154884441067541 0.0027927104478410883 0.033349497431400969 -0.00019828927374068554 -0.030405019331198664 0.017688717280401021 -0.047302104045128759 -0.032402300061230176 0.027655493144137535 -0.034870728633032443 -0.0036996439792627012
leaf_weight=186.52119874954224 110.11607177555561 99.628982685506344 31.687848210334778 125.61462935805321 153.33715742081404 21.182493537664413 40.912223026156425 27.069101810455322 9.3519966900348681 10.542923323810102 15.097365267574785 11.585342951118944 21.246066436171532 15.01061190664768 14.106298252940176 11.499905213713644 12.119787454605101 23.562867999076843 50.319832146167755 17.964692309498787 21.389685645699505 10.437747672200201 14.127771973609923 42.20743178576231 6.3729248717427245 14.852847434580324 6.2563955932855588 7.4903072491288185 13.889405764639376 5.7375448048114768
leaf_count=1040 585 1296 274 512 1667 148 169 114 67 63 92 83 112 65 67 53 58 108 239 85 109 47 101 368 48 128 55 64 129 54
internal_value=-0.000262495 -0.0189886 -0.0291595 0.0239991 -0.0417437 -0.0132141 0.0419502 0.0150467 -0.000515161 0.00772253 0.0205675 -0.00779303 0.013352 0.0167358 0.0146604 0.0189649 0.0214967 0.0176574 0.0219099 0.0316465 0.00404148 0.0130434 -0.0194587 -0.0216327 -0.0126422 -0.0281313 -0.022878 0 -0.0170221 -0.0349652
internal_weight=1151.24 649.87 463.349 501.37 258.704 204.645 166.527 334.843 67.7601 46.5776 25.6403 20.9373 307.774 197.657 182.647 129.573 115.467 103.967 91.8474 41.5276 53.0735 31.8274 136.885 122.757 51.9502 70.807 55.9541 13.7467 45.5773 159.075
internal_count=8000 5677 4637 2323 3017 1620 681 1642 453 305 155 150 1528 943 878 610 543 490 432 193 268 156 1167 1066 451 615 487 119 403 1721
cat_boundaries=0 1
cat_threshold=2
is_linear=0
shrinkage=0.05


Tree=19
num_leaves=31
num_cat=0
split_feature=7 7 7 7 6 7 7 1 6 3 3 1 1 3 6 4 4 1 4 4 4 6 4 4 4 6 5 3 3 5
split_gain=190.161 62.4133 35.9204 29.3124 7.42624 5.97786 4.29203 3.75933 3.74999 3.70441 3.35367 3.20531 2.93805 2.34633 2.32844 3.28 2.27666 2.16654 2.87198 3.91021 3.14834 2.39191 2.16478 3.41052 2.14304 3.70302 6.81439 4.81065 3.55047 4.42731
threshold=0.087610617280006423 1.0000000180025095e-35 0.017256637103855613 0.28300885856151586 0.011374418158084156 0.041946902871131904 0.67185840010643016 0.95875850319862377 0.044700471684336669 0.10800864174962045 0.049412859603762634 0.73320060968399059 0.53453689813613903 0.10680751129984857 0.020494638010859493 0.4714068621397019 0.23182243108749392 0.7559294104576112 0.25728709995746618 0.36456401646137243 0.3369396179914475 0.20841107517480853 0.42360590398311621 0.42875768244266516 0.42680943012237554 0.074116989970207228 0.38491770625114446 0.038560666143894202 0.028064146637916568 0.42036484181880956
decision_type=2 2 2 2 2 2 2 2 2 2 2 2 2 2 2 2 2 2 2 2 2 2 2 2 2 2 2 2 2 2
left_child=1 -1 4 7 -3 16 9 14 -7 -5 12 -12 -10 -8 -2 17 -4 18 21 20 -20 -16 -21 -24 25 28 27 -27 -19 -30
right_child=3 2 5 6 -6 8 13 -9 10 -11 11 -13 -14 -15 15 -17 -18 24 19 22 -22 -23 23 -25 -26 26 -28 -29 29 -31
leaf_value=0.0059201191241979477 -0.0067939333355687319 -0.051867919372893416 -0.034183215948636873 0.024872489252928107 -0.033972511033240678 -0.018096998626371204 0.051779986729685069 0.032148255864490126 0.012779519227412535 0.048877559514704461 0.0035479095224686986 0.039396927806521903 -0.024583888965710645 0.026954903392833764 0.0041367405570388966 0.031824859471083426 -0.015891913546629485 0.0020037239343629518 0.0089095248371876008 -0.011568457780889906 0.046196599008604448 -0.030045821246397431 0.031107735302539269 -0.002357351142044199 0.0071439071407204489 0.02314747918939758 0.034556397385274162 -0.01063437781210737 0.046478567449758507 0.011129719173070507
leaf_weight=187.14091658592224 14.315177872776983 98.637197077274323 20.812940031290054 60.089631617069244 151.41979117691517 20.93215649574995 70.433115154504776 27.208189025521278 9.4348883479833621 23.192459985613823 14.711980037391188 11.210782185196875 11.393630959093569 12.476535886526106 11.292584225535395 23.00388140976429 114.14840234071016 10.169982880353926 12.176254570484163 17.661481305956841 11.288933649659155 8.9218151569366437 12.003726840019228 19.837043508887291 57.43348017334938 15.695718079805372 21.456038981676102 31.518763989210129 28.975184008479118 13.445865124464033
leaf_count=1040 72 1308 213 246 1709 148 291 114 67 93 92 63 83 51 64 102 954 50 64 98 50 53 63 104 275 77 99 155 140 62
internal_value=-0.000261128 -0.0183438 -0.0283843 0.0227486 -0.0410694 -0.0126941 0.0399403 0.0142313 -0.000489266 0.031668 0.0073094 0.0193354 -0.00743994 0.0481414 0.0126286 0.0135904 -0.0187729 0.012018 0.00574189 0.0103952 0.0271802 -0.0107776 0.00229925 0.0101601 0.0152578 0.0190505 0.011259 0.000515385 0.0290887 0.0354444
internal_weight=1142.44 639.843 452.702 502.596 250.057 202.645 166.192 336.404 67.6834 83.2821 46.7513 25.9228 20.8285 82.9097 309.196 294.881 134.961 271.877 93.1818 72.9674 23.4652 20.2144 49.5023 31.8408 178.695 121.262 68.6705 47.2145 52.591 42.421
internal_count=8000 5677 4637 2323 3017 1620 681 1642 453 339 305 155 150 342 1528 1456 1167 1354 496 379 114 117 265 167 858 583 331 232 252 202
is_linear=0
shrinkage=0.05


Tree=20
num_leaves=31
num_cat=0
split_feature=7 7 7 7 7 7 4 4 6 4 6 3 6 5 1 6 4 1 5 6 4 5 3 1 7 5 5 3 6 6
split_gain=173.06 54.2337 40.5175 24.5935 7.55095 7.07979 4.20601 3.94943 3.34454 4.09176 3.2728 4.62893 5.39462 3.59117 2.5878 2.3164 2.1773 2.17402 2.98952 4.90021 2.93754 3.75519 2.71142 5.24817 2.88433 2.15558 2.14933 4.86297 3.66936 2.36473
threshold=0.094336282461881651 1.0000000180025095e-35 0.017256637103855613 0.28300885856151586 0.001150442461948842 0.041946902871131904 0.47281807661056524 0.23867116868495944 0.020494638010859493 0.4714068621397019 0.037173517048358924 0.049412859603762634 0.09064574167132379 0.0071895292494446048 0.53453689813613903 0.026376795955002311 0.23182243108749392 0.81725418567657482 0.011561267077922823 0.2357628792524338 0.42360590398311621 0.0018356341170147064 0.034602491185069091 0.62731480598449718 0.10530973598361017 0.49839228391647344 0.37111482024192816 0.091973032802343382 0.19339734315872195 0.03336425498127938
decision_type=2 2 2 2 2 2 2 2 2 2 2 2 2 2 2 2 2 2 2 2 2 2 2 2 2 2 2 2 2 2
left_child=1 -1 4 8 -3 16 -5 -7 -2 17 15 14 -13 -14 -12 -9 -4 18 19 20 21 -10 23 -20 -24 -6 29 28 -28 -19
right_child=3 2 5 6 25 7 -8 10 9 -11 11 12 13 -15 -16 -17 -18 26 22 -21 -22 -23 24 -25 -26 -27 27 -29 -30 -31
leaf_value=0.005606258153051831 -0.0089983467954478213 -0.051841865129388737 -0.033381676493688457 0.033425523814845176 -0.034535489815858043 -0.022170301733491996 0.052474720997460922 0.0057595611366026865 -0.0033327728250637442 0.032636179854092388 0.011816005651177089 0.053227582282578345 -0.013224709931537538 0.028916297433446283 -0.019952226490427518 -0.030064091830338171 -0.015274926252833602 0.042283047006007816 0.0092344577195117485 0.022379517959546652 0.0072732935897064218 -0.042291067752212863 0.018451700393828978 0.04619211401349714 -0.013030308430038069 -0.0018277803522952813 -0.020174568871998106 0.026367962381153742 0.017431074409766673 0.018889628291607743
leaf_weight=187.7271294593811 14.422188967466353 91.483690366148949 20.263560719788074 125.56376644968987 144.72265582531691 16.196715608239174 40.045443996787071 8.0122814700007456 15.968416586518289 31.17387942969799 12.103617422282698 10.439460709691049 9.5160184875130671 10.364227622747419 13.209479890763758 9.6138516440987569 112.85876567661762 13.169709384441374 24.631901636719704 18.273203253746033 17.518972352147102 10.352068036794661 15.679869234561922 16.197414815425873 13.268887385725973 5.5661359801888457 16.129616364836696 22.35444088280201 10.610128864645956 76.191851004958153
leaf_count=1040 71 1296 213 512 1667 124 169 54 89 134 80 53 53 57 89 64 954 61 127 93 89 56 78 81 66 54 76 102 49 349
internal_value=-0.000256735 -0.0170483 -0.026217 0.0224694 -0.0403921 -0.0107859 0.0380908 3.83435e-05 0.0142558 0.0153873 0.00504011 0.0110357 0.0242082 0.00852931 -0.00457857 -0.0135571 -0.0180916 0.0133685 0.00868934 0.000622862 -0.00836227 -0.0189467 0.015787 0.0240951 0.00385437 -0.0333594 0.0177802 0.00917469 -0.00505729 0.0224365
internal_weight=1133.63 652.078 464.35 481.552 241.772 222.578 165.609 89.4557 315.943 301.52 73.2589 55.6328 30.3197 19.8802 25.3131 17.6261 133.122 270.346 131.891 62.1127 43.8395 26.3205 69.7781 40.8293 28.9488 150.289 138.456 49.0942 26.7397 89.3616
internal_count=8000 5798 4758 2202 3017 1741 681 574 1521 1450 450 332 163 110 169 118 1167 1316 679 327 234 145 352 208 144 1721 637 227 125 410
is_linear=0
shrinkage=0.05


Tree=21
num_leaves=31
num_cat=1
split_feature=7 7 7 7 7 7 7 4 3 6 4 6 3 6 5 4 7 1 3 6 1 8 5 12 6 5 5 8 6 1
split_gain=157.208 50.5363 39.0689 22.5466 7.66383 6.52123 4.09816 3.6095 3.46531 3.00296 3.65508 2.95368 4.12152 4.69547 3.20632 2.54658 2.41791 2.35751 2.20466 2.14576 2.13587 2.79899 2.65639 3.75692 4.65673 2.52169 2.5031 2.05428 2.9041 2.00194
threshold=0.094336282461881651 1.0000000180025095e-35 0.017256637103855613 0.28300885856151586 0.0037168140988796954 0.041946902871131904 0.67185840010643016 0.23867116868495944 0.10800864174962045 0.020494638010859493 0.4714068621397019 0.037173517048358924 0.049412859603762634 0.09064574167132379 0.0071895292494446048 0.39794188737869268 0.0057522123679518708 0.53453689813613903 0.10680751129984857 0.026376795955002311 0.67006802558898937 0.32670532166957861 0.0086486586369574087 0 0.12027147412300111 0.46868900954723364 0.37005913257598883 1.0000000180025095e-35 0.26226076483726507 0.7559294104576112
decision_type=2 2 2 2 2 2 2 2 2 2 2 2 2 2 2 2 2 2 2 2 2 2 2 1 2 2 2 2 2 2
left_child=1 -1 4 9 -3 20 8 -7 -5 -2 29 19 17 -14 -15 27 -17 -13 -8 -9 21 25 23 -23 -25 26 -4 28 -6 -11
right_child=3 2 5 6 15 7 18 11 -10 10 -12 12 13 14 -16 16 -18 -19 -20 -21 -22 22 -24 24 -26 -27 -28 -29 -30 -31
leaf_value=0.0053099980648459201 -0.0085834977533350686 -0.050060264313300774 -0.0066689697099570986 0.021794696678712911 -0.037954031264437055 -0.02139580008237478 0.047994784547260472 0.0054555907138116129 0.044992687763205468 0.006172232546927673 0.030804663444269666 0.011147544252613594 0.049453358833259325 -0.012657237384224871 0.027085560259614228 -0.053458776709170035 -0.02137403086000151 -0.019201900464843109 0.023838512091778105 -0.029121267282410487 0.0008278301817782217 -0.028616276477605895 -0.045999873941943499 -0.030697803782269314 0.028095948239994058 0.018550191752479583 -0.033062044429227069 -0.048425265603514858 -0.0015621335633884174 0.015557294306225093
leaf_weight=188.28175902366638 14.369480207562445 102.57300415635109 30.491045191884041 60.52281366288662 23.673076413571838 15.953785903751848 69.111040145158768 8.0405944213271159 23.086639955639839 84.957185015082359 31.376499727368355 12.191606320440771 10.675626978278162 9.451688081026079 10.51426714658737 6.7492066025733939 62.105087697505951 13.047484181821345 12.338020712137221 9.4366661384701711 13.804872691631315 40.268793538212776 13.961919903755186 5.9607102274894697 7.4549864307045937 6.31220769137144 13.108867995440958 31.207358337938786 7.514955334365367 186.62284411489964
leaf_count=1040 71 1485 274 246 277 124 291 54 93 444 134 80 53 53 57 82 719 89 51 64 101 368 128 55 64 48 129 369 85 872
internal_value=-0.000254399 -0.0164484 -0.0254723 0.0213128 -0.0397174 -0.0103447 0.0363152 2.52678e-05 0.0283061 0.0134845 0.0145501 0.00477474 0.0104331 0.0227538 0.00805321 -0.0315644 -0.0246645 -0.0043583 0.0444306 -0.0129888 -0.0174277 -0.0196128 -0.0262868 -0.020991 0.00156958 -0.010433 -0.0147763 -0.0390468 -0.029378 0.0126432
internal_weight=1125.16 642.78 454.498 482.385 233.823 220.675 165.059 89.3117 83.6095 317.326 302.957 73.3579 55.8807 30.6416 19.966 131.25 68.8543 25.2391 81.4491 17.4773 131.363 117.559 67.6464 53.6845 13.4157 49.9121 43.5999 62.3954 31.188 271.58
internal_count=8000 5798 4758 2202 3017 1741 681 574 339 1521 1450 450 332 163 110 1532 801 169 342 118 1167 1066 615 487 119 451 403 731 362 1316
cat_boundaries=0 1
cat_threshold=2
is_linear=0
shrinkage=0.05


Tree=22
num_leaves=31
num_cat=0
split_feature=7 7 7 7 1 3 4 5 4 4 7 4 3 1 6 6 3 6 5 5 6 3 1 5 4 4 3 4 6 6
split_gain=143.135 58.1555 25.7451 24.121 7.53835 5.77666 5.12543 4.98022 4.64824 3.98323 3.62336 4.00419 2.89506 7.95002 5.25138 5.10427 3.22975 2.11508 4.0778 3.85013 2.18929 2.06231 2.47916 3.06868 2.54306 3.81253 3.27689 2.43251 2.39452 4.59908
threshold=0.061769910156726844 1.0000000180025095e-35 0.28300885856151586 0.0057522123679518708 0.62731480598449718 0.044944450259208686 0.15779159218072894 0.46868900954723364 0.51542207598686229 0.47281807661056524 0.17752212285995486 0.17269993573427203 0.036442687734961517 0.40238095819950109 0.047591427341103561 0.28738410770893102 0.16163107752799991 0.25606176257133489 0.020494638010859493 0.4275322705507279 0.036008004099130637 0.37360812723636633 0.88492062687873851 0.010544848162680866 0.37254935503005987 0.34656305611133581 0.059050939977169044 0.38500961661338812 0.062863089144229903 0.035542031750082977
decision_type=2 2 2 2 2 2 2 2 2 2 2 2 2 2 2 2 2 2 2 2 2 2 2 2 2 2 2 2 2 2
left_child=1 -1 10 -3 6 -6 -5 12 -7 17 11 -2 13 -8 -15 -14 -17 19 -19 20 -4 22 24 -24 25 28 -27 -23 29 -13
right_child=2 3 9 4 5 8 7 -9 -10 -11 -12 21 15 14 -16 16 -18 18 -20 -21 -22 27 23 -25 -26 26 -28 -29 -30 -31
leaf_value=0.0050302551559734511 -0.016390306082747452 -0.0484892534851733 0.012634374706833104 -0.041114261667748842 -0.039826504915861205 -0.0049515479433186156 -0.02330197913294928 0.010735697850826108 0.033635585896432015 0.04886138735139136 0.02061199576115201 -0.0028860116791563587 -0.037404724210378777 0.052644326630503946 -0.0073304323296396069 -0.021421636574247227 0.026028276369359039 0.036827092726767478 0.0021062346182325201 0.050590878908851181 0.033441223207517627 0.0047673542298344723 -0.018096442902001523 0.011046254672218314 0.0056717928254585029 0.039202019344709224 0.0083560479660246007 0.035782662276882232 0 0.043320878348353048
leaf_weight=188.80661845207214 15.193246014416216 111.21384678035975 18.98143458366394 39.286215998232365 8.3385554850101453 27.357643820345402 86.901857949793339 11.31508146971464 10.730987459421156 39.075566813349724 77.68152429163456 10.007613092660906 59.115273781120777 5.8306661620736113 9.1419952288269979 10.288832336664198 5.3278291523456565 16.723167642951012 17.683134108781815 26.387685313820839 45.441702261567116 11.307030081748964 18.322219222784042 17.457872107625008 128.41999159753323 25.424039378762245 13.787251800298689 15.641815662384031 34.595037817955017 11.072092577815054
leaf_count=1040 100 1647 78 453 68 213 921 88 69 169 333 52 626 56 87 111 53 68 72 109 185 52 92 84 668 128 70 68 183 57
internal_value=-0.000253514 -0.0176745 0.0181348 -0.0288248 -0.0207995 -0.00231541 -0.0245519 -0.0210428 0.00584857 0.0346747 0.0109428 0.00842662 -0.023112 -0.0174833 0.0158876 -0.0306848 -0.00485273 0.0301722 0.019185 0.0342543 0.0274173 0.00976756 0.00836146 -0.00374659 0.0103247 0.0165568 0.0285322 0.02302 0.00799693 0.021238
internal_weight=1116.86 573.655 543.202 384.849 273.635 46.4272 227.208 187.922 38.0886 164.293 378.91 301.228 176.606 101.875 14.9727 74.7319 15.6167 125.217 34.4063 90.8108 64.4231 286.035 259.086 35.7801 223.306 94.886 39.2113 26.9488 55.6747 21.0797
internal_count=8000 5432 2568 4392 2745 350 2395 1942 282 681 1887 1554 1854 1064 143 790 164 512 140 372 263 1454 1334 176 1158 490 198 120 292 109
is_linear=0
shrinkage=0.05


Tree=23
num_leaves=31
num_cat=0
split_feature=7 7 7 7 1 4 5 7 1 4 3 6 3 1 3 7 6 4 7 4 5 7 5 7 3 5 5 5 5 6
split_gain=130.304 54.3765 23.768 23.6149 7.17355 6.30702 5.64799 3.80128 3.47616 3.21355 3.20956 2.98788 3.2361 10.3622 2.71311 2.57497 3.22702 2.42906 2.38218 2.32493 3.07479 2.83895 2.14851 2.14187 2.07808 2.06505 1.92973 4.42764 1.85878 1.85743
threshold=0.061769910156726844 1.0000000180025095e-35 0.0057522123679518708 0.28300885856151586 0.67006802558898937 0.51542207598686229 0.46868900954723364 0.67185840010643016 0.95875850319862377 0.15779159218072894 0.10800864174962045 0.22962705045938495 0.034948922693729408 0.41836735606193548 0.2362911254167557 0.12566372007131579 0.28300000727176672 0.34656305611133581 0.0080530971754342335 0.42875768244266516 0.3529226034879685 0.15265487134456637 0.010946001391857864 0.17752212285995486 0.10680751129984857 0.0012247959384694698 0.0061760181561112413 0.50488919019699108 0.005000124918296934 0.054018178954720504
decision_type=2 2 2 2 2 2 2 2 2 2 2 2 2 2 2 2 2 2 2 2 2 2 2 2 2 2 2 2 2 2
left_child=1 -1 -3 8 6 -6 9 10 15 -4 -5 12 13 18 -13 -2 17 22 -11 26 28 -22 25 -24 -9 -17 -19 -28 29 -21
right_child=3 2 4 7 5 -7 -8 24 -10 11 -12 14 -14 -15 -16 16 -18 19 -20 20 21 -23 23 -25 -26 -27 27 -29 -30 -31
leaf_value=0.0047660109362923139 0.0039971899417321965 -0.048069501794789943 -0.03818569789276588 0.019237542465850105 -0.0093745402205204047 0.045455119429339448 0.007396846322449923 0.044555109441341702 0.027571347252279624 -0.0014279853414594936 0.041586776290313043 -0.017474424042651749 -0.035058809916622836 0.030598470748241981 0.010755956220982783 0.0047715303067368542 0.034820995437905781 0.034630226687571895 -0.030689107756425277 -0.0044897304312572061 0.013328963600583535 -0.018304178438242565 0.00067297261518647271 0.028151806306363453 0.020992140397744705 -0.025838886094348885 -0.0073724100754600855 0.031650493674481667 0.029725329594809585 0.018313916171556453
leaf_weight=189.30338144302368 150.46419017761946 106.69130635261536 38.813574306666851 60.783308148384094 22.776464588940147 6.6882560998201361 14.11170322448015 67.615057334303856 27.428515911102295 8.5138356611132604 22.916533097624779 49.835086144506931 59.610938146710396 9.0289104208350164 9.9578507766127569 10.706391587853433 15.35190214216709 21.226194500923157 49.817756779491901 13.991244077682493 12.653464213013651 15.682244688272474 21.761654257774353 10.713550865650175 12.184502691030501 10.732815206050871 12.799571484327318 16.136328622698784 17.434031248092651 23.070596382021904
leaf_count=1040 830 1647 461 246 175 41 111 291 114 105 93 505 637 86 85 55 65 94 539 64 60 74 109 47 51 57 59 72 80 107
internal_value=-0.00024924 -0.0170635 -0.0280701 0.0172206 -0.0201089 0.00301388 -0.0229723 0.0331197 0.0103625 -0.0248967 0.0254586 -0.0220893 -0.0264678 -0.0187502 -0.0126794 0.00900274 0.0126979 0.0108364 -0.0265136 0.0144688 0.00920509 -0.0040052 0.00177339 0.00995031 0.0410507 -0.0103692 0.0230257 0.0142509 0.0161603 0.00958183
internal_weight=1108.8 565.149 375.846 543.652 269.154 29.4647 239.69 163.499 380.153 225.578 83.6998 186.764 126.971 67.3605 59.7929 352.724 202.26 186.908 58.3316 132.994 82.8316 28.3357 53.9144 32.4752 79.7996 21.4392 50.1621 28.9359 54.4959 37.0618
internal_count=8000 5432 4392 2568 2745 216 2529 681 1887 2418 339 1957 1367 730 590 1773 943 878 644 610 385 134 268 156 342 112 225 131 251 171
is_linear=0
shrinkage=0.05


Tree=24
num_leaves=31
num_cat=0
split_feature=7 7 7 7 7 1 4 3 4 6 5 1 3 3 4 6 4 5 6 6 5 6 7 3 6 5 5 6 4 3
split_gain=118.643 44.1409 30.7965 18.9743 6.8868 5.30731 3.74867 3.71774 4.69566 2.7559 2.97035 2.75367 2.70697 3.51409 3.93416 3.59568 2.46407 3.73803 4.64088 2.01874 2.96935 2.0119 2.61365 2.2871 1.94254 3.71705 3.5249 1.98189 1.71242 1.6349
threshold=0.087610617280006423 1.0000000180025095e-35 0.015752212144434456 0.28300885856151586 0.001150442461948842 0.62731480598449718 0.47281807661056524 0.049412859603762634 0.50125628709793102 0.29915967583656317 0.46868900954723364 0.95875850319862377 0.041702900081872947 0.027515723370015625 0.48573797941207891 0.19724349677562716 0.15779159218072894 0.36457799375057226 0.27449114620685583 0.047591427341103561 0.33513319492340093 0.039908116683363921 0.041946902871131904 0.095785189419984831 0.25606176257133489 0.020494638010859493 0.4275322705507279 0.036008004099130637 0.53136983513832103 0.039008708670735366
decision_type=2 2 2 2 2 2 2 2 2 2 2 2 2 2 2 2 2 2 2 2 2 2 2 2 2 2 2 2 2 2
left_child=1 -1 4 11 -3 9 24 -7 21 10 12 -2 13 14 19 28 -6 29 -19 20 -4 -9 -23 -24 26 -26 27 -5 -16 -18
right_child=3 2 5 6 16 7 -8 8 -10 -11 -12 -13 -14 -15 15 -17 17 18 -20 -21 -22 22 23 -25 25 -27 -28 -29 -30 -31
leaf_value=0.004516328746734191 0.0095138374611688069 -0.050670530028300111 0.0012292454425860146 0.010659757327795023 -0.047066789464660919 -0.02180464616485063 0.045616581367154095 -0.02390973199920203 0.024300227250350841 0.0038341274926099638 0.0066398484608009532 0.026127246042973829 -0.032392236096927457 0.0093782735070730792 0.00063137089383936843 0.020850070488752242 -0.025027540849541535 -0.023247070848287782 0.034533399101446788 -0.039739728254325896 -0.044716650797197416 -0.017822044173867051 0.032983483470308758 -0.0041716777155156931 0.033667426777288886 0.00048042232830215542 0.046979117561416123 0.030452815992803053 -0.033098279993613075 -0.039870984180144613
leaf_weight=189.77364420890808 315.07320910692215 77.124147035181522 9.3792099431157094 18.982894822955132 21.195778504014015 15.795763753354548 38.046307861804962 10.29021482169628 21.021576851606369 13.690648905932902 9.6755375117063505 27.500891119241714 39.842852726578712 11.295972406864164 5.9647909253835705 8.6990356519818288 43.99273681640625 11.158653602004053 4.8951067626476279 23.496371008455753 5.3359319716691962 9.9447443783283251 8.1965163275599497 7.8155117481946936 16.635049000382423 17.650927051901817 26.043892726302147 45.252846524119377 8.9130035340785962 38.092248402535915
leaf_count=1040 1528 1296 92 78 276 119 169 85 116 122 73 114 409 115 57 73 557 132 54 229 58 81 51 51 68 72 109 185 90 501
internal_value=-0.000243765 -0.0153651 -0.0246734 0.0175731 -0.0388985 -0.0112887 0.0316499 -0.00034389 0.00551593 -0.0171148 -0.0194961 0.0108693 -0.0217835 -0.0158953 -0.0206043 -0.00426684 -0.0312125 -0.027693 -0.00521443 -0.0305166 -0.0152833 -0.00527741 0.00198064 0.0146243 0.0273108 0.0167788 0.0312322 0.024707 -0.0193277 -0.0320167
internal_weight=1100.78 595.59 405.816 505.186 196.459 209.358 162.612 73.0643 57.2686 136.293 122.603 342.574 112.927 73.0843 61.7883 23.5768 119.335 98.1387 16.0538 38.2115 14.7151 36.247 25.9568 16.012 124.566 34.286 90.2796 64.2357 14.8778 82.085
internal_count=8000 5677 4637 2323 2816 1821 681 503 384 1318 1196 1642 1123 714 599 220 1520 1244 186 379 150 268 183 102 512 140 372 263 147 1058
is_linear=0
shrinkage=0.05


Tree=25
num_leaves=31
num_cat=0
split_feature=7 7 7 7 1 4 5 4 4 7 4 6 3 1 3 7 1 3 3 6 4 7 3 1 5 4 4 3 1 6
split_gain=107.998 47.4513 23.0672 19.8941 6.44842 5.31245 5.01206 3.57128 3.03407 2.8311 3.44652 2.71873 3.10388 9.45741 2.478 2.40168 1.91895 3.16297 1.91792 2.18028 2.77687 1.91382 1.77997 2.26605 2.73163 2.2276 3.08008 2.81017 2.28793 5.96888
threshold=0.061769910156726844 1.0000000180025095e-35 0.0057522123679518708 0.28300885856151586 0.67006802558898937 0.51542207598686229 0.46868900954723364 0.47281807661056524 0.15779159218072894 0.17752212285995486 0.17269993573427203 0.22962705045938495 0.034948922693729408 0.40238095819950109 0.2362911254167557 0.0080530971754342335 0.86754387617111217 0.073002234101295485 0.043194472789764411 0.25606176257133489 0.32188832759857183 0.31805309653282171 0.37360812723636633 0.88492062687873851 0.010544848162680866 0.37254935503005987 0.34656305611133581 0.059050939977169044 0.79269602894783031 0.039255440235137946
decision_type=2 2 2 2 2 2 2 2 2 2 2 2 2 2 2 2 2 2 2 2 2 2 2 2 2 2 2 2 2 2
left_child=1 -1 -3 9 6 -6 8 18 -4 10 -2 12 13 15 -13 -10 -11 -18 19 20 -5 -22 23 25 -25 26 -12 -28 -27 -30
right_child=3 2 4 7 5 -7 -8 -9 11 16 22 14 -14 -15 -16 -17 17 -19 -20 -21 21 -23 -24 24 -26 28 27 -29 29 -31
leaf_value=0.004280328459188268 -0.01602340024396388 -0.047249702109264428 -0.036776443525823731 0.040046430616683011 -0.0084655194176244588 0.041369354900354843 0.0069199434281432748 0.044003607998673019 -0.00013763520448081517 0.003145964096983523 0.006973746178249896 -0.016344372978142601 -0.033644898305356032 0.026953024154196589 0.010690919143104313 -0.029878251244774404 0.031339473476240533 0.0075411556032347329 0.032649631964600037 0.0038444605326514929 0.027835582193485427 0.0016348754954217397 0.020550070775311655 -0.018124611441740327 0.0092704421252005464 -0.00085454077118082567 0.03504339012974772 0.0066893331397983426 -0.014907676650365784 0.022955330911634986
leaf_weight=190.21889448165894 15.092898458242415 98.306282822042704 36.543577745556831 19.26154850423336 22.430273026227955 6.8902902752161017 14.189143486320971 37.486914277076721 8.3302359208464605 18.009285107254982 56.157699331641197 48.644337721168995 56.723534613847733 10.002598024904726 9.9535416066646558 46.928102731704712 36.62138931453228 23.689564064145088 59.617842629551888 16.670419901609421 14.388922318816185 14.287382751703262 27.26767110824585 18.300884246826172 17.674058318138123 77.434661626815796 26.004465200006962 13.944011166691778 14.067606866359709 38.059010580182076
leaf_count=1040 100 1647 461 81 175 41 111 169 105 79 292 505 637 94 85 531 155 99 247 68 58 58 120 92 84 422 128 70 69 177
internal_value=-0.000240534 -0.0158856 -0.0265846 0.0155427 -0.0187558 0.00317646 -0.0215576 0.0302534 -0.023444 0.00930117 0.0070857 -0.0206994 -0.0249893 -0.0173495 -0.0116565 -0.0254935 0.0178168 0.0221024 0.0260318 0.0198068 0.0252341 0.0150064 0.00831536 0.00701383 -0.00453876 0.00887883 0.0146671 0.0253127 0.00453867 0.0126324
internal_weight=1093.2 549.161 358.942 544.036 260.636 29.3206 231.315 161.713 217.126 382.323 304.003 180.582 121.984 65.2609 58.5979 55.2583 78.3202 60.311 124.226 64.6083 47.9379 28.6763 288.91 261.642 35.9749 225.667 96.1062 39.9485 129.561 52.1266
internal_count=8000 5432 4392 2568 2745 216 2529 681 2418 1887 1554 1957 1367 730 590 636 333 254 512 265 197 116 1454 1334 176 1158 490 198 668 246
is_linear=0
shrinkage=0.05


Tree=26
num_leaves=31
num_cat=0
split_feature=7 7 7 7 1 3 4 5 3 4 1 3 3 6 4 3 4 6 4 6 6 6 7 6 6 6 4 5 6 3
split_gain=98.3185 44.2783 22.6514 18.2662 5.99987 5.14937 4.6743 3.81369 3.81294 3.39971 2.79154 2.52404 6.75945 4.61445 4.36897 2.6877 2.5122 3.45495 2.39631 2.20115 5.32485 2.09298 2.57344 2.45852 3.02401 2.4997 2.98876 2.34199 2.19618 2.16434
threshold=0.061769910156726844 1.0000000180025095e-35 0.0057522123679518708 0.28300885856151586 0.62731480598449718 0.044944450259208686 0.15779159218072894 0.46868900954723364 0.32173123955726629 0.47281807661056524 0.95875850319862377 0.036442687734961517 0.026219075545668605 0.28738410770893102 0.42680943012237554 0.16163107752799991 0.54749372601509105 0.073085945099592223 0.51542207598686229 0.026376795955002311 0.018535696901381019 0.020494638010859493 0.12566372007131579 0.28300000727176672 0.034213596954941757 0.037880156189203269 0.34656305611133581 0.010946001391857864 0.20337178558111194 0.02918398100882769
decision_type=2 2 2 2 2 2 2 2 2 2 2 2 2 2 2 2 2 2 2 2 2 2 2 2 2 2 2 2 2 2
left_child=1 -1 -3 10 6 -6 -4 11 18 -5 21 12 16 -13 -14 -15 19 -18 -7 20 -8 -2 -23 24 29 -26 27 -27 -28 -24
right_child=3 2 4 9 5 8 7 -9 -10 -11 -12 13 14 15 -16 -17 17 -19 -20 -21 -22 22 23 -25 25 26 28 -29 -30 -31
leaf_value=0.0040571985253540586 -0.00941799728216316 -0.046829730975930156 -0.038545501029396134 0.02482174334009081 -0.038156111992689187 0.0033256191024030463 -0.030699068179335261 0.0091469177180070593 -0.025640464825959594 0.04246297362275242 0.024203337220115455 -0.034601462979971125 0.041743195737589611 -0.018881038410045958 -0.0094907777116683585 0.02469524061407969 -0.029498354046118822 0.02105786027736695 0.033020970695601441 -0.029431823139563797 0.034266362575127295 0.0033211349328251456 0.0088499841554572859 0.031419170277818785 -0.012640324432957942 -0.015155717489101017 0.022347977052619768 0.008703903807305775 0.0072850434532579144 0.039230391497623106
leaf_weight=190.64054250717163 16.845749348402023 94.330275662243366 34.773897051811218 123.84244258701801 7.8775106072425833 19.736854836344722 8.2973470091819745 11.532040223479269 7.4294652789831153 36.922801345586777 27.569721922278404 53.236052699387074 7.6069387272000339 9.6912959665060026 8.7265041843056661 5.4029108807444564 5.9286328405141813 7.5696650967001915 10.652240812778471 53.308347083628178 4.9161307737231246 143.17038383334875 10.738935023546221 15.506867334246634 13.326896473765371 17.733783692121506 47.384337246417999 24.065143302083015 52.379843026399612 14.522418528795241
leaf_count=1040 89 1647 453 512 68 159 94 88 57 169 114 626 87 111 96 53 63 73 66 594 57 782 50 65 64 93 212 114 239 65
internal_value=-0.000234836 -0.0153172 -0.0258521 0.0147732 -0.0181082 -0.00155975 -0.0216662 -0.018287 0.00601184 0.0289283 0.00881629 -0.0202427 -0.01489 -0.0276848 0.0141749 -0.00289414 -0.0208954 -0.000833046 0.0139728 -0.0248839 -0.00607701 0.00760305 0.00846658 0.0122025 0.0105042 0.00783163 0.00980173 -0.00131155 0.0145047 0.0265982
internal_weight=1085.67 541.657 351.016 544.009 256.686 45.6961 210.99 176.216 37.8186 160.765 383.244 164.684 96.3536 68.3303 16.3334 15.0942 80.0201 13.4983 30.3891 66.5218 13.2135 355.674 338.829 195.658 180.151 154.89 141.563 41.7989 99.7642 25.2614
internal_count=8000 5432 4392 2568 2745 350 2395 1942 282 681 1887 1854 1064 790 183 164 881 136 225 745 151 1773 1684 902 837 722 658 207 451 115
is_linear=0
shrinkage=0.05


Tree=27
num_leaves=31
num_cat=0
split_feature=7 7 7 7 4 7 3 7 1 7 5 4 4 1 6 3 7 6 5 4 3 5 4 5 3 1 1 1 5 8
split_gain=89.5415 46.2436 18.4742 18.178 4.51702 3.32201 2.89405 2.77118 2.72205 2.69384 4.31526 2.39354 3.42589 4.19476 2.35998 4.29449 2.29879 2.53181 2.34623 2.60322 2.7066 2.46767 4.18519 2.82503 3.40533 2.58532 2.10138 2.18372 2.07831 3.75279
threshold=0.041946902871131904 1.0000000180025095e-35 0.0057522123679518708 0.28300885856151586 0.15779159218072894 0.67185840010643016 0.10800864174962045 0.031946902163326747 0.95875850319862377 0.018318584188818935 0.35894738137722021 0.39794188737869268 0.42456744611263281 0.26253134012222296 0.046697819605469711 0.039241351187229163 0.12566372007131579 0.28300000727176672 0.49264955520629888 0.40257234871387487 0.31598296761512762 0.017571208998560909 0.37254935503005987 0.0070014051161706456 0.031591510400176055 0.76428571343421947 0.76428571343421947 0.67006802558898937 0.0063561375718563804 0.32025641202926641
decision_type=2 2 2 2 2 2 2 2 2 2 2 2 2 2 2 2 2 2 2 2 2 2 2 2 2 2 2 2 2 2
left_child=1 -1 -3 8 7 6 -5 -4 16 10 11 -6 13 -13 -12 -16 18 -18 19 21 28 22 23 24 -2 -23 27 -20 -21 -30
right_child=3 2 4 5 9 -7 -8 -9 -10 -11 14 12 -14 -15 15 -17 17 -19 26 20 -22 25 -24 -25 -26 -27 -28 -29 29 -31
leaf_value=0.0038461795438103452 0.021790759976192491 -0.046408163755976839 -0.041279511519956909 0.014731443886004576 -0.039637928806545278 0.035281060793069488 0.036025834110355245 0 0.022959890448638651 -0.010435784592915351 -0.026405755404324917 -0.028553258895868006 -0.026921914019654339 0.039438385643245137 0.042132645710817478 -0.018025937601279865 0.0086210037644854319 0.02971323846855908 0.021234761804966161 -0.0066138375722708019 0.028801664925071576 -0.028385416731455854 -0.023747433465586838 0.034661324542309406 -0.012634504121762664 0.001702267927184252 0.028384887406764387 -0.012991127996138843 -0.0018364571049263832 0.038165962939595122
leaf_weight=191.03987455368042 12.157838784158232 90.525266736745834 31.150609269738197 61.074183225631714 27.445746533572674 76.343879565596581 22.495982781052589 4.4474058598279944 27.613903507590294 95.961961649358273 5.5276689603924778 4.1576115712523443 39.988083370029926 4.6897903084754944 6.0304984450340253 5.5306468605995178 189.19588360190392 15.581057935953138 8.6289566978812235 29.230294853448868 11.758794337511061 19.461515888571743 13.082710430026053 8.2519962415099126 17.177759535610676 10.751077450811861 14.870538920164107 9.7878352105617505 15.305378690361978 9.1810335367917997
leaf_count=1040 77 1647 422 246 363 342 93 52 114 866 69 55 519 61 66 64 878 65 50 163 56 135 86 46 103 60 67 59 87 49
internal_value=-0.00023123 -0.0155442 -0.0273003 0.0133209 -0.0195707 0.0276366 0.0205596 -0.0360227 0.00774733 -0.0164337 -0.0225268 -0.0276085 -0.0206786 0.00696659 0 0.0130173 0.00663589 0.010264 0.002469 -0.000225644 0.00714437 -0.00625494 0.000398804 0.00897651 0.00148839 -0.0175435 0.0144318 0.00280303 0.00226588 0.0130531
internal_weight=1078.45 506.495 315.455 571.951 224.93 159.914 83.5702 35.598 412.037 189.332 93.37 76.2812 48.8355 8.8474 17.0888 11.5611 384.423 204.777 179.646 146.358 65.4755 80.8829 50.6703 37.5876 29.3356 30.2126 33.2873 18.4168 53.7167 24.4864
internal_count=8000 5224 4184 2776 2537 681 339 474 2095 2063 1197 998 635 116 199 130 1981 943 1038 862 355 507 312 226 180 195 176 109 299 136
is_linear=0
shrinkage=0.05


Tree=28
num_leaves=31
num_cat=0
split_feature=7 7 7 7 4 4 7 8 7 1 5 4 6 7 6 5 4 3 3 1 5 4 5 1 7 1 1 1 4 4
split_gain=81.5646 43.1928 18.1815 16.6602 4.34092 3.19854 2.67597 2.66077 3.19225 2.45392 2.14225 3.04869 2.8131 2.06245 2.27285 2.10626 2.35166 2.46281 5.2503 2.58721 2.25902 3.81501 2.49571 3.15279 2.53498 2.40326 1.86961 1.96148 1.80151 1.8986
threshold=0.041946902871131904 1.0000000180025095e-35 0.0057522123679518708 0.28300885856151586 0.15779159218072894 0.47281807661056524 0.031946902163326747 0.6439594328403474 0.019026548601686958 0.95875850319862377 0.35894738137722021 0.44480359554290777 0.22326064109802249 0.12566372007131579 0.28300000727176672 0.49264955520629888 0.40257234871387487 0.049412859603762634 0.01390096638351679 0.76428571343421947 0.017571208998560909 0.37254935503005987 0.0070014051161706456 0.62731480598449718 0.10530973598361017 0.76428571343421947 0.76428571343421947 0.67006802558898937 0.34656305611133581 0.42875768244266516
decision_type=2 2 2 2 2 2 2 2 2 2 2 2 2 2 2 2 2 2 2 2 2 2 2 2 2 2 2 2 2 2
left_child=1 -1 -3 9 6 -5 -4 8 10 13 -6 12 -12 15 28 16 20 18 -18 -19 21 22 23 -2 -25 -22 27 -17 -15 -30
right_child=3 2 4 5 7 -7 -8 -9 -10 -11 11 -13 -14 14 -16 26 17 19 -20 -21 25 -23 -24 24 -26 -27 -28 -29 29 -31
leaf_value=0.0036465654731002712 0.027731752298126168 -0.04598425334565287 -0.040639574604854817 0.022470974554036349 -0.024649446593956539 0.039768578695760337 0 -0.052713150661072551 -0.0074682378705862133 0.0217877027438085 -0.040632556881604748 0.017191624847918873 0.0077619339690529563 0.00038075499377496767 0.028119379246536666 0.019951333849154804 0.015980365490290329 0.029440838441613999 -0.02596353680690662 0.0023259221485387089 -0.027461746483217593 -0.022903395406974808 0.032388495179505442 0.006014325903338431 -0.028545946266859967 0.0016165660105669944 0.026723957199655562 -0.012438623079231959 0.01888961703897471 0.0065303688136462285
leaf_weight=191.41813039779663 8.1751486659050006 86.885096620768309 30.087759144604206 123.05246192216873 78.748060122132301 35.872911617159843 4.4474058598279944 4.785057306289672 82.999750569462776 27.648993074893951 7.5857832431793231 8.1306087523698789 4.6335879787802696 54.366111010313034 15.644962966442106 8.7286176159977931 15.577484928071501 17.333734706044197 14.058958038687704 18.677743345499039 19.122427083551887 12.895143665373324 8.3927638828754407 12.126409947872164 9.068382576107977 10.76006095856428 15.007582798600195 9.7177385762333852 51.208643734455109 84.169421151280403
leaf_count=1040 55 1647 422 512 1037 169 52 60 731 114 94 90 51 268 65 50 96 86 83 90 135 86 46 78 47 60 67 59 225 385
internal_value=-0.000227264 -0.0149854 -0.0265672 0.0126666 -0.0189081 0.0264294 -0.0353036 -0.0158342 -0.0148093 0.00734917 -0.0208937 -0.0060662 -0.0219614 0.00629398 0.00972308 0.00234235 -0.000216955 0.00676606 -0.00376927 0.0155612 -0.00597211 0.000369061 0.00848766 0.00140135 -0.00860241 -0.016854 0.0136425 0.0026433 0.0081659 0.0112528
internal_weight=1071.33 499.721 308.303 571.606 221.418 158.925 34.5352 186.883 182.098 412.68 99.098 20.35 12.2194 385.031 205.389 179.642 146.188 65.6479 29.6364 36.0115 80.5403 50.6578 37.7627 29.3699 21.1948 29.8825 33.4539 18.4464 189.744 135.378
internal_count=8000 5224 4184 2776 2537 681 474 2063 2003 2095 1272 235 145 1981 943 1038 862 355 179 176 507 312 226 180 125 195 176 109 878 610
is_linear=0
shrinkage=0.05


Tree=29
num_leaves=31
num_cat=0
split_feature=7 7 7 7 4 7 3 8 7 7 7 4 6 6 6 3 6 3 6 3 3 4 3 1 6 5 6 3 3 1
split_gain=74.2837 40.3113 17.8714 15.2348 4.16714 3.09608 2.70211 2.58294 2.99395 2.58228 2.25713 3.01064 4.22978 7.31691 3.74956 3.84544 2.24571 2.78604 2.1769 3.94908 2.12053 2.11651 6.13007 4.33076 4.0968 3.06468 2.81506 3.51533 3.22118 2.45455
threshold=0.041946902871131904 1.0000000180025095e-35 0.0057522123679518708 0.28300885856151586 0.15779159218072894 0.67185840010643016 0.10800864174962045 0.6439594328403474 0.019026548601686958 0.031946902163326747 0.17752212285995486 0.24684873968362811 0.052195154130458839 0.035236258059740073 0.25121679902076727 0.049412859603762634 0.046257391571998603 0.34351679682731634 0.023254152387380603 0.028064146637916568 0.10680751129984857 0.36456401646137243 0.30183246731758123 0.75255101919174205 0.25324466824531561 0.0055262942332774409 0.15922193974256518 0.083405800163745894 0.06800395250320436 0.64575287699699413
decision_type=2 2 2 2 2 2 2 2 2 2 2 2 2 2 2 2 2 2 2 2 2 2 2 2 2 2 2 2 2 2
left_child=1 -1 -3 10 9 6 -5 8 -6 -4 11 12 13 -2 15 -14 17 18 19 -13 -7 22 29 24 25 -23 27 -25 -28 -18
right_child=3 2 4 5 7 20 -8 -9 -10 -11 -12 16 14 -15 -16 -17 21 -19 -20 -21 -22 23 -24 26 -26 -27 28 -29 -30 -31
leaf_value=0.0034576906750983048 -0.017489233557412873 -0.045557298916560657 -0.039997391896834808 0.012857913853095319 -0.020210315289906945 0.036405398119123265 0.033494426422027837 -0.05237592282185121 -0.0071347160321167738 0 0.014613664289604708 0.035837875362689266 -0.043103414838246229 0.046909068984174816 0.0064282662131673468 -0.0025959692716710225 0.047065075173226584 0.023573163982597706 -0.0077582768329050866 -0.009241365874332455 0.01229795029897005 -0.027491303087801611 -0.013036376916737992 0.04569437010447526 0.015756068958904405 0.00020385177350055805 -0.0043820120949201692 0.0071841835190577215 0.019610707409626362 0.019643972155266885
leaf_weight=191.77650332450867 8.5877814218401927 83.403709646314383 29.06987464427948 61.14670042693615 97.386520050466061 63.054329305887222 22.249799311161041 4.5808829441666594 82.552092306315899 4.4474058598279944 78.890646070241928 8.9314707964658755 14.322698958218099 8.7345456555485708 13.039480544626711 10.35353100299835 12.005098715424536 11.393076181411741 57.13728104531765 10.178152553737162 11.595875486731527 18.293357424438 11.581560879945753 13.542326524853708 18.669661164283752 21.083971284329891 26.404757872223854 11.171647489070891 28.950286209583282 29.956014007329941
leaf_count=1040 57 1647 422 246 1272 291 93 60 731 52 333 48 89 54 82 63 56 52 302 55 51 106 54 63 103 123 127 50 135 143
internal_value=-0.00022188 -0.01444 -0.0258405 0.0120452 -0.018258 0.0252556 0.018457 -0.0152481 -0.0142466 -0.0345848 0.00697558 0.0051545 -0.00547468 0.0147786 -0.0149234 -0.0263884 0.00726817 0.000576135 -0.00282105 0.0116444 0.032749 0.0103003 0.0187884 0.00696232 -0.00336394 -0.0125728 0.0145057 0.0285869 0.00808858 0.0277013
internal_weight=1064.49 493.217 301.44 571.274 218.037 158.047 83.3965 184.519 179.939 33.5173 413.227 334.337 55.038 17.3223 37.7157 24.6762 279.299 87.64 76.2469 19.1096 74.6502 191.659 53.5427 138.116 58.047 39.3773 80.069 24.714 55.355 41.9611
internal_count=8000 5224 4184 2776 2537 681 339 2063 2003 474 2095 1762 345 111 234 152 1417 457 405 103 342 960 253 707 332 229 375 113 262 199
is_linear=0
shrinkage=0.05


Tree=30
num_leaves=31
num_cat=0
split_feature=7 7 7 7 4 4 8 7 7 1 5 4 6 6 5 7 6 5 4 3 3 3 1 6 6 6 3 3 3 1
split_gain=67.6365 37.59 17.5463 13.9721 3.99604 2.98838 2.50649 2.80223 2.49008 2.11629 2.06084 2.82247 2.70573 1.99718 2.92868 1.79253 1.96939 1.81613 2.12221 2.16758 4.80606 2.46482 4.39507 2.14695 3.2846 3.73781 2.10234 2.0609 2.31434 1.74034
threshold=0.041946902871131904 1.0000000180025095e-35 0.0057522123679518708 0.28300885856151586 0.15779159218072894 0.47281807661056524 0.6439594328403474 0.019026548601686958 0.031946902163326747 0.95875850319862377 0.35894738137722021 0.44480359554290777 0.22326064109802249 0.035542031750082977 0.49839228391647344 0.12566372007131579 0.28300000727176672 0.49264955520629888 0.40257234871387487 0.049412859603762634 0.01390096638351679 0.083405800163745894 0.76428571343421947 0.030331781134009365 0.06846578419208528 0.17650170624256137 0.0098026394844055193 0.049412859603762634 0.095785189419984831 0.76428571343421947
decision_type=2 2 2 2 2 2 2 2 2 2 2 2 2 2 2 2 2 2 2 2 2 2 2 2 2 2 2 2 2 2
left_child=1 -1 13 9 8 -5 7 10 -4 15 -6 12 -12 -3 -15 17 -17 18 23 20 -20 -21 -23 -2 29 -26 -27 -28 -29 -25
right_child=3 2 4 5 6 -7 -8 -9 -10 -11 11 -13 -14 14 -16 16 -18 -19 19 21 -22 22 -24 24 25 26 27 28 -30 -31
leaf_value=0.0032789418827858133 -0.025091921443212248 -0.050605309392984021 -0.039352551089784783 0.020357323886688507 -0.02330712560354134 0.037269042842325344 -0.052048719074320939 -0.0068144879467795898 0 0.020021134774852546 -0.039614143869002361 0.017381640921278554 0.0084497239571676222 -0.038786715773432998 0.013060056403094137 0.0073776509921207175 0.025915478294835727 0.012402200767042392 0.014971817502897392 0.034570449361723286 -0.025194185396106423 0.024875455522759313 -0.016393741089008214 0.00088084236881353728 -0.037708840892921917 0.017984577696016409 -0.030809831260877281 0.017535882648665842 -0.017536302043729492 0.029227074017959431
leaf_weight=192.11604714393616 12.294767811894415 55.439475756138563 28.095423076301813 122.20237442851067 75.850819036364555 34.828594103455544 4.3847867026925078 82.125700734555721 4.4474058598279944 27.679255664348602 7.2151484563946742 8.1111492738127691 4.587916374206543 21.729663845151666 2.9060164839029303 190.41072073578835 15.718781158328055 33.71984851360321 15.725269310176374 10.658623054623602 13.8875570371747 13.837906196713449 11.800415500998495 13.282650373876097 9.6224142014980298 9.0368745401501638 7.9917676895856884 9.0056137964129466 9.6148728281259519 9.5164455696940404
leaf_count=1040 87 1188 422 512 1037 169 60 731 52 114 94 90 51 410 49 878 65 176 96 52 83 67 57 90 58 57 54 54 58 49
internal_value=-0.000216876 -0.0139079 -0.0251189 0.0114553 -0.0176201 0.0241614 -0.0146752 -0.0136972 -0.0338663 0.00661678 -0.0195342 -0.00486896 -0.0205974 -0.0451266 -0.0324407 0.00563801 0.00882741 0.00195489 -0.000426126 0.00618208 -0.00371799 0.0143844 0.00569654 -0.00590878 -0.00233889 -0.010189 -0.00253632 -0.00973313 -0.000303837 0.013007
internal_weight=1057.84 487.01 294.894 570.835 214.818 157.031 182.276 177.891 32.5428 413.804 95.765 19.9142 11.8031 80.0752 24.6357 386.125 206.13 179.995 146.275 65.9098 29.6128 36.2969 25.6383 80.3654 68.0706 45.2715 35.6491 26.6123 18.6205 22.7991
internal_count=8000 5224 4184 2776 2537 681 2063 2003 474 2095 1272 235 145 1647 459 1981 943 1038 862 355 179 176 124 507 420 281 223 166 112 139
is_linear=0
shrinkage=0.05


Tree=31
num_leaves=31
num_cat=0
split_feature=7 7 7 1 7 4 7 7 5 4 4 1 1 5 6 5 3 3 3 6 7 6 6 3 7 3 3 6 3 3
split_gain=61.5736 35.0344 17.2077 12.8289 5.06958 3.82567 2.39937 2.17784 3.74059 2.4918 3.35969 3.96666 2.07121 2.59626 2.04039 2.79292 2.02264 1.99293 2.33362 1.81656 2.33474 2.26718 3.35002 2.77903 2.14553 1.86269 1.91404 2.96021 2.15642 1.92734
threshold=0.041946902871131904 1.0000000180025095e-35 0.0057522123679518708 0.95445135235786449 0.67185840010643016 0.15779159218072894 0.031946902163326747 0.018318584188818935 0.35894738137722021 0.39794188737869268 0.42456744611263281 0.26253134012222296 0.98979592323303234 0.0015380964032374325 0.035542031750082977 0.49839228391647344 0.039241351187229163 0.10800864174962045 0.039008708670735366 0.021030518226325515 0.12566372007131579 0.033580653369426734 0.045239506289362914 0.026219075545668605 0.11283186078071596 0.046616308391094215 0.084114547818899169 0.046590983867645271 0.067326758056879057 0.32613635063171392
decision_type=2 2 2 2 2 2 2 2 2 2 2 2 2 2 2 2 2 2 2 2 2 2 2 2 2 2 2 2 2 2
left_child=1 -1 14 4 19 6 -4 8 9 -7 11 -11 13 -5 -3 -16 -10 18 -15 24 25 23 -23 -22 -2 -21 27 -27 -29 -28
right_child=3 2 5 12 -6 7 -8 -9 16 10 -12 -13 -14 17 15 -17 -18 -19 -20 20 21 22 -24 -25 -26 26 29 28 -30 -31
leaf_value=0.0031097370536135784 0.0079603791218027051 -0.050385033015833171 -0.038704718632373021 0.034787600981401649 0.038508752911046232 -0.03773871506241222 0 -0.0086924735369494337 0.017909690589997643 -0.026003944159498023 -0.024164997017009884 0.041796446228209883 0.029829607606543823 0.01885382212417628 -0.038176941187102298 0.01229010874161101 -0.016642155785969667 0.024284969433810727 -0.0060952948263737206 -0.0038518255074053973 0.0042531478848495691 -0.0097124047089662217 0.010176480820803449 0.035936905729966481 -0.022857241451288819 -0.0039124845332233925 -0.0074186817689664373 0.012806443101029139 0.045235544596226154 0.01084907345451111
leaf_weight=192.43781566619873 10.316799007356169 52.96084900945425 27.162882532924417 17.437336847186089 11.918683409690855 25.030130859464407 4.4474058598279944 93.069985240697861 8.7411620840430277 3.8323783129453641 36.873902224004269 4.5788232162594795 71.02170042693615 17.09476812183857 20.993294127285484 2.9390565305948249 7.992869194597005 22.675524801015854 20.116493374109268 77.301053993403912 12.419883206486704 23.928690150380135 166.10324245691299 16.826344504952431 11.855448126792906 11.642736464738844 30.743640810251236 12.808501414954664 9.324692174792288 26.934817463159561
leaf_count=1040 67 1188 422 71 56 363 52 866 99 55 519 61 328 69 410 49 100 94 82 476 55 110 748 74 56 63 176 70 47 134
internal_value=-0.000212849 -0.0133917 -0.0244085 0.0108921 0.00642796 -0.0169991 -0.033148 -0.0141204 -0.0198498 -0.024903 -0.0176307 0.0103747 0.0235485 0.0176837 -0.0446975 -0.0317458 0.00110845 0.0125705 0.00525208 0.0054745 0.00627765 0.00968427 0.007642 0.0227126 -0.00832188 0.00181841 0.00666471 0.0161088 0.0268357 0.00102951
internal_weight=1051.53 481.061 288.623 570.47 422.125 211.73 31.6103 180.119 87.0493 70.3152 45.2851 8.4112 148.346 77.3241 76.8932 23.9324 16.734 59.8868 37.2113 410.206 388.034 219.278 190.032 29.2462 22.1722 168.755 91.4544 33.7759 22.1332 57.6785
internal_count=8000 5224 4184 2776 2132 2537 474 2063 1197 998 635 116 644 316 1647 459 199 245 151 2076 1953 987 858 129 123 966 490 180 117 310
is_linear=0
shrinkage=0.05


Tree=32
num_leaves=31
num_cat=0
split_feature=7 8 7 7 7 1 6 4 3 7 5 3 4 1 5 5 3 7 5 6 3 3 6 1 8 4 1 3 1 10
split_gain=56.1164 30.8002 13.0741 13.8803 9.65121 4.0783 3.58223 2.98605 2.44783 3.40681 3.0417 2.48944 2.91999 2.42028 2.58822 2.40747 2.7519 2.19517 4.84303 3.01403 2.10851 2.02853 2.01681 4.28082 3.28612 2.29288 4.07236 3.48027 4.18703 2.10023
threshold=0.094336282461881651 0.48809523880481726 1.0000000180025095e-35 0.017256637103855613 0.67185840010643016 0.95445135235786449 0.011374418158084156 0.23867116868495944 0.039008708670735366 0.0087610618211329001 0.36457799375057226 0.017758593894541267 0.39794188737869268 0.67006802558898937 0.52959111332893383 0.0015380964032374325 0.10800864174962045 0.076194688677787795 0.27919691801071173 0.055055381730198867 0.039008708670735366 0.10680751129984857 0.2477144002914429 0.4708049893379212 0.33330383896827703 0.33656601607799536 0.46640120446681982 0.041702900081872947 0.505102038383484 0.37757417559623724
decision_type=2 2 2 2 2 2 2 2 2 2 2 2 2 2 2 2 2 2 2 2 2 2 2 2 2 2 2 2 2 2
left_child=1 2 -1 6 5 -2 -4 -5 9 10 -8 -11 -13 14 22 -7 20 18 19 -15 -17 -6 25 24 -24 26 -9 28 -27 -25
right_child=4 -3 3 7 21 15 8 13 -10 11 -12 12 -14 17 -16 16 -18 -19 -20 -21 -22 -23 23 29 -26 27 -28 -29 -30 -31
leaf_value=0.0029495341113560817 0.0067072621944221106 -0.04921062858161921 -0.044131344947724895 -0.019802976200640646 0.032866287937586273 0.034351125359462734 -0.0090935497492335617 -0.025671737000436647 -0.031449998158360838 -0.034427011215978742 0.037426670240159818 -0.038379551326288452 0.016371922040652447 0.051110820078720011 0.023312970882295614 0.017917875425360236 0.025562023887211363 -0.0058017378992923632 -0.010518225231156978 0.012389380785268248 -0.0057940827262996271 0.0090859803526074628 -0.00010404108917558271 0.0010315941241941316 0.040304611720274955 -0.018000970581401265 0.034437343117942019 -0.034615826436512433 0.023030681339912248 -0.034575930689419367
leaf_weight=192.74276971817017 322.1896615922451 47.977831281721592 24.150649189949036 30.066714573651552 60.771418690681458 19.979232400655746 19.163588203489784 5.123936787247656 42.813193760812283 23.42137598618865 4.1941891610622397 3.814765300601719 6.2480492517352104 8.5212254822254199 6.4027940779924384 17.093575790524483 29.915453508496284 24.861515380442142 12.84409276396036 13.398277901113032 20.109540373086929 11.345075428485869 12.667912840843202 7.0265495330095318 7.9870653152465811 26.81040383130312 5.9403348416090012 20.767827421426773 7.9072248339653006 9.1219898462295514
leaf_count=1040 1502 1072 501 333 291 82 301 53 668 346 49 59 82 55 45 69 125 136 80 84 82 51 101 46 68 258 60 211 68 82
internal_value=-0.000208027 -0.0109148 -0.00733547 -0.0134825 0.0123244 0.00933018 -0.0266362 -0.00528309 -0.0223063 -0.0152883 -0.000403158 -0.0254908 -0.00406552 -0.00266601 -0.00708876 0.0189566 0.0142555 0.00538976 0.0135306 0.0278332 0.00498555 0.0292123 -0.00904121 0.000219775 0.0153996 -0.0142304 0.00617197 -0.0183926 -0.00847276 -0.0188637
internal_weight=1045.38 563.974 515.996 323.254 481.404 409.287 123.806 199.448 99.6552 56.842 23.3578 33.4842 10.0628 169.381 109.756 87.0978 67.1186 59.6251 34.7636 21.9195 37.2031 72.1165 103.353 36.8035 20.655 66.5497 11.0643 55.4855 34.7176 16.1485
internal_count=8000 5798 4726 3686 2202 1860 2006 1680 1505 837 350 487 141 1347 992 358 276 355 219 139 151 342 947 297 169 650 113 537 326 128
is_linear=0
shrinkage=0.05


end of trees

feature_importances:
popularity_prior=245
age_group_fit=164
region_fit=155
known_hobby_compatibility=139
occupation_fit=127
cooccurrence_score=123
mismatch_penalty=27
is_cold_start=6
novelty_bonus=4

parameters:
[boosting: gbdt]
[objective: binary]
[metric: auc]
[tree_learner: serial]
[device_type: cpu]
[data_sample_strategy: bagging]
[data: ]
[valid: ]
[num_iterations: 300]
[learning_rate: 0.05]
[num_leaves: 31]
[num_threads: 20]
[seed: 42]
[deterministic: 0]
[force_col_wise: 0]
[force_row_wise: 0]
[histogram_pool_size: -1]
[max_depth: -1]
[min_data_in_leaf: 50]
[min_sum_hessian_in_leaf: 0.001]
[bagging_fraction: 1]
[pos_bagging_fraction: 1]
[neg_bagging_fraction: 1]
[bagging_freq: 0]
[bagging_seed: 400]
[bagging_by_query: 0]
[feature_fraction: 1]
[feature_fraction_bynode: 1]
[feature_fraction_seed: 30056]
[extra_trees: 0]
[extra_seed: 12879]
[early_stopping_round: 0]
[early_stopping_min_delta: 0]
[first_metric_only: 0]
[max_delta_step: 0]
[lambda_l1: 0.1]
[lambda_l2: 0.1]
[linear_lambda: 0]
[min_gain_to_split: 0]
[drop_rate: 0.1]
[max_drop: 50]
[skip_drop: 0.5]
[xgboost_dart_mode: 0]
[uniform_drop: 0]
[drop_seed: 17869]
[top_rate: 0.2]
[other_rate: 0.1]
[min_data_per_group: 100]
[max_cat_threshold: 32]
[cat_l2: 10]
[cat_smooth: 10]
[max_cat_to_onehot: 4]
[top_k: 20]
[monotone_constraints: ]
[monotone_constraints_method: basic]
[monotone_penalty: 0]
[feature_contri: ]
[forcedsplits_filename: ]
[refit_decay_rate: 0.9]
[cegb_tradeoff: 1]
[cegb_penalty_split: 0]
[cegb_penalty_feature_lazy: ]
[cegb_penalty_feature_coupled: ]
[path_smooth: 0]
[interaction_constraints: ]
[verbosity: -1]
[saved_feature_importance_type: 0]
[use_quantized_grad: 0]
[num_grad_quant_bins: 4]
[quant_train_renew_leaf: 0]
[stochastic_rounding: 1]
[linear_tree: 0]
[max_bin: 255]
[max_bin_by_feature: ]
[min_data_in_bin: 3]
[bin_construct_sample_cnt: 200000]
[data_random_seed: 175]
[is_enable_sparse: 1]
[enable_bundle: 1]
[use_missing: 1]
[zero_as_missing: 0]
[feature_pre_filter: 1]
[pre_partition: 0]
[two_round: 0]
[header: 0]
[label_column: ]
[weight_column: ]
[group_column: ]
[ignore_column: ]
[categorical_feature: 12]
[forcedbins_filename: ]
[precise_float_parser: 0]
[parser_config_file: ]
[objective_seed: 16083]
[num_class: 1]
[is_unbalance: 0]
[scale_pos_weight: 1]
[sigmoid: 1]
[boost_from_average: 1]
[reg_sqrt: 0]
[alpha: 0.9]
[fair_c: 1]
[poisson_max_delta_step: 0.7]
[tweedie_variance_power: 1.5]
[lambdarank_truncation_level: 30]
[lambdarank_norm: 1]
[label_gain: ]
[lambdarank_position_bias_regularization: 0]
[eval_at: ]
[multi_error_top_k: 1]
[auc_mu_weights: ]
[num_machines: 1]
[local_listen_port: 12400]
[time_out: 120]
[machine_list_filename: ]
[machines: ]
[gpu_platform_id: -1]
[gpu_device_id: -1]
[gpu_use_dp: 0]
[num_gpu: 1]

end of parameters

pandas_categorical:null
