tree
version=v4
num_class=1
num_tree_per_iteration=1
label_index=0
max_feature_idx=13
objective=binary sigmoid:1
feature_names=lightgcn_score cooccurrence_score segment_popularity_score known_hobby_compatibility age_group_fit occupation_fit region_fit popularity_prior mismatch_penalty popularity_penalty novelty_bonus category_diversity_reward is_cold_start text_embedding_similarity
feature_infos=none [0:1] none [0:0.53793102502822876] [0:0.8125] [0:0.6834532618522644] [0:0.39097744226455688] [0:1] [0:0.65672630071640015] [0:1] [0:1] none -1:1:0 [0:0.51872283220291138]
tree_sizes=3307 3443 3430 3413 3429 3432 3448 3448 3419 3447 3463 3449 3458 3440 3450 3452 3438 3401 3457 3469 3468 3459 3463 3455 3483 3464 3446 3461 3471 3464 3460 3442 3491

Tree=0
num_leaves=31
num_cat=0
split_feature=1 1 1 7 1 1 3 7 3 1 1 3 1 7 7 3 7 7 7 1 7 7 3 1 7 7 7 1 7 3
split_gain=4047.64 677.443 405.934 184.536 69.656 17.714 14.1699 11.9098 11.2126 8.27807 7.12002 7.63397 6.84832 19.7893 8.35973 9.63345 6.23524 5.99183 5.30812 5.29586 5.25107 4.61892 6.08276 4.02967 6.00174 4.69175 4.60689 8.15621 8.9147 3.96541
threshold=0.77664399147033703 0.93257576227188121 0.59787234663963329 0.2824715524911881 0.33687943220138555 0.67006802558898937 0.33693875372409826 0.00067396344093140226 0.024494340643286708 0.9595918357372285 0.49489796161651617 0.026192452758550647 0.83697199821472179 0.0023993098875507717 0.030705774202942852 0.085183933377265944 0.14350029826164248 0.0029923977563157682 0.010891249403357508 0.51165312528610241 0.018978809937834743 0.072599343955516829 0.064172957092523589 0.87627550959587108 0.67466436326503765 0.091119859367609038 0.091119859367609038 0.88762626051902782 0.035531353205442436 1.0000000180025095e-35
decision_type=2 2 2 2 2 2 2 2 2 2 2 2 2 2 2 2 2 2 2 2 2 2 2 2 2 2 2 2 2 2
left_child=2 6 4 9 7 16 12 -1 -7 -3 -6 18 14 -14 -2 -16 -4 -9 -12 -20 -19 22 -10 25 26 -15 27 -25 -29 -22
right_child=1 3 5 -5 10 8 -8 17 21 -11 11 -13 13 23 15 -17 -18 20 19 -21 29 -23 -24 24 -26 -27 -28 28 -30 -31
leaf_value=-1.4451444982589072 -1.3097477646933895 -1.2671948966603734 -1.3955372217703226 -1.1787990010188616 -1.4221408722894244 -1.3770318803429891 -1.3841428980389079 -1.4016295970720734 -1.3511091746240944 -1.2455192832850379 -1.4148768764115376 -1.4230314917075551 -1.3834395486099413 -1.2802837891497145 -1.3481275908447139 -1.3067085593446377 -1.3590148384284975 -1.4392964799715176 -1.4163957564115479 -1.3830611528211529 -1.4163826949608134 -1.3455743596032166 -1.385641619578035 -1.3760038038295757 -1.3529390098112599 -1.3149919859266905 -1.3079155127126794 -1.3117785340664927 -1.368559806679494 -1.4341320750615703
leaf_weight=674.23998492956161 25.439999431371689 114.71999743580818 90.239997982978821 118.23999735713005 259.19999420642853 114.8799974322319 11.519999742507933 13.919999688863752 29.599999338388443 89.439998000860214 38.559999138116837 58.559998691082001 12.159999728202818 15.039999663829802 97.759997814893723 16.799999624490738 13.279999703168867 311.67999303340912 15.679999649524687 47.839998930692673 54.239998787641525 62.399998605251312 22.879999488592148 8.1599998176097852 15.039999663829802 39.519999116659164 57.759998708963394 42.239999055862427 8.6399998068809492 85.919998079538345
leaf_count=4214 159 717 564 739 1620 718 72 87 185 559 241 366 76 94 611 105 83 1948 98 299 339 390 143 51 94 247 361 264 54 537
internal_value=-1.38629 -1.28093 -1.42373 -1.22864 -1.43443 -1.37365 -1.32914 -1.44085 -1.36591 -1.25761 -1.41698 -1.4086 -1.32728 -1.32118 -1.33601 -1.34195 -1.39078 -1.4346 -1.40024 -1.39125 -1.4356 -1.35485 -1.36604 -1.31715 -1.32221 -1.30516 -1.31833 -1.32872 -1.32127 -1.42733
internal_weight=2565.6 672.48 1893.12 322.4 1559.84 333.28 350.08 1140 229.76 204.16 419.84 160.64 338.56 198.56 140 114.56 103.52 465.76 102.08 63.52 451.84 114.88 52.48 186.4 131.84 54.56 116.8 59.04 50.88 140.16
internal_count=16035 4203 11832 2015 9749 2083 2188 7125 1436 1276 2624 1004 2116 1241 875 716 647 2911 638 397 2824 718 328 1165 824 341 730 369 318 876
is_linear=0
shrinkage=1


Tree=1
num_leaves=31
num_cat=1
split_feature=1 1 1 7 1 1 1 7 7 7 3 7 7 1 7 1 7 3 12 3 3 3 1 3 7 3 7 3 3 1
split_gain=3506.45 559.203 330.07 124.114 40.8004 37.2357 13.3231 16.707 10.7663 8.32815 7.1693 6.66835 6.6072 7.62362 5.80376 5.79749 4.64247 4.4399 4.35178 4.19517 4.17021 5.0706 3.80825 5.56084 8.87761 3.80399 5.27745 3.65165 4.61147 3.6248
threshold=0.75582656264305126 0.93257576227188121 0.51042118668556224 0.2824715524911881 0.67006802558898937 0.24744898080825808 0.83697199821472179 0.0023993098875507717 0.14350029826164248 0.00067396344093140226 0.024494340643286708 0.0029923977563157682 0.14350029826164248 0.81934732198715221 0.14037310332059863 0.9595918357372285 0.072599343955516829 0.050365727394819267 0 0.10478704050183298 0.049422385171055801 0.026963805779814724 0.60208335518836986 0.026192452758550647 0.010891249403357508 0.080938752740621581 0.67466436326503765 0.050767736509442336 0.03119421657174826 0.77664399147033703
decision_type=2 2 2 2 2 2 2 2 2 2 2 2 2 2 2 2 2 2 1 2 2 2 2 2 2 2 2 2 2 2
left_child=2 6 5 15 8 9 12 -8 22 -1 -6 -11 13 29 -13 18 17 -12 20 25 21 -3 23 24 -4 26 -9 28 -15 -2
right_child=1 3 4 -5 10 -7 7 19 -10 11 16 14 -14 27 -16 -17 -18 -19 -20 -21 -22 -23 -24 -25 -26 -27 -28 -29 -30 -31
leaf_value=-0.058485097698311984 0.030093525029833347 0.10800726847896613 -0.032380102846027256 0.17474869895621259 0.007955291103448045 -0.036872512021523376 0.0018684603944941983 0.064810110300523374 0.02280721355813637 -0.0083678694298573286 0.029889118383315677 -0.051010724752380693 0.028053371194132377 0.037132072304047956 -0.011614510804019196 0.12304930314597756 0.038472780043159759 -0.00037552663351344618 0.077475913656131157 0.032320018704772156 0.12398589569387133 0.071853251826650408 -0.0085295210033382238 -0.035422134216812153 0.0010973210684721917 0.088823866888195435 0.035027263330381413 0.043706860550742098 -0.012423215985662999 0.061554821525488274
leaf_weight=624.40402656793594 11.772100344300268 57.436789646744728 35.546103090047836 132.95872373878956 99.107908368110657 406.07079049944878 12.341037273406981 154.28747987747192 18.615973025560379 10.304360687732695 26.304354652762413 331.82608790695667 71.351207226514816 9.3881488293409365 10.029873445630072 97.006000742316246 47.2070631980896 21.798388943076134 14.744966894388197 12.003309503197668 36.862417235970497 13.887701377272604 88.307701125741005 49.139446467161179 43.920264601707458 15.673882648348807 17.750277280807495 20.990805119276047 9.0165017992258054 65.605202704668045
leaf_count=4045 73 335 226 739 616 2600 77 924 115 65 161 2138 437 57 64 559 288 136 86 74 215 81 555 314 274 94 108 128 55 396
internal_value=-7.69823e-05 0.0905986 -0.0377558 0.136483 0.000495152 -0.0496532 0.0500992 0.0587617 -0.0134843 -0.0549582 0.0174547 -0.0486757 0.0402821 0.0476811 -0.0498732 0.113259 0.0272615 0.0160982 0.105399 0.0622496 0.109083 0.101148 -0.016631 -0.0221442 -0.0138365 0.0641186 0.0617884 0.0293925 0.0126486 0.0568779
internal_weight=2565.66 753.077 1812.58 352.897 429.947 1382.64 400.18 212.056 235.529 976.564 194.418 352.16 188.124 116.773 341.856 219.938 95.3098 48.1027 122.932 199.715 108.187 71.3245 216.914 128.606 79.4664 187.712 172.038 39.3955 18.4047 77.3773
internal_count=16035 4438 11597 2015 2685 8912 2423 1277 1484 6312 1201 2267 1146 709 2202 1276 585 297 717 1200 631 416 1369 814 500 1126 1032 240 112 469
cat_boundaries=0 1
cat_threshold=2
is_linear=0
shrinkage=0.05


Tree=2
num_leaves=31
num_cat=0
split_feature=1 1 1 7 1 1 1 7 7 7 7 3 3 7 3 7 1 1 1 1 3 1 3 3 7 3 7 3 1 7
split_gain=3076.3 436.568 314.868 92.5216 36.8538 36.7443 10.1972 13.7419 9.76966 8.36316 6.44257 6.26391 6.16987 5.62717 5.23357 4.62414 6.4293 5.01578 4.50113 4.00874 5.44639 4.01345 4.76451 4.05033 3.98455 3.90378 3.58359 6.03773 4.18345 3.44811
threshold=0.75582656264305126 0.92546296119689953 0.51042118668556224 0.2824715524911881 0.24744898080825808 0.67006802558898937 0.83697199821472179 0.0023993098875507717 0.14350029826164248 0.00067396344093140226 0.0029923977563157682 0.024494340643286708 0.2899406254291535 0.14037310332059863 0.087420001626014723 0.038092413917183883 0.77913278341293346 0.81934732198715221 0.9595918357372285 0.87627550959587108 0.10436635836958887 0.88762626051902782 0.037991126999259002 0.049937656149268157 0.072599343955516829 0.050365727394819267 0.0039089879719540485 0.029671942815184597 0.61294063925743114 0.091119859367609038
decision_type=2 2 2 2 2 2 2 2 2 2 2 2 2 2 2 2 2 2 2 2 2 2 2 2 2 2 2 2 2 2
left_child=2 6 4 18 9 8 12 -8 26 -1 -11 -7 14 -12 15 16 -2 -18 -3 29 21 22 -21 -24 25 -13 28 -28 -4 -9
right_child=1 3 5 -5 -6 11 7 19 -10 10 13 24 -14 -15 -16 -17 17 -19 -20 20 -22 -23 23 -25 -26 -27 27 -29 -30 -31
leaf_value=-0.05769235414191759 0.0054611417083502865 0.094242487185614773 -0.037364718040683406 0.15184948420657784 -0.035858177497156238 0.0075212882155956716 0.0017737671297053026 0.088078099411629432 0.021377240931360661 -0.0079946090518185284 -0.050068062685780845 0.027898077896883245 -0.0022655329406153606 -0.011119619274419722 0.061863911582726694 0.028687420861795734 0.064601819382843609 0.033606819182056262 0.10931827333333979 0.019106106970409709 0.016321842993578983 0.060525137608237745 0.073247531222162529 0.031480155652416179 0.035726425662913557 -0.00035691716950211308 -0.0035187922837243662 -0.023086655295771256 -0.007506959970778191 0.059717520413793163
leaf_weight=601.90703257918358 8.6821640580892545 133.78137564659119 35.176330164074898 145.02405273914337 396.91790980100632 99.578723549842834 12.354851841926573 16.5859375 18.868143051862717 10.252222269773482 321.43671464920044 26.767304062843323 9.1035437583923322 9.9587582200765592 23.301630854606628 93.875352680683136 34.48592421412468 23.086044415831566 103.55862286686897 16.136404305696487 10.597505956888197 90.491567105054855 13.713818520307543 11.436393544077871 48.273140430450439 21.793484270572662 90.183224007487297 71.00439465045929 18.362213730812073 44.259182557463646
leaf_count=4045 53 738 228 739 2600 616 77 94 115 65 2138 161 55 64 135 564 201 138 559 94 64 525 79 67 288 136 568 457 116 256
internal_value=-0.000135746 0.0818696 -0.0367544 0.120263 -0.0486963 0.000463128 0.0458659 0.0534073 -0.0129248 -0.0540871 -0.0477058 0.0164093 0.0373726 -0.0489164 0.0393672 0.0360258 0.0462893 0.0523395 0.100885 0.0565194 0.0516782 0.054469 0.0409603 0.0546528 0.0254806 0.0151402 -0.0159708 -0.0121786 -0.0272507 0.0676623
internal_weight=2560.95 790.474 1770.48 382.364 1340.47 430.007 408.11 215.576 233.594 943.555 341.648 196.413 192.535 331.395 183.431 160.129 66.2541 57.572 237.34 203.221 142.376 131.778 41.2866 25.1502 96.8339 48.5608 214.726 161.188 53.5385 60.8451
internal_count=16035 4438 11597 2036 8912 2685 2402 1256 1484 6312 2267 1201 1146 2202 1091 956 392 339 1297 1179 829 765 240 146 585 297 1369 1025 344 350
is_linear=0
shrinkage=0.05


Tree=3
num_leaves=31
num_cat=0
split_feature=1 1 1 7 1 1 1 3 3 7 7 7 3 7 7 3 1 7 7 7 3 1 3 3 3 3 3 1 1 7
split_gain=2736.5 466.119 173.037 72.5148 27.8441 23.204 23.0678 9.58713 8.70797 8.41611 8.33295 6.22617 5.58147 5.45802 5.0922 4.29047 4.5338 9.71122 6.9753 3.94779 3.67114 3.50915 3.16521 3.88212 2.95641 2.51765 7.09056 2.51175 2.34728 2.38745
threshold=0.69476488232612621 0.92546296119689953 0.44948978722095495 0.2824715524911881 0.77664399147033703 0.59787234663963329 0.24744898080825808 0.33693875372409826 0.038451150059700019 0.00067396344093140226 0.030705774202942852 0.0029923977563157682 0.057922588661313064 0.14037310332059863 0.14350029826164248 0.085183933377265944 0.83697199821472179 0.0023993098875507717 0.030705774202942852 0.67466436326503765 0.043072111904621131 0.97056278586387645 0.0086930938996374624 0.035543255507946021 0.055363984778523452 0.049422385171055801 0.030644544400274757 0.029437229968607429 0.49489796161651617 0.010891249403357508
decision_type=2 2 2 2 2 2 2 2 2 2 2 2 2 2 2 2 2 2 2 2 2 2 2 2 2 2 2 2 2 2
left_child=2 4 6 21 8 20 9 15 -2 27 -7 -11 -12 -13 -14 16 18 -18 -6 -19 28 25 -23 -24 -21 26 -3 -1 -4 -30
right_child=1 3 5 -5 7 10 -8 -9 -10 11 12 13 14 -15 -16 -17 17 19 -20 24 -22 22 23 -25 -26 -27 -28 -29 29 -31
leaf_value=-0.058649920835460112 0.010384603049349857 0.084764641952194464 -0.029368029941630874 0.13483875548852628 0.061287516452354113 -0.010787024828868827 -0.037234028180783835 0 0.03422897338525703 -0.0076364207394184411 0.019625445297860436 -0.049151568467961315 -0.017381804384527435 -0.01064299670494756 0.022760859382890946 0.060133664427200501 0.0042671066295567597 0.053986028038049798 0.030415199409573435 0.047931439512145735 -0.033223206451761314 0.11535206095482838 0.067507016489095781 0.098390839461152249 0.0073746755752522597 0.095223292138840218 0.039215407584414358 -0.049769217430655328 -0.024991388027376396 -0.0097651321635240807
leaf_weight=467.09844866394997 100.69697692990303 81.878880381584167 36.360689923167229 154.88516212999821 22.845872342586517 71.014490500092506 303.45630034804344 11.859411567449568 62.722065106034279 10.202445238828657 69.504665613174438 311.3187048137188 24.660429090261459 9.8907561749219877 11.443718910217283 47.829302474856377 11.886164784431456 161.8141991943121 104.2670871168375 9.7079621404409426 55.55220590531826 25.794646918773651 14.656049385666845 65.659101247787476 8.9888289272785169 51.267139121890068 10.306525096297262 112.83194570243359 38.67278203368187 83.298403203487396
leaf_count=3258 614 431 243 739 128 449 2035 72 372 65 425 2138 156 64 67 269 74 905 611 56 370 132 75 336 52 268 55 787 256 533
internal_value=-0.000181292 0.0672165 -0.0399481 0.107848 0.0369078 -0.0109748 -0.049256 0.0443541 0.0195823 -0.053249 0.00241209 -0.0467607 0.0113367 -0.047985 -0.00449219 0.0457822 0.0436001 0.048543 0.036047 0.0514268 -0.0220489 0.0910293 0.0985147 0.0929082 0.028842 0.0853928 0.0797743 -0.0569396 -0.0180782 -0.0146503
internal_weight=2552.37 947.065 1605.31 404.448 542.618 390.507 1214.8 379.199 163.419 911.342 176.623 331.412 105.609 321.209 36.1041 367.339 319.51 192.397 127.113 180.511 213.884 249.562 106.11 80.3152 18.6968 143.453 92.1854 579.93 158.332 121.971
internal_count=16035 5189 10846 2036 3153 2499 8347 2167 986 6312 1097 2267 648 2202 223 2095 1826 1087 739 1013 1402 1297 543 411 108 754 486 4045 1032 789
is_linear=0
shrinkage=0.05


Tree=4
num_leaves=31
num_cat=0
split_feature=1 1 1 7 1 1 7 7 3 3 7 7 3 1 3 1 3 7 1 7 3 7 3 1 3 3 7 3 3 7
split_gain=2449.63 444.433 111.158 62.5063 36.7671 17.4408 11.9343 8.28931 8.15272 7.18598 5.32644 5.41482 4.13065 3.87295 4.44718 3.77344 3.68592 5.14578 4.06227 8.21746 5.58837 3.23734 5.44536 3.86611 3.14869 5.40818 3.37038 4.9354 2.99568 2.97136
threshold=0.67006802558898937 0.91945946216583263 0.33687943220138555 0.2824715524911881 0.77664399147033703 0.51042118668556224 0.00067396344093140226 0.14350029826164248 0.33693875372409826 0.024494340643286708 0.0029923977563157682 0.018978809937834743 1.0000000180025095e-35 0.94935896992683422 0.011063992511481048 0.18274582922458651 0.085183933377265944 0.67466436326503765 0.84150716662406932 0.0023993098875507717 0.0090895015746355074 0.0039089879719540485 0.029671942815184597 0.61294063925743114 0.03119421657174826 0.038451150059700019 0.091119859367609038 0.050365727394819267 0.021145785227417949 0.14037310332059863
decision_type=2 2 2 2 2 2 2 2 2 2 2 2 2 2 2 2 2 2 2 2 2 2 2 2 2 2 2 2 2 2
left_child=2 4 6 13 9 -4 15 21 16 28 -8 -12 29 14 -3 -1 17 18 20 -20 -6 23 -23 -7 -11 -26 27 -27 -2 -13
right_child=1 3 5 -5 8 7 10 -9 -10 24 11 12 -14 -15 -16 -17 -18 -19 19 -21 -22 22 -24 -25 25 26 -28 -29 -30 -31
leaf_value=-0.056982405299871391 0.009305366119005884 0.052736218483004305 -0.030820792750467365 0.1219599058816172 0.051229969107083086 -0.035681879987209578 -0.012844883703013656 0.019344449385692786 0 0.048143888430268462 -0.04952282995995521 -0.032089016604643798 -0.044066136720281604 0.086305172793746124 0.080630596262025775 -0.041926838521339771 0.055311590992194161 0.018578823965642456 0.0058814213523985283 0.049998254172617287 0.027666603501113232 -0.0029474831915710618 -0.021687746965419641 -0.0066757588000027172 -0.014585413805281632 0.034270680263138613 0.033397743996823513 0.00064254210094481941 -0.021162689127843061 -0.0030613772398940479
leaf_weight=533.26167510449886 109.14862301945686 23.467050850391388 261.72704376280308 163.41181756556034 37.242339968681335 33.823332726955414 13.412016868591307 19.232525154948235 11.859411567449568 12.837493821978567 275.36751663684845 37.208719953894615 76.809223130345345 191.18283689022064 48.470272809267044 49.577776178717613 49.365999206900597 26.374000683426857 11.594426751136778 162.75814108550549 85.595233872532845 89.532609090209007 69.302675381302834 18.15892767906189 9.234011843800543 18.716811135411263 54.632462382316589 26.721044197678566 8.5285908579826337 12.088613450527189
leaf_count=3863 666 120 1787 742 208 228 87 115 72 75 1948 259 537 948 245 351 269 151 72 885 491 568 457 116 54 109 315 165 52 80
internal_value=-0.000217134 0.0582216 -0.0414618 0.0975658 0.031335 -0.021982 -0.0510552 -0.0118955 0.0409196 0.0159252 -0.0444812 -0.0455222 -0.0367145 0.0823561 0.0716863 -0.0557177 0.0422171 0.0401873 0.0420813 0.0470982 0.0348872 -0.014777 -0.0111642 -0.0256775 0.0244332 0.0215613 0.0249579 0.0146493 0.00703866 -0.0250927
internal_weight=2540.64 1051.14 1489.5 426.532 624.609 491.777 997.726 230.05 384.79 239.819 414.886 401.474 126.107 263.12 71.9373 582.839 372.93 323.564 297.19 174.353 122.838 210.818 158.835 51.9823 122.142 109.304 100.07 45.4379 117.677 49.2973
internal_count=16035 5639 10396 2055 3584 3271 7125 1484 2148 1436 2911 2824 876 1313 365 4214 2076 1807 1656 957 699 1369 1025 344 718 643 589 274 718 339
is_linear=0
shrinkage=0.05


Tree=5
num_leaves=31
num_cat=0
split_feature=1 1 1 7 1 1 7 3 3 1 3 7 7 3 3 1 7 8 1 3 3 7 1 7 3 3 7 1 3 1
split_gain=2205.17 375.302 108.675 53.2248 31.6996 16.5186 12.0181 7.04081 6.31914 5.34438 6.65664 5.15951 5.35564 4.1243 4.00457 3.83741 3.69149 3.53986 3.15803 3.6328 2.97967 3.92161 4.08577 7.46492 6.10082 2.89803 4.51251 4.23332 3.61513 2.85123
threshold=0.67006802558898937 0.91945946216583263 0.33687943220138555 0.2824715524911881 0.77664399147033703 0.59787234663963329 0.00067396344093140226 0.33693875372409826 0.023002674803137783 0.49489796161651617 0.026192452758550647 0.0029923977563157682 0.018978809937834743 0.011968885548412802 1.0000000180025095e-35 0.029437229968607429 0.14350029826164248 0.32502581179142004 0.94935896992683422 0.011063992511481048 0.085183933377265944 0.67466436326503765 0.84150716662406932 0.0023993098875507717 0.0090895015746355074 0.041031122207641609 0.038092413917183883 0.80566483736038219 0.019166309386491779 0.029437229968607429
decision_type=2 2 2 2 2 2 2 2 2 2 2 2 2 2 2 2 2 2 2 2 2 2 2 2 2 2 2 2 2 2
left_child=2 4 6 18 8 9 15 17 -2 -4 13 -8 -13 -11 29 -1 -7 20 19 -3 21 22 24 -24 -6 28 -27 -28 -26 -14
right_child=1 3 5 -5 7 16 11 -9 -10 10 -12 12 14 -15 -16 -17 -18 -19 -20 -21 -22 -23 23 -25 25 26 27 -29 -30 -31
leaf_value=-0.057356128443542181 0.0065191893825264748 0.048896956433536198 -0.030748830344043351 0.11134950948745292 0.049527799792510284 -0.0071075659007121608 -0.012306941271974452 0 0.022773516536113782 -0.016774539870632012 -0.032698388607242848 -0.048666396050041236 -0.0090718889577421549 0.0064971543353727406 -0.043132419895561748 -0.047105051597921853 0.020271916317804034 0.0080844558661667936 0.078986906875198687 0.073871175216966234 0.051784809827972469 0.018665347575388264 0.0055699730084112558 0.047574220073204401 0.034750815287289356 0.048556478784538976 0.034471527255568228 -0.0062566859868198061 0.0014161498792285006 -0.034249861265546945
leaf_weight=432.31444984674454 116.23143072426319 24.036581695079803 232.25284741818905 169.86295984685421 37.52971163392067 87.666276946663857 13.30549895763397 11.859411567449568 125.72559376060963 71.726264849305153 53.584401354193687 266.43232861161232 19.532919451594353 25.481080710887909 74.606878966093063 128.98249867558479 14.162677586078642 9.3612273931503278 198.26567387580872 50.221233993768692 49.618217900395393 25.060804709792137 11.635112643241881 162.40966279804707 12.948833003640173 24.056578457355499 15.561710700392725 10.414360076189039 22.508676081895828 28.965267986059189
leaf_count=3258 706 120 1620 742 204 564 87 72 730 474 366 1948 136 164 537 956 83 51 948 245 263 142 72 861 73 134 89 60 127 203
internal_value=-0.000246395 0.0539256 -0.0405264 0.089282 0.0292727 -0.0211935 -0.0502407 0.038047 0.0149918 -0.0259527 -0.0185169 -0.0435596 -0.0446108 -0.0106225 -0.0357605 -0.0550182 -0.00323434 0.0392273 0.0754733 0.0659311 0.0399958 0.0381488 0.0397688 0.0447997 0.03258 0.0250324 0.032854 0.0179896 0.0137938 -0.0242517
internal_weight=2526.32 1077.31 1449.01 442.386 634.921 484.874 964.14 392.964 241.957 383.045 150.792 402.843 389.537 97.2073 123.105 561.297 101.829 381.105 272.523 74.2578 371.744 322.125 297.065 174.045 123.02 85.4902 50.0326 25.9761 35.4575 48.4982
internal_count=16035 5639 10396 2055 3584 3271 7125 2148 1436 2624 1004 2911 2824 638 876 4214 647 2076 1313 365 2025 1762 1620 933 687 483 283 149 200 339
is_linear=0
shrinkage=0.05


Tree=6
num_leaves=31
num_cat=0
split_feature=1 1 1 7 1 1 7 7 3 3 7 7 1 3 3 7 7 3 1 1 1 7 7 1 7 3 1 13 3 3
split_gain=1990.92 321.51 106.261 46.6121 27.478 15.5501 12.1159 6.99265 6.23882 5.56693 4.9968 5.30058 3.92004 3.88265 3.56834 3.79028 3.0587 4.79377 3.58114 2.91721 2.90864 6.02643 4.59091 2.82673 2.82448 2.73506 2.70996 2.4129 2.35117 5.46448
threshold=0.67006802558898937 0.91945946216583263 0.33687943220138555 0.2824715524911881 0.77664399147033703 0.51042118668556224 0.00067396344093140226 0.14350029826164248 0.18643133342266086 0.024494340643286708 0.0029923977563157682 0.018978809937834743 0.16172623634338382 1.0000000180025095e-35 0.085183933377265944 0.67466436326503765 0.0039089879719540485 0.029671942815184597 0.61294063925743114 0.71269842982292186 0.84150716662406932 0.0023993098875507717 0.030705774202942852 0.9595918357372285 0.14037310332059863 0.021145785227417949 0.60922586917877208 0.2875331342220307 0.019166309386491779 0.037497466430068023
decision_type=2 2 2 2 2 2 2 2 2 2 2 2 2 2 2 2 2 2 2 2 2 2 2 2 2 2 2 2 2 2
left_child=2 4 6 23 9 27 12 16 14 25 -8 -12 -1 24 15 20 18 -18 -7 -11 22 -22 -6 -3 -13 -2 -19 -4 -24 -30
right_child=1 3 5 -5 8 7 10 -9 -10 19 11 13 -14 -15 -16 -17 17 26 -20 -21 21 -23 28 -25 -26 -27 -28 -29 29 -31
leaf_value=-0.055907592010592567 0.0084329368186873543 0.064767380852673154 -0.030104815113174935 0.1026380849669313 0.050028803949290129 -0.034213374312763896 -0.011788120162835113 0.0175167111678502 0.0044555240207128921 0.011391994820470184 -0.047828869149881409 -0.030427973187731196 -0.041875202152635183 -0.042214478376247977 0.049815007043686341 0.016408814699075656 -0.0023717784794029862 -0.029247513247987002 -0.0060438750734920221 0.027421256374308867 0.0052760613640528359 0.042953314507163665 0.036159797157775606 0.075698574201742197 -0.0018413239574248238 -0.02075708168503082 -0.0087799383681385606 -0.0067620633462384481 -0.0075125968844208697 0.02723538731113366
leaf_weight=479.58207693696022 110.16242438554764 158.9314251691103 239.40412673354149 174.93325607478619 24.581040978431702 32.669966191053391 13.203610584139822 19.565385475754738 15.978346779942511 46.869676500558853 257.76560974121094 35.841315612196922 60.786887854337692 72.474466904997826 47.910360082983971 26.902785792946815 88.880418047308922 37.033949464559555 18.006004214286804 78.485419899225235 11.673655986785887 170.73324842751026 35.677115261554718 121.80050773918629 11.89452914893627 8.4741242229938489 30.405353829264641 12.263409972190855 14.072119101881979 52.908254101872444
leaf_count=3754 666 754 1700 742 128 228 87 115 94 273 1948 259 460 537 247 151 568 258 116 445 72 885 195 559 80 52 199 87 80 296
internal_value=-0.000269081 0.0501382 -0.0396078 0.0822854 0.0273904 -0.0204251 -0.0494469 -0.01088 0.0354574 0.0141211 -0.042654 -0.0437156 -0.0543464 -0.0348216 0.0367314 0.0348398 -0.0135954 -0.0100688 -0.0243344 0.0214817 0.0364191 0.0405737 0.0303968 0.0695531 -0.0234282 0.00629008 -0.0201203 -0.0289904 0.0256032 0.0198602
internal_weight=2509.87 1100.09 1409.78 455.665 644.429 478.229 931.548 226.561 400.437 243.992 391.18 377.976 540.369 120.21 384.459 336.548 206.996 156.32 50.676 125.355 309.645 182.407 127.239 280.732 47.7358 118.637 67.4393 251.668 102.657 66.9804
internal_count=16035 5639 10396 2055 3584 3271 7125 1484 2148 1436 2911 2824 4214 876 2054 1807 1369 1025 344 718 1656 957 699 1313 339 718 457 1787 571 376
is_linear=0
shrinkage=0.05


Tree=7
num_leaves=31
num_cat=0
split_feature=1 1 1 7 1 1 7 7 3 3 7 7 1 3 8 3 1 7 7 1 7 3 1 1 1 10 3 3 13 3
split_gain=1801.83 278.839 103.868 39.6373 24.3814 14.6162 12.2227 6.3491 5.47338 4.94762 4.83809 5.24525 4.01248 3.76143 3.07329 2.8858 3.06061 5.89835 5.38847 3.16987 2.85208 4.42889 3.96863 3.37562 2.7247 4.97086 2.71095 2.40973 2.27476 2.21318
threshold=0.67006802558898937 0.92546296119689953 0.33687943220138555 0.2824715524911881 0.77664399147033703 0.51042118668556224 0.00067396344093140226 0.14350029826164248 0.18643133342266086 0.023002674803137783 0.0029923977563157682 0.018978809937834743 0.029437229968607429 1.0000000180025095e-35 0.32502581179142004 0.085183933377265944 0.83697199821472179 0.0023993098875507717 0.038092413917183883 0.81934732198715221 0.0039089879719540485 0.026058908551931385 0.60922586917877208 0.61294063925743114 0.029437229968607429 0.32745434343814855 0.017762367613613609 0.049937656149268157 0.2875331342220307 0.03119421657174826
decision_type=2 2 2 2 2 2 2 2 2 2 2 2 2 2 2 2 2 2 2 2 2 2 2 2 2 2 2 2 2 2
left_child=2 4 6 -3 9 28 12 20 14 -2 -8 -12 -1 24 15 16 18 -18 19 -6 23 26 -23 -7 25 -13 -22 -21 -4 -11
right_child=1 3 5 -5 8 7 10 -9 -10 29 11 13 -14 -15 -16 -17 17 -19 -20 27 21 22 -24 -25 -26 -27 -28 -29 -30 -31
leaf_value=-0.056191286898683107 0.005805282927145201 0.064811089585890103 -0.029193518512829426 0.095076443178948589 0.047086562289471515 -0.033265285276779043 -0.011287967850667033 0.016478907960447479 0.0042233416513086479 0.038118553950166605 -0.047007791334472852 0.012716692729310594 -0.045371984542338706 -0.041310581260763257 0.005738628226263187 0.046950657820695636 0.0029634997781141075 0.039484365025008406 0.017643362945141482 0.0048040751342972822 -0.0052860041016247914 -0.028987272329639893 -0.0062441619278423392 -0.0057652372587827403 -0.032636498346933884 -0.038889976279124709 0.019895249393548711 0.037023356123521048 -0.006456016400546551 0.01755659733911985
leaf_weight=399.37816299498081 117.13476261496544 284.74252089858055 234.65903277695179 178.19039678573608 38.602936208248138 31.942612320184708 13.106184169650076 19.758843570947647 16.018377244472504 15.425370290875433 249.37040096521378 11.50401020050049 120.68598838150501 70.412218227982521 9.5706526637077314 47.851119458675385 12.064217180013655 192.08956433832645 70.303510949015617 10.597976446151733 64.410010978579521 40.183244869112968 38.040324330329895 17.93902176618576 27.862975895404816 7.6291807889938346 12.686422199010847 13.9824538230896 12.208691820502279 113.3305384516716
leaf_count=3258 706 1297 1700 739 199 228 87 115 94 87 1948 80 956 537 51 241 74 983 390 59 412 284 249 116 203 56 80 76 87 643
internal_value=-0.000287913 0.0467657 -0.0387062 0.0764895 0.0258048 -0.019681 -0.048672 -0.01042 0.0332621 0.0133088 -0.0417639 -0.0428359 -0.0536994 -0.0339 0.0344255 0.0351231 0.0334187 0.0373532 0.0273404 0.0380062 -0.0130412 -0.00963497 -0.0180132 -0.0235068 -0.0226268 -0.00769623 -0.00105719 0.0234102 -0.0280924 0.0200865
internal_weight=2491.68 1119.9 1371.78 462.933 656.971 471.828 899.949 224.96 411.081 245.891 379.885 366.779 520.064 117.408 395.062 385.492 337.641 204.154 133.487 63.1834 205.202 155.32 78.2236 49.8816 46.9962 19.1332 77.0964 24.5804 246.868 128.756
internal_count=16035 5639 10396 2036 3603 3271 7125 1484 2167 1436 2911 2824 4214 876 2073 2022 1781 1057 724 334 1369 1025 533 344 339 136 492 135 1787 730
is_linear=0
shrinkage=0.05


Tree=8
num_leaves=31
num_cat=0
split_feature=1 1 1 7 1 1 7 7 3 7 7 3 1 3 7 7 1 7 8 7 7 10 1 3 7 1 7 3 3 7
split_gain=1633.96 244.05 101.504 36.187 21.2958 13.7318 12.3366 5.34791 4.84894 4.68272 5.18949 4.36968 4.09452 3.64103 3.43923 4.32778 3.90029 2.84151 2.63692 2.57324 2.34124 3.20739 2.20219 2.41347 2.31655 2.1253 3.5109 2.43495 2.93448 1.99667
threshold=0.67006802558898937 0.92546296119689953 0.33687943220138555 0.2824715524911881 0.77664399147033703 0.49489796161651617 0.00067396344093140226 0.14350029826164248 0.33693875372409826 0.0029923977563157682 0.018978809937834743 0.023002674803137783 0.18274582922458651 1.0000000180025095e-35 0.061681136488914497 0.014746320433914663 0.60922586917877208 0.14037310332059863 0.32502581179142004 0.14037310332059863 0.10702539607882501 0.33239749073982244 0.71269842982292186 0.057922588661313064 0.14773278683423999 0.97056278586387645 0.10060926526784898 0.0086930938996374624 0.035543255507946021 0.025745403021574024
decision_type=2 2 2 2 2 2 2 2 2 2 2 2 2 2 2 2 2 2 2 2 2 2 2 2 2 2 2 2 2 2
left_child=2 4 6 25 11 -4 12 14 18 -8 -11 -2 -1 19 15 -7 -16 -18 -6 20 21 -12 23 -13 -25 26 -3 -27 -29 -15
right_child=1 3 5 -5 8 7 9 -9 -10 10 13 22 -14 29 16 -17 17 -19 -20 -21 -22 -23 -24 24 -26 27 -28 28 -30 -31
leaf_value=-0.054513057028147821 0.0054962908812984457 0.044880745571724757 -0.028079948889923712 0.088878274484445879 0.032661432244193357 -0.015731857740495413 -0.010806037898586911 0.013460483571458138 0 -0.046200944304520264 0.0012247900573078814 0.022547506779459815 -0.037929672508672574 -0.01885198352504152 -0.037696578216929177 0.00026389012034317685 0.013148122774234003 -0.026748491947631615 0.0054389122342859402 -0.0012215136909854308 -0.052207729150711292 -0.034404518916758907 0.023895950741995173 -0.012802947495008148 0.016934553671893067 0.078836670267513675 0.061255478353912741 0.041055740169117241 0.065473929013584356 -0.044066133124770486
leaf_weight=456.44117129594088 117.52906811237335 52.354107946157455 219.07404279708862 181.01425927877426 395.95988251268864 116.60153585672379 13.013053745031355 20.499815508723259 11.919520944356917 241.24801369011402 9.7950004190206545 21.536420881748199 43.951625362038612 10.183598816394804 26.634016841650009 65.355647429823875 8.5996924787759781 8.8929628878831863 9.5979388505220395 11.794089809060095 8.2936211377382261 16.402132272720337 82.119653448462486 15.065231308341026 11.426514029502869 30.269556105136871 114.71456860005856 16.954676806926727 76.669733762741089 58.236367642879486
leaf_count=3863 706 238 1620 739 2044 802 87 119 72 1948 73 120 351 80 186 429 56 59 51 80 62 124 455 92 63 132 516 75 336 457
internal_value=-0.000302601 0.0437378 -0.0378193 0.0712387 0.0242086 -0.0189577 -0.0479131 -0.0108249 0.0311074 -0.0408873 -0.0419696 0.0125521 -0.0530743 -0.0329942 -0.013054 -0.00996203 -0.0256394 -0.00688717 0.032031 -0.021847 -0.0287314 -0.0209387 0.0188763 0.010158 0 0.0602209 0.056184 0.0655745 0.0611538 -0.0404192
internal_weight=2472.15 1137.13 1335.02 471.977 665.154 465.658 869.359 246.584 417.477 368.966 355.953 247.677 500.393 114.705 226.084 181.957 44.1267 17.4927 405.558 46.2848 34.4908 26.1971 130.148 48.0282 26.4917 290.963 167.069 123.894 93.6244 68.42
internal_count=16035 5639 10396 2036 3603 3271 7125 1651 2167 2911 2824 1436 4214 876 1532 1231 301 115 2095 339 259 197 730 275 155 1297 754 543 411 537
is_linear=0
shrinkage=0.05


Tree=9
num_leaves=31
num_cat=1
split_feature=1 1 1 7 1 1 7 7 7 7 1 3 3 3 7 12 1 10 3 3 3 7 3 3 8 1 3 1 7 1
split_gain=1484.11 215.676 99.1942 35.2527 18.2378 12.9069 12.4536 4.86502 4.53056 5.12957 4.22365 4.21065 3.87454 3.52077 3.22968 2.85563 2.60656 4.53481 2.55668 2.27547 4.65469 2.56808 3.79694 2.29325 2.26603 2.23975 2.67476 2.20353 5.34885 4.76017
threshold=0.67006802558898937 0.91945946216583263 0.33687943220138555 0.2824715524911881 0.77664399147033703 0.49489796161651617 0.00067396344093140226 0.14350029826164248 0.0029923977563157682 0.018978809937834743 0.029437229968607429 0.33693875372409826 0.024494340643286708 1.0000000180025095e-35 0.10702539607882501 0 0.029437229968607429 0.32745434343814855 0.021145785227417949 0.03119421657174826 0.038451150059700019 0.091119859367609038 0.050365727394819267 0.081303000450134291 0.32502581179142004 0.94935896992683422 0.011063992511481048 0.74322345852851879 0.030705774202942852 0.77207791805267345
decision_type=2 2 2 2 2 2 2 2 2 2 2 2 2 2 2 1 2 2 2 2 2 2 2 2 2 2 2 2 2 2
left_child=2 4 6 25 12 -4 10 14 -8 -10 -1 24 18 16 -7 -12 17 -11 27 -14 -21 22 -22 -24 -6 26 -3 28 -2 -29
right_child=1 3 5 -5 11 7 8 -9 9 13 15 -13 19 -15 -16 -17 -18 -19 -20 20 21 -23 23 -25 -26 -27 -28 29 -30 -31
leaf_value=-0.05513629410186998 -0.025917762088514398 0.03424655156728916 -0.027205180280988048 0.083786010804975664 0.030406477150736418 -0.010679474061214835 -0.010341877059471555 0.012693719352594661 -0.045406340262211652 0.012816257609815427 -0.046984628256853796 0 0.037175081846093978 -0.039542410643052139 -0.032757827092183438 -0.023347885353925294 -0.031108004502412991 -0.037217685675493467 -0.020847457943308671 -0.017476464351650147 0.026279177204919318 0.025601453634887878 -0.013574343705727153 0.01584449350740836 0.0051556802804696104 0.05860026339790142 0.054605491604432232 0.029870999458357351 0.0087122433080701091 -0.0068366813812497694
leaf_weight=368.48972716927528 13.58969336748123 26.238733112812042 214.92280925810337 183.60216289758682 398.10993732511997 205.92881371080875 12.924058854579924 20.653174698352814 233.3983398526907 11.487211033701898 96.736491084098816 11.919520944356917 13.922944977879522 66.503048293292522 18.253801569342613 16.129402533173561 26.84979222714901 7.2688077092170706 8.4851441532373411 9.6013238430023176 19.977772802114487 58.199801504611969 17.10780426859856 10.604760020971296 9.623761445283888 218.00650173425674 55.303151398897171 25.087785825133324 59.496821880340576 13.252674758434294
leaf_count=3258 82 120 1620 742 2025 1405 87 119 1948 80 819 72 75 537 127 137 203 56 52 54 109 315 102 63 51 948 245 150 356 78
internal_value=-0.000314044 0.0409979 -0.0369439 0.0664564 0.0225966 -0.0182508 -0.0471685 -0.0103622 -0.0400237 -0.0411162 -0.0524688 0.028968 0.0118452 -0.0321075 -0.0125133 -0.0436747 -0.0210936 -0.00640354 0.00530391 0.0178588 0.0154568 0.0185037 0.00970184 -0.00212038 0.0298242 0.0557935 0.0481656 0.00735707 0.00217821 0.0170679
internal_weight=2451.68 1152.13 1299.55 483.151 668.98 459.759 839.787 244.836 358.431 345.507 481.356 419.653 249.327 112.109 224.183 112.866 45.6058 18.756 119.912 129.414 115.491 105.89 47.6903 27.7126 407.734 299.548 81.5419 111.427 73.0865 38.3405
internal_count=16035 5639 10396 2055 3584 3271 7125 1651 2911 2824 4214 2148 1436 876 1532 956 339 136 718 718 643 589 274 165 2076 1313 365 666 438 228
cat_boundaries=0 1
cat_threshold=2
is_linear=0
shrinkage=0.05


Tree=10
num_leaves=31
num_cat=1
split_feature=1 1 1 7 1 7 1 1 7 7 1 3 3 3 3 12 3 7 1 10 1 7 7 7 1 7 1 1 3 7
split_gain=1349.8 191.775 96.9062 32.8623 16.0051 12.5762 12.2874 4.44955 4.38058 5.0711 4.30957 3.75542 3.46619 3.40226 3.31123 2.80815 2.6028 3.12024 2.44925 4.19173 2.1887 4.46776 3.47078 2.17336 2.10438 2.97988 2.09365 4.13133 3.28861 2.27215
threshold=0.67006802558898937 0.91945946216583263 0.33687943220138555 0.2824715524911881 0.77664399147033703 0.00067396344093140226 0.59787234663963329 0.44948978722095495 0.0029923977563157682 0.018978809937834743 0.029437229968607429 0.18643133342266086 0.023002674803137783 1.0000000180025095e-35 0.10232980921864511 0 0.085183933377265944 0.67466436326503765 0.029437229968607429 0.32745434343814855 0.84150716662406932 0.0023993098875507717 0.030705774202942852 0.14350029826164248 0.9595918357372285 0.10060926526784898 0.87627550959587108 0.88762626051902782 0.037991126999259002 0.091119859367609038
decision_type=2 2 2 2 2 2 2 2 2 2 2 2 2 2 2 1 2 2 2 2 2 2 2 2 2 2 2 2 2 2
left_child=2 4 5 24 12 10 7 -4 -7 -10 -1 16 -2 18 -9 -12 17 20 19 -11 22 -22 -6 -8 25 -3 29 28 -28 -23
right_child=1 3 6 -5 11 8 23 14 9 13 15 -13 -14 -15 -16 -17 -18 -19 -20 -21 21 26 -24 -25 -26 -27 27 -29 -30 -31
leaf_value=-0.054637558121004764 0.0048912735512825359 0.037722990192444239 -0.028200108475137427 0.079061697588989718 0.039283028489781324 -0.0098950371871540134 -0.0051597153096906694 -0.015052327180717695 -0.044622197630194899 0.012078475572657515 -0.046238130061070165 0.003158700116676696 0.016744291019040649 -0.038672386699805883 -0.042133326772020571 -0.022576599853302719 0.038870417022281931 0.01029717433321862 -0.030213500982065395 -0.036324712241794614 0.0015991152878839577 0.056815920567951407 0.018760961949449113 0.015493569782518099 0.057238996059772611 0.052704049578875811 0.0007907596330853201 0.036147912285333136 0.028724725845458338 0.033208867628413512
leaf_weight=353.63780678808689 118.2960077226162 52.004069849848747 158.93283733725548 184.81563495099545 26.33930541574955 12.839039370417593 85.382442831993103 182.76696252822876 225.81997235119343 11.583002597093584 93.468261703848839 16.184771314263344 132.56349870562553 64.648985512554646 12.234118282794951 15.856883533298967 51.359900668263435 28.437615469098091 26.280120968818665 7.082366168498992 12.167552590370176 18.584998369216919 108.62700517475605 14.802594989538191 131.79680325090885 120.42065271735191 18.473519116640091 90.950030148029327 25.664093434810638 28.393052130937576
leaf_count=3258 706 230 1222 742 128 87 564 1309 1948 80 819 94 730 537 93 137 247 151 203 56 72 88 571 83 559 524 92 442 125 138
internal_value=-0.000323528 0.0385046 -0.0360794 0.0623584 0.0212351 -0.0464356 -0.0175624 -0.0219386 -0.0391697 -0.0402721 -0.0518807 0.0271525 0.0111789 -0.0312305 -0.0167977 -0.0428756 0.0280888 0.026516 -0.0203532 -0.00611683 0.0278983 0.0313815 0.0228291 -0.00204588 0.0521721 0.0482392 0.0333424 0.0300029 0.0171744 0.0427551
internal_weight=2430.41 1165.08 1265.34 489.037 676.041 811.216 454.119 353.934 348.253 335.414 462.963 425.182 250.86 109.594 195.001 109.325 408.997 357.637 44.9455 18.6654 329.2 194.233 134.966 100.185 304.222 172.425 182.066 135.088 44.1376 46.9781
internal_count=16035 5639 10396 2055 3584 7125 3271 2624 2911 2824 4214 2148 1436 876 1402 956 2054 1807 339 136 1656 957 699 647 1313 754 885 659 217 226
cat_boundaries=0 1
cat_threshold=2
is_linear=0
shrinkage=0.05


Tree=11
num_leaves=31
num_cat=0
split_feature=1 1 1 7 1 7 1 1 3 7 7 7 1 3 3 3 1 3 7 1 7 1 10 7 7 7 13 8 7 3
split_gain=1229.31 171.482 94.6125 29.2525 14.3999 12.6996 11.4686 4.40063 4.32979 4.23289 5.00993 4.20111 3.82676 3.34676 3.28423 3.07258 2.72384 3.83289 3.62798 3.13646 3.30778 2.29918 3.87468 2.2479 2.10182 2.07744 2.03327 1.96705 1.83228 3.08616
threshold=0.67006802558898937 0.92546296119689953 0.33687943220138555 0.2824715524911881 0.77664399147033703 0.00067396344093140226 0.49489796161651617 0.18274582922458651 0.029671942815184597 0.0029923977563157682 0.018978809937834743 0.15288186818361285 0.60922586917877208 0.33693875372409826 1.0000000180025095e-35 0.023002674803137783 0.61294063925743114 0.011968885548412802 0.018978809937834743 0.56980520486831676 0.010891249403357508 0.029437229968607429 0.32745434343814855 0.038092413917183883 0.020488488487899307 0.025745403021574024 0.31775154173374182 0.32502581179142004 0.091119859367609038 0.050365727394819267
decision_type=2 2 2 2 2 2 2 2 2 2 2 2 2 2 2 2 2 2 2 2 2 2 2 2 2 2 2 2 2 2
left_child=2 4 5 -3 15 7 26 -1 11 -7 -11 16 23 27 21 -2 17 19 -18 -8 -21 22 -12 -10 -22 -16 -4 -6 29 -17
right_child=1 3 6 -5 13 9 8 -9 12 10 14 -13 -14 -15 25 28 18 -19 -20 20 24 -23 -24 -25 -26 -27 -28 -29 -30 -31
leaf_value=-0.052906052962645861 0.0046335743011276746 0.049251359334314002 -0.026574208252296491 0.074621722979813329 0.026889643391456344 -0.0094650603294458707 -0.0074512159238042846 -0.034971709342206836 -0.021132968893157883 -0.043846929852546977 0.011389158451966848 0.021075290547525626 -0.0071132090240158463 -6.4442297783682455e-05 -0.015214261581899339 0.019155409868851888 -0.0048012642707527392 0.0039568078257738925 0.031016674841632494 -0.045934323403897866 0 -0.029333505902884451 -0.035443255065952639 -0.046624170512247397 -0.032608397176978908 -0.041706487921372562 -0.001262436431021271 0.0035479858250727679 0.021433221072235897 -0.002821888730727105
leaf_weight=405.04512241482735 118.62812747061253 304.87881748378277 198.53094233572483 184.6946759223938 412.41102662682533 12.757839068770407 40.790445044636726 40.155871190130711 32.788263276219368 218.51043762266636 11.673502102494242 14.455391272902487 40.631066188216209 11.941399246454237 9.5030343830585462 36.070281103253365 25.67545972764492 29.751154318451881 9.5727806240320188 14.994956731796263 11.367372527718546 25.732223562896252 6.9026779234409323 12.68952966481447 8.7519233226776105 53.359780393540859 8.7078728377819044 9.7676187306642515 69.705661550164223 27.940630301833153
leaf_count=3863 706 1297 1554 739 2044 87 290 351 245 1948 80 82 270 72 80 193 169 198 61 109 74 203 56 97 56 457 66 51 372 165
internal_value=-0.000329158 0.0362346 -0.0352263 0.058846 0.020095 -0.045713 -0.0168948 -0.0513079 -0.00945042 -0.0383254 -0.0394374 -0.0044183 -0.0184558 0.0256241 -0.0303677 0.0105569 -0.00708225 -0.0111094 0.00484501 -0.0170779 -0.0280659 -0.0196327 -0.00584206 -0.0284421 -0.0143399 -0.0378116 -0.0255359 0.0263624 0.015767 0.00949494
internal_weight=2408.39 1176.04 1232.35 489.573 686.465 783.64 448.707 445.201 241.468 338.439 325.682 155.359 86.1089 434.12 107.171 252.345 140.904 105.656 35.2482 75.9047 35.1143 44.3084 18.5762 45.4778 20.1193 62.8628 207.239 422.179 133.717 64.0109
internal_count=16035 5639 10396 2036 3603 7125 3271 4214 1651 2911 2824 1039 612 2167 876 1436 957 727 230 529 239 339 136 342 130 537 1620 2095 730 358
is_linear=0
shrinkage=0.05


Tree=12
num_leaves=31
num_cat=1
split_feature=1 1 1 7 1 7 1 1 7 7 7 3 3 12 7 1 1 7 3 1 1 3 7 7 7 10 13 3 1 7
split_gain=1120.53 154.09 92.2677 27.2489 13.0005 12.8192 10.7617 4.55012 4.13178 4.08753 4.94364 3.16844 3.03907 2.88139 2.80819 3.28639 3.33276 2.57971 3.74892 3.40597 3.06128 2.33798 2.27006 2.20031 2.58446 2.88552 2.15001 2.1264 2.09293 2.01297
threshold=0.67006802558898937 0.93257576227188121 0.33687943220138555 0.2824715524911881 0.77664399147033703 0.00067396344093140226 0.51042118668556224 0.029437229968607429 0.14350029826164248 0.0029923977563157682 0.018978809937834743 1.0000000180025095e-35 0.18643133342266086 0 0.091119859367609038 0.73401361703872692 0.68237251043319713 0.0039089879719540485 0.026058908551931385 0.60922586917877208 0.61294063925743114 0.017762367613613609 0.039979510009288795 0.14037310332059863 0.10702539607882501 0.33239749073982244 0.2875331342220307 0.085183933377265944 0.64480286836624157 0.025745403021574024
decision_type=2 2 2 2 2 2 2 2 2 2 2 2 2 1 2 2 2 2 2 2 2 2 2 2 2 2 2 2 2 2
left_child=2 4 5 -3 14 7 26 -1 17 -7 -11 23 27 -9 15 16 22 20 21 -20 -8 -19 -2 24 25 -12 -4 -6 -10 -13
right_child=1 3 6 -5 12 9 8 13 28 10 11 29 -14 -15 -16 -17 -18 18 19 -21 -22 -23 -24 -25 -26 -27 -28 -29 -30 -31
leaf_value=-0.053708651085205977 -0.0040805755881264914 0.046392730554260277 -0.025045536127654429 0.070899112919708365 0.023641116058658179 -0.0090514962612352808 -0.030457891132960886 -0.044768147298185852 0.029133618729373284 -0.04307912348787872 0.0039766856859360933 -0.014624624881149344 0.0026358409916132346 -0.0202196224724864 0.015637100068758146 0.013893132537503817 -0.0088703242663106634 -0.0033356329418536262 -0.025806334956021915 -0.0042428138198935738 -0.0037433177099962852 0.020128881216745449 0.026458283588897083 0 -0.050947346743950732 -0.03083530258330296 -0.0023471312335868353 0.034669149143312525 -0.002381843882418389 -0.040888156855938752
leaf_weight=325.75832641124725 10.181598275899889 303.55103929340839 214.24321439862251 184.67608773708344 374.74277028441429 12.68030786514282 29.870692566037178 87.241583094000816 10.064818650484087 211.4663502573967 9.4329304248094576 9.3986196219921094 16.266467809677124 15.060477934777735 117.9229744374752 58.940526098012924 52.582629442214966 62.773811429738998 37.533560141921043 37.018766209483147 17.461375772953033 12.657109826803206 14.077144995331762 11.553765565156935 7.7672528177499762 14.940337300300596 11.503014191985129 52.70120507478714 10.353925615549086 51.749516226351261
leaf_count=3258 61 1276 1700 739 1847 87 228 819 58 1948 73 80 94 137 653 335 308 412 284 249 116 80 79 80 62 124 87 247 57 457
internal_value=-0.000335547 0.0341387 -0.0343865 0.0556853 0.0190419 -0.0449989 -0.016253 -0.0507475 -0.00828132 -0.0374908 -0.0386119 -0.0295213 0.0242117 -0.0412263 0.00997471 0.0050124 -0.00174372 -0.0105118 -0.00724005 -0.015186 -0.0207366 0.00055689 0.0134715 -0.0189316 -0.025641 -0.0171969 -0.0239126 0.0250203 0.0129754 -0.0369635
internal_weight=2386.17 1185.64 1200.53 488.227 697.415 757.049 443.48 428.06 217.734 328.989 316.309 104.842 443.71 102.302 253.705 135.782 76.8414 197.315 149.983 74.5523 47.3321 75.4309 24.2587 43.6943 32.1405 24.3733 225.746 427.444 20.4187 61.1481
internal_count=16035 5639 10396 2015 3624 7125 3271 4214 1484 2911 2824 876 2188 956 1436 783 448 1369 1025 533 344 492 140 339 259 197 1787 2094 115 537
cat_boundaries=0 1
cat_threshold=2
is_linear=0
shrinkage=0.05


Tree=13
num_leaves=31
num_cat=0
split_feature=1 1 1 7 1 7 1 7 7 1 7 1 1 3 1 7 1 7 7 1 7 3 3 7 3 3 1 7 1 7
split_gain=1023.7 168.425 58.2003 27.8981 21.0351 9.17111 7.32244 5.20196 5.06012 7.57545 4.33213 6.74506 3.22259 3.06446 2.95115 4.62791 2.80137 3.12946 2.75655 7.29724 6.36015 2.59716 2.4595 2.2152 2.53601 6.08809 2.48901 1.98278 1.95737 2.63182
threshold=0.59787234663963329 0.91945946216583263 0.24744898080825808 0.2824715524911881 0.75582656264305126 0.00067396344093140226 0.44948978722095495 0.0035046099219471221 0.030705774202942852 0.74322345852851879 0.082439210265874877 0.072299651801586165 0.029437229968607429 0.10232980921864511 0.83697199821472179 0.0023993098875507717 0.87627550959587108 0.67466436326503765 0.091119859367609038 0.87841832637786876 0.014746320433914663 0.052183898165822036 0.2899406254291535 0.038092413917183883 0.046377308666706092 0.028668756596744064 0.83503401279449474 0.038092413917183883 0.9595918357372285 0.10060926526784898
decision_type=2 2 2 2 2 2 2 2 2 2 2 2 2 2 2 2 2 2 2 2 2 2 2 2 2 2 2 2 2 2
left_child=2 4 5 28 8 12 -4 -7 9 -2 -9 -12 -1 -8 22 -16 27 18 19 -18 -21 -22 23 24 25 -6 -25 -17 29 -3
right_child=1 3 6 -5 14 7 13 10 -10 -11 11 -13 -14 -15 15 16 17 -19 -20 20 21 -23 -24 26 -26 -27 -28 -29 -30 -31
leaf_value=-0.053263769552255286 -0.010435222318066237 0.029879501141759347 -0.028042038889537005 0.067810160926114194 0.029268217488612316 -0.00785982122617984 -0.013119151494312201 -0.042928087456361841 0.0093162478959504264 0.02956313856214636 0.0072087419923689069 -0.039950811312314413 -0.041528606866723106 -0.040039913732676007 -0.0030755409548567599 0.049164287995131367 -0.016941236159153366 0.0033348662573179557 0.032903347170956609 0.042391592336445884 -0.0039743937177903563 0.022637800360055225 -0.0068075329400787412 0.017434840220245485 0.036403739497994483 -0.0059744959169892491 -0.0011514986137729966 0.029993739131878857 0.047972854381003002 0.04362759478748135
leaf_weight=312.39454735815525 80.44641001522541 53.940450116991997 241.85646349936724 184.87176409363747 39.004488870501518 13.627599909901617 176.84345185756683 201.34661473333836 217.74540142714977 13.739812687039374 11.697462320327757 20.512077800929546 80.501172810792923 11.407901071012018 13.09195765852928 20.193475276231766 11.724598616361616 17.970882013440132 72.420820951461792 30.451793327927589 15.591797053813933 21.152016088366508 9.5798358619213086 106.5226765871048 31.40003576874733 17.492490857839584 21.061522036790848 54.373404815793037 135.92509196698666 124.86537651717663
leaf_count=3258 518 230 2035 742 192 104 1309 1898 1251 79 82 183 787 93 75 92 60 91 343 143 74 101 55 547 155 88 109 258 559 524
internal_value=-0.0003401 0.0295857 -0.0365164 0.0523314 0.0152619 -0.0460823 -0.0222615 -0.0384135 0.00512169 -0.0045221 -0.0401707 -0.0226999 -0.0508832 -0.0147975 0.0218111 0.0255221 0.0270784 0.0234044 0.0257508 0.0190907 0.0254678 0.0112294 0.0175422 0.0186506 0.0248432 0.0182768 0.014329 0.0353112 0.0432046 0.0395272
internal_weight=2363.75 1293.57 1070.19 499.603 793.963 640.079 430.108 247.184 311.932 94.1862 233.556 32.2095 392.896 188.251 482.032 256.971 243.879 169.312 151.341 78.9202 67.1956 36.7438 225.061 215.481 87.897 56.497 127.584 74.5669 314.731 178.806
internal_count=16035 6286 9749 2055 4231 6312 3437 2267 1848 597 2163 265 4045 1402 2383 1237 1162 812 721 378 318 175 1146 1091 435 280 656 350 1313 754
is_linear=0
shrinkage=0.05


Tree=14
num_leaves=31
num_cat=0
split_feature=1 1 1 7 1 7 1 7 7 1 7 1 1 3 1 7 1 7 7 1 7 7 1 7 7 7 1 3 1 7
split_gain=937.247 152.097 57.3191 26.5997 18.6726 9.29731 6.94705 5.02599 4.54215 6.78684 4.2483 6.35606 3.29978 2.9126 2.60959 4.10366 2.44664 2.76224 2.40592 6.52266 5.66991 2.23368 2.14135 3.37063 1.99793 3.85311 2.48958 1.98104 2.20077 1.79697
threshold=0.59787234663963329 0.91945946216583263 0.24744898080825808 0.2824715524911881 0.75582656264305126 0.00067396344093140226 0.44948978722095495 0.0035046099219471221 0.030705774202942852 0.74322345852851879 0.082439210265874877 0.072299651801586165 0.029437229968607429 0.10232980921864511 0.83697199821472179 0.0023993098875507717 0.87627550959587108 0.67466436326503765 0.091119859367609038 0.87841832637786876 0.035531353205442436 0.014746320433914663 0.81934732198715221 0.14350029826164248 0.018978809937834743 0.061681136488914497 0.35634921491146093 0.03119421657174826 0.30457638204097753 0.035531353205442436
decision_type=2 2 2 2 2 2 2 2 2 2 2 2 2 2 2 2 2 2 2 2 2 2 2 2 2 2 2 2 2 2
left_child=2 4 5 -3 8 12 24 -7 9 -2 -9 -12 -1 -8 22 -16 -17 18 19 -18 21 -21 23 -6 -4 26 -26 28 -27 -24
right_child=1 3 6 -5 14 7 13 10 -10 -11 11 -13 -14 -15 15 16 17 -19 -20 20 -22 -23 29 -25 25 27 -28 -29 -30 -31
leaf_value=-0.052833387858870477 -0.0099793320587887261 0.040715513478221513 -0.031303499822340076 0.064739686379164427 0.025577981598775723 -0.0075104293598928784 -0.012577259698194239 -0.042175198954445159 0.0088048597726309973 0.027637243304388937 0.0068188796476112258 -0.039134780482061503 -0.040773499450244041 -0.03918490787898439 -0.0029279605233667769 0.033112090658185267 -0.01622991518095138 0.0031641375376074234 0.030858023867681057 0.039628400149777296 -0.0079706202491552133 0.019006752580141117 -0.0082892305377318884 0.011085358522788939 0.013410069987497436 -0.047813702953617671 -0.017277492286249706 -0.036370590450784335 -0.014187479621034 0.012760611257890686
leaf_weight=299.51925811171532 79.933388218283653 317.2334912866354 134.76056503504515 183.98403789103031 96.304802373051643 13.55504062771797 175.28461360931396 194.86128769814968 218.84911222755909 13.963390842080114 11.752211213111879 19.910290762782097 77.959225848317146 11.084443949162958 13.069867745041845 75.536959365010262 11.633301362395285 17.998199835419655 73.341925472021103 30.940205797553062 11.299663111567495 25.608895912766457 12.624618321657179 71.916816085577011 10.419489048421385 5.8851194232702246 17.277054026722908 35.54303777962923 33.096036069095135 45.94361038506031
leaf_count=3258 518 1313 1172 742 469 104 1309 1898 1251 79 82 183 787 93 75 350 60 91 343 143 55 120 66 378 88 50 143 308 274 233
internal_value=-0.0003415 0.0279623 -0.0356995 0.0495553 0.0144055 -0.0454216 -0.0214981 -0.0376068 0.00485162 -0.00430873 -0.0393816 -0.0219529 -0.0503674 -0.0142067 0.0205382 0.0240123 0.0254625 0.0220332 0.0242192 0.0179993 0.0239571 0.030428 0.0165333 0.0194222 -0.0272028 -0.0217225 -0.00554619 -0.0276519 -0.0195014 0.00813161
internal_weight=2341.09 1300.18 1040.91 501.218 798.965 617.557 423.35 240.079 312.746 93.8968 226.524 31.6625 377.478 186.369 486.219 259.429 246.359 170.822 152.824 79.4821 67.8488 56.5491 226.79 168.222 236.981 102.221 27.6965 74.5242 38.9812 58.5682
internal_count=16035 6286 9749 2055 4231 6312 3437 2267 1848 597 2163 265 4045 1402 2383 1237 1162 812 721 378 318 263 1146 847 2035 863 231 632 324 299
is_linear=0
shrinkage=0.05


Tree=15
num_leaves=31
num_cat=0
split_feature=1 1 1 7 1 7 1 7 7 1 7 1 1 3 1 7 1 1 7 7 7 7 3 7 7 1 3 1 1 7
split_gain=858.548 137.714 56.3858 24.0435 16.863 9.41997 6.58953 4.85235 4.16206 5.98708 4.07847 6.08577 3.37919 2.76612 2.40997 4.37458 1.9688 2.46342 5.87041 4.72448 2.377 2.71642 2.22564 1.91278 3.62725 2.26554 1.90348 2.11489 1.89519 2.97174
threshold=0.59787234663963329 0.92546296119689953 0.24744898080825808 0.2824715524911881 0.75582656264305126 0.00067396344093140226 0.44948978722095495 0.0035046099219471221 0.082439210265874877 0.072299651801586165 0.030705774202942852 0.74322345852851879 0.029437229968607429 0.10232980921864511 0.83697199821472179 0.0023993098875507717 0.87627550959587108 0.87841832637786876 0.035531353205442436 0.14773278683423999 0.014746320433914663 0.091119859367609038 0.052183898165822036 0.018978809937834743 0.061681136488914497 0.35634921491146093 0.03119421657174826 0.30457638204097753 0.81934732198715221 0.14350029826164248
decision_type=2 2 2 2 2 2 2 2 2 2 2 2 2 2 2 2 2 2 2 2 2 2 2 2 2 2 2 2 2 2
left_child=2 4 5 -3 10 12 23 -7 -9 -10 11 -2 -1 -8 28 -16 -17 18 -18 -20 -19 22 -22 -4 25 -25 27 -26 29 -6
right_child=1 3 6 -5 14 7 13 8 9 -11 -12 -13 -14 -15 15 16 17 20 19 -21 21 -23 -24 24 26 -27 -28 -29 -30 -31
leaf_value=-0.052415918685380647 -0.0095409361123190758 0.038727510866593047 -0.030451078161172047 0.061667645720200406 0.024041928092977807 -0.0071749584175044654 -0.012053767928994376 -0.041426813400167711 0.0064518356960865698 -0.038324961776601246 0.0083241490211637941 0.025871685865767682 -0.040021873723613433 -0.038338871883504315 -0.004719615949751896 0.031079116572701827 -0.020797646547363057 0.037111218736767933 0.033624970840757877 -0.0019059190556122809 -0.0040605292600532838 0.027706963511052726 0.020486745144166173 0.012620793854577384 -0.047093785092746671 -0.016628529569609418 -0.035517943423962348 -0.013621898268430894 0.0076910333455069511 0.010474244433716355
leaf_weight=287.12427833676338 79.443344384431839 315.87268625199795 131.68821589648724 182.03918626904488 97.314353406429291 13.485862158238886 173.79552345722914 188.62356114387512 11.804072275757791 19.331389240920544 219.89124728739262 14.171735122799872 75.516479648649693 10.77278660982847 13.445601433515547 76.436606198549271 10.74329663813114 31.381804376840591 25.150459289550781 14.438382446765898 15.599008202552794 57.271543011069298 21.455287083983421 10.521103195846083 5.6830061152577391 17.063223212957382 34.60300038009882 32.759594149887562 58.785574153065681 72.30274772644043
leaf_count=3258 518 1297 1172 739 469 104 1309 1898 82 183 1251 79 787 93 77 350 56 143 116 69 74 270 101 88 50 143 308 274 299 378
internal_value=-0.000342807 0.0264504 -0.0348908 0.0471353 0.0136908 -0.0447662 -0.0207559 -0.0368065 -0.038598 -0.0212228 0.00459671 -0.00410483 -0.0498605 -0.013635 0.0194461 0.0227288 0.0242116 0.0211854 0.011616 0.0205684 0.0249649 0.0208359 0.0100352 -0.0263834 -0.0209857 -0.00528647 -0.0268305 -0.0188092 0.0155941 0.0182975
internal_weight=2318.51 1305.74 1012.77 497.912 807.831 595.886 416.886 233.245 219.759 31.1355 313.506 93.6151 362.641 184.568 494.325 265.922 252.476 176.04 50.3321 39.5888 125.708 94.3258 37.0543 232.318 100.63 27.5843 73.0456 38.4426 228.403 169.617
internal_count=16035 6286 9749 2036 4250 6312 3437 2267 2163 265 1848 597 4045 1402 2402 1256 1179 829 241 185 588 445 175 2035 863 231 632 324 1146 847
is_linear=0
shrinkage=0.05


Tree=16
num_leaves=31
num_cat=0
split_feature=1 1 1 7 1 7 1 7 7 1 7 1 1 8 4 1 7 3 7 7 1 3 7 7 1 4 7 1 3 3
split_gain=786.793 125.007 55.4142 22.3148 15.5644 9.53808 6.2432 4.68092 4.07341 5.63703 3.66317 5.46142 3.46038 3.37017 3.53849 2.99019 3.53584 2.62485 1.82857 3.46901 2.08075 2.00767 1.84802 3.49868 1.91678 1.82344 1.71664 1.66974 3.0129 3.87062
threshold=0.59787234663963329 0.93440860509872448 0.24744898080825808 0.2824715524911881 0.75582656264305126 0.00067396344093140226 0.44948978722095495 0.0035046099219471221 0.082439210265874877 0.072299651801586165 0.030705774202942852 0.74322345852851879 0.029437229968607429 0.33082628250122076 0.19662392884492877 0.83697199821472179 0.0023993098875507717 0.10232980921864511 0.018978809937834743 0.072599343955516829 0.35634921491146093 0.046377308666706092 0.01620208099484444 0.0097859492525458353 0.26598639786243444 0.31289508938789373 0.091119859367609038 0.87627550959587108 0.10436635836958887 0.057638918980956085
decision_type=2 2 2 2 2 2 2 2 2 2 2 2 2 2 2 2 2 2 2 2 2 2 2 2 2 2 2 2 2 2
left_child=2 4 5 -3 10 12 18 -7 25 -10 11 -2 -1 14 15 -6 -17 -8 22 20 -20 26 23 24 -4 -9 -21 -18 29 -29
right_child=1 3 6 -5 13 7 17 8 9 -11 -12 -13 -14 -15 -16 16 27 -19 19 21 -22 -23 -24 -25 -26 -27 -28 28 -30 -31
leaf_value=-0.052009888179168323 -0.0091195436012775841 0.036826761181776052 -0.0072522724860444865 0.059092663401353829 0.014092129941036442 -0.0068529868329943542 -0.011548329656363928 -0.041595762501676105 0.0061060841019087613 -0.037520690454209561 0.0078719790375744881 0.024248257699904192 -0.039273022249291197 -0.009599558153452023 0.046987887083246027 -0.0029255756227066446 0.029932758586493014 -0.037500988209908798 0.0083102064218726398 -0.037679982367989362 -0.016596664932027664 -0.043513976649055958 -0.041651872289081342 0 -0.032090196225639613 -0.011502866502427572 -0.015884928035730918 0.019107510971747583 -0.0035125505710437697 0.040725764803002724
leaf_weight=275.20028682053089 78.975380510091782 307.8511503636837 9.2529751881957036 180.51570388674736 221.35163994133472 13.419916890561579 172.37346775084734 176.87526271492243 11.853206261992456 18.77487625926733 220.87551574409008 14.366019636392592 73.170487366616726 10.134793043136595 11.308599323034285 13.064885169267653 73.271454423666 10.472733043134211 12.724459610879419 13.136225640773771 23.193517901003361 15.228609122335909 26.898431681096554 11.328609362244604 81.259454801678658 5.7527342364192 34.818749770522118 142.02680157124996 11.655289918184279 24.942207306623459
leaf_count=3258 518 1256 91 739 1102 104 1309 1838 82 183 1251 79 787 51 55 75 331 93 107 118 198 138 255 100 726 60 302 652 61 116
internal_value=-0.00034296 0.0250401 -0.034089 0.0450776 0.0131249 -0.0441148 -0.0200312 -0.0360118 -0.0378192 -0.0205093 0.00435598 -0.00391 -0.0493611 0.0185397 0.0191247 0.0184569 0.0220778 -0.0130818 -0.0255781 -0.0202663 -0.00763565 -0.0273441 -0.0296093 -0.0263418 -0.029617 -0.040682 -0.0220252 0.0233951 0.0206702 0.0223893
internal_weight=2296.07 1310.34 985.734 488.367 821.973 575.047 410.687 226.676 213.256 30.6281 314.217 93.3414 348.371 507.756 497.621 486.312 264.961 182.846 227.841 99.1016 35.918 63.1836 128.739 101.841 90.5124 182.628 47.955 251.896 178.624 166.969
internal_count=16035 6286 9749 1995 4291 6312 3437 2267 2163 265 1848 597 4045 2443 2392 2337 1235 1402 2035 863 305 558 1172 917 817 1898 420 1160 829 768
is_linear=0
shrinkage=0.05


Tree=17
num_leaves=31
num_cat=0
split_feature=1 1 1 7 1 7 1 7 7 1 1 5 7 1 3 8 4 1 7 1 7 1 7 3 1 3 7 7 3 1
split_gain=721.279 113.841 54.3973 23.546 13.0626 9.64955 5.91133 4.5119 3.98278 5.3049 3.54291 3.38606 3.37242 5.01675 2.48865 1.89401 3.25541 2.17494 2.87746 1.87635 2.34373 1.85974 2.52577 3.03671 2.99114 2.05793 1.86673 1.84459 2.11666 3.39276
threshold=0.59787234663963329 0.91864311695098888 0.24744898080825808 0.2824715524911881 0.75582656264305126 0.00067396344093140226 0.44948978722095495 0.0035046099219471221 0.082439210265874877 0.072299651801586165 0.029437229968607429 0.0027215533191338186 0.030705774202942852 0.74322345852851879 0.10232980921864511 0.33041891455650335 0.19662392884492877 0.83697199821472179 0.0023993098875507717 0.9595918357372285 0.10060926526784898 0.87627550959587108 0.67466436326503765 0.057638918980956085 0.88762626051902782 0.037991126999259002 0.038092413917183883 0.17719846963882449 0.013335355557501318 0.74322345852851879
decision_type=2 2 2 2 2 2 2 2 2 2 2 2 2 2 2 2 2 2 2 2 2 2 2 2 2 2 2 2 2 2
left_child=2 4 5 19 11 10 -4 -7 -9 -10 -1 12 13 -2 -8 16 17 -6 -19 20 -3 26 23 24 25 -23 -20 28 -14 -30
right_child=1 3 6 -5 15 7 14 8 9 -11 -12 -13 27 -15 -16 -17 -18 18 21 -21 -22 22 -24 -25 -26 -27 -28 -29 29 -31
leaf_value=-0.051613904404912772 -0.0081614003564776712 0.022014485230920925 -0.024789856851981026 0.056980764251507068 0.013304732721214164 -0.0065440891329677942 -0.011060588566556291 -0.039940929136673783 0.0057802281546142937 -0.036721426861429061 -0.038526350740305519 -0.023994467308398468 0 0.023937131542997973 -0.036670578554065636 -0.0038530332603023834 0.045238005695357311 -0.0030056810336192325 0.041342125679660724 0.038869438754216029 0.034631016422757233 -0.0064352211077915531 0 0.034948946391193121 0.022662518768359161 0.015645727947301374 0.022951965513219069 0.024369203349629942 0.013327217742813932 -0.015361124269009886
leaf_weight=263.73713703453541 75.832673609256744 56.604135513305664 223.56595288217068 179.47548215091228 222.69921131432056 13.35706467181444 171.01579706370831 176.87481965124607 11.899762541055681 18.240222468972206 70.918700307607651 10.194283008575438 67.646488577127457 14.356794342398642 10.184060186147688 10.068054407835005 10.59090796113014 12.303111270070074 20.462280854582787 138.73716862499714 128.36862744390965 18.391119316220284 17.178874596953392 29.612919226288795 77.419655978679657 23.860557317733765 53.530198708176613 17.047358512878418 118.760308355093 11.043423011898993
leaf_count=3258 500 235 2035 742 1102 104 1309 1898 82 183 787 61 391 78 93 51 51 71 89 559 524 87 85 141 350 109 242 93 664 61
internal_value=-0.000343021 0.0237193 -0.0332942 0.0424037 0.0121165 -0.0434665 -0.0193259 -0.0352232 -0.0370454 -0.0198121 -0.0488677 0.00412857 0.00509348 -0.00297557 -0.012547 0.0171744 0.017621 0.0169859 0.0202029 0.0342912 0.0308112 0.021412 0.01837 0.0204581 0.0168043 0.00592387 0.0281541 0.00850937 0.00710312 0.010838
internal_weight=2273.98 1314.18 959.794 503.185 810.998 555.028 404.766 220.372 207.015 30.14 334.656 314.881 304.687 90.1895 181.2 496.117 486.049 475.458 252.759 323.71 184.973 240.456 166.463 149.284 119.671 42.2517 73.9925 214.498 197.45 129.804
internal_count=16035 6286 9749 2060 4226 6312 3437 2267 2163 265 4045 1848 1787 578 1402 2378 2327 2276 1174 1318 759 1103 772 687 546 196 331 1209 1116 725
is_linear=0
shrinkage=0.05


Tree=18
num_leaves=31
num_cat=0
split_feature=1 1 1 1 7 7 1 7 5 7 1 3 7 1 1 8 7 1 1 3 1 1 7 7 1 3 7 3 3 3
split_gain=661.369 104.095 53.3675 16.3339 15.8346 9.75557 5.6015 4.34474 3.95376 3.88945 4.98978 3.73935 3.6937 3.81012 3.62634 3.32518 3.11095 3.77407 3.67665 3.15825 3.28133 3.0454 2.62397 2.36619 4.04693 2.07077 2.01561 2.25641 1.98562 4.34291
threshold=0.59787234663963329 0.94935896992683422 0.24744898080825808 0.77664399147033703 0.2824715524911881 0.00067396344093140226 0.4301948100328446 0.0035046099219471221 0.0064492959063500175 0.082439210265874877 0.072299651801586165 0.043072111904621131 0.030705774202942852 0.74322345852851879 0.029437229968607429 0.33041891455650335 0.0097859492525458353 0.46385017037391668 0.51042118668556224 0.026192452758550647 0.56980520486831676 0.8941769301891328 0.10060926526784898 0.17719846963882449 0.73252034187316906 0.039331518113613136 0.31619668006896978 0.063812159001827254 0.015566361136734487 0.035543255507946021
decision_type=2 2 2 2 2 2 2 2 2 2 2 2 2 2 2 2 2 2 2 2 2 2 2 2 2 2 2 2 2 2
left_child=2 3 5 8 28 14 -4 -7 12 -9 -11 16 13 -2 -1 21 -8 -18 -19 20 -20 -5 -23 -14 -25 -21 27 -13 -3 -30
right_child=1 4 6 15 -6 7 11 9 -10 10 -12 26 23 -15 -16 -17 17 18 19 25 -22 22 -24 24 -26 -27 -28 -29 29 -31
leaf_value=-0.051226679343400021 -0.008001945083710351 0.042075197065502522 -0.024716433393217479 0.015923843064226378 0.054716735425329233 -0.0062478564237044634 -0.018753677038515073 -0.039201075610697383 -0.02665892598948072 0.0054729693130529814 -0.035926756077359658 -0.051228847983170157 0.0071601787439047222 0.015322024664064291 -0.037781370433864953 -0.0090989786021357082 0.030921409582493495 -0.020441888034152523 0.022547403789015985 -0.034724303783507028 -0.0042656012440344514 0.018467124108764787 0.029944248045862126 0.049334560184916554 0.0073702852009419799 0.00043173169428967336 0.00072057361252955698 -0.022254517060420281 0.017597513034447666 0.036432185847534555
leaf_weight=252.7238814085722 75.742855653166771 70.181964010000229 195.12491457909346 325.86223357915878 176.55302077531815 13.297168642282484 50.728837482631207 171.34563763439655 9.6207594871520978 11.943883091211321 17.726869218051434 8.673017241060732 227.05932129919529 22.58638434112072 68.758480168879032 10.438478618860243 7.2470981180667868 30.450213126838207 20.16438327729702 8.6375216543674487 25.51306626200676 113.3822269141674 95.986453756690025 9.3832275569438952 15.575381070375441 7.5114900320768347 6.7318459227681151 38.29386381059885 42.867605373263359 121.89476226270199
leaf_count=3258 502 283 1817 1539 738 104 417 1898 58 82 183 72 1266 122 787 51 63 247 134 68 170 513 414 50 85 59 57 333 174 491
internal_value=-0.000340347 0.0224848 -0.0325028 0.0129994 0.0433401 -0.0428199 -0.0186314 -0.0344386 0.00471147 -0.0362745 -0.0191311 -0.012776 0.00559455 -0.00258347 -0.0483792 0.0184558 -0.00866638 -0.00346088 -0.00624582 0.000686877 0.00748522 0.0190041 0.0237645 0.00880494 0.0234803 -0.0181622 -0.0241445 -0.0278087 0.03475 0.0315758
internal_weight=2252.01 1317.13 934.872 905.637 411.497 535.796 399.076 214.314 359.968 201.016 29.6708 203.951 350.347 98.3292 321.482 545.669 150.253 99.5238 92.2767 61.8265 45.6774 535.231 209.369 252.018 24.9586 16.149 53.6987 46.9669 234.944 164.762
internal_count=16035 6286 9749 4600 1686 6312 3437 2267 2083 2163 265 1620 2025 624 4045 2517 1158 741 678 431 304 2466 927 1401 135 127 462 405 948 665
is_linear=0
shrinkage=0.05


Tree=19
num_leaves=31
num_cat=1
split_feature=1 1 1 7 1 7 1 7 7 1 1 5 7 8 12 1 7 3 3 1 7 1 3 7 3 1 7 1 1 4
split_gain=606.568 95.2433 52.2707 15.3337 14.5814 9.85409 5.32418 4.17975 3.79393 4.69083 3.71024 3.60872 3.33994 2.97805 2.91835 2.72769 2.33989 2.33205 2.09909 1.96136 1.95283 3.50636 2.17486 3.25849 3.85722 4.58246 3.14475 2.20991 2.05162 1.90989
threshold=0.59787234663963329 0.94935896992683422 0.24744898080825808 0.2824715524911881 0.77664399147033703 0.00067396344093140226 0.44948978722095495 0.0035046099219471221 0.082439210265874877 0.072299651801586165 0.029437229968607429 0.0064492959063500175 0.035531353205442436 0.33041891455650335 0 0.8941769301891328 0.10060926526784898 0.10232980921864511 0.042356200516223914 0.74322345852851879 0.17719846963882449 0.73252034187316906 0.013335355557501318 0.039979510009288795 0.03119421657174826 0.68237251043319713 0.14350029826164248 0.71611723303794872 0.69309264421463024 0.31289508938789373
decision_type=2 2 2 2 2 2 2 2 2 2 2 2 2 2 1 2 2 2 2 2 2 2 2 2 2 2 2 2 2 2
left_child=2 4 5 -3 11 10 -4 -7 29 -10 -1 12 18 15 -12 -6 -17 -8 19 -2 22 -22 -14 -24 25 -25 -26 28 -28 -9
right_child=1 3 6 -5 13 7 17 8 9 -11 14 -13 20 -15 -16 16 -18 -19 -20 -21 21 -23 23 24 26 -27 27 -29 -30 -31
leaf_value=-0.05084699100700845 -0.010429137070419888 0.032928555056565813 -0.023265177432271422 0.052629596099843828 0.015035436939170435 -0.0059638644151073852 -0.01005747807273286 -0.039450143847142301 0.0051831224175888048 -0.03513636255618216 -0.041593443333220126 -0.025736297505891743 -0.00029914871193082913 -0.0086806236300756585 -0.012013842018487644 0.017442635304235368 0.028258470936878 -0.035363971137422005 0.0084257037756122616 0.0064671129690531239 0.045761759780676051 0.0069771928494111726 0.036895811245664413 0.049514168290702668 -0.007401887102379455 0.0092795278921870474 0.0046452753306047145 -0.0011148206152807793 0.029727036244020257 -0.0077311799544938281
leaf_weight=242.14906261861324 61.504870191216469 235.5558595508337 215.66474064439535 174.43493261933327 327.81488831341267 13.240097559988497 168.17479126900434 160.68681616336107 11.985701620578768 17.234237179160118 56.191178813576698 9.474740266799925 64.654139265418053 10.400294274091719 10.495957203209398 114.02832858264446 96.616090327501297 9.7477746307849866 37.710417434573174 23.352720156311989 9.6116583943367022 15.634323939681051 10.971166074275969 11.029831767082216 39.443038180470467 20.740578606724739 15.101809024810789 22.307734489440918 19.220345884561539 5.3535802960395804
leaf_count=3258 404 948 2035 738 1539 104 1309 1838 82 183 669 58 371 51 118 513 414 93 226 127 50 85 58 58 241 117 78 113 97 60
internal_value=-0.000337616 0.0213228 -0.0317203 0.0413336 0.0122943 -0.0421742 -0.0179596 -0.0336586 -0.0355069 -0.0184659 -0.0478943 0.00446551 0.00530144 0.0174292 -0.0370377 0.0179443 0.0224383 -0.0114911 -0.00132255 -0.00571831 0.0088721 0.0220628 0.00720083 0.0107277 0.00841587 0.0235163 0.00335104 0.0109285 0.0188818 -0.0384628
internal_weight=2230.53 1319.61 910.924 409.991 909.617 517.337 393.587 208.5 195.26 29.2199 308.836 360.757 351.283 548.86 66.6871 538.459 210.644 177.923 122.568 84.8576 228.715 25.246 203.469 138.815 127.843 31.7704 96.0729 56.6299 34.3222 166.04
internal_count=16035 6286 9749 1686 4600 6312 3437 2267 2163 265 4045 2083 2025 2517 787 2466 927 1402 757 531 1268 135 1133 762 704 175 529 288 175 1898
cat_boundaries=0 1
cat_threshold=2
is_linear=0
shrinkage=0.05


Tree=20
num_leaves=31
num_cat=0
split_feature=1 1 1 7 1 7 1 7 1 7 1 3 5 7 7 1 1 7 1 1 3 3 6 1 7 3 3 4 3 3
split_gain=556.359 87.2003 51.1673 14.8536 13.0217 9.94425 5.01663 4.01728 3.79203 3.69681 4.40726 3.42658 3.29416 2.99688 2.87396 3.49775 3.40424 3.08594 2.8804 2.49839 2.07207 2.02866 1.96462 1.9231 1.88529 2.2615 1.91012 1.84878 1.84158 1.83364
threshold=0.59787234663963329 0.94935896992683422 0.24744898080825808 0.2824715524911881 0.77664399147033703 0.00067396344093140226 0.4301948100328446 0.0035046099219471221 0.18274582922458651 0.082439210265874877 0.072299651801586165 0.043072111904621131 0.0064492959063500175 0.035531353205442436 0.0097859492525458353 0.46385017037391668 0.51042118668556224 0.01620208099484444 0.57294833660125744 0.91864311695098888 0.18643133342266086 0.026192452758550647 0.052770815789699561 0.74322345852851879 0.31619668006896978 0.063812159001827254 0.085183933377265944 0.31289508938789373 0.042356200516223914 0.085183933377265944
decision_type=2 2 2 2 2 2 2 2 2 2 2 2 2 2 2 2 2 2 2 2 2 2 2 2 2 2 2 2 2 2
left_child=2 4 5 -3 12 8 22 -7 -1 27 -11 14 13 23 -8 -16 -17 -18 21 20 29 -19 -4 28 25 -13 -27 -9 -2 -6
right_child=1 3 6 -5 19 7 11 9 -10 10 -12 24 -14 -15 15 16 17 18 -20 -21 -22 -23 -24 -25 -26 26 -28 -29 -30 -31
leaf_value=-0.048760183525960794 -0.0099746379694721568 0.031217424207408629 -0.02408090511766911 0.05066755037129779 0.014331904878841124 -0.0056917158358349932 -0.017612667563432546 -0.03872614442885966 -0.022540469770583535 0.0049095835652030861 -0.034350032813066492 -0.05041961797464406 -0.024837953384942615 0.0083971416668401858 0.030173018597604479 -0.019354472342375403 0.023413687640627644 0.010204203578450106 -0.028830678162829682 0.024110712604949371 -0.0018568622826662159 -0.013221259963723987 0.0054598688493986977 0.0092956082097751941 0.0012873512290766062 -0.012204069959684875 -0.036588421824375932 -0.0073977915438653069 0.0051003737196476688 0.024199348814079955
leaf_weight=281.17822573333979 61.106950625777245 236.03634443879128 182.66144599765539 172.19152200222015 387.23115560412407 13.185725413262842 49.607785992324352 155.6373393908143 15.528588004410265 12.025342509150507 16.761731199920177 8.2855812236666662 9.3338210582733137 229.64182166755199 7.3028166741132727 29.793360143899918 12.381590217351912 24.980813786387444 9.607114762067793 91.52726636826992 17.139926627278328 14.466131910681723 5.4900099560618392 31.602007418870926 6.6761202663183203 24.293628200888634 12.834248840808867 5.3204764649271956 29.716104924678802 55.906435385346413
leaf_count=3863 404 948 1767 738 1802 104 417 1838 182 82 183 72 58 1268 63 247 85 164 66 374 94 116 50 170 57 210 123 60 183 247
internal_value=-0.000334238 0.020231 -0.0309412 0.0394442 0.0116334 -0.0415297 -0.0172995 -0.0328842 -0.0474128 -0.0347435 -0.0178166 -0.0117306 0.00423541 0.00502722 -0.00779122 -0.00278288 -0.00550587 0.00114933 -0.00440484 0.0164679 0.0149323 0.00147539 -0.0231899 -0.00125488 -0.0228019 -0.0264481 -0.0208431 -0.0377269 -0.00498712 0.0155932
internal_weight=2209.45 1321.43 888.018 408.228 913.205 499.637 388.381 202.931 296.707 189.745 28.7871 200.229 361.401 352.067 148.14 98.5318 91.229 61.4357 49.0541 551.805 460.278 39.4469 188.151 122.425 52.0896 45.4135 37.1279 160.958 90.8231 443.138
internal_count=16035 6286 9749 1686 4600 6312 3437 2267 4045 2163 265 1620 2083 2025 1158 741 678 431 346 2517 2143 280 1817 757 462 405 333 1898 587 2049
is_linear=0
shrinkage=0.05


Tree=21
num_leaves=31
num_cat=0
split_feature=1 1 1 7 1 7 1 1 7 7 1 5 7 1 1 3 3 7 7 1 3 7 7 1 3 3 7 3 4 3
split_gain=510.373 79.9167 49.9901 14.377 11.651 10.0219 5.44131 4.77914 3.85713 3.59782 4.13835 3.00601 2.686 2.26358 2.24631 2.08859 1.85406 1.84528 3.57894 2.07316 2.06873 1.97726 3.47696 1.98315 1.7972 3.93327 2.81336 1.79331 1.78799 1.74698
threshold=0.59787234663963329 0.94935896992683422 0.24744898080825808 0.2824715524911881 0.77664399147033703 0.00067396344093140226 0.22474489361047748 0.44948978722095495 0.0035046099219471221 0.082439210265874877 0.072299651801586165 0.0064492959063500175 0.035531353205442436 0.91864311695098888 0.029437229968607429 0.10232980921864511 0.18643133342266086 0.018978809937834743 0.072599343955516829 0.35634921491146093 0.046377308666706092 0.01620208099484444 0.0097859492525458353 0.26598639786243444 0.015566361136734487 0.035543255507946021 0.10980212315917016 0.056527692824602134 0.31289508938789373 0.042356200516223914
decision_type=2 2 2 2 2 2 2 2 2 2 2 2 2 2 2 2 2 2 2 2 2 2 2 2 2 2 2 2 2 2
left_child=2 4 5 24 11 6 14 17 -7 28 -11 12 29 16 -1 -9 -6 21 19 -19 -20 22 23 -4 26 -26 -3 -27 -10 -2
right_child=1 3 7 -5 13 8 -8 15 9 10 -12 -13 -14 -15 -16 -17 -18 18 20 -21 -22 -23 -24 -25 25 27 -28 -29 -30 -31
leaf_value=-0.050118195459504446 -0.0052382724744290347 0.043977750031832998 -0.0025136078698012299 0.048815653033034277 0.014732408920354885 -0.005430997568598904 0.01284697604556854 -0.0091593549902995643 -0.038002625263206774 0.0046513304400292929 -0.033567646781408743 -0.023963303968486133 0.0079421550057800997 0.022837293510334006 -0.038477250312270353 -0.033735103889060557 -0.0017662660886107039 0.013382913044657994 -0.01826794691309757 -0.012455879794402283 -0.041057703570395065 -0.039086727985932643 0.0039836684596829021 -0.028660553641431476 0.013395938220805065 0.046244883357049356 0.022353327550142233 0.028513699634498041 -0.007076974287322982 0.0076421895487507998
leaf_weight=222.59148332476616 84.268298581242561 45.93074369430542 8.5333596467971784 169.85144725441933 445.54433831572533 13.133930161595343 3.5886927470564833 165.68182930350304 150.79617708921432 12.062924042344095 16.308745719492435 9.1979477256536466 230.63697852194309 91.797664061188698 58.89588712900877 9.2347196936607343 17.123671859502792 11.926709063351153 44.226434953510761 21.43973795324564 13.699603348970411 24.194011770188808 10.589663818478583 73.822039298713207 43.209375098347664 18.184813544154167 24.67323063313961 104.37700012326241 5.2889392599463454 38.012007340788841
leaf_count=3258 531 184 91 738 2049 104 43 1309 1838 82 183 58 1268 374 744 93 94 107 420 198 138 255 100 726 174 73 99 418 60 226
internal_value=-0.000331064 0.0192016 -0.030171 0.0376647 0.0110101 -0.0408835 -0.0469307 -0.0166629 -0.0321143 -0.0339831 -0.017183 0.00401434 0.00476425 0.0155684 -0.0477148 -0.0105039 0.0141107 -0.0218001 -0.0162888 -0.00305811 -0.0238054 -0.0260351 -0.0225457 -0.0260183 0.0296135 0.0266157 0.0365339 0.0312208 -0.0369919 -0.00119043
internal_weight=2188.82 1322.81 866.015 406.227 916.581 482.667 285.076 383.348 197.591 184.457 28.3717 362.115 352.917 554.466 281.487 174.917 462.668 208.432 91.2925 33.3664 57.926 117.139 92.9451 82.3554 236.375 165.771 70.604 122.562 156.085 122.28
internal_count=16035 6286 9749 1686 4600 6312 4045 3437 2267 2163 265 2083 2025 2517 4002 1402 2143 2035 863 305 558 1172 917 817 948 665 283 491 1898 757
is_linear=0
shrinkage=0.05


Tree=22
num_leaves=31
num_cat=0
split_feature=1 1 1 7 1 7 1 1 7 7 1 5 8 7 1 4 1 7 3 3 1 3 3 1 7 1 1 1 7 7
split_gain=468.218 73.3438 48.7895 13.8813 10.4321 10.0912 5.27922 4.495 3.6994 3.49713 3.88343 2.74261 2.64373 2.5816 3.03509 2.35508 2.60665 3.06175 2.68133 3.25616 2.31075 2.17071 5.42419 3.79742 2.34042 2.02094 2.70045 2.14651 2.37817 4.71249
threshold=0.59787234663963329 0.94935896992683422 0.24744898080825808 0.2824715524911881 0.77664399147033703 0.00067396344093140226 0.22474489361047748 0.44948978722095495 0.0035046099219471221 0.082439210265874877 0.072299651801586165 0.0064492959063500175 0.33041891455650335 0.17719846963882449 0.73252034187316906 0.19662392884492877 0.83697199821472179 0.0023993098875507717 0.0090895015746355074 0.041031122207641609 0.029437229968607429 0.013335355557501318 0.0086930938996374624 0.61294063925743114 0.014746320433914663 0.74322345852851879 0.75582656264305126 0.68237251043319713 0.14773278683423999 0.030705774202942852
decision_type=2 2 2 2 2 2 2 2 2 2 2 2 2 2 2 2 2 2 2 2 2 2 2 2 2 2 2 2 2 2
left_child=2 4 5 -3 11 6 20 -4 -7 -10 -11 13 15 21 -15 16 18 -18 -6 -20 -1 22 23 -2 -23 27 -27 28 29 -25
right_child=1 3 7 -5 12 8 -8 -9 9 10 -12 -13 -14 14 -16 -17 17 -19 19 -21 -22 24 -24 25 -26 26 -28 -29 -30 -31
leaf_value=-0.049754391675001744 -0.028794504438286184 0.028120004115278176 -0.021079366705528159 0.047061277977508587 0.019817529860427535 -0.0051813209815060497 0.012094910971285067 -0.010058356980114033 -0.036257714878541993 0.0044074213901123989 -0.032789172594438164 -0.023111832363015103 -0.0097774021583714593 0.041438899889227596 0.0057440346983157666 0.036753818466675733 -0.0057846076003845786 0.018194372409627353 -0.0053124809790618998 0.011331602632633811 -0.037771121948093393 -0.0052623684382922505 -0.037489840885921902 0.0022546805816917124 0.0090037106342298733 0.028327966535076056 -0.0051090233375322494 -0.0078567674176389622 -0.015749870612673578 0.044688869023760708
leaf_weight=213.24558390676975 9.5726463645696622 236.54164531826973 204.97249402850866 167.4397266805172 49.534573450684547 13.084595382213591 3.6264634728431693 173.62153847515583 151.41574674844742 12.098558574914934 15.874667905271052 9.0670503377914411 10.491122692823408 9.8939417153596896 15.820183247327803 12.636469617485998 13.494370743632315 334.66897466778755 42.203510776162148 93.926870584487915 57.046266473829746 34.212232574820518 9.7203108668327314 23.688652232289314 166.35831932723522 16.343041151762012 9.1426342427730543 41.892959743738174 8.0140451341867429 9.0969188362359983
leaf_count=3258 66 948 2035 738 228 104 43 1402 1898 82 183 58 51 50 85 57 75 1457 205 444 744 221 57 162 904 89 50 245 43 53
internal_value=-0.000327128 0.0182315 -0.0294058 0.0359927 0.0104219 -0.040237 -0.0464505 -0.0160424 -0.0313489 -0.0332257 -0.016565 0.0038044 0.0147224 0.00451475 0.0197793 0.0152036 0.0146773 0.0172492 0.00982087 0.00613474 -0.0472587 0.00329731 -0.00177307 0.00116223 0.00654395 0.00388341 0.0161644 2.30894e-05 0.00823579 0.0142809
internal_weight=2168.75 1323.76 844.986 403.981 919.779 466.392 273.918 378.594 192.474 179.389 27.9732 362.823 556.956 353.756 25.7141 546.465 533.828 348.163 185.665 136.13 270.292 328.042 127.471 117.751 200.571 108.178 25.4857 82.6926 40.7996 32.7856
internal_count=16035 6286 9749 1686 4600 6312 4045 3437 2267 2163 265 2083 2517 2025 135 2466 2409 1532 877 649 4002 1890 765 708 1125 642 139 503 258 215
is_linear=0
shrinkage=0.05


Tree=23
num_leaves=31
num_cat=1
split_feature=1 1 1 7 7 1 1 1 7 7 1 3 7 1 1 7 1 8 1 7 1 6 5 7 1 1 3 3 12 7
split_gain=429.447 67.3035 47.5823 13.4078 10.1517 9.44297 5.1235 4.2361 3.565 3.24465 3.64186 3.1608 2.63112 3.28603 3.16736 2.78798 2.68827 2.51038 2.53403 3.35746 2.37481 2.02989 1.93621 1.98324 2.99287 2.51893 1.86846 1.86275 1.80075 1.77063
threshold=0.59787234663963329 0.94935896992683422 0.24744898080825808 0.2824715524911881 0.00067396344093140226 0.75582656264305126 0.22474489361047748 0.4301948100328446 0.0029923977563157682 0.082439210265874877 0.072299651801586165 0.043072111904621131 0.0097859492525458353 0.46385017037391668 0.51042118668556224 0.01620208099484444 0.57294833660125744 0.33116942644119268 0.83697199821472179 0.0023993098875507717 0.029437229968607429 0.055923074483871467 0.0027215533191338186 0.082439210265874877 0.73499399423599254 0.6760731339454652 0.017910608090460304 0.026192452758550647 0 0.31619668006896978
decision_type=2 2 2 2 2 2 2 2 2 2 2 2 2 2 2 2 2 2 2 2 2 2 2 2 2 2 2 2 1 2
left_child=2 5 4 -3 6 22 20 21 -6 -10 -11 12 -9 -14 26 -16 27 18 -7 -20 -1 -4 23 -2 25 -25 -15 -17 -22 -13
right_child=1 3 7 -5 8 17 -8 11 9 10 -12 29 13 14 15 16 -18 -19 19 -21 28 -23 -24 24 -26 -27 -28 -29 -30 -31
leaf_value=-0.049393947633605231 0.0004799338350768726 0.026701833236887518 -0.021952316708775548 0.04539371277302371 0 0.0098792282930532521 0.011393935457476266 -0.016040503418123225 -0.035062628491434843 0.004176983921170092 -0.032014649549975308 -0.024784854410716862 0.030278933275779171 -0.029313021539861407 0.023143129220428167 0.010711740635079511 -0.02732124706844527 -0.010101374149385351 -0.0072100084608322929 0.017615238519295039 -0.041142403421981666 0.0088778528610709354 -0.01923459069142449 0.0015515993895297878 -0.013064989655714555 0.018002324035329215 -0.0032876643005773291 -0.011898243773184115 -0.015589466098464731 0.002338471183385865
leaf_weight=204.28923350572586 194.78937805444002 236.65146614611149 173.57931020110846 164.97810146212578 9.1579034179449064 234.8313325792551 3.6622932478785506 48.114129804074764 150.81986345350742 12.132348701357843 15.45888429880142 43.593783654272556 7.2946106866002074 16.076144561171535 12.415113933384417 24.84051388502121 9.3116453662514669 10.716095998883246 13.835382148623465 344.95817682147026 46.180369563400745 5.2225529700517646 9.4361244738101941 38.252433136105537 13.484338462352751 62.316635057330132 12.897450573742388 14.13632597774267 9.0945005193352682 6.5747933164238921
leaf_count=3258 1175 948 1768 738 65 1127 43 417 1937 82 183 405 63 138 85 164 66 53 77 1495 630 49 61 211 75 326 109 116 114 57
internal_value=-0.000322752 0.0173145 -0.0286431 0.0344018 -0.0395885 0.00986786 -0.0459701 -0.0154317 -0.0305865 -0.0321474 -0.0159624 -0.010281 -0.00648211 -0.00167641 -0.00436228 0.00206024 -0.00329353 0.0135406 0.0139774 0.0166423 -0.0468028 -0.0210194 0.00287639 0.00357415 0.00880984 0.0118026 -0.0179511 0.00237402 -0.0370642 -0.0211332
internal_weight=2149.1 1324.25 824.852 401.63 450.795 922.62 263.226 374.056 187.569 178.411 27.5912 195.255 145.086 96.9718 89.6772 60.7036 48.2885 604.341 593.625 358.794 259.564 178.802 318.279 308.843 114.053 100.569 28.9736 38.9768 55.2749 50.1686
internal_count=16035 6286 9749 1686 6312 4600 4045 3437 2267 2202 265 1620 1158 741 678 431 346 2752 2699 1572 4002 1817 1848 1787 612 537 247 280 744 462
cat_boundaries=0 1
cat_threshold=2
is_linear=0
shrinkage=0.05


Tree=24
num_leaves=31
num_cat=1
split_feature=1 1 1 7 7 1 1 1 7 7 1 1 8 1 3 7 4 7 7 3 7 7 1 1 7 5 7 1 1 12
split_gain=393.928 61.7848 46.3134 12.934 10.2026 8.46155 4.97374 3.99901 3.44294 3.29357 3.41305 2.43609 2.2576 2.36219 1.93362 1.85454 1.85283 1.79516 3.50537 2.04784 2.00199 3.30262 1.94361 1.94166 1.79977 1.76419 1.77749 2.69525 2.23654 1.76335
threshold=0.59787234663963329 0.94935896992683422 0.24744898080825808 0.2824715524911881 0.00067396344093140226 0.75582656264305126 0.22474489361047748 0.44948978722095495 0.0035046099219471221 0.082439210265874877 0.072299651801586165 0.029437229968607429 0.33116942644119268 0.8941769301891328 0.10232980921864511 0.10060926526784898 0.31289508938789373 0.018978809937834743 0.072599343955516829 0.046377308666706092 0.01620208099484444 0.0097859492525458353 0.26598639786243444 0.35634921491146093 0.091119859367609038 0.0027215533191338186 0.082439210265874877 0.73499399423599254 0.6760731339454652 0
decision_type=2 2 2 2 2 2 2 2 2 2 2 2 2 2 2 2 2 2 2 2 2 2 2 2 2 2 2 2 2 1
left_child=2 5 4 -3 6 25 11 17 -6 16 -11 -1 13 -7 -9 -15 -10 20 23 24 21 22 -4 -19 -20 26 -2 28 -28 -13
right_child=1 3 7 -5 8 12 -8 14 9 10 -12 29 -14 15 -16 -17 -18 18 19 -21 -22 -23 -24 -25 -26 -27 27 -29 -30 -31
leaf_value=-0.049035939207742074 0.00045582225136055112 0.025365278619663919 -0.00033097498613597886 0.043803840361188326 -0.0044671362556924533 0.010816710931264024 0.010739775602090239 -0.0078887209015717063 -0.035882170414261193 0.0039591935197873613 -0.03124419402958975 -0.040503457510852721 -0.0096419910629748067 0.013072100856039458 -0.032122126870490465 0.02258523130979441 -0.0035648195901338262 0.015147695971544832 -0.033372706894513222 -0.039540792414740587 -0.037517062287161264 0.005722156170454888 -0.026643306429033099 -0.010265098696062904 -0.0097178080456706943 -0.018501798159635898 0.0014730243666747278 -0.012504565313617391 0.016954492051533886 -0.015013464801395924
leaf_weight=195.70977323502302 194.84244968742132 236.66954164206982 8.2324116080999357 162.48546454310417 12.93302261829376 380.60397450625896 3.696285866200923 162.27175648510456 137.74715392291546 12.164394900202753 15.060780063271521 44.605190224945545 10.671257913112639 116.96286238729954 8.7603013366460782 98.406691312789917 4.9631092548370352 11.668108865618704 11.361042216420172 12.836131438612936 22.694772928953171 10.327365338802336 69.874628059566021 20.589987255632877 31.025471299886703 9.3261829912662488 38.282795071601868 13.391152471303938 62.85153716802597 8.9781105369329435
leaf_count=3258 1175 948 91 738 104 1770 43 1309 1838 82 183 630 53 515 93 414 60 107 118 138 255 100 726 198 302 61 211 75 326 114
internal_value=-0.00031829 0.0164476 -0.0278915 0.0328927 -0.0389386 0.00934559 -0.0454897 -0.0148448 -0.0298284 -0.0317253 -0.0153752 -0.0463474 0.0128129 0.0132249 -0.00917722 0.0174505 -0.0347965 -0.0196932 -0.0141651 -0.0218077 -0.0239833 -0.0204152 -0.0239379 -0.000900085 -0.0162394 0.0027278 0.00338972 0.00833278 0.0111509 -0.0363616
internal_weight=2129.99 1324.49 805.5 399.155 435.858 925.339 252.989 369.642 182.868 169.935 27.2252 249.293 606.645 595.974 171.032 215.37 142.71 198.61 87.4807 55.2226 111.129 88.4344 78.107 32.2581 42.3865 318.694 309.368 114.525 101.134 53.5833
internal_count=16035 6286 9749 1686 6312 4600 4045 3437 2267 2163 265 4002 2752 2699 1402 929 1898 2035 863 558 1172 917 817 305 420 1848 1787 612 537 744
cat_boundaries=0 1
cat_threshold=2
is_linear=0
shrinkage=0.05


Tree=25
num_leaves=31
num_cat=1
split_feature=1 1 1 1 7 7 1 1 5 5 7 7 1 7 1 1 3 3 7 7 4 3 3 3 4 12 7 7 3 7
split_gain=361.353 56.8939 45.0179 11.4695 10.2391 7.3369 4.82924 3.74929 3.53155 4.30399 3.28999 3.18879 3.19645 3.18016 2.69366 2.49628 2.3418 4.13921 2.38713 2.25287 2.16524 1.99776 2.22351 1.81936 1.78022 1.72482 1.69523 3.26373 1.97 1.93607
threshold=0.59787234663963329 0.97056278586387645 0.24744898080825808 0.83697199821472179 0.00067396344093140226 0.2824715524911881 0.22474489361047748 0.44948978722095495 0.37035535275936132 0.00017611371004022661 0.0035046099219471221 0.082439210265874877 0.072299651801586165 0.0023993098875507717 0.69476488232612621 0.029437229968607429 0.34846939146518713 0.10232980921864511 0.0039089879719540485 0.014746320433914663 0.31027401983737951 0.0086930938996374624 0.035543255507946021 0.10232980921864511 0.31289508938789373 0 0.018978809937834743 0.072599343955516829 0.046377308666706092 0.01620208099484444
decision_type=2 2 2 2 2 2 2 2 2 2 2 2 2 2 2 2 2 2 2 2 2 2 2 2 2 1 2 2 2 2
left_child=2 3 4 8 6 21 15 26 9 14 -6 24 -13 -5 -2 -1 17 18 -16 -20 -15 -3 -23 -9 -12 -17 29 -28 -29 -4
right_child=1 5 7 13 10 -7 -8 23 -10 -11 11 12 -14 20 16 25 -18 -19 19 -21 -22 22 -24 -25 -26 -27 27 28 -30 -31
leaf_value=-0.04867949201837226 0 0.037278283357822621 -0.019719353304684425 -0.00745733372558228 -0.0042589709069495709 0.042283856909062528 0.010128597646405042 -0.0075373415068052466 -0.0234136075006297 0.039229871259004949 -0.035158002045993383 0.0037533006389358168 -0.030477984523041859 0.017169509834409711 0.018170101631176629 -0.039862061188297042 -0.015115221697630903 0.026768938916309923 -0.01723022356134794 0.0059642879408254926 -0.0024457541664491098 0.0066962870894015274 0.026167952121971139 -0.031332595972544106 -0.0034000578520639751 -0.014452372919650264 -0.00085016932182063124 -0.015638501100415099 -0.038801322940069757 -0.036765448241354977
leaf_weight=187.49455634504557 172.82484903931618 32.858034029603004 87.030287221074104 13.874790355563162 12.892825379967688 159.97814655303955 3.7285394370555869 161.37297789752483 10.404950365424154 9.3929457515478116 133.66189206391573 12.194790378212931 14.679744906723498 441.71979042887688 40.063520804047585 43.096862189471722 10.770591154694555 28.03799968957901 10.68278795480728 277.2220473587513 14.048793897032736 18.749467134475708 83.854966163635254 8.5401731729507429 4.9486578404903403 8.8671085834503156 32.230101697146893 41.862264864146709 12.438788868486879 22.020114988088608
leaf_count=3258 1049 132 917 77 104 738 43 1309 59 54 1838 82 183 1871 194 630 58 136 55 1389 63 75 336 93 60 114 305 420 138 255
internal_value=-0.000314235 0.0156277 -0.0271467 0.0100664 -0.0382872 0.0349715 -0.0450075 -0.0142766 0.00521491 0.00577077 -0.0290771 -0.0309767 -0.0148033 0.0158321 0.00517192 -0.0458907 0.00759635 0.00830156 0.00669987 0.0050806 0.0165535 0.026274 0.0226685 -0.00878047 -0.0340635 -0.0356583 -0.0190189 -0.0136237 -0.0210979 -0.0232377
internal_weight=2111.54 1324.48 787.06 1029.04 421.565 295.441 243.187 365.495 559.4 548.995 178.378 165.485 26.8745 469.643 539.602 239.459 366.777 356.006 327.968 287.905 455.769 135.462 102.604 169.913 138.611 51.964 195.582 86.5312 54.3011 109.05
internal_count=16035 6286 9749 5005 6312 1281 4045 3437 2994 2935 2267 2163 265 2011 2881 4002 1832 1774 1638 1444 1934 543 411 1402 1898 744 2035 863 558 1172
cat_boundaries=0 1
cat_threshold=2
is_linear=0
shrinkage=0.05


Tree=26
num_leaves=31
num_cat=0
split_feature=1 1 1 7 7 1 1 1 7 7 1 3 1 7 1 1 7 7 3 1 7 7 7 1 6 3 3 7 1 10
split_gain=331.421 52.5405 43.7038 11.8389 10.2628 7.00356 4.68952 3.51695 3.14464 2.942 2.99151 2.83721 2.55514 2.38336 3.01331 2.93603 2.68278 2.22699 2.33417 2.20433 2.51485 2.41058 2.71834 2.04088 1.93966 1.93525 2.7189 1.91676 1.82541 1.79498
threshold=0.59787234663963329 0.94935896992683422 0.24744898080825808 0.2824715524911881 0.00067396344093140226 0.71611723303794872 0.22474489361047748 0.4301948100328446 0.0029923977563157682 0.082439210265874877 0.072299651801586165 0.043072111904621131 0.029437229968607429 0.0097859492525458353 0.46385017037391668 0.51042118668556224 0.061681136488914497 0.14350029826164248 0.084712427109479918 0.83697199821472179 0.0023993098875507717 0.14350029826164248 0.091119859367609038 0.81934732198715221 0.055923074483871467 0.086358565837144866 0.024792695418000225 0.072599343955516829 0.80566483736038219 0.33571343123912817
decision_type=2 2 2 2 2 2 2 2 2 2 2 2 2 2 2 2 2 2 2 2 2 2 2 2 2 2 2 2 2 2
left_child=2 5 4 -3 6 17 12 24 -6 -10 -11 13 -1 -9 -15 -16 -17 18 27 21 -21 22 23 28 -4 26 -23 -2 -7 -25
right_child=1 3 7 -5 8 19 -8 11 9 10 -12 -13 -14 14 15 16 -18 -19 -20 20 -22 25 -24 29 -26 -27 -28 -29 -30 -31
leaf_value=-0.048323767367838499 -0.0026746640546284114 0.023019421630120423 -0.019916714854005851 0.040827088712479698 0 0.0082646626063688222 0.0095569725731738039 -0.014637630467776254 -0.032862771298687345 0.0035585972195485028 -0.029716262388514044 -0.019497521738188917 -0.034954258646221668 0.029672766614507257 -0.016721510883956497 0.0095361319175165781 -0.013655308556620144 0.0081209796912739291 -0.018947732428785294 -0.0071156212861696946 0.014345391000182436 -0.0033386428870963527 0.029313447915694568 -0.016296819355124042 0.010597954045539417 -0.018736002845001341 0.01239463700315778 0.013728849419381149 0.020548649147355956 0.0059406933839495956
leaf_weight=179.63099677115679 120.12662206590176 236.43277436494827 165.44501630216837 157.47021272778511 9.1051654517650586 97.947323858737946 3.7591466531157485 46.833184063434601 138.43730995059013 12.22362180054188 14.315173618495463 48.377246625721455 50.414349146187305 7.3401009514927855 28.2789476364851 42.771768800914288 17.385316163301468 71.902983948588371 18.834211997687817 13.820269986987112 355.97067968547344 57.451162204146385 18.768488690257072 12.097650751471518 5.101028434932231 10.006227791309355 51.839142829179764 20.793777748942375 45.552417561411858 35.284784287214279
leaf_count=3258 763 948 1768 738 65 497 43 417 1937 82 183 462 744 63 247 302 129 370 123 77 1529 301 90 59 49 51 252 118 201 169
internal_value=-0.000309625 0.0148508 -0.0264083 0.0301596 -0.0376332 0.00836157 -0.0445228 -0.0137235 -0.0283309 -0.0299088 -0.0142465 -0.00900578 -0.045432 -0.00540047 -0.000820924 -0.003439 0.00273932 0.000803668 -0.00246148 0.0108597 0.0135281 0.0078415 0.0110748 0.00924092 -0.018969 0.00211291 0.00408285 -0.000210738 0.0122105 0.00013536
internal_weight=2093.72 1324.3 769.418 393.903 407.886 930.396 233.804 361.533 174.081 164.976 26.5388 190.987 230.045 142.609 95.7761 88.436 60.1571 231.658 159.755 698.738 369.791 328.947 209.651 190.882 170.546 119.297 109.29 140.92 143.5 47.3824
internal_count=16035 6286 9749 1686 6312 4600 4045 3437 2267 2202 265 1620 4002 1158 741 678 431 1374 1004 3226 1606 1620 1016 926 1817 604 553 881 698 228
is_linear=0
shrinkage=0.05


Tree=27
num_leaves=31
num_cat=2
split_feature=1 1 1 7 1 7 1 5 5 3 7 1 7 1 3 7 1 1 1 7 7 12 7 1 3 1 1 12 1 1
split_gain=304.694 59.8239 24.4346 15.0746 11.1016 10.2751 4.55391 3.44308 3.1295 3.0485 4.66588 4.82344 3.36135 2.61523 2.60793 3.53307 3.10128 2.57122 2.56216 2.35651 2.2814 3.41284 1.98896 2.1951 1.89338 3.78618 2.44203 1.74873 1.70355 2.09565
threshold=0.49489796161651617 0.91864311695098888 0.24744898080825808 0.2824715524911881 0.69476488232612621 0.00067396344093140226 0.22474489361047748 0.3940256536006928 0.0037671427708119158 0.0095362584106624144 0.0035046099219471221 0.029437229968607429 0.0093276537954807299 0.029437229968607429 0.029671942815184597 0.010891249403357508 0.69309264421463024 0.60922586917877208 0.51165312528610241 0.038092413917183883 0.018978809937834743 0 0.061681136488914497 0.35634921491146093 0.061409408226609237 0.029437229968607429 0.18274582922458651 1 0.55182597041130077 0.60208335518836986
decision_type=2 2 2 2 2 2 2 2 2 2 2 2 2 2 2 2 2 2 2 2 2 1 2 2 2 2 2 1 2 2
left_child=2 4 5 -3 14 6 13 8 -6 10 -7 12 -12 -1 15 28 18 19 -17 -16 21 -4 23 -22 26 -26 -11 -15 -2 -30
right_child=1 3 20 -5 7 9 -8 -9 -10 24 11 -13 -14 27 17 16 -18 -19 -20 -21 22 -23 -24 -25 25 -27 -28 -29 29 -31
leaf_value=-0.047967971286508405 0.002483048725816533 0.020529116471305908 -0.024594274933552766 0.039492036298631551 0.0087538053302419032 0.01864486165555327 0.0090218029377127744 -0.019582298755302235 0.036469059485200205 -0.044064517166725665 -0.032796975271129812 -0.038829763321735267 -0.00056752769239743265 -0.038641463999305042 -0.011583357459406704 -0.014198657281896851 -0.016960334180072856 -0.0035177430336444078 0.010319083059801705 -0.040529010489206936 0.019350866817975741 -0.00027866415803981369 -0.015178220948999906 -0.00968322550005816 0.0089555697321703626 -0.032353546245377292 -0.021142493339287895 -0.012560279111404392 -0.034439826410887657 -0.0077446747212934243
leaf_weight=172.1066298186779 17.316200725734234 327.91569091379642 105.85699964314699 155.94684906303883 639.12107408046722 6.9611208960413924 3.7881944105029097 10.352331757545469 10.38548471033573 49.52897759526968 12.208668887615202 29.726527668535709 24.573206879198551 40.419927142560482 27.383436292409897 11.577123381197451 13.837549850344656 81.740231387317181 107.57778795063496 9.8540696799755079 9.7031170502305049 17.191439315676689 81.467514023184776 19.277276411652565 7.0122746899724033 23.11475595831871 16.836901135742664 8.5093296468257886 11.088522374629973 23.78017719835043
leaf_count=3258 148 1318 1147 742 3029 54 43 50 50 697 180 415 258 630 245 98 80 493 678 97 88 187 825 186 99 328 236 114 96 166
internal_value=-0.000303638 0.0123117 -0.029381 0.026658 0.00510373 -0.0369746 -0.0440336 0.00874802 0.00921021 -0.0275872 -0.0196983 -0.0238085 -0.0114606 -0.0449691 -0.00278632 0.000900927 0.00525162 -0.00856308 0.0078851 -0.0194651 -0.0165103 -0.0212407 -0.0111805 0 -0.0335154 -0.0225753 -0.038365 -0.0342425 -0.01008 -0.0164511
internal_weight=2076.16 1447.88 628.283 483.863 964.014 394.787 224.824 659.859 649.507 169.962 73.4695 66.5084 36.7819 221.036 304.155 185.177 132.992 118.978 119.155 37.2375 233.496 123.048 110.448 28.9804 96.4929 30.127 66.3659 48.9293 52.1849 34.8687
internal_count=16035 7290 8745 2060 5230 6312 4045 3129 3079 2267 907 853 438 4002 2101 1266 856 835 776 342 2433 1334 1099 274 1360 427 933 744 410 262
cat_boundaries=0 1 2
cat_threshold=2 2
is_linear=0
shrinkage=0.05


Tree=28
num_leaves=31
num_cat=2
split_feature=1 1 7 7 1 1 1 7 3 3 1 7 7 13 7 3 13 12 3 1 1 7 7 3 3 3 1 12 1 3
split_gain=280.427 54.6472 23.9771 13.1661 10.3653 9.6421 7.31139 3.5515 3.47091 2.56652 3.033 2.68058 2.67713 2.10113 2.08974 1.92272 1.70017 1.63699 1.58469 2.4048 4.82978 3.94462 2.53514 1.45043 3.58846 2.44474 1.44902 1.44656 3.46273 1.44638
threshold=0.49489796161651617 0.93257576227188121 0.00067396344093140226 0.2824715524911881 0.71611723303794872 0.16172623634338382 0.29637591540813452 0.14350029826164248 0.084712427109479918 0.0095362584106624144 0.029437229968607429 0.0039089879719540485 0.039979510009288795 0.31775154173374182 0.010891249403357508 0.03119421657174826 0.32155032455921179 0 0.029671942815184597 0.68237251043319713 0.61294063925743114 0.039979510009288795 0.030705774202942852 0.049422385171055801 0.015742474235594276 0.056527692824602134 0.53410854935646068 1 0.029437229968607429 0.040161868557333953
decision_type=2 2 2 2 2 2 2 2 2 2 2 2 2 2 2 2 2 1 2 2 2 2 2 2 2 2 2 1 2 2
left_child=2 4 5 16 7 27 9 8 14 10 12 -12 -4 -8 -2 -11 23 -7 19 20 21 26 -22 24 -3 -25 -16 -1 -29 -5
right_child=1 3 6 29 -6 17 13 -9 -10 15 11 -13 -14 -15 18 -17 -18 -19 -20 -21 22 -23 -24 25 -26 -27 -28 28 -30 -31
leaf_value=-0.047561212398085355 -0.0098254049498491709 0.023351866584115488 -0.018386360795473584 0.041139020865532325 0.0088508793043452546 -0.025360130691397462 -0.013879994240883842 0.0075549674605176241 -0.022140170681300711 -0.040073081776565309 0.0054567121097258697 -0.033718324922425012 0.0095067671688279648 0.012166144048145019 -0.006220641476174525 -0.026212022179062947 0.0012742490791855408 -0.00059921110780814034 -0.0069062964125036572 -0.0091893588741332518 0.0050432890732985802 -0.024056619808517466 0.033458998416525186 0.045961234385891205 0.0081416902303964936 0.022267587709647145 0.012078461807031154 -0.042932857132351322 0.0013043784858612969 0.029768357028290705
leaf_weight=169.56406712159514 73.098299391567707 98.709263309836388 28.947457320988178 107.24237313866615 620.84134122729301 45.841096058487892 158.39990873634815 77.939745426177979 25.32883195579052 46.177873760461807 4.6486080139875403 38.745241433382034 11.885668531060217 7.8611142039299002 16.016140788793564 65.960102841258049 12.410143181681631 8.302540645003317 54.410826213657856 29.057364106178284 13.541794970631598 14.324960865080355 20.363121330738068 12.446530684828756 66.132134482264519 128.06996132433414 31.33704337477684 21.157772898674015 5.3046743348240843 45.477501437067986
leaf_count=3263 573 397 391 519 2897 575 1633 406 199 652 42 523 80 74 121 925 50 96 389 168 92 109 110 50 265 514 211 418 73 220
internal_value=-0.000299854 0.0117053 -0.0286482 0.025704 0.00495184 -0.0405767 -0.0203961 -0.00184548 -0.00450572 -0.0269518 -0.020148 -0.0294038 -0.0101417 -0.0126119 -0.00270641 -0.0319951 0.0198612 -0.0216635 0.000175897 0.00331072 0.00716864 -0.00109355 0.0223049 0.0205996 0.0172887 0.0244331 0.00578377 -0.0457615 -0.0339053 0.0378074
internal_weight=2059.54 1446.75 612.796 470.488 976.259 250.17 362.626 355.418 277.478 196.365 84.227 43.3938 40.8331 166.261 252.15 112.138 317.768 54.1436 179.051 124.64 95.5831 61.6781 33.9049 305.358 164.841 140.516 47.3532 196.027 26.4624 152.72
internal_count=16035 7290 8745 2015 5275 4425 4320 2378 1972 2613 1036 565 471 1707 1773 1577 1276 671 1200 811 643 441 202 1226 662 564 332 3754 491 739
cat_boundaries=0 1 2
cat_threshold=2 2
is_linear=0
shrinkage=0.05


Tree=29
num_leaves=31
num_cat=2
split_feature=1 1 7 7 1 1 1 7 3 3 1 7 7 7 7 7 13 7 3 7 6 6 7 3 3 12 3 12 1 3
split_gain=258.04 49.9605 23.5403 13.746 9.64263 9.05796 6.96829 3.20902 3.19676 2.47946 2.90161 2.93499 3.87488 2.01668 4.79841 2.78111 1.92146 1.90102 1.89173 1.62497 5.2399 3.08305 1.99253 1.55447 1.53961 1.53565 1.51715 1.47111 3.35261 1.43231
threshold=0.49489796161651617 0.91864311695098888 0.00067396344093140226 0.2824715524911881 0.16172623634338382 0.71611723303794872 0.29637591540813452 0.14350029826164248 0.084712427109479918 0.0095362584106624144 0.26928147673606878 0.0035046099219471221 0.018978809937834743 0.10702539607882501 0.038092413917183883 0.14350029826164248 0.31775154173374182 0.010891249403357508 0.03119421657174826 0.14350029826164248 0.049651961773633964 0.028295109979808334 0.12524936348199847 0.18643133342266086 0.072314791381359114 0 0.016142509877681736 1 0.029437229968607429 0.029671942815184597
decision_type=2 2 2 2 2 2 2 2 2 2 2 2 2 2 2 2 2 2 2 2 2 2 2 2 2 1 2 1 2 2
left_child=2 5 4 23 27 7 9 8 17 10 11 -4 -13 14 -14 -15 -8 -2 -11 20 22 -21 24 -3 -7 -6 -5 -1 -29 -19
right_child=1 3 6 26 25 19 16 -9 -10 18 -12 12 13 15 -16 -17 -18 29 -20 21 -22 -23 -24 -25 -26 -27 -28 28 -30 -31
leaf_value=-0.047193111184842061 -0.0094001857537215384 0.017753703645731804 0.012122964589381354 0.042035296384694269 -0.024614427698327133 0.0089832024945942206 -0.013333753936486007 0.0071516121636311632 -0.021361575836602278 -0.039414778050758506 -0.053862603249643697 -0.030075745861281256 -0.013724503830806756 -0.038798811214360289 0.04469632574543278 0.0056082554470218071 0.01145854768487514 0.0031348431992126685 -0.02547281039569876 0.0033456419833889032 -0.02124928648052482 0.031621614735364054 0.030882361009781374 0.034667315124283386 0.017454574899809852 -0.00056988512199544652 0.031373278416062599 -0.042429036799201951 0.001238994086311793 -0.0065913739552211446
leaf_weight=162.52161904424429 72.602150388062 312.64371447265148 7.6301230862736693 76.892212450504303 44.895816206932068 304.97655306756496 156.69314617663622 78.217115178704262 24.95282357186079 44.642547585070133 5.7578153312206259 40.372735880315304 9.8697072267532366 7.9837710261344892 5.2855813056230536 5.904495432972908 7.9334883093833914 124.81497114896774 64.520568922162056 204.20982244610786 12.644551604986189 10.085410907864569 12.653836309909819 14.943369537591932 67.376666069030762 8.2985356673598272 74.14905358850956 20.360040247440342 5.3105043172836295 54.171003624796867
leaf_count=3263 573 1258 61 378 575 1415 1633 406 199 652 65 617 125 73 52 43 74 811 925 967 60 50 55 60 305 96 364 418 73 389
internal_value=-0.000293407 0.0111331 -0.0279171 0.0243451 -0.0399954 0.00458459 -0.019718 -0.0017602 -0.00430057 -0.0262133 -0.0194819 -0.0167813 -0.0200432 -0.00587024 0.00648211 -0.0196569 -0.0121024 -0.00258075 -0.031251 0.00827065 0.0101732 0.00471385 0.0112234 0.0185508 0.0105338 -0.0209653 0.0368584 -0.0453339 -0.0332316 0.000161198
internal_weight=2043.31 1445.33 597.98 478.628 241.387 966.705 356.594 354.758 276.541 191.967 82.8042 77.0464 69.4163 29.0436 15.1553 13.8883 164.627 251.588 109.163 611.947 397.652 214.295 385.007 327.587 372.353 53.1944 151.041 188.192 25.6705 178.986
internal_count=16035 7290 8745 2060 4425 5230 4320 2378 1972 2613 1036 971 910 293 177 116 1707 1773 1577 2852 1835 1017 1775 1318 1720 671 742 3754 491 1200
cat_boundaries=0 1 2
cat_threshold=2 2
is_linear=0
shrinkage=0.05


Tree=30
num_leaves=31
num_cat=1
split_feature=1 1 7 1 7 1 1 12 7 7 7 7 1 3 7 7 7 13 3 1 7 7 7 1 3 3 3 3 7 7
split_gain=237.407 45.7585 23.0728 10.1909 9.79414 9.63623 6.63456 4.24231 2.898 2.97054 2.41494 2.46231 1.93524 1.80704 1.85834 2.85798 2.81633 1.75681 1.71902 1.69303 2.1596 2.01377 2.32638 1.77551 1.73219 2.41706 1.68 1.97682 1.62533 2.14507
threshold=0.49489796161651617 0.94935896992683422 0.00067396344093140226 0.71611723303794872 0.2824715524911881 0.029437229968607429 0.29637591540813452 0 0.14350029826164248 0.10702539607882501 0.018978809937834743 0.0029923977563157682 0.16172623634338382 1.0000000180025095e-35 0.10702539607882501 0.038092413917183883 0.14037310332059863 0.31775154173374182 0.30992965400218969 0.83697199821472179 0.0023993098875507717 0.14350029826164248 0.091119859367609038 0.81934732198715221 0.086358565837144866 0.024792695418000225 0.03119421657174826 0.04464122653007508 0.014746320433914663 0.01620208099484444
decision_type=2 2 2 2 2 2 2 1 2 2 2 2 2 2 2 2 2 2 2 2 2 2 2 2 2 2 2 2 2 2
left_child=2 3 5 8 -3 -1 10 12 9 28 11 -4 -7 14 15 -12 -16 -8 -13 21 -21 22 23 -5 25 -23 -15 -28 -2 -30
right_child=1 4 6 19 -6 7 17 -9 -10 -11 13 18 -14 26 16 -17 -18 -19 -20 20 -22 24 -24 -25 -26 -27 27 -29 29 -31
leaf_value=-0.046902866927955117 -0.0073118613741613757 0.019011087615370074 -0.0051681420700642432 0.010059820021363543 0.035538450895559612 -0.042265750588680984 -0.012803876475737878 0 0.0067712478286011792 -0.024226185998025847 -0.013056456112525774 -0.032461995502537207 -0.023878105991096719 -0.038969438190338115 -0.047088262606592053 0.030053495144405386 -0.001860593862664235 0.01079818269826183 0.0016370832509869653 -0.0080020084418734524 0.011790180203974912 -0.0042583435089864957 0.025663380775133748 -0.00094584501172484457 -0.018869792962391177 0.010498660256978196 0.0061903936880994053 -0.02972251125131575 0.025052577523423727 -0.00078609724342357853
leaf_weight=151.62699081003666 110.91863884776831 235.47030164301395 10.215377800166605 145.64853589236736 147.66310206055641 23.758750900626183 155.06543179601431 13.610775254666803 78.478999964892864 17.153325140476227 9.707266107201578 115.21814892441034 43.99266167357564 13.440885648131372 5.9679671302437773 6.1727599501609793 8.5402729660272581 8.002028360962866 3.5209594145417205 13.961218312382696 359.23111452162266 57.98012663424015 19.214309185743332 47.860575333237648 10.021349757909773 52.585204765200615 6.5405402034521094 8.4570470228791219 8.4122485816478711 139.23072226345539
leaf_count=3258 871 948 77 698 738 423 1633 169 406 134 123 1777 575 185 62 59 63 74 55 77 1529 301 90 228 51 252 94 118 52 915
internal_value=-0.00028702 0.01059 -0.0271916 0.00523329 0.0254015 -0.0394092 -0.019055 -0.0253422 -0.00167638 -0.00410061 -0.0254846 -0.029374 -0.0304527 -0.0168386 -0.00807969 0.00347122 -0.0210023 -0.0116091 -0.0314083 0.00870416 0.0110344 0.00607757 0.00900517 0.00731288 0.000868457 0.0027181 -0.0259618 -0.0137922 -0.00273727 0.00066823
internal_weight=2027.67 1443.83 583.838 1060.7 383.133 232.989 350.849 81.3622 354.194 275.715 187.781 128.954 67.7514 58.8267 30.3883 15.88 14.5082 163.067 118.739 706.502 373.192 333.31 212.723 193.509 120.587 110.565 28.4385 14.9976 258.562 147.643
internal_count=16035 7290 8745 5604 1686 4425 4320 1167 2378 1972 2613 1909 998 704 307 182 125 1707 1832 3226 1606 1620 1016 926 604 553 397 212 1838 967
cat_boundaries=0 1
cat_threshold=2
is_linear=0
shrinkage=0.05


Tree=31
num_leaves=31
num_cat=1
split_feature=1 1 7 1 1 1 7 12 1 7 3 3 1 7 7 1 3 3 3 7 7 7 7 7 13 1 10 1 10 7
split_gain=218.361 42.2282 22.5794 11.376 9.67935 6.30825 5.50622 4.02356 3.03821 2.61704 2.85711 2.35075 2.89642 2.66829 3.49018 1.91638 1.88873 1.89529 1.85539 1.76988 1.71025 3.8215 2.50646 1.63915 1.60594 1.51217 1.71312 1.48898 1.49612 1.40241
threshold=0.49489796161651617 0.97056278586387645 0.00067396344093140226 0.71611723303794872 0.029437229968607429 0.29637591540813452 0.2824715524911881 0 0.91864311695098888 0.14350029826164248 0.084712427109479918 0.0095362584106624144 0.26928147673606878 0.0035046099219471221 0.018978809937834743 0.16172623634338382 0.0086930938996374624 0.035543255507946021 0.03119421657174826 0.10060926526784898 0.10702539607882501 0.038092413917183883 0.14350029826164248 0.010891249403357508 0.31775154173374182 0.18274582922458651 0.38442796468734747 1.0000000180025095e-35 0.47507353127002722 0.020488488487899307
decision_type=2 2 2 2 2 2 2 1 2 2 2 2 2 2 2 2 2 2 2 2 2 2 2 2 2 2 2 2 2 2
left_child=2 3 4 9 -1 11 16 15 -5 10 23 12 13 -4 27 -6 -3 -18 25 -10 21 -16 -22 -2 -7 -13 -27 28 -15 -12
right_child=1 6 5 8 7 24 -8 -9 19 -11 29 18 -14 14 20 -17 17 -19 -20 -21 22 -23 -24 -25 -26 26 -28 -29 -30 -31
leaf_value=-0.04653959238770132 -0.0086707771192954582 0.030811722517917139 0.012086219203656066 0.0074036980432139023 -0.041721835214758557 -0.012290233174962402 0.034325759653463482 0 0.0073995955228766249 0.0064123993198497448 -0.00067670604425144551 -0.045778022126837729 -0.053424598078358865 0 -0.012650333191804026 -0.023151579652972338 0.0019330674175687436 0.019862499767156344 -0.024010593446488017 0.017882624430662637 -0.037185143251414005 0.038780422489572586 0.0054110272531067739 0.00024537001614969889 0.01018119421178516 -0.05178000069041136 -0.013831110081686372 -0.038157845380070256 -0.029427824982548541 -0.027842356418385297
leaf_weight=145.33043644577265 71.761919520795345 32.403574123978615 7.6292487755417815 615.14711698889732 22.888522870838642 153.51340247690678 145.30042639374733 13.610775254666803 60.7903972864151 78.726334445178509 7.060454428195956 26.288564253598452 5.441896140575408 7.5031820982694652 9.6463913992047328 43.129986569285393 18.711971864104271 83.046232774853706 61.806348048150539 133.09430465102196 7.5629441291093809 5.5834667086601248 5.9186382070183754 178.75195461511612 8.0669488534331304 4.3194036968052378 11.331752769649027 20.046461217105389 10.702751062810419 17.356745533645153
leaf_count=3258 573 132 61 2852 423 1633 738 169 245 406 64 422 65 118 125 575 75 336 925 534 73 52 43 1200 74 62 168 325 174 135
internal_value=-0.000281543 0.0100733 -0.0264714 0.005872 -0.0388182 -0.0184056 0.0275264 -0.0246226 0.00914255 -0.00159609 -0.003909 -0.0247641 -0.0181228 -0.0154124 -0.0186332 -0.0297188 0.0201051 0.0166197 -0.029817 0.0146271 -0.00521559 0.00600868 -0.0182144 -0.00229123 -0.0111318 -0.0381774 -0.0248839 -0.028534 -0.0175135 -0.0202259
internal_weight=2012.47 1442.15 570.321 1162.69 224.96 345.361 279.462 79.6293 809.032 353.657 274.931 183.781 80.035 74.5931 66.9638 66.0185 134.162 101.758 103.746 193.885 28.7114 15.2299 13.4816 250.514 161.58 41.9397 15.6512 38.2524 18.2059 24.4172
internal_count=16035 7290 8745 6009 4425 4320 1281 1167 3631 2378 1972 2613 1036 971 910 998 543 411 1577 779 293 177 116 1773 1707 652 230 617 292 199
cat_boundaries=0 1
cat_threshold=2
is_linear=0
shrinkage=0.05


Tree=32
num_leaves=31
num_cat=1
split_feature=1 1 1 7 7 1 3 3 6 13 1 1 1 1 3 3 1 7 7 10 7 12 1 10 7 7 8 3 3 3
split_gain=201.1 41.0112 17.2983 11.4205 10.5733 8.57895 3.90602 4.43025 3.62027 4.41239 2.66301 2.18961 1.87984 1.7936 2.20119 2.42069 1.76622 2.36232 1.75844 1.72225 1.67696 1.61433 1.56493 2.01444 2.95413 2.21437 1.43375 1.58947 3.41814 3.31312
threshold=0.44948978722095495 0.93440860509872448 0.1649659872055054 0.00067396344093140226 0.2824715524911881 0.69476488232612621 0.0095362584106624144 0.061409408226609237 0.15232906490564349 0.24337536096572879 0.029437229968607429 0.59787234663963329 0.029437229968607429 0.30690738558769232 0.10248309746384622 0.057922588661313064 0.57294833660125744 0.01620208099484444 0.011888714972883465 0.19752271473407748 0.0035046099219471221 0 0.029437229968607429 0.47507353127002722 0.10702539607882501 0.030705774202942852 0.33165125548839575 0.037991126999259002 0.027592155151069168 0.024494340643286708
decision_type=2 2 2 2 2 2 2 2 2 2 2 2 2 2 2 2 2 2 2 2 2 1 2 2 2 2 2 2 2 2
left_child=2 5 3 12 -3 8 19 -8 9 11 -9 16 -1 14 15 -4 -2 -18 -12 -5 -21 -14 23 24 25 -22 27 28 29 -7
right_child=1 4 13 6 -6 26 7 10 -10 -11 18 -13 21 -15 -16 -17 17 -19 -20 20 22 -23 -24 -25 -26 -27 -28 -29 -30 -31
leaf_value=-0.046172779529792145 -0.0051112875182472784 0.01637422858290985 -0.020877404795910284 0.016342653786091909 0.032864631925785349 0.0054684550313593401 -0.041097250065747326 0.014302484713431081 -0.038226041650683135 0.02960330149554348 -0.039409081594116789 0.00071865361234459569 -0.037733601490711421 -0.012915037136483801 -0.041554630353364014 0.01762920339357198 -0.0049269695999317725 -0.036551269567865467 0.0022382565381885186 0.0089676777796073217 -0.0042688561493575035 -0.0092162770834367264 -0.032653916154423417 -0.029512171075674193 -0.036780742926081356 0.036792289183181469 -0.010763434719630481 0.0096365782466618713 -0.0091389485070414549 0.033357114883286541
leaf_weight=139.31410025805235 131.14376924186945 311.58627806603909 83.417299795895815 4.3121646642684928 143.20488676428795 302.75746764242649 40.503425240516663 6.492893714457753 7.0235085263848296 10.469056800007818 7.3509866669774038 169.13049204647541 26.823793463408947 129.92298892140388 12.942756071686743 4.0763892903923979 13.172397382557394 11.329198583960531 3.493450578302145 5.7317771911621085 10.196806427091365 6.7851955220103255 14.660963639616964 10.787429064512251 4.6660646200180045 4.6218325868248931 11.152340322732924 320.70529016852379 39.121850311756134 11.032545179128645
leaf_count=3258 1138 1256 1150 26 739 1445 663 99 51 78 113 1033 507 1436 198 58 111 88 57 43 155 93 234 180 34 43 56 1456 185 52
internal_value=-0.000275902 0.00908338 -0.0271546 -0.0353901 0.0215838 0.00354153 -0.0228877 -0.0320153 -0.00291141 -0.00214547 -0.0103972 -0.00319307 -0.0435001 -0.0169064 -0.0220018 -0.0190082 -0.00747354 -0.019842 -0.025638 -0.0131532 -0.0157894 -0.0321691 -0.0190714 -0.0122428 -0.00232467 0.00836346 0.00677416 0.00707349 0.00472807 0.00647524
internal_weight=1997.93 1481.83 516.1 285.741 454.791 1027.04 112.818 57.8408 342.268 335.245 17.3373 324.776 172.923 230.359 100.436 87.4937 155.645 24.5016 10.8444 54.977 50.6649 33.609 44.9331 30.2721 19.4847 14.8186 684.769 673.617 352.912 313.79
internal_count=16035 7688 8347 5505 1995 5693 1647 932 2499 2448 269 2370 3858 2842 1406 1208 1337 199 170 715 689 600 646 412 232 198 3194 3138 1682 1497
cat_boundaries=0 1
cat_threshold=2
is_linear=0
shrinkage=0.05


end of trees

feature_importances:
cooccurrence_score=375
popularity_prior=337
known_hobby_compatibility=199
is_cold_start=17
mismatch_penalty=13
occupation_fit=12
novelty_bonus=11
age_group_fit=10
text_embedding_similarity=10
region_fit=6

parameters:
[boosting: gbdt]
[objective: binary]
[metric: auc]
[tree_learner: serial]
[device_type: cpu]
[data_sample_strategy: bagging]
[data: ]
[valid: ]
[num_iterations: 500]
[learning_rate: 0.05]
[num_leaves: 31]
[num_threads: -1]
[seed: 42]
[deterministic: 0]
[force_col_wise: 0]
[force_row_wise: 0]
[histogram_pool_size: -1]
[max_depth: -1]
[min_data_in_leaf: 50]
[min_sum_hessian_in_leaf: 0.001]
[bagging_fraction: 1]
[pos_bagging_fraction: 1]
[neg_bagging_fraction: 1]
[bagging_freq: 0]
[bagging_seed: 400]
[bagging_by_query: 0]
[feature_fraction: 1]
[feature_fraction_bynode: 1]
[feature_fraction_seed: 30056]
[extra_trees: 0]
[extra_seed: 12879]
[early_stopping_round: 0]
[early_stopping_min_delta: 0]
[first_metric_only: 0]
[max_delta_step: 0]
[lambda_l1: 0.1]
[lambda_l2: 0.1]
[linear_lambda: 0]
[min_gain_to_split: 0]
[drop_rate: 0.1]
[max_drop: 50]
[skip_drop: 0.5]
[xgboost_dart_mode: 0]
[uniform_drop: 0]
[drop_seed: 17869]
[top_rate: 0.2]
[other_rate: 0.1]
[min_data_per_group: 100]
[max_cat_threshold: 32]
[cat_l2: 10]
[cat_smooth: 10]
[max_cat_to_onehot: 4]
[top_k: 20]
[monotone_constraints: ]
[monotone_constraints_method: basic]
[monotone_penalty: 0]
[feature_contri: ]
[forcedsplits_filename: ]
[refit_decay_rate: 0.9]
[cegb_tradeoff: 1]
[cegb_penalty_split: 0]
[cegb_penalty_feature_lazy: ]
[cegb_penalty_feature_coupled: ]
[path_smooth: 0]
[interaction_constraints: ]
[verbosity: -1]
[saved_feature_importance_type: 0]
[use_quantized_grad: 0]
[num_grad_quant_bins: 4]
[quant_train_renew_leaf: 0]
[stochastic_rounding: 1]
[linear_tree: 0]
[max_bin: 255]
[max_bin_by_feature: ]
[min_data_in_bin: 3]
[bin_construct_sample_cnt: 200000]
[data_random_seed: 175]
[is_enable_sparse: 1]
[enable_bundle: 1]
[use_missing: 1]
[zero_as_missing: 0]
[feature_pre_filter: 1]
[pre_partition: 0]
[two_round: 0]
[header: 0]
[label_column: ]
[weight_column: ]
[group_column: ]
[ignore_column: ]
[categorical_feature: 12]
[forcedbins_filename: ]
[precise_float_parser: 0]
[parser_config_file: ]
[objective_seed: 16083]
[num_class: 1]
[is_unbalance: 0]
[scale_pos_weight: 1]
[sigmoid: 1]
[boost_from_average: 1]
[reg_sqrt: 0]
[alpha: 0.9]
[fair_c: 1]
[poisson_max_delta_step: 0.7]
[tweedie_variance_power: 1.5]
[lambdarank_truncation_level: 30]
[lambdarank_norm: 1]
[label_gain: ]
[lambdarank_position_bias_regularization: 0]
[eval_at: ]
[multi_error_top_k: 1]
[auc_mu_weights: ]
[num_machines: 1]
[local_listen_port: 12400]
[time_out: 120]
[machine_list_filename: ]
[machines: ]
[gpu_platform_id: -1]
[gpu_device_id: -1]
[gpu_use_dp: 0]
[num_gpu: 1]

end of parameters

pandas_categorical:null
