tree
version=v4
num_class=1
num_tree_per_iteration=1
label_index=0
max_feature_idx=12
objective=binary sigmoid:1
feature_names=lightgcn_score cooccurrence_score segment_popularity_score known_hobby_compatibility age_group_fit occupation_fit region_fit popularity_prior mismatch_penalty popularity_penalty novelty_bonus category_diversity_reward is_cold_start
feature_infos=none [0:1] none [0:0.53793102502822876] [0:0.8125] [0:0.6834532618522644] [0:0.39097744226455688] [0:1] [0:0.65672630071640015] [0:1] [0:1] none -1:1:0
tree_sizes=3307 3443 3430 3413 3429 3432 3447 3450 3419 3444 3465 3446 3454 3446 3446 3451 3432 3430 3426 3468 3466 3455 3483 3425 3485 3484 3447 3454 3477 3462 3482 3479 3470

Tree=0
num_leaves=31
num_cat=0
split_feature=1 1 1 7 1 1 3 7 3 1 1 3 1 7 7 3 7 7 7 1 7 7 3 1 7 7 7 1 7 3
split_gain=4047.64 677.443 405.934 184.536 69.656 17.714 14.1699 11.9098 11.2126 8.27807 7.12002 7.63397 6.84832 19.7893 8.35973 9.63345 6.23524 5.99183 5.30812 5.29586 5.25107 4.61892 6.08276 4.02967 6.00174 4.69175 4.60689 8.15621 8.9147 3.96541
threshold=0.77664399147033703 0.93257576227188121 0.59787234663963329 0.2824715524911881 0.33687943220138555 0.67006802558898937 0.33693875372409826 0.00067396344093140226 0.024494340643286708 0.9595918357372285 0.49489796161651617 0.026192452758550647 0.83697199821472179 0.0023993098875507717 0.030705774202942852 0.085183933377265944 0.14350029826164248 0.0029923977563157682 0.010891249403357508 0.51165312528610241 0.018978809937834743 0.072599343955516829 0.064172957092523589 0.87627550959587108 0.67466436326503765 0.091119859367609038 0.091119859367609038 0.88762626051902782 0.035531353205442436 1.0000000180025095e-35
decision_type=2 2 2 2 2 2 2 2 2 2 2 2 2 2 2 2 2 2 2 2 2 2 2 2 2 2 2 2 2 2
left_child=2 6 4 9 7 16 12 -1 -7 -3 -6 18 14 -14 -2 -16 -4 -9 -12 -20 -19 22 -10 25 26 -15 27 -25 -29 -22
right_child=1 3 5 -5 10 8 -8 17 21 -11 11 -13 13 23 15 -17 -18 20 19 -21 29 -23 -24 24 -26 -27 -28 28 -30 -31
leaf_value=-1.4451444982589072 -1.3097477646933895 -1.2671948966603734 -1.3955372217703226 -1.1787990010188616 -1.4221408722894244 -1.3770318803429891 -1.3841428980389079 -1.4016295970720734 -1.3511091746240944 -1.2455192832850379 -1.4148768764115376 -1.4230314917075551 -1.3834395486099413 -1.2802837891497145 -1.3481275908447139 -1.3067085593446377 -1.3590148384284975 -1.4392964799715176 -1.4163957564115479 -1.3830611528211529 -1.4163826949608134 -1.3455743596032166 -1.385641619578035 -1.3760038038295757 -1.3529390098112599 -1.3149919859266905 -1.3079155127126794 -1.3117785340664927 -1.368559806679494 -1.4341320750615703
leaf_weight=674.23998492956161 25.439999431371689 114.71999743580818 90.239997982978821 118.23999735713005 259.19999420642853 114.8799974322319 11.519999742507933 13.919999688863752 29.599999338388443 89.439998000860214 38.559999138116837 58.559998691082001 12.159999728202818 15.039999663829802 97.759997814893723 16.799999624490738 13.279999703168867 311.67999303340912 15.679999649524687 47.839998930692673 54.239998787641525 62.399998605251312 22.879999488592148 8.1599998176097852 15.039999663829802 39.519999116659164 57.759998708963394 42.239999055862427 8.6399998068809492 85.919998079538345
leaf_count=4214 159 717 564 739 1620 718 72 87 185 559 241 366 76 94 611 105 83 1948 98 299 339 390 143 51 94 247 361 264 54 537
internal_value=-1.38629 -1.28093 -1.42373 -1.22864 -1.43443 -1.37365 -1.32914 -1.44085 -1.36591 -1.25761 -1.41698 -1.4086 -1.32728 -1.32118 -1.33601 -1.34195 -1.39078 -1.4346 -1.40024 -1.39125 -1.4356 -1.35485 -1.36604 -1.31715 -1.32221 -1.30516 -1.31833 -1.32872 -1.32127 -1.42733
internal_weight=2565.6 672.48 1893.12 322.4 1559.84 333.28 350.08 1140 229.76 204.16 419.84 160.64 338.56 198.56 140 114.56 103.52 465.76 102.08 63.52 451.84 114.88 52.48 186.4 131.84 54.56 116.8 59.04 50.88 140.16
internal_count=16035 4203 11832 2015 9749 2083 2188 7125 1436 1276 2624 1004 2116 1241 875 716 647 2911 638 397 2824 718 328 1165 824 341 730 369 318 876
is_linear=0
shrinkage=1


Tree=1
num_leaves=31
num_cat=1
split_feature=1 1 1 7 1 1 1 7 7 7 3 7 7 1 7 1 7 3 12 3 3 3 1 3 7 3 7 3 3 1
split_gain=3506.45 559.203 330.07 124.114 40.8004 37.2357 13.3231 16.707 10.7663 8.32815 7.1693 6.66835 6.6072 7.62362 5.80376 5.79749 4.64247 4.4399 4.35178 4.19517 4.17021 5.0706 3.80825 5.56084 8.87761 3.80399 5.27745 3.65165 4.61147 3.6248
threshold=0.75582656264305126 0.93257576227188121 0.51042118668556224 0.2824715524911881 0.67006802558898937 0.24744898080825808 0.83697199821472179 0.0023993098875507717 0.14350029826164248 0.00067396344093140226 0.024494340643286708 0.0029923977563157682 0.14350029826164248 0.81934732198715221 0.14037310332059863 0.9595918357372285 0.072599343955516829 0.050365727394819267 0 0.10478704050183298 0.049422385171055801 0.026963805779814724 0.60208335518836986 0.026192452758550647 0.010891249403357508 0.080938752740621581 0.67466436326503765 0.050767736509442336 0.03119421657174826 0.77664399147033703
decision_type=2 2 2 2 2 2 2 2 2 2 2 2 2 2 2 2 2 2 1 2 2 2 2 2 2 2 2 2 2 2
left_child=2 6 5 15 8 9 12 -8 22 -1 -6 -11 13 29 -13 18 17 -12 20 25 21 -3 23 24 -4 26 -9 28 -15 -2
right_child=1 3 4 -5 10 -7 7 19 -10 11 16 14 -14 27 -16 -17 -18 -19 -20 -21 -22 -23 -24 -25 -26 -27 -28 -29 -30 -31
leaf_value=-0.058485097698311984 0.030093525029833347 0.10800726847896613 -0.032380102846027256 0.17474869895621259 0.007955291103448045 -0.036872512021523376 0.0018684603944941983 0.064810110300523374 0.02280721355813637 -0.0083678694298573286 0.029889118383315677 -0.051010724752380693 0.028053371194132377 0.037132072304047956 -0.011614510804019196 0.12304930314597756 0.038472780043159759 -0.00037552663351344618 0.077475913656131157 0.032320018704772156 0.12398589569387133 0.071853251826650408 -0.0085295210033382238 -0.035422134216812153 0.0010973210684721917 0.088823866888195435 0.035027263330381413 0.043706860550742098 -0.012423215985662999 0.061554821525488274
leaf_weight=624.40402656793594 11.772100344300268 57.436789646744728 35.546103090047836 132.95872373878956 99.107908368110657 406.07079049944878 12.341037273406981 154.28747987747192 18.615973025560379 10.304360687732695 26.304354652762413 331.82608790695667 71.351207226514816 9.3881488293409365 10.029873445630072 97.006000742316246 47.2070631980896 21.798388943076134 14.744966894388197 12.003309503197668 36.862417235970497 13.887701377272604 88.307701125741005 49.139446467161179 43.920264601707458 15.673882648348807 17.750277280807495 20.990805119276047 9.0165017992258054 65.605202704668045
leaf_count=4045 73 335 226 739 616 2600 77 924 115 65 161 2138 437 57 64 559 288 136 86 74 215 81 555 314 274 94 108 128 55 396
internal_value=-7.69823e-05 0.0905986 -0.0377558 0.136483 0.000495152 -0.0496532 0.0500992 0.0587617 -0.0134843 -0.0549582 0.0174547 -0.0486757 0.0402821 0.0476811 -0.0498732 0.113259 0.0272615 0.0160982 0.105399 0.0622496 0.109083 0.101148 -0.016631 -0.0221442 -0.0138365 0.0641186 0.0617884 0.0293925 0.0126486 0.0568779
internal_weight=2565.66 753.077 1812.58 352.897 429.947 1382.64 400.18 212.056 235.529 976.564 194.418 352.16 188.124 116.773 341.856 219.938 95.3098 48.1027 122.932 199.715 108.187 71.3245 216.914 128.606 79.4664 187.712 172.038 39.3955 18.4047 77.3773
internal_count=16035 4438 11597 2015 2685 8912 2423 1277 1484 6312 1201 2267 1146 709 2202 1276 585 297 717 1200 631 416 1369 814 500 1126 1032 240 112 469
cat_boundaries=0 1
cat_threshold=2
is_linear=0
shrinkage=0.05


Tree=2
num_leaves=31
num_cat=0
split_feature=1 1 1 7 1 1 1 7 7 7 7 3 3 7 3 7 1 1 1 1 3 1 3 3 7 3 7 3 1 7
split_gain=3076.3 436.568 314.868 92.5216 36.8538 36.7443 10.1972 13.7419 9.76966 8.36316 6.44257 6.26391 6.16987 5.62717 5.23357 4.62414 6.4293 5.01578 4.50113 4.00874 5.44639 4.01345 4.76451 4.05033 3.98455 3.90378 3.58359 6.03773 4.18345 3.44811
threshold=0.75582656264305126 0.92546296119689953 0.51042118668556224 0.2824715524911881 0.24744898080825808 0.67006802558898937 0.83697199821472179 0.0023993098875507717 0.14350029826164248 0.00067396344093140226 0.0029923977563157682 0.024494340643286708 0.2899406254291535 0.14037310332059863 0.087420001626014723 0.038092413917183883 0.77913278341293346 0.81934732198715221 0.9595918357372285 0.87627550959587108 0.10436635836958887 0.88762626051902782 0.037991126999259002 0.049937656149268157 0.072599343955516829 0.050365727394819267 0.0039089879719540485 0.029671942815184597 0.61294063925743114 0.091119859367609038
decision_type=2 2 2 2 2 2 2 2 2 2 2 2 2 2 2 2 2 2 2 2 2 2 2 2 2 2 2 2 2 2
left_child=2 6 4 18 9 8 12 -8 26 -1 -11 -7 14 -12 15 16 -2 -18 -3 29 21 22 -21 -24 25 -13 28 -28 -4 -9
right_child=1 3 5 -5 -6 11 7 19 -10 10 13 24 -14 -15 -16 -17 17 -19 -20 20 -22 -23 23 -25 -26 -27 27 -29 -30 -31
leaf_value=-0.05769235414191759 0.0054611417083502865 0.094242487185614773 -0.037364718040683406 0.15184948420657784 -0.035858177497156238 0.0075212882155956716 0.0017737671297053026 0.088078099411629432 0.021377240931360661 -0.0079946090518185284 -0.050068062685780845 0.027898077896883245 -0.0022655329406153606 -0.011119619274419722 0.061863911582726694 0.028687420861795734 0.064601819382843609 0.033606819182056262 0.10931827333333979 0.019106106970409709 0.016321842993578983 0.060525137608237745 0.073247531222162529 0.031480155652416179 0.035726425662913557 -0.00035691716950211308 -0.0035187922837243662 -0.023086655295771256 -0.007506959970778191 0.059717520413793163
leaf_weight=601.90703257918358 8.6821640580892545 133.78137564659119 35.176330164074898 145.02405273914337 396.91790980100632 99.578723549842834 12.354851841926573 16.5859375 18.868143051862717 10.252222269773482 321.43671464920044 26.767304062843323 9.1035437583923322 9.9587582200765592 23.301630854606628 93.875352680683136 34.48592421412468 23.086044415831566 103.55862286686897 16.136404305696487 10.597505956888197 90.491567105054855 13.713818520307543 11.436393544077871 48.273140430450439 21.793484270572662 90.183224007487297 71.00439465045929 18.362213730812073 44.259182557463646
leaf_count=4045 53 738 228 739 2600 616 77 94 115 65 2138 161 55 64 135 564 201 138 559 94 64 525 79 67 288 136 568 457 116 256
internal_value=-0.000135746 0.0818696 -0.0367544 0.120263 -0.0486963 0.000463128 0.0458659 0.0534073 -0.0129248 -0.0540871 -0.0477058 0.0164093 0.0373726 -0.0489164 0.0393672 0.0360258 0.0462893 0.0523395 0.100885 0.0565194 0.0516782 0.054469 0.0409603 0.0546528 0.0254806 0.0151402 -0.0159708 -0.0121786 -0.0272507 0.0676623
internal_weight=2560.95 790.474 1770.48 382.364 1340.47 430.007 408.11 215.576 233.594 943.555 341.648 196.413 192.535 331.395 183.431 160.129 66.2541 57.572 237.34 203.221 142.376 131.778 41.2866 25.1502 96.8339 48.5608 214.726 161.188 53.5385 60.8451
internal_count=16035 4438 11597 2036 8912 2685 2402 1256 1484 6312 2267 1201 1146 2202 1091 956 392 339 1297 1179 829 765 240 146 585 297 1369 1025 344 350
is_linear=0
shrinkage=0.05


Tree=3
num_leaves=31
num_cat=0
split_feature=1 1 1 7 1 1 1 3 3 7 7 7 3 7 7 3 1 7 7 7 3 1 3 3 3 3 3 1 1 7
split_gain=2736.5 466.119 173.037 72.5148 27.8441 23.204 23.0678 9.58713 8.70797 8.41611 8.33295 6.22617 5.58147 5.45802 5.0922 4.29047 4.5338 9.71122 6.9753 3.94779 3.67114 3.50915 3.16521 3.88212 2.95641 2.51765 7.09056 2.51175 2.34728 2.38745
threshold=0.69476488232612621 0.92546296119689953 0.44948978722095495 0.2824715524911881 0.77664399147033703 0.59787234663963329 0.24744898080825808 0.33693875372409826 0.038451150059700019 0.00067396344093140226 0.030705774202942852 0.0029923977563157682 0.057922588661313064 0.14037310332059863 0.14350029826164248 0.085183933377265944 0.83697199821472179 0.0023993098875507717 0.030705774202942852 0.67466436326503765 0.043072111904621131 0.97056278586387645 0.0086930938996374624 0.035543255507946021 0.055363984778523452 0.049422385171055801 0.030644544400274757 0.029437229968607429 0.49489796161651617 0.010891249403357508
decision_type=2 2 2 2 2 2 2 2 2 2 2 2 2 2 2 2 2 2 2 2 2 2 2 2 2 2 2 2 2 2
left_child=2 4 6 21 8 20 9 15 -2 27 -7 -11 -12 -13 -14 16 18 -18 -6 -19 28 25 -23 -24 -21 26 -3 -1 -4 -30
right_child=1 3 5 -5 7 10 -8 -9 -10 11 12 13 14 -15 -16 -17 17 19 -20 24 -22 22 23 -25 -26 -27 -28 -29 29 -31
leaf_value=-0.058649920835460112 0.010384603049349857 0.084764641952194464 -0.029368029941630874 0.13483875548852628 0.061287516452354113 -0.010787024828868827 -0.037234028180783835 0 0.03422897338525703 -0.0076364207394184411 0.019625445297860436 -0.049151568467961315 -0.017381804384527435 -0.01064299670494756 0.022760859382890946 0.060133664427200501 0.0042671066295567597 0.053986028038049798 0.030415199409573435 0.047931439512145735 -0.033223206451761314 0.11535206095482838 0.067507016489095781 0.098390839461152249 0.0073746755752522597 0.095223292138840218 0.039215407584414358 -0.049769217430655328 -0.024991388027376396 -0.0097651321635240807
leaf_weight=467.09844866394997 100.69697692990303 81.878880381584167 36.360689923167229 154.88516212999821 22.845872342586517 71.014490500092506 303.45630034804344 11.859411567449568 62.722065106034279 10.202445238828657 69.504665613174438 311.3187048137188 24.660429090261459 9.8907561749219877 11.443718910217283 47.829302474856377 11.886164784431456 161.8141991943121 104.2670871168375 9.7079621404409426 55.55220590531826 25.794646918773651 14.656049385666845 65.659101247787476 8.9888289272785169 51.267139121890068 10.306525096297262 112.83194570243359 38.67278203368187 83.298403203487396
leaf_count=3258 614 431 243 739 128 449 2035 72 372 65 425 2138 156 64 67 269 74 905 611 56 370 132 75 336 52 268 55 787 256 533
internal_value=-0.000181292 0.0672165 -0.0399481 0.107848 0.0369078 -0.0109748 -0.049256 0.0443541 0.0195823 -0.053249 0.00241209 -0.0467607 0.0113367 -0.047985 -0.00449219 0.0457822 0.0436001 0.048543 0.036047 0.0514268 -0.0220489 0.0910293 0.0985147 0.0929082 0.028842 0.0853928 0.0797743 -0.0569396 -0.0180782 -0.0146503
internal_weight=2552.37 947.065 1605.31 404.448 542.618 390.507 1214.8 379.199 163.419 911.342 176.623 331.412 105.609 321.209 36.1041 367.339 319.51 192.397 127.113 180.511 213.884 249.562 106.11 80.3152 18.6968 143.453 92.1854 579.93 158.332 121.971
internal_count=16035 5189 10846 2036 3153 2499 8347 2167 986 6312 1097 2267 648 2202 223 2095 1826 1087 739 1013 1402 1297 543 411 108 754 486 4045 1032 789
is_linear=0
shrinkage=0.05


Tree=4
num_leaves=31
num_cat=0
split_feature=1 1 1 7 1 1 7 7 3 3 7 7 3 1 3 1 3 7 1 7 3 7 3 1 3 3 7 3 3 7
split_gain=2449.63 444.433 111.158 62.5063 36.7671 17.4408 11.9343 8.28931 8.15272 7.18598 5.32644 5.41482 4.13065 3.87295 4.44718 3.77344 3.68592 5.14578 4.06227 8.21746 5.58837 3.23734 5.44536 3.86611 3.14869 5.40818 3.37038 4.9354 2.99568 2.97136
threshold=0.67006802558898937 0.91945946216583263 0.33687943220138555 0.2824715524911881 0.77664399147033703 0.51042118668556224 0.00067396344093140226 0.14350029826164248 0.33693875372409826 0.024494340643286708 0.0029923977563157682 0.018978809937834743 1.0000000180025095e-35 0.94935896992683422 0.011063992511481048 0.18274582922458651 0.085183933377265944 0.67466436326503765 0.84150716662406932 0.0023993098875507717 0.0090895015746355074 0.0039089879719540485 0.029671942815184597 0.61294063925743114 0.03119421657174826 0.038451150059700019 0.091119859367609038 0.050365727394819267 0.021145785227417949 0.14037310332059863
decision_type=2 2 2 2 2 2 2 2 2 2 2 2 2 2 2 2 2 2 2 2 2 2 2 2 2 2 2 2 2 2
left_child=2 4 6 13 9 -4 15 21 16 28 -8 -12 29 14 -3 -1 17 18 20 -20 -6 23 -23 -7 -11 -26 27 -27 -2 -13
right_child=1 3 5 -5 8 7 10 -9 -10 24 11 12 -14 -15 -16 -17 -18 -19 19 -21 -22 22 -24 -25 25 26 -28 -29 -30 -31
leaf_value=-0.056982405299871391 0.009305366119005884 0.052736218483004305 -0.030820792750467365 0.1219599058816172 0.051229969107083086 -0.035681879987209578 -0.012844883703013656 0.019344449385692786 0 0.048143888430268462 -0.04952282995995521 -0.032089016604643798 -0.044066136720281604 0.086305172793746124 0.080630596262025775 -0.041926838521339771 0.055311590992194161 0.018578823965642456 0.0058814213523985283 0.049998254172617287 0.027666603501113232 -0.0029474831915710618 -0.021687746965419641 -0.0066757588000027172 -0.014585413805281632 0.034270680263138613 0.033397743996823513 0.00064254210094481941 -0.021162689127843061 -0.0030613772398940479
leaf_weight=533.26167510449886 109.14862301945686 23.467050850391388 261.72704376280308 163.41181756556034 37.242339968681335 33.823332726955414 13.412016868591307 19.232525154948235 11.859411567449568 12.837493821978567 275.36751663684845 37.208719953894615 76.809223130345345 191.18283689022064 48.470272809267044 49.577776178717613 49.365999206900597 26.374000683426857 11.594426751136778 162.75814108550549 85.595233872532845 89.532609090209007 69.302675381302834 18.15892767906189 9.234011843800543 18.716811135411263 54.632462382316589 26.721044197678566 8.5285908579826337 12.088613450527189
leaf_count=3863 666 120 1787 742 208 228 87 115 72 75 1948 259 537 948 245 351 269 151 72 885 491 568 457 116 54 109 315 165 52 80
internal_value=-0.000217134 0.0582216 -0.0414618 0.0975658 0.031335 -0.021982 -0.0510552 -0.0118955 0.0409196 0.0159252 -0.0444812 -0.0455222 -0.0367145 0.0823561 0.0716863 -0.0557177 0.0422171 0.0401873 0.0420813 0.0470982 0.0348872 -0.014777 -0.0111642 -0.0256775 0.0244332 0.0215613 0.0249579 0.0146493 0.00703866 -0.0250927
internal_weight=2540.64 1051.14 1489.5 426.532 624.609 491.777 997.726 230.05 384.79 239.819 414.886 401.474 126.107 263.12 71.9373 582.839 372.93 323.564 297.19 174.353 122.838 210.818 158.835 51.9823 122.142 109.304 100.07 45.4379 117.677 49.2973
internal_count=16035 5639 10396 2055 3584 3271 7125 1484 2148 1436 2911 2824 876 1313 365 4214 2076 1807 1656 957 699 1369 1025 344 718 643 589 274 718 339
is_linear=0
shrinkage=0.05


Tree=5
num_leaves=31
num_cat=0
split_feature=1 1 1 7 1 1 7 3 3 1 3 7 7 3 3 1 7 8 1 3 3 7 1 7 3 3 7 1 3 1
split_gain=2205.17 375.302 108.675 53.2248 31.6996 16.5186 12.0181 7.04081 6.31914 5.34438 6.65664 5.15951 5.35564 4.1243 4.00457 3.83741 3.69149 3.53986 3.15803 3.6328 2.97967 3.92161 4.08577 7.46492 6.10082 2.89803 4.51251 4.23332 3.61513 2.85123
threshold=0.67006802558898937 0.91945946216583263 0.33687943220138555 0.2824715524911881 0.77664399147033703 0.59787234663963329 0.00067396344093140226 0.33693875372409826 0.023002674803137783 0.49489796161651617 0.026192452758550647 0.0029923977563157682 0.018978809937834743 0.011968885548412802 1.0000000180025095e-35 0.029437229968607429 0.14350029826164248 0.32502581179142004 0.94935896992683422 0.011063992511481048 0.085183933377265944 0.67466436326503765 0.84150716662406932 0.0023993098875507717 0.0090895015746355074 0.041031122207641609 0.038092413917183883 0.80566483736038219 0.019166309386491779 0.029437229968607429
decision_type=2 2 2 2 2 2 2 2 2 2 2 2 2 2 2 2 2 2 2 2 2 2 2 2 2 2 2 2 2 2
left_child=2 4 6 18 8 9 15 17 -2 -4 13 -8 -13 -11 29 -1 -7 20 19 -3 21 22 24 -24 -6 28 -27 -28 -26 -14
right_child=1 3 5 -5 7 16 11 -9 -10 10 -12 12 14 -15 -16 -17 -18 -19 -20 -21 -22 -23 23 -25 25 26 27 -29 -30 -31
leaf_value=-0.057356128443542181 0.0065191893825264748 0.048896956433536198 -0.030748830344043351 0.11134950948745292 0.049527799792510284 -0.0071075659007121608 -0.012306941271974452 0 0.022773516536113782 -0.016774539870632012 -0.032698388607242848 -0.048666396050041236 -0.0090718889577421549 0.0064971543353727406 -0.043132419895561748 -0.047105051597921853 0.020271916317804034 0.0080844558661667936 0.078986906875198687 0.073871175216966234 0.051784809827972469 0.018665347575388264 0.0055699730084112558 0.047574220073204401 0.034750815287289356 0.048556478784538976 0.034471527255568228 -0.0062566859868198061 0.0014161498792285006 -0.034249861265546945
leaf_weight=432.31444984674454 116.23143072426319 24.036581695079803 232.25284741818905 169.86295984685421 37.52971163392067 87.666276946663857 13.30549895763397 11.859411567449568 125.72559376060963 71.726264849305153 53.584401354193687 266.43232861161232 19.532919451594353 25.481080710887909 74.606878966093063 128.98249867558479 14.162677586078642 9.3612273931503278 198.26567387580872 50.221233993768692 49.618217900395393 25.060804709792137 11.635112643241881 162.40966279804707 12.948833003640173 24.056578457355499 15.561710700392725 10.414360076189039 22.508676081895828 28.965267986059189
leaf_count=3258 706 120 1620 742 204 564 87 72 730 474 366 1948 136 164 537 956 83 51 948 245 263 142 72 861 73 134 89 60 127 203
internal_value=-0.000246395 0.0539256 -0.0405264 0.089282 0.0292727 -0.0211935 -0.0502407 0.038047 0.0149918 -0.0259527 -0.0185169 -0.0435596 -0.0446108 -0.0106225 -0.0357605 -0.0550182 -0.00323434 0.0392273 0.0754733 0.0659311 0.0399958 0.0381488 0.0397688 0.0447997 0.03258 0.0250324 0.032854 0.0179896 0.0137938 -0.0242517
internal_weight=2526.32 1077.31 1449.01 442.386 634.921 484.874 964.14 392.964 241.957 383.045 150.792 402.843 389.537 97.2073 123.105 561.297 101.829 381.105 272.523 74.2578 371.744 322.125 297.065 174.045 123.02 85.4902 50.0326 25.9761 35.4575 48.4982
internal_count=16035 5639 10396 2055 3584 3271 7125 2148 1436 2624 1004 2911 2824 638 876 4214 647 2076 1313 365 2025 1762 1620 933 687 483 283 149 200 339
is_linear=0
shrinkage=0.05


Tree=6
num_leaves=31
num_cat=0
split_feature=1 1 1 7 1 1 7 7 3 3 7 7 1 3 3 7 7 3 1 1 1 7 7 1 7 3 1 3 3 7
split_gain=1990.92 321.51 106.261 46.6121 27.478 15.5501 12.1159 6.99265 6.23882 5.56693 4.9968 5.30058 3.92004 3.88265 3.56834 3.79028 3.0587 4.79377 3.58114 2.91721 2.90864 6.02643 4.59091 2.82673 2.82448 2.73506 2.70996 2.35117 5.46448 2.36564
threshold=0.67006802558898937 0.91945946216583263 0.33687943220138555 0.2824715524911881 0.77664399147033703 0.51042118668556224 0.00067396344093140226 0.14350029826164248 0.18643133342266086 0.024494340643286708 0.0029923977563157682 0.018978809937834743 0.16172623634338382 1.0000000180025095e-35 0.085183933377265944 0.67466436326503765 0.0039089879719540485 0.029671942815184597 0.61294063925743114 0.71269842982292186 0.84150716662406932 0.0023993098875507717 0.030705774202942852 0.9595918357372285 0.14037310332059863 0.021145785227417949 0.60922586917877208 0.019166309386491779 0.037497466430068023 0.038092413917183883
decision_type=2 2 2 2 2 2 2 2 2 2 2 2 2 2 2 2 2 2 2 2 2 2 2 2 2 2 2 2 2 2
left_child=2 4 6 23 9 -4 12 16 14 25 -8 -12 -1 24 15 20 18 -18 -7 -11 22 -22 -6 -3 -13 -2 -19 -24 -29 -30
right_child=1 3 5 -5 8 7 10 -9 -10 19 11 13 -14 -15 -16 -17 17 26 -20 -21 21 -23 27 -25 -26 -27 -28 28 29 -31
leaf_value=-0.055907592010592567 0.0084329368186873543 0.064767380852673154 -0.028990352414235511 0.1026380849669313 0.050028803949290129 -0.034213374312763896 -0.011788120162835113 0.0175167111678502 0.0044555240207128921 0.011391994820470184 -0.047828869149881409 -0.030427973187731196 -0.041875202152635183 -0.042214478376247977 0.049815007043686341 0.016408814699075656 -0.0023717784794029862 -0.029247513247987002 -0.0060438750734920221 0.027421256374308867 0.0052760613640528359 0.042953314507163665 0.036159797157775606 0.075698574201742197 -0.0018413239574248238 -0.02075708168503082 -0.0087799383681385606 -0.0075125968844208697 0.04015101737564182 0.018065930656703165
leaf_weight=479.58207693696022 110.16242438554764 158.9314251691103 251.66753670573235 174.93325607478619 24.581040978431702 32.669966191053391 13.203610584139822 19.565385475754738 15.978346779942511 46.869676500558853 257.76560974121094 35.841315612196922 60.786887854337692 72.474466904997826 47.910360082983971 26.902785792946815 88.880418047308922 37.033949464559555 18.006004214286804 78.485419899225235 11.673655986785887 170.73324842751026 35.677115261554718 121.80050773918629 11.89452914893627 8.4741242229938489 30.405353829264641 14.072119101881979 21.600177198648453 31.308076903223991
leaf_count=3754 666 754 1787 742 128 228 87 115 94 273 1948 259 460 537 247 151 568 258 116 445 72 885 195 559 80 52 199 80 118 178
internal_value=-0.000269081 0.0501382 -0.0396078 0.0822854 0.0273904 -0.0204251 -0.0494469 -0.01088 0.0354574 0.0141211 -0.042654 -0.0437156 -0.0543464 -0.0348216 0.0367314 0.0348398 -0.0135954 -0.0100688 -0.0243344 0.0214817 0.0364191 0.0405737 0.0303968 0.0695531 -0.0234282 0.00629008 -0.0201203 0.0256032 0.0198602 0.0272354
internal_weight=2509.87 1100.09 1409.78 455.665 644.429 478.229 931.548 226.561 400.437 243.992 391.18 377.976 540.369 120.21 384.459 336.548 206.996 156.32 50.676 125.355 309.645 182.407 127.239 280.732 47.7358 118.637 67.4393 102.657 66.9804 52.9083
internal_count=16035 5639 10396 2055 3584 3271 7125 1484 2148 1436 2911 2824 4214 876 2054 1807 1369 1025 344 718 1656 957 699 1313 339 718 457 571 376 296
is_linear=0
shrinkage=0.05


Tree=7
num_leaves=31
num_cat=0
split_feature=1 1 1 7 1 1 7 7 3 3 7 7 1 3 8 3 1 7 7 3 3 7 3 1 1 1 10 3 3 3
split_gain=1801.85 278.825 103.872 39.6373 24.3856 14.6142 12.2227 6.3491 5.47409 4.94762 4.83809 5.24525 4.01248 3.76143 3.06537 2.88529 3.05765 5.89805 5.09817 3.26113 7.74896 2.85208 4.42889 3.96863 3.37562 2.7247 4.97086 2.71095 2.21318 4.67901
threshold=0.67006802558898937 0.92546296119689953 0.33687943220138555 0.2824715524911881 0.77664399147033703 0.51042118668556224 0.00067396344093140226 0.14350029826164248 0.18643133342266086 0.023002674803137783 0.0029923977563157682 0.018978809937834743 0.029437229968607429 1.0000000180025095e-35 0.32502581179142004 0.085183933377265944 0.83697199821472179 0.0023993098875507717 0.038092413917183883 0.020887871272861961 0.041718620806932456 0.0039089879719540485 0.026058908551931385 0.60922586917877208 0.61294063925743114 0.029437229968607429 0.32745434343814855 0.017762367613613609 0.03119421657174826 0.038451150059700019
decision_type=2 2 2 2 2 2 2 2 2 2 2 2 2 2 2 2 2 2 2 2 2 2 2 2 2 2 2 2 2 2
left_child=2 4 6 -3 9 -4 12 21 14 -2 -8 -12 -1 25 15 16 18 -18 19 -6 -21 24 27 -24 -7 26 -13 -23 -11 -30
right_child=1 3 5 -5 8 7 10 -9 -10 28 11 13 -14 -15 -16 -17 17 -19 -20 20 -22 22 23 -25 -26 -27 -28 -29 29 -31
leaf_value=-0.056191286898683107 0.005805282927145201 0.064811089585890103 -0.028091271118479855 0.095076443178948589 0.05103551759238676 -0.033265285276779043 -0.011287967850667033 0.016478907960447479 0.0042233416513086479 0.038118553950166605 -0.047007791334472852 0.012716692729310594 -0.045371984542338706 -0.041310581260763257 0.0057705928697796465 0.046950657820695636 0.0029634997781141075 0.039483455882601569 0.01788242814594846 -0.0067862128183600566 0.042878123170404792 -0.0052860041016247914 -0.028987272329639893 -0.0062441619278423392 -0.0057652372587827403 -0.032636498346933884 -0.038889976279124709 0.019895249393548711 -0.015816454746658517 0.02063168786515206
leaf_weight=399.37816299498081 117.13476261496544 284.74252089858055 246.86350080370903 178.19039678573608 27.168206408619881 31.942612320184708 13.106184169650076 19.758843570947647 16.018377244472504 15.425370290875433 249.37040096521378 11.50401020050049 120.68598838150501 70.412218227982521 9.5675023794174177 47.851119458675385 12.064217180013655 192.09072008728981 70.152073904871941 11.16180309653282 24.994246140122414 64.410010978579521 40.183244869112968 38.040324330329895 17.93902176618576 27.862975895404816 7.6291807889938346 12.686422199010847 9.389436721801756 103.94110172986984
leaf_count=3258 706 1297 1787 739 139 228 87 115 94 87 1948 80 956 537 51 241 74 983 390 62 133 412 284 249 116 203 56 80 54 589
internal_value=-0.000287623 0.0467665 -0.0387061 0.0764895 0.0258058 -0.0196804 -0.048672 -0.01042 0.033264 0.0133088 -0.0417639 -0.0428359 -0.0536994 -0.0339 0.0344275 0.0351241 0.0334198 0.0373524 0.0273439 0.0377019 0.0274318 -0.0130412 -0.00963497 -0.0180132 -0.0235068 -0.0226268 -0.00769623 -0.00105719 0.0200865 0.0175566
internal_weight=2491.66 1119.89 1371.77 462.933 656.959 471.824 899.949 224.96 411.068 245.891 379.885 366.779 520.064 117.408 395.05 385.482 337.631 204.155 133.476 63.3243 36.156 205.202 155.32 78.2236 49.8816 46.9962 19.1332 77.0964 128.756 113.331
internal_count=16035 5639 10396 2036 3603 3271 7125 1484 2167 1436 2911 2824 4214 876 2073 2022 1781 1057 724 334 195 1369 1025 533 344 339 136 492 730 643
is_linear=0
shrinkage=0.05


Tree=8
num_leaves=31
num_cat=0
split_feature=1 1 1 7 1 1 7 7 3 7 7 3 1 3 7 7 1 7 8 7 7 10 1 3 7 1 7 3 3 7
split_gain=1633.93 244.054 101.512 36.187 21.3007 13.7281 12.3366 5.35355 4.84906 4.68272 5.18949 4.36733 4.09452 3.64103 3.44112 4.32537 3.90163 2.84151 2.62975 2.57324 2.34124 3.20739 2.20393 2.49349 2.31283 2.1253 3.5109 2.43495 2.93448 1.99667
threshold=0.67006802558898937 0.92546296119689953 0.33687943220138555 0.2824715524911881 0.77664399147033703 0.49489796161651617 0.00067396344093140226 0.14350029826164248 0.33693875372409826 0.0029923977563157682 0.018978809937834743 0.023002674803137783 0.18274582922458651 1.0000000180025095e-35 0.061681136488914497 0.014746320433914663 0.60922586917877208 0.14037310332059863 0.32502581179142004 0.14037310332059863 0.10702539607882501 0.33239749073982244 0.71269842982292186 0.057922588661313064 0.14773278683423999 0.97056278586387645 0.10060926526784898 0.0086930938996374624 0.035543255507946021 0.025745403021574024
decision_type=2 2 2 2 2 2 2 2 2 2 2 2 2 2 2 2 2 2 2 2 2 2 2 2 2 2 2 2 2 2
left_child=2 4 6 25 11 -4 12 14 18 -8 -11 -2 -1 19 15 -7 -16 -18 -6 20 21 -12 23 -13 -25 26 -3 -27 -29 -15
right_child=1 3 5 -5 8 7 9 -9 -10 10 13 22 -14 29 16 -17 17 -19 -20 -21 -22 -23 -24 24 -26 27 -28 28 -30 -31
leaf_value=-0.054513057028147821 0.0054962908812984457 0.044880745571724757 -0.028077564597926548 0.088878274484445879 0.032660948748378243 -0.015730285834795417 -0.010806037898586911 0.013475837632295177 0 -0.046200944304520264 0.0012247900573078814 0.022768071322330677 -0.037929672508672574 -0.01885198352504152 -0.03770096973477606 0.00026082678507666917 0.013148122774234003 -0.026748491947631615 0.0054691148337329236 -0.0012215136909854308 -0.052207729150711292 -0.034404518916758907 0.023894574355121771 -0.012932628769516247 0.016755255781726808 0.078836670267513675 0.061255478353912741 0.041055740169117241 0.065473929013584356 -0.044066133124770486
leaf_weight=456.44117129594088 117.52906811237335 52.354107946157455 219.06755110621452 181.01425927877426 395.9470254778862 116.59874717891216 13.013053745031355 20.496320098638535 11.919520944356917 241.24801369011402 9.7950004190206545 21.493758946657181 43.951625362038612 10.183598816394804 26.637493297457695 65.358313843607903 8.5996924787759781 8.8929628878831863 9.5949425101280195 11.794089809060095 8.2936211377382261 16.402132272720337 82.116224870085716 15.092438012361526 11.444919615983963 30.269556105136871 114.71456860005856 16.954676806926727 76.669733762741089 58.236367642879486
leaf_count=3863 706 238 1620 739 2044 802 87 119 72 1948 73 120 351 80 186 429 56 59 51 80 62 124 455 92 63 132 516 75 336 457
internal_value=-0.000302626 0.0437378 -0.0378189 0.0712387 0.024208 -0.0189564 -0.0479131 -0.0108247 0.0311078 -0.0408873 -0.0419696 0.0125502 -0.0530743 -0.0329942 -0.0130548 -0.00996188 -0.025643 -0.00688717 0.0320314 -0.021847 -0.0287314 -0.0209387 0.0188728 0.0101516 0 0.0602209 0.056184 0.0655745 0.0611538 -0.0404192
internal_weight=2472.12 1137.11 1335.01 471.977 665.138 465.651 869.359 246.584 417.461 368.966 355.953 247.676 500.393 114.705 226.087 181.957 44.1301 17.4927 405.542 46.2848 34.4908 26.1971 130.147 48.0311 26.5374 290.963 167.069 123.894 93.6244 68.42
internal_count=16035 5639 10396 2036 3603 3271 7125 1651 2167 2911 2824 1436 4214 876 1532 1231 301 115 2095 339 259 197 730 275 155 1297 754 543 411 537
is_linear=0
shrinkage=0.05


Tree=9
num_leaves=31
num_cat=1
split_feature=1 1 1 7 1 1 7 7 7 7 1 3 3 3 7 12 1 10 3 3 3 7 3 3 8 1 3 1 7 1
split_gain=1484.08 215.679 99.2023 35.2527 18.2422 12.9034 12.4536 4.87011 4.53056 5.12957 4.22365 4.21077 3.87245 3.52077 3.22784 2.85563 2.60656 4.53481 2.55675 2.27466 4.20364 2.5656 3.78892 2.28998 2.25979 2.23975 2.67476 2.20353 5.34885 4.76017
threshold=0.67006802558898937 0.91945946216583263 0.33687943220138555 0.2824715524911881 0.77664399147033703 0.49489796161651617 0.00067396344093140226 0.14350029826164248 0.0029923977563157682 0.018978809937834743 0.029437229968607429 0.33693875372409826 0.024494340643286708 1.0000000180025095e-35 0.10702539607882501 0 0.029437229968607429 0.32745434343814855 0.021145785227417949 0.03119421657174826 0.038451150059700019 0.091119859367609038 0.050365727394819267 0.081303000450134291 0.32502581179142004 0.94935896992683422 0.011063992511481048 0.74322345852851879 0.030705774202942852 0.77207791805267345
decision_type=2 2 2 2 2 2 2 2 2 2 2 2 2 2 2 1 2 2 2 2 2 2 2 2 2 2 2 2 2 2
left_child=2 4 6 25 12 -4 10 14 -8 -10 -1 24 18 16 -7 -12 17 -11 27 -14 -21 22 -22 -24 -6 26 -3 28 -2 -29
right_child=1 3 5 -5 11 7 8 -9 9 13 15 -13 19 -15 -16 -17 -18 -19 -20 20 21 -23 23 -25 -26 -27 -28 29 -30 -31
leaf_value=-0.05513629410186998 -0.025917762088514398 0.034246561660903778 -0.027202853883246489 0.083786011211436293 0.030406084492506553 -0.010680850965268 -0.010341877059471555 0.012708081235149521 -0.045406340262211652 0.012816257609815427 -0.046984628256853796 0 0.037167703447785923 -0.039542410643052139 -0.032753911681630901 -0.023347885353925294 -0.031108004502412991 -0.037217685675493467 -0.020847774796969188 -0.016129704944929497 0.026081122464411001 0.025409206240762261 -0.013700797840500649 0.015668362328786108 0.0051842271544318003 0.05860026339790142 0.054605491604432232 0.029870999458357351 0.0087122433080701091 -0.0068366813812497694
leaf_weight=368.48972716927528 13.58969336748123 26.238731354475021 214.91655614972115 183.60216253995895 398.09599697589874 205.93369035422802 12.924058854579924 20.64984405040741 233.3983398526907 11.487211033701898 96.736491084098816 11.919520944356917 13.923709243535994 66.503048293292522 18.252155095338821 16.129402533173561 26.84979222714901 7.2688077092170706 8.4851852506399137 9.4292205870151502 20.010112226009369 58.290611281991005 17.137256652116779 10.622983440756796 9.620910316705702 218.00650173425674 55.303151398897171 25.087785825133324 59.496821880340576 13.252674758434294
leaf_count=3258 82 120 1620 742 2025 1405 87 119 1948 80 819 72 75 537 127 137 203 56 52 54 109 315 102 63 51 948 245 150 356 78
internal_value=-0.000314068 0.0409978 -0.0369435 0.0664564 0.022596 -0.0182495 -0.0471685 -0.010362 -0.0400237 -0.0411162 -0.0524688 0.0289684 0.0118434 -0.0321075 -0.012514 -0.0436747 -0.0210936 -0.00640354 0.00530388 0.0178554 0.0154537 0.0183212 0.00953287 -0.00226676 0.0298246 0.0557935 0.0481656 0.00735707 0.00217821 0.0170679
internal_weight=2451.65 1152.11 1299.54 483.151 668.962 459.752 839.787 244.836 358.431 345.507 481.356 419.636 249.326 112.109 224.186 112.866 45.6058 18.756 119.912 129.414 115.49 106.061 47.7704 27.7602 407.717 299.548 81.5419 111.427 73.0865 38.3405
internal_count=16035 5639 10396 2055 3584 3271 7125 1651 2911 2824 4214 2148 1436 876 1532 956 339 136 718 718 643 589 274 165 2076 1313 365 666 438 228
cat_boundaries=0 1
cat_threshold=2
is_linear=0
shrinkage=0.05


Tree=10
num_leaves=31
num_cat=1
split_feature=1 1 1 7 1 7 1 1 7 7 1 3 3 3 3 12 3 7 1 10 1 7 7 7 1 7 1 1 3 7
split_gain=1349.77 191.776 96.9139 32.8623 16.0084 12.5762 12.2852 4.45156 4.38058 5.0711 4.30957 3.75555 3.46465 3.40226 3.3173 2.80815 2.60253 3.12213 2.44925 4.19173 2.18753 4.46773 3.52733 2.17302 2.10438 2.97988 2.09365 4.13135 3.28863 2.27216
threshold=0.67006802558898937 0.91945946216583263 0.33687943220138555 0.2824715524911881 0.77664399147033703 0.00067396344093140226 0.59787234663963329 0.44948978722095495 0.0029923977563157682 0.018978809937834743 0.029437229968607429 0.18643133342266086 0.023002674803137783 1.0000000180025095e-35 0.10232980921864511 0 0.085183933377265944 0.67466436326503765 0.029437229968607429 0.32745434343814855 0.84150716662406932 0.0023993098875507717 0.030705774202942852 0.14350029826164248 0.9595918357372285 0.10060926526784898 0.87627550959587108 0.88762626051902782 0.037991126999259002 0.091119859367609038
decision_type=2 2 2 2 2 2 2 2 2 2 2 2 2 2 2 1 2 2 2 2 2 2 2 2 2 2 2 2 2 2
left_child=2 4 5 24 12 10 7 -4 -7 -10 -1 16 -2 18 -9 -12 17 20 19 -11 22 -22 -6 -8 25 -3 29 28 -28 -23
right_child=1 3 6 -5 11 8 23 14 9 13 15 -13 -14 -15 -16 -17 -18 -19 -20 -21 21 26 -24 -25 -26 -27 27 -29 -30 -31
leaf_value=-0.054637558121004764 0.0048912744249054001 0.037722990428767332 -0.028199773793487488 0.079061697964532954 0.03942498383715163 -0.0098950371871540134 -0.0051596790441525977 -0.015047412398592723 -0.044622197630194899 0.012078475572657515 -0.046238130061070165 0.0031587120016488544 0.016741787127530057 -0.038672386699805883 -0.042146882037475783 -0.022576599853302719 0.038870331142704301 0.010293287508209003 -0.030213500982065395 -0.036324712241794614 0.0015991616591734495 0.056815898320113925 0.018733118893909436 0.015491848179758219 0.057238996059772611 0.052704052039662622 0.00079065583852243153 0.03614788008138501 0.028724705425635617 0.033208816173176954
leaf_weight=353.63780678808689 118.2960065305233 52.00406976044178 158.93497973680496 184.81563463807106 26.311912953853607 12.839039370417593 85.382403820753098 182.75292557477951 225.81997235119343 11.583002597093584 93.468261703848839 16.184769481420517 132.55893385410309 64.648985512554646 12.23973375558853 15.856883533298967 51.359931826591492 28.438642963767052 26.280120968818665 7.082366168498992 12.167547225952147 18.58500175178051 108.63561819493771 14.802830040454863 131.79680325090885 120.42065104842186 18.473539367318153 90.95005701482296 25.664099559187889 28.393065363168716
leaf_count=3258 706 230 1222 742 128 87 564 1309 1948 80 819 94 730 537 93 137 247 151 203 56 72 88 571 83 559 524 92 442 125 138
internal_value=-0.000323544 0.0385048 -0.036079 0.0623584 0.0212348 -0.0464356 -0.0175611 -0.021937 -0.0391697 -0.0402721 -0.0518807 0.0271529 0.0111775 -0.0312305 -0.0167948 -0.0428756 0.0280892 0.0265165 -0.0203532 -0.00611683 0.0278993 0.0313815 0.0228308 -0.00204606 0.0521721 0.0482392 0.0333424 0.0300029 0.0171743 0.0427551
internal_weight=2430.39 1165.06 1265.33 489.037 676.019 811.216 454.113 353.928 348.253 335.414 462.963 425.164 250.855 109.594 194.993 109.325 408.979 357.619 44.9455 18.6654 329.181 194.233 134.948 100.185 304.222 172.425 182.066 135.088 44.1376 46.9781
internal_count=16035 5639 10396 2055 3584 7125 3271 2624 2911 2824 4214 2148 1436 876 1402 956 2054 1807 339 136 1656 957 699 647 1313 754 885 659 217 226
cat_boundaries=0 1
cat_threshold=2
is_linear=0
shrinkage=0.05


Tree=11
num_leaves=31
num_cat=0
split_feature=1 1 1 7 1 7 1 1 3 7 7 7 1 3 3 3 1 3 7 1 7 1 10 7 7 4 7 8 7 3
split_gain=1229.29 171.482 94.6198 29.2525 14.4028 12.6996 11.4653 4.40063 4.33683 4.23289 5.00993 4.20613 3.83068 3.34687 3.28423 3.07124 2.72245 3.8301 3.628 3.14007 3.30778 2.29918 3.87468 2.24995 2.10183 2.08232 2.07744 1.96162 1.83136 3.16323
threshold=0.67006802558898937 0.92546296119689953 0.33687943220138555 0.2824715524911881 0.77664399147033703 0.00067396344093140226 0.49489796161651617 0.18274582922458651 0.029671942815184597 0.0029923977563157682 0.018978809937834743 0.15288186818361285 0.60922586917877208 0.33693875372409826 1.0000000180025095e-35 0.023002674803137783 0.61294063925743114 0.011968885548412802 0.018978809937834743 0.56980520486831676 0.010891249403357508 0.029437229968607429 0.32745434343814855 0.038092413917183883 0.020488488487899307 0.11626794189214708 0.025745403021574024 0.32502581179142004 0.091119859367609038 0.050365727394819267
decision_type=2 2 2 2 2 2 2 2 2 2 2 2 2 2 2 2 2 2 2 2 2 2 2 2 2 2 2 2 2 2
left_child=2 4 5 -3 15 7 25 -1 11 -7 -11 16 23 27 21 -2 17 19 -18 -8 -21 22 -12 -10 -22 -4 -16 -6 29 -17
right_child=1 3 6 -5 13 9 8 -9 12 10 14 -13 -14 -15 26 28 18 -19 -20 20 24 -23 -24 -25 -26 -27 -28 -29 -30 -31
leaf_value=-0.052906052962645861 0.0046335752199219375 0.049251358997182353 -0.026655827212874655 0.074621722979813329 0.026889334342704505 -0.0094650603294458707 -0.0074389730988275301 -0.034971709342206836 -0.021139008336092686 -0.043846929852546977 0.011389158451966848 0.021098532580350715 -0.0071132863635576223 -6.4442607157221368e-05 -0.015214261581899339 0.019289207255330267 -0.0048012658681315058 0.0039547400738649281 0.031016789598822134 -0.045934394788383924 0 -0.029333505902884451 -0.035443255065952639 -0.046636484488999388 -0.032608526812331388 -0.002504329957747119 -0.041706487921372562 0.0035747079047380014 0.021429759071333307 -0.0029599844141442256
leaf_weight=405.04512241482735 118.62812627851963 304.87881748378277 197.38160608708858 184.6946759223938 412.39567059278488 12.757839068770407 40.782993584871292 40.155871190130711 32.792103558778763 218.51043762266636 11.673502102494242 14.451915621757506 40.631102740764618 11.941399246454237 9.5030343830585462 36.024277061223984 25.675461083650589 29.752031415700912 9.5727697461843473 14.994995996356009 11.367381215095522 25.732223562896252 6.9026779234409323 12.69584074616432 8.7519423514604551 9.8512732237577421 53.359780393540859 9.7648896723985654 69.701375082135201 27.985940977931023
leaf_count=3863 706 1297 1543 739 2044 87 290 351 245 1948 80 82 270 72 80 193 169 198 61 109 74 203 56 97 56 77 457 51 372 165
internal_value=-0.000329174 0.0362347 -0.035226 0.058846 0.0200947 -0.045713 -0.0168936 -0.0513079 -0.00945032 -0.0383254 -0.0394374 -0.00441371 -0.0184622 0.0256245 -0.0303677 0.0105555 -0.00707907 -0.0111055 0.00484504 -0.0170724 -0.028066 -0.0196327 -0.00584206 -0.0284518 -0.01434 -0.0255336 -0.0378116 0.0263629 0.0157647 0.00949419
internal_weight=2408.36 1176.02 1232.34 489.573 686.442 783.64 448.701 445.201 241.469 338.439 325.682 155.349 86.119 434.102 107.171 252.34 140.898 105.649 35.2482 75.8973 35.1143 44.3084 18.5762 45.4879 20.1193 207.233 62.8628 422.161 133.712 64.0102
internal_count=16035 5639 10396 2036 3603 7125 3271 4214 1651 2911 2824 1039 612 2167 876 1436 957 727 230 529 239 339 136 342 130 1620 537 2095 730 358
is_linear=0
shrinkage=0.05


Tree=12
num_leaves=31
num_cat=1
split_feature=1 1 1 7 1 7 1 1 7 7 7 3 3 12 7 1 1 7 3 1 1 3 7 7 7 10 3 1 4 7
split_gain=1120.5 154.09 92.2755 27.2489 13.0032 12.8192 10.7577 4.55012 4.13097 4.08753 4.94364 3.16844 3.03919 2.88139 2.80722 3.32342 3.33724 2.5798 3.7488 3.4059 3.06134 2.33803 2.2698 2.20031 2.58446 2.88552 2.12615 2.0929 2.02656 2.01297
threshold=0.67006802558898937 0.93257576227188121 0.33687943220138555 0.2824715524911881 0.77664399147033703 0.00067396344093140226 0.51042118668556224 0.029437229968607429 0.14350029826164248 0.0029923977563157682 0.018978809937834743 1.0000000180025095e-35 0.18643133342266086 0 0.091119859367609038 0.73401361703872692 0.68237251043319713 0.0039089879719540485 0.026058908551931385 0.60922586917877208 0.61294063925743114 0.017762367613613609 0.039979510009288795 0.14037310332059863 0.10702539607882501 0.33239749073982244 0.085183933377265944 0.64480286836624157 0.11626794189214708 0.025745403021574024
decision_type=2 2 2 2 2 2 2 2 2 2 2 2 2 1 2 2 2 2 2 2 2 2 2 2 2 2 2 2 2 2
left_child=2 4 5 -3 14 7 28 -1 17 -7 -11 23 26 -9 15 16 22 20 21 -20 -8 -19 -2 24 25 -12 -6 -10 -4 -13
right_child=1 3 6 -5 12 9 8 13 27 10 11 29 -14 -15 -16 -17 -18 18 19 -21 -22 -23 -24 -25 -26 -27 -28 -29 -30 -31
leaf_value=-0.053708651085205977 -0.0041041363496488814 0.046392730156766482 -0.024966149241474313 0.070899112919708365 0.023641592252873381 -0.0090514962612352808 -0.030458148166109197 -0.044768147298185852 0.029130736623146802 -0.04307912348787872 0.0039766856859360933 -0.014624624881149344 0.0026358572009529541 -0.0202196224724864 0.015635036195373667 0.013946935134291086 -0.0089082653456402077 -0.0033357858680942349 -0.02580613098844127 -0.004242805947341808 -0.0037433276086272942 0.020128968259697354 0.026429428329395179 0 -0.050947346743950732 -0.03083530258330296 0.034669050093312302 -0.0023841598713083894 -0.0020797673028292571 -0.040888156855938752
leaf_weight=325.75832641124725 10.184485808014871 303.55103929340839 215.09357350319624 184.67608773708344 374.72388884425163 12.68030786514282 29.870870783925056 87.241583094000816 10.065063148736956 211.4663502573967 9.4329304248094576 9.3986196219921094 16.266465529799461 15.060477934777735 117.91829650104046 58.909032851457596 52.607343420386314 62.773940280079842 37.533393166959286 37.018762558698654 17.461377501487732 12.657098412513731 14.080574080348013 11.553765565156935 7.7672528177499762 14.940337300300596 52.701242372393608 10.354185715317724 10.649214401841162 51.749516226351261
leaf_count=3258 61 1276 1704 739 1847 87 228 819 58 1948 73 80 94 137 653 335 308 412 284 249 116 80 79 80 62 124 247 57 83 457
internal_value=-0.000335566 0.0341388 -0.034386 0.0556853 0.0190417 -0.0449989 -0.0162518 -0.0507475 -0.00828156 -0.0374908 -0.0386119 -0.0295213 0.0242121 -0.0412263 0.00997345 0.00501201 -0.00177928 -0.0105119 -0.00724003 -0.0151859 -0.0207368 0.000556767 0.0134445 -0.0189316 -0.025641 -0.0171969 0.0250208 0.0129728 -0.02391 -0.0369635
internal_weight=2386.15 1185.62 1200.53 488.227 697.391 757.049 443.477 428.06 217.735 328.989 316.309 104.842 443.692 102.302 253.7 135.781 76.8724 197.315 149.983 74.5522 47.3322 75.431 24.2651 43.6943 32.1405 24.3733 427.425 20.4192 225.743 61.1481
internal_count=16035 5639 10396 2015 3624 7125 3271 4214 1484 2911 2824 876 2188 956 1436 783 448 1369 1025 533 344 492 140 339 259 197 2094 115 1787 537
cat_boundaries=0 1
cat_threshold=2
is_linear=0
shrinkage=0.05


Tree=13
num_leaves=31
num_cat=0
split_feature=1 1 1 7 1 7 1 7 7 1 7 1 1 3 1 7 1 7 7 1 7 3 3 7 1 3 3 7 1 7
split_gain=1023.68 168.426 58.2073 27.8981 20.9977 9.17111 7.33026 5.20196 5.0311 7.68407 4.33213 6.74506 3.22259 3.07067 2.96054 4.62767 2.80026 3.12944 2.75659 7.2972 6.36014 2.59717 2.46389 2.07804 2.46914 2.3507 5.77753 1.98076 1.95737 2.63182
threshold=0.59787234663963329 0.91945946216583263 0.24744898080825808 0.2824715524911881 0.75582656264305126 0.00067396344093140226 0.44948978722095495 0.0035046099219471221 0.030705774202942852 0.74322345852851879 0.082439210265874877 0.072299651801586165 0.029437229968607429 0.10232980921864511 0.83697199821472179 0.0023993098875507717 0.87627550959587108 0.67466436326503765 0.091119859367609038 0.87841832637786876 0.014746320433914663 0.052183898165822036 0.2899406254291535 0.038092413917183883 0.83503401279449474 0.046377308666706092 0.028668756596744064 0.038092413917183883 0.9595918357372285 0.10060926526784898
decision_type=2 2 2 2 2 2 2 2 2 2 2 2 2 2 2 2 2 2 2 2 2 2 2 2 2 2 2 2 2 2
left_child=2 4 5 28 8 12 -4 -7 9 -2 -9 -12 -1 -8 22 -16 27 18 19 -18 -21 -22 23 25 -25 26 -6 -17 29 -3
right_child=1 3 6 -5 14 7 13 10 -10 -11 11 -13 -14 -15 15 16 17 -19 -20 20 21 -23 -24 24 -26 -27 -28 -29 -30 -31
leaf_value=-0.053263769552255286 -0.010437031316306836 0.029879500397591241 -0.028043226418983144 0.067810161249732423 0.028958989011942778 -0.00785982122617984 -0.013111097479968251 -0.042928087456361841 0.0093114952203179596 0.029894043907669837 0.0072087419923689069 -0.039950811312314413 -0.041528606866723106 -0.040052752321867391 -0.0030755075027656112 0.049154887896775773 -0.016941259219288896 0.0033348501963619639 0.032903301077616111 0.0423914308113899 -0.0039745298420107208 0.022637688961659887 -0.0068385515764820175 0.017535346919758967 -0.00098794009337469825 0.035746834607088114 -0.0054173337762029178 0.029993676724886249 0.047972854381003002 0.043627595998259702
leaf_weight=312.39454735815525 80.448084846138954 53.940450266003609 241.87216550856829 184.87176387012005 39.08384981751442 13.627599909901617 176.82247887551785 201.34661473333836 217.75020258128643 13.702792838215826 11.697462320327757 20.512077800929546 80.501172810792923 11.413137152791021 13.091953128576277 20.194525599479675 11.724603191018103 17.970889061689377 72.420851215720177 30.451827064156532 15.591819748282431 21.152035161852837 9.5830516368150693 106.43483394384384 21.026604130864143 31.540264159440994 17.397378653287888 54.3734330534935 135.92509196698666 124.86537547409534
leaf_count=3258 518 230 2035 742 192 104 1309 1898 1251 79 82 183 787 93 75 92 60 91 343 143 74 101 55 547 109 155 88 258 559 524
internal_value=-0.000340114 0.0295858 -0.0365158 0.0523314 0.0152616 -0.0460823 -0.0222601 -0.0384135 0.00512963 -0.00448868 -0.0401707 -0.0226999 -0.0508832 -0.0147916 0.0218047 0.0255214 0.0270777 0.0234044 0.0257507 0.0190906 0.0254677 0.0112293 0.0175293 0.0186389 0.0144421 0.0246362 0.0182911 0.0353088 0.0432046 0.0395272
internal_weight=2363.73 1293.54 1070.19 499.603 793.939 640.079 430.108 247.184 311.901 94.1509 233.556 32.2095 392.896 188.236 482.038 256.972 243.88 169.312 151.341 78.9203 67.1957 36.7439 225.066 215.483 127.461 88.0215 56.4812 74.568 314.731 178.806
internal_count=16035 6286 9749 2055 4231 6312 3437 2267 1848 597 2163 265 4045 1402 2383 1237 1162 812 721 378 318 175 1146 1091 656 435 280 350 1313 754
is_linear=0
shrinkage=0.05


Tree=14
num_leaves=31
num_cat=0
split_feature=1 1 1 7 1 7 1 7 7 1 7 1 1 3 1 7 1 7 7 1 7 1 7 7 7 7 1 3 1 1
split_gain=937.227 152.097 57.3258 26.5997 18.64 9.29731 6.95442 5.02599 4.51603 6.88247 4.2483 6.35606 3.29978 2.91846 2.61751 4.10346 2.44568 2.76222 2.40595 6.52262 5.66995 2.26482 3.32561 2.23366 1.99518 3.84195 2.4833 1.98671 2.20333 1.76448
threshold=0.59787234663963329 0.91945946216583263 0.24744898080825808 0.2824715524911881 0.75582656264305126 0.00067396344093140226 0.44948978722095495 0.0035046099219471221 0.030705774202942852 0.74322345852851879 0.082439210265874877 0.072299651801586165 0.029437229968607429 0.10232980921864511 0.83697199821472179 0.0023993098875507717 0.87627550959587108 0.67466436326503765 0.091119859367609038 0.87841832637786876 0.035531353205442436 0.81934732198715221 0.14350029826164248 0.014746320433914663 0.018978809937834743 0.061681136488914497 0.35634921491146093 0.03119421657174826 0.30457638204097753 0.9595918357372285
decision_type=2 2 2 2 2 2 2 2 2 2 2 2 2 2 2 2 2 2 2 2 2 2 2 2 2 2 2 2 2 2
left_child=2 4 5 29 8 12 24 -7 9 -2 -9 -12 -1 -8 21 -16 -17 18 19 -18 23 22 -6 -21 -4 26 -26 28 -27 -3
right_child=1 3 6 -5 14 7 13 10 -10 -11 11 -13 -14 -15 15 16 17 -19 -20 20 -22 -23 -24 -25 25 27 -28 -29 -30 -31
leaf_value=-0.052833387858870477 -0.0099810717063688794 0.037233619542358383 -0.031302195328744946 0.06473968668489348 0.025609457157947137 -0.0075104293598928784 -0.012569479595927075 -0.042175198954445159 0.0088003954897900877 0.027939932643606419 0.0068188796476112258 -0.039134780482061503 -0.040773499450244041 -0.039197624695711038 -0.0029279301324892839 0.033109885352898029 -0.016229935324064356 0.0031641207508182386 0.03085798055673708 0.039628254346416578 -0.0079708291911916446 0.0079002083493966702 0.011205371200025717 0.019006691188694691 0.013342682916935578 -0.047813685796684553 -0.017295099511090994 -0.036378168580611069 -0.014168561060517596 0.045233435630224472
leaf_weight=299.51925811171532 79.934978261590004 180.3055544346571 134.76085774600506 183.98403771221638 96.27711395919323 13.55504062771797 175.26462119817734 194.86128769814968 218.85325822234154 13.929043158888815 11.752211213111879 19.910290762782097 77.959225848317146 11.089488267898558 13.069863215088843 75.537930861115456 11.633305713534353 17.998207315802574 73.341954693198204 30.940236300230026 11.299687892198561 58.668121367692947 71.843098640441895 25.608910039067268 10.428021840751173 5.8851143717765799 17.283799581229687 35.552319191396236 33.086259715259075 136.92793619632721
leaf_count=3258 518 754 1172 742 469 104 1309 1898 1251 79 82 183 787 93 75 350 60 91 343 143 55 299 378 120 88 50 143 308 274 559
internal_value=-0.000341506 0.0279625 -0.0356989 0.0495553 0.0144053 -0.0454216 -0.0214967 -0.0376068 0.0048591 -0.00427679 -0.0393816 -0.0219529 -0.0503674 -0.014201 0.0205325 0.0240117 0.0254618 0.0220331 0.0242191 0.0179992 0.0239569 0.0165218 0.0194942 0.0304278 -0.027204 -0.0217278 -0.00557973 -0.0276499 -0.0194867 0.0407155
internal_weight=2341.06 1300.15 1040.91 501.218 798.936 617.557 423.35 240.079 312.717 93.864 226.524 31.6625 377.478 186.354 486.218 259.43 246.36 170.822 152.824 79.4821 67.8488 226.788 168.12 56.5491 236.996 102.236 27.7118 74.5237 38.9714 317.233
internal_count=16035 6286 9749 2055 4231 6312 3437 2267 1848 597 2163 265 4045 1402 2383 1237 1162 812 721 378 318 1146 847 263 2035 863 231 632 324 1313
is_linear=0
shrinkage=0.05


Tree=15
num_leaves=31
num_cat=0
split_feature=1 1 1 7 1 7 1 7 7 1 7 1 1 3 1 7 1 7 1 1 7 7 7 7 3 7 7 1 3 1
split_gain=858.558 137.726 56.3921 24.0329 16.8385 9.41997 6.59648 4.85235 4.16206 5.98708 4.05495 6.17017 3.37919 2.77165 2.4181 4.37348 2.0026 2.93185 1.96648 2.46532 5.87039 4.72449 2.3749 2.71994 2.22565 1.91016 3.61685 2.26003 1.90889 2.11729
threshold=0.59787234663963329 0.92546296119689953 0.24744898080825808 0.2824715524911881 0.75582656264305126 0.00067396344093140226 0.44948978722095495 0.0035046099219471221 0.082439210265874877 0.072299651801586165 0.030705774202942852 0.74322345852851879 0.029437229968607429 0.10232980921864511 0.83697199821472179 0.0023993098875507717 0.81934732198715221 0.14350029826164248 0.87627550959587108 0.87841832637786876 0.035531353205442436 0.14773278683423999 0.014746320433914663 0.091119859367609038 0.052183898165822036 0.018978809937834743 0.061681136488914497 0.35634921491146093 0.03119421657174826 0.30457638204097753
decision_type=2 2 2 2 2 2 2 2 2 2 2 2 2 2 2 2 2 2 2 2 2 2 2 2 2 2 2 2 2 2
left_child=2 4 5 -3 10 12 25 -7 -9 -10 11 -2 -1 -8 16 -16 17 -6 -17 20 -20 -22 -21 24 -24 -4 27 -27 29 -28
right_child=1 3 6 -5 14 7 13 8 9 -11 -12 -13 -14 -15 15 18 -18 -19 19 22 21 -23 23 -25 -26 26 28 -29 -30 -31
leaf_value=-0.052415918685380647 -0.0095426082180290316 0.038731962684897647 -0.030449814226582685 0.061667645720200406 0.024071120723688111 -0.0071749584175044654 -0.012046256276336716 -0.041426813400167711 0.0064518356960865698 -0.038324961776601246 0.0083199539015968056 0.026149456334471174 -0.040021873723613433 -0.038351478173506898 -0.0047147095229898121 0.031077090327936392 0.0074782238809412349 0.01058691126014823 -0.020797670463846275 0.037111083123172649 0.033624895870755588 -0.0019060451721733635 -0.0040606505933669344 0.027718199107512873 0.020486647494089853 0.0125580357413276 -0.047093766721544646 -0.016645670434600687 -0.035525465300071113 -0.013603576305423516
leaf_weight=287.12427833676338 79.444851025938988 315.83402056992054 131.68849670141935 182.03918626904488 97.287925735116005 13.485862158238886 173.77647783607244 188.62356114387512 11.804072275757791 19.331389240920544 219.89477777481079 14.139851972460745 75.516479648649693 10.777642779052256 13.444969758391379 76.437495350837708 58.87978395819664 72.233498156070709 10.743301615118979 31.381833612918854 25.150474905967712 14.438399285078047 15.59902937710285 57.26801872253418 21.455303490161896 10.529166638851168 5.683001220226287 17.069686695933342 34.611921921372414 32.750288404524326
leaf_count=3258 518 1297 1172 739 469 104 1309 1898 82 183 1251 79 787 93 77 350 299 378 56 143 116 69 74 270 101 88 50 143 308 274
internal_value=-0.000342457 0.0264521 -0.0348903 0.0471388 0.0136918 -0.0447662 -0.0207545 -0.0368065 -0.038598 -0.0212228 0.00460376 -0.00407431 -0.0498605 -0.0136295 0.0194428 0.0227308 0.0155846 0.0183646 0.0242135 0.0211889 0.011616 0.0205683 0.0249698 0.0208424 0.0100351 -0.0263846 -0.0209908 -0.00531861 -0.0268286 -0.0187948
internal_weight=2318.45 1305.67 1012.77 497.873 807.8 595.886 416.887 233.245 219.759 31.1355 313.479 93.5847 362.641 184.554 494.32 265.919 228.401 169.521 252.474 176.036 50.3322 39.5889 125.704 94.3224 37.0543 232.333 100.644 27.5989 73.0452 38.4333
internal_count=16035 6286 9749 2036 4250 6312 3437 2267 2163 265 1848 597 4045 1402 2402 1256 1146 847 1179 829 241 185 588 445 175 2035 863 231 632 324
is_linear=0
shrinkage=0.05


Tree=16
num_leaves=31
num_cat=0
split_feature=1 1 1 7 1 7 1 7 7 1 7 1 1 3 8 4 1 7 1 3 3 1 3 7 7 7 1 3 7 7
split_gain=786.801 125.026 55.4202 24.5068 14.6792 9.53808 6.24975 4.68092 4.07341 5.63703 3.64199 5.53606 3.46038 2.63007 2.17098 3.7132 2.48735 3.2402 2.07879 2.75959 4.41758 2.24009 2.73929 1.86113 1.82608 3.46261 2.07468 2.00858 1.84604 3.51036
threshold=0.59787234663963329 0.91864311695098888 0.24744898080825808 0.2824715524911881 0.75582656264305126 0.00067396344093140226 0.44948978722095495 0.0035046099219471221 0.082439210265874877 0.072299651801586165 0.030705774202942852 0.74322345852851879 0.029437229968607429 0.10232980921864511 0.33041891455650335 0.19662392884492877 0.83697199821472179 0.0023993098875507717 0.87627550959587108 0.10436635836958887 0.057638918980956085 0.87841832637786876 0.036406369879841811 0.038092413917183883 0.018978809937834743 0.072599343955516829 0.35634921491146093 0.046377308666706092 0.01620208099484444 0.0097859492525458353
decision_type=2 2 2 2 2 2 2 2 2 2 2 2 2 2 2 2 2 2 2 2 2 2 2 2 2 2 2 2 2 2
left_child=2 4 5 -3 10 12 24 -7 -9 -10 11 -2 -1 -8 15 16 -6 -18 23 20 21 22 -20 -19 28 26 -26 -27 29 -4
right_child=1 3 6 -5 14 7 13 8 9 -11 -12 -13 -14 -15 -16 -17 17 18 19 -21 -22 -23 -24 -25 25 27 -28 -29 -30 -31
leaf_value=-0.052009888179168323 -0.0091211511080092258 0.036261457678993476 -0.029621646416813321 0.059359832790612313 0.014083559225759493 -0.0068529868329943542 -0.01154108132084716 -0.040682021043206014 0.0061060841019087613 -0.037520690454209561 0.0078680335075503576 0.024503892468246191 -0.039273022249291197 -0.037513492913362499 -0.0042763715591743849 0.048459102709345198 -0.0031460528063421266 0.043188449801442798 -0.0095082060754314857 -0.003512718538967305 0.040725775943717561 0.021951368137927398 0.017478563731747537 0.024689182477015105 0.0082608468489887496 -0.022023198716916836 -0.016602966315607304 -0.04351552028401675 -0.041645992960047624 0
leaf_weight=275.20028682053089 78.9768076390028 322.17471002042294 90.526010729372501 181.23242174088955 221.34857116639614 13.419916890561579 172.35533438622952 182.62799695134163 11.853206261992456 18.77487625926733 220.87847173213959 14.336413264274595 73.170487366616726 10.47740478813648 10.109156548976896 10.390223562717436 12.323047906160353 20.28631092607975 14.634200662374495 11.655308976769446 24.942203968763351 88.82056088745594 25.175632044672966 52.985863983631134 12.732510097324846 47.954540848731995 23.197626985609531 15.230411514639853 26.89360099285841 11.320118390023707
leaf_count=3258 518 1318 817 742 1102 104 1309 1898 82 183 1251 79 787 93 51 51 71 89 70 61 116 409 116 242 107 420 198 138 255 100
internal_value=-0.000342625 0.0250417 -0.0340884 0.0445972 0.0128306 -0.0441148 -0.0200299 -0.0360118 -0.0378192 -0.0205093 0.00436264 -0.00388086 -0.0493611 -0.0130765 0.0182187 0.0187011 0.0180256 0.0214775 0.0227715 0.0195501 0.0213342 0.0175065 0.00743391 0.029931 -0.0255793 -0.0202714 -0.00765477 -0.0273434 -0.029608 -0.0263425
internal_weight=2296 1310.27 985.734 503.407 806.863 575.047 410.688 226.676 213.256 30.6281 314.192 93.3132 348.371 182.833 492.671 482.562 472.172 250.823 238.5 165.228 153.573 128.63 39.8098 73.2722 227.855 99.1151 35.9301 63.185 128.74 101.846
internal_count=16035 6286 9749 2060 4226 6312 3437 2267 2163 265 1848 597 4045 1402 2378 2327 2276 1174 1103 772 711 595 186 331 2035 863 305 558 1172 917
is_linear=0
shrinkage=0.05


Tree=17
num_leaves=31
num_cat=0
split_feature=1 1 1 7 1 7 1 7 5 7 7 1 1 1 3 7 1 8 3 3 1 7 7 1 3 1 1 3 4 7
split_gain=721.281 113.835 54.407 21.3903 13.8939 9.65062 5.9151 4.51163 4.22505 4.05118 3.98239 5.3049 3.54291 2.65563 2.49357 2.47131 4.24772 2.41804 2.41592 3.21579 5.39596 3.63913 3.13946 2.22753 2.1557 2.06761 2.04547 2.03279 1.8926 1.74727
threshold=0.59787234663963329 0.93440860509872448 0.24744898080825808 0.2824715524911881 0.77664399147033703 0.00067396344093140226 0.44948978722095495 0.0035046099219471221 0.0064492959063500175 0.035531353205442436 0.082439210265874877 0.072299651801586165 0.029437229968607429 0.74322345852851879 0.10232980921864511 0.17719846963882449 0.73252034187316906 0.32839013636112219 0.013335355557501318 0.03119421657174826 0.68237251043319713 0.039979510009288795 0.14350029826164248 0.71611723303794872 0.042356200516223914 0.73401361703872692 0.69309264421463024 0.18643133342266086 0.31289508938789373 0.018978809937834743
decision_type=2 2 2 2 2 2 2 2 2 2 2 2 2 2 2 2 2 2 2 2 2 2 2 2 2 2 2 2 2 2
left_child=2 4 5 -3 8 12 29 -7 9 13 28 -12 -1 24 -8 18 -17 27 -11 20 -20 -21 -23 26 -2 -22 -24 -6 -9 -4
right_child=1 3 6 -5 17 7 14 10 -10 15 11 -13 -14 -15 -16 16 -18 -19 19 21 25 22 23 -25 -26 -27 -28 -29 -30 -31
leaf_value=-0.051613904404912772 -0.011012954809460886 0.034848705340110191 -0.028782040320247195 0.056695539897793981 0.019275922401816931 -0.0065440891329677942 -0.011053597873667678 -0.040883468222203519 -0.027268645547851786 0 0.0057802281546142937 -0.036721426861429061 -0.038526350740305519 0.011187086929993244 -0.036682991454511406 0.051606585905328919 0.008322544511316355 -0.0055472125636210571 0.053772799839133738 0.036662566471255507 -0.006402260810065028 -0.006468685180227399 0.0056351054318391465 -0.00020581735675578893 0.0052639485518614186 0.024239162557622814 0.030822559456275985 0.0010517062152398768 -0.0098406203995602386 -0.019564294694043232
leaf_weight=263.73713703453541 62.031285971403122 309.22706867754459 125.91485526412725 178.74733757972717 440.32443036139011 13.35706467181444 170.99853955954313 171.29770595580339 9.7243676632642728 64.383675888180733 11.899762541055681 18.240222468972206 70.918700307607651 31.055623516440392 10.188551381230353 9.2399770170450228 15.432966187596319 10.215700834989546 11.088192477822302 9.5767696201801282 9.5548854768276232 38.977443814277649 14.96452087163925 22.116911038756371 29.695784881711006 12.173967078328131 19.068986609578133 16.467288970947266 5.5710867941379538 97.648424200713634
leaf_count=3258 404 1256 1172 739 2064 104 1309 1838 58 371 82 183 787 170 93 50 85 51 59 51 55 241 78 113 183 68 97 93 60 863
internal_value=-0.000341945 0.0237219 -0.0332931 0.0428715 0.0124003 -0.0434663 -0.0193232 -0.0352223 0.00498418 0.00590379 -0.0370446 -0.0198121 -0.0488677 -0.0013742 -0.0125418 0.00986865 0.0248771 0.0180896 0.00799845 0.0117385 0.0254372 0.00737706 0.0043409 0.0119316 -0.00568901 0.0105685 0.0199431 0.0186303 -0.03994 -0.0247888
internal_weight=2273.84 1314.07 959.772 487.974 826.093 555.022 404.75 220.366 359.085 349.361 207.009 30.14 334.656 122.783 181.187 226.578 24.6729 467.007 201.905 137.522 32.817 104.705 95.1279 56.1504 91.7271 21.7289 34.0335 456.792 176.869 223.563
internal_count=16035 6286 9749 1995 4291 6312 3437 2267 2083 2025 2163 265 4045 757 1402 1268 135 2208 1133 762 182 580 529 288 587 123 175 2157 1898 2035
is_linear=0
shrinkage=0.05


Tree=18
num_leaves=31
num_cat=0
split_feature=1 1 1 1 7 7 1 7 7 1 5 3 7 1 8 7 1 1 3 1 1 7 1 7 1 3 3 1 7 7
split_gain=661.345 104.175 53.3728 16.2529 15.8154 9.75552 5.60633 4.34476 3.88947 4.98978 3.85659 3.7674 3.63152 3.62634 3.35528 3.08413 3.7552 3.67216 3.158 3.28102 3.04719 2.65853 2.39242 2.18277 3.66804 2.16065 2.83392 4.65922 3.20699 2.82203
threshold=0.59787234663963329 0.94935896992683422 0.24744898080825808 0.77664399147033703 0.2824715524911881 0.00067396344093140226 0.4301948100328446 0.0035046099219471221 0.082439210265874877 0.072299651801586165 0.0064492959063500175 0.043072111904621131 0.035531353205442436 0.029437229968607429 0.33041891455650335 0.0097859492525458353 0.46385017037391668 0.51042118668556224 0.026192452758550647 0.56980520486831676 0.8941769301891328 0.10060926526784898 0.74322345852851879 0.17719846963882449 0.73252034187316906 0.013335355557501318 0.03119421657174826 0.68237251043319713 0.039979510009288795 0.14350029826164248
decision_type=2 2 2 2 2 2 2 2 2 2 2 2 2 2 2 2 2 2 2 2 2 2 2 2 2 2 2 2 2 2
left_child=2 3 5 10 -3 13 -4 -7 -9 -10 12 15 22 -1 20 -8 -17 -18 19 -19 -5 -22 -2 25 -25 -14 27 -27 -28 -30
right_child=1 4 6 14 -6 7 11 8 9 -11 -12 -13 23 -15 -16 16 17 18 -20 -21 21 -23 -24 24 -26 26 28 -29 29 -31
leaf_value=-0.051226679343400021 -0.005423089718442649 0.034762612898762563 -0.024717598415986961 0.015906574067362771 0.054717432871431972 -0.0062478564237044634 -0.018696422835884342 -0.039201117051838687 0.0054729693130529814 -0.035926756077359658 -0.026330230193853874 -0.024176499363800882 0 -0.037781370433864953 -0.0092290827831162294 0.030811451699593873 -0.020431983394969228 0.022543931512534292 -0.018163446093494084 -0.0042674625697385676 0.018418575001859422 0.029965693737151623 0.010566958963621559 0.04778859214307863 0.007874351297534516 0.049775600603883946 0.03421862567444503 0.0099724417928941517 -0.006170083951603296 0.011272582033879116
leaf_weight=252.7238814085722 91.39614936709404 234.94619838893414 195.11989199370146 325.92024955153465 176.55368059873581 13.297168642282484 50.672308467328548 171.34586224704981 11.943883091211321 17.726869218051434 9.5748344957828504 53.739070773124695 64.383675888180733 68.758480168879032 10.450568452477453 7.2553099244832984 30.445947960019112 20.165067538619041 16.14938186109066 25.513702765107155 113.41414618492126 96.02265653014183 31.235341250896454 9.4807555526494998 15.499742284417151 11.379824385046957 9.750206381082533 21.850710824131966 38.829292207956314 56.45884096622467
leaf_count=3258 587 948 1817 1539 738 104 417 1898 82 183 58 462 371 787 51 63 247 134 127 170 513 414 170 50 85 59 51 123 241 288
internal_value=-0.000340119 0.0224843 -0.0325024 0.0129954 0.0433476 -0.0428199 -0.01863 -0.0344386 -0.0362746 -0.0191311 0.00472547 -0.0127719 0.00559595 -0.0483792 0.0184365 -0.0086449 -0.00346366 -0.0062432 0.000684729 0.0074827 0.0189875 0.0237483 -0.00130425 0.00933415 0.0233524 0.00757084 0.0110917 0.0238615 0.00698535 0.00411338
internal_weight=2252 1317.15 934.857 905.647 411.5 535.796 399.061 214.314 201.017 29.6708 359.839 203.941 350.265 321.482 545.808 150.202 99.5294 92.2741 61.8282 45.6788 535.357 209.437 122.631 227.633 24.9805 202.653 138.269 33.2305 105.038 95.2881
internal_count=16035 6286 9749 4600 1686 6312 3437 2267 2163 265 2083 1620 2025 4045 2517 1158 741 678 431 304 2466 927 757 1268 135 1133 762 182 580 529
is_linear=0
shrinkage=0.05


Tree=19
num_leaves=31
num_cat=1
split_feature=1 1 1 7 1 7 1 7 7 1 1 5 7 1 8 12 1 7 3 1 7 7 1 3 3 7 3 3 4 3
split_gain=606.545 95.2714 52.2782 15.3295 14.5008 9.85405 5.33234 4.17976 3.79395 4.69083 3.71024 3.52023 3.2948 3.75957 3.00515 2.91835 2.74131 4.18904 2.31839 2.24423 2.21093 2.06295 3.18177 2.00696 4.39075 2.71095 1.97896 5.36337 1.906 1.7669
threshold=0.59787234663963329 0.94935896992683422 0.24744898080825808 0.2824715524911881 0.77664399147033703 0.00067396344093140226 0.44948978722095495 0.0035046099219471221 0.082439210265874877 0.072299651801586165 0.029437229968607429 0.0064492959063500175 0.030705774202942852 0.74322345852851879 0.33041891455650335 0 0.83697199821472179 0.0023993098875507717 0.10232980921864511 0.81934732198715221 0.17719846963882449 0.17719846963882449 0.73252034187316906 0.015566361136734487 0.035543255507946021 0.10980212315917016 0.050767736509442336 0.028668756596744064 0.31289508938789373 0.056527692824602134
decision_type=2 2 2 2 2 2 2 2 2 2 2 2 2 2 2 1 2 2 2 2 2 2 2 2 2 2 2 2 2 2
left_child=2 4 5 23 11 10 -4 -7 28 -10 -1 12 13 -2 16 -12 19 -18 -8 20 -6 -14 -23 25 -25 -3 27 -21 -9 -26
right_child=1 3 6 -5 14 7 18 8 9 -11 15 -13 21 -15 -16 -17 17 -19 -20 26 -22 22 -24 24 29 -27 -28 -29 -30 -31
leaf_value=-0.05084699100700845 -0.007824114040545593 0.047608407165598263 -0.023266965916223251 0.052630244604090548 0.020495634700572935 -0.0059638644151073852 -0.010055194217199876 -0.039449620390704626 0.0051831224175888048 -0.03513636255618216 -0.041593443333220126 -0.025416505084227343 0.0067839778316260467 0.015354408973139944 -0.0088051203293572078 -0.012013842018487644 -0.0062395759645260934 0.021661685078554607 -0.035309929931931834 0.011997412651061225 0.0051338468728788084 0.044378353638557959 0.0074522229331873682 0.015754835547873911 0.049665877054331647 0.026212165124489102 0.015019672765477429 -0.029733474566697251 -0.0077707735681287228 0.031920711935906558
leaf_weight=242.14906261861324 75.556013107299805 45.821703806519508 215.66463033854961 174.43564742803574 96.07483097910881 13.240097559988497 168.1718577221036 160.68307718634605 11.985701620578768 17.234237179160118 56.191178813576698 9.4304327368736249 227.7104826271534 22.581704989075661 10.41189883649349 10.495957203209398 13.683121576905249 337.7010320276022 9.7304277718067151 20.625087276101112 32.317766308784485 9.7005872279405612 15.562826693058012 43.037113949656487 18.118577852845192 24.539107978343964 26.078700542449951 12.103064343333243 5.3575341999530783 104.07402856647968
leaf_count=3258 502 184 2035 738 444 104 1309 1838 82 183 669 58 1266 122 51 118 77 1491 93 101 163 50 85 174 73 99 127 63 60 418
internal_value=-0.000337354 0.0213231 -0.0317197 0.0413354 0.0122924 -0.0421742 -0.0179576 -0.0336587 -0.035507 -0.0184659 -0.0478943 0.00448148 0.00530575 -0.00242959 0.0174111 -0.0370377 0.0179288 0.0205595 -0.0114837 0.0129557 0.0166748 0.0083261 0.0219472 0.0329325 0.0297573 0.040265 0.00473635 -0.00332617 -0.0384628 0.0346313
internal_weight=2230.47 1319.56 910.904 410.026 909.538 517.337 393.567 208.501 195.261 29.2199 308.836 360.542 351.112 98.1377 548.996 66.6871 538.584 351.384 177.902 187.199 128.393 252.974 25.2634 235.591 165.23 70.3608 58.8069 32.7282 166.041 122.193
internal_count=16035 6286 9749 1686 4600 6312 3437 2267 2163 265 4045 2083 2025 624 2517 787 2466 1568 1402 898 607 1401 135 948 665 283 291 164 1898 491
cat_boundaries=0 1
cat_threshold=2
is_linear=0
shrinkage=0.05


Tree=20
num_leaves=31
num_cat=0
split_feature=1 1 1 7 1 7 1 7 1 7 1 3 5 7 1 7 1 1 7 1 1 6 7 3 3 3 4 7 1 3
split_gain=556.365 87.2737 51.1744 14.8285 12.9611 9.9442 5.02191 4.01729 3.79203 3.69683 4.40726 3.44995 3.21246 2.95738 3.38699 2.84877 3.481 3.39966 3.0785 2.89766 2.57513 2.10287 2.03347 2.36261 2.01707 1.90807 1.84509 1.83154 2.77081 1.81949
threshold=0.59787234663963329 0.94935896992683422 0.24744898080825808 0.2824715524911881 0.77664399147033703 0.00067396344093140226 0.4301948100328446 0.0035046099219471221 0.18274582922458651 0.082439210265874877 0.072299651801586165 0.043072111904621131 0.0064492959063500175 0.030705774202942852 0.74322345852851879 0.0097859492525458353 0.46385017037391668 0.51042118668556224 0.01620208099484444 0.57294833660125744 0.91864311695098888 0.052770815789699561 0.31619668006896978 0.063812159001827254 0.026192452758550647 0.085183933377265944 0.31289508938789373 0.17719846963882449 0.73252034187316906 0.017910608090460304
decision_type=2 2 2 2 2 2 2 2 2 2 2 2 2 2 2 2 2 2 2 2 2 2 2 2 2 2 2 2 2 2
left_child=2 4 5 -3 12 8 21 -7 -1 26 -11 15 13 14 -2 -8 -17 29 -19 24 -6 -4 23 -13 -20 -25 -9 -15 -29 -18
right_child=1 3 6 -5 20 7 11 9 -10 10 -12 22 -14 27 -16 16 17 18 19 -21 -22 -23 -24 25 -26 -27 -28 28 -30 -31
leaf_value=-0.048760183525960794 -0.0074709615308377322 0.031234122637534351 -0.024105232239485158 0.050668165748511552 0.014895609323400628 -0.0056917158358349932 -0.017556686477412042 -0.038725623750785011 -0.022540469770583535 0.0049095835652030861 -0.034350032813066492 -0.050772109813940508 -0.024526829325204391 0.0064216760319857763 0.01447467353910367 0.030071777420446245 -0.030417926620881899 0.023378358085503256 0.010201484173104559 -0.028882862238059984 0.024209367417829634 0.0067570594104880118 0.0024703394132554466 -0.012178890587860133 -0.013163195680007234 -0.036559345008271904 -0.0074358999952465954 0.041312582389215723 0.0070544339960046543 -0.0050196195460526253
leaf_weight=281.17822573333979 75.18560379743576 236.02757486701012 182.75410024821758 172.19226980209351 460.28062026202679 13.185725413262842 49.554106846451759 155.63375373929739 15.528588004410265 12.025342509150507 16.761731199920177 8.453180678188799 9.2911202609539014 228.51412506401539 22.757857501506805 7.3104755133390418 16.541662737727169 12.386282265186308 24.981561735272408 9.6190507858991605 91.533626198768616 5.3925785049796096 6.5631903186440459 24.283599562942982 14.452022656798361 12.821643553674219 5.3242435231804839 9.9014483988285082 15.622439652681349 13.247674979269503
leaf_count=3863 502 948 1767 738 2143 104 417 1838 182 82 183 72 58 1266 122 63 138 85 164 66 374 50 57 210 116 123 60 50 85 109
internal_value=-0.000333622 0.0202332 -0.0309407 0.0394543 0.011631 -0.0415297 -0.0172975 -0.0328842 -0.0474128 -0.0347435 -0.0178166 -0.0117255 0.0042484 0.00502892 -0.00231118 -0.00777101 -0.00278639 -0.00550424 0.00114582 -0.00440253 0.0164537 -0.023191 -0.0228291 -0.0265807 0.00150045 -0.0208135 -0.0377269 0.00787834 0.0206486 -0.0193449
internal_weight=2209.31 1321.31 887.999 408.22 913.087 499.638 388.361 202.931 296.707 189.745 28.7871 200.214 361.273 351.981 97.9435 148.093 98.5387 91.2283 61.4389 49.0526 551.814 188.147 52.1216 45.5584 39.4336 37.1052 160.958 254.038 25.5239 29.7893
internal_count=16035 6286 9749 1686 4600 6312 3437 2267 4045 2163 265 1620 2083 2025 624 1158 741 678 431 346 2517 1817 462 405 280 333 1898 1401 135 247
is_linear=0
shrinkage=0.05


Tree=21
num_leaves=31
num_cat=0
split_feature=1 1 1 7 1 7 1 1 7 7 1 5 7 1 1 3 3 3 3 3 7 3 4 3 7 7 3 1 7 7
split_gain=510.385 79.9842 49.9944 14.3539 11.5893 10.0219 5.44131 4.78456 3.85715 3.59784 4.13835 2.9314 2.68045 2.33371 2.24631 2.0759 1.90964 1.8627 1.81185 3.9651 2.45756 1.80937 1.78448 1.75464 1.72577 3.55729 2.06146 2.05733 1.98106 3.47535
threshold=0.59787234663963329 0.94935896992683422 0.24744898080825808 0.2824715524911881 0.77664399147033703 0.00067396344093140226 0.22474489361047748 0.44948978722095495 0.0035046099219471221 0.082439210265874877 0.072299651801586165 0.0064492959063500175 0.035531353205442436 0.91864311695098888 0.029437229968607429 0.10232980921864511 0.042356200516223914 0.059728866443037994 0.015566361136734487 0.035543255507946021 0.10980212315917016 0.33693875372409826 0.31289508938789373 0.083554025739431395 0.018978809937834743 0.072599343955516829 0.039179138839244849 0.35634921491146093 0.01620208099484444 0.0097859492525458353
decision_type=2 2 2 2 2 2 2 2 2 2 2 2 2 2 2 2 2 2 2 2 2 2 2 2 2 2 2 2 2 2
left_child=2 4 5 18 11 6 14 24 -7 22 -11 12 16 21 -1 -9 -2 -18 20 -20 -3 -6 -10 -19 28 27 -27 -26 29 -4
right_child=1 3 7 -5 13 8 -8 15 9 10 -12 -13 -14 -15 -16 -17 17 23 19 -21 -22 -23 -24 -25 25 26 -28 -29 -30 -31
leaf_value=-0.050118195459504446 -0.0053963971438614131 0.043556679344432116 -0.025900833752921903 0.048816239890305452 0.014598337271973542 -0.005430997568598904 0.01284697604556854 -0.0091594174494383281 -0.038002101977128062 0.0046513304400292929 -0.033567646781408743 -0.023660638045531906 0.0079435679384078275 0.022929852326811929 -0.038477250312270353 -0.033681666607820279 0.021156946340188779 -0.011845608473610658 0.013350474296113718 0.031244039525617356 0.023242211296892482 -0.0043240677896256947 -0.007113639862555564 0.017367288084526981 0.013023444277463894 -0.016127414897472086 -0.035953670877212893 -0.012655944191658601 -0.039002051647300896 0.0041269138107242571
leaf_weight=222.59148332476616 84.454211823642254 45.939889043569565 82.101550593972206 169.8522170484066 450.19675450026989 13.133930161595343 3.5886927470564833 165.68605475127697 150.79274109750986 12.062924042344095 16.308745719492435 9.1568370163440687 230.51037591695786 91.80749024450779 58.89588712900877 9.2187977880239469 15.789267882704733 14.125639274716379 43.215742081403732 122.56425240635872 24.647845983505249 12.540551051497458 5.2925279662013045 7.9140226095914832 11.98038826137781 35.569470502436161 22.579146802425385 21.520787887275219 24.11237171292305 10.568468347191809
leaf_count=3258 531 184 817 738 2071 104 43 1309 1838 82 183 58 1268 374 744 93 85 93 174 491 99 72 60 48 107 329 229 198 255 100
internal_value=-0.000330503 0.0192034 -0.0301707 0.0376742 0.0110079 -0.0408835 -0.0469307 -0.0166617 -0.0321143 -0.0339832 -0.017183 0.00402816 0.0047675 0.0155529 -0.0477148 -0.010499 -0.0011803 0.00808984 0.0296292 0.0266205 0.0365769 0.0140739 -0.036992 -0.00109891 -0.0218017 -0.0164791 -0.0239603 -0.00331248 -0.0259183 -0.0224217
internal_weight=2188.72 1322.72 866.004 406.22 916.495 482.667 285.076 383.337 197.591 184.457 28.3717 361.95 352.794 554.545 281.487 174.905 122.283 37.8289 236.368 165.78 70.5877 462.737 156.085 22.0397 208.432 91.6498 58.1486 33.5012 116.782 92.67
internal_count=16035 6286 9749 1686 4600 6312 4045 3437 2267 2163 265 2083 2025 2517 4002 1402 757 226 948 665 283 2143 1898 141 2035 863 558 305 1172 917
is_linear=0
shrinkage=0.05


Tree=22
num_leaves=31
num_cat=1
split_feature=1 1 1 7 1 7 1 1 7 7 1 5 8 4 1 7 7 3 3 1 1 7 1 7 3 3 12 4 7 7
split_gain=468.222 73.3975 48.7947 13.8618 10.376 10.0912 5.27922 4.49943 3.69942 3.49715 3.88343 2.67423 2.66436 2.69692 2.7091 3.05727 2.43981 2.40597 3.13031 2.31075 2.23607 2.19561 2.01648 2.22845 2.58097 1.9587 1.73247 1.72418 1.69723 1.63839
threshold=0.59787234663963329 0.94935896992683422 0.24744898080825808 0.2824715524911881 0.77664399147033703 0.00067396344093140226 0.22474489361047748 0.44948978722095495 0.0035046099219471221 0.082439210265874877 0.072299651801586165 0.0064492959063500175 0.33041891455650335 0.19662392884492877 0.83697199821472179 0.0023993098875507717 0.082439210265874877 0.0090895015746355074 0.041031122207641609 0.029437229968607429 0.73401361703872692 0.038092413917183883 0.68237251043319713 0.030705774202942852 0.040669189766049392 0.10232980921864511 0 0.31289508938789373 0.14350029826164248 0.018978809937834743
decision_type=2 2 2 2 2 2 2 2 2 2 2 2 2 2 2 2 2 2 2 2 2 2 2 2 2 2 1 2 2 2
left_child=2 4 5 -3 11 6 19 29 -7 27 -11 16 13 14 17 -16 20 28 -19 -1 22 -22 23 -2 -25 -9 -21 -10 -6 -4
right_child=1 3 7 -5 12 8 -8 25 9 10 -12 -13 -14 -15 15 -17 -18 18 -20 26 21 -23 -24 24 -26 -27 -28 -29 -30 -31
leaf_value=-0.049754391675001744 -0.0037353715157069805 0.028133461878447799 -0.02514132154838138 0.047061830098947967 0.025115482443145459 -0.0051813209815060497 0.012094910971285067 -0.0087589413271501274 -0.037278711380313176 0.0044074213901123989 -0.032789172594438164 -0.022817438190571804 -0.0098775847091862202 0.03831352966195694 -0.0057661290331775961 0.018197268343508887 0.0094853199340357887 -0.0050582132250945721 0.011272785011933855 -0.041718753918087152 0.0042174541544311647 0.028147627987194695 -0.010260483058979284 0.022026007004735795 -0.0065274963505953911 -0.032880783514168503 -0.016957910727435452 -0.0068036692271230105 0.0043642033044041083 -0.015867550779546595
leaf_weight=213.24558390676975 60.574816592037678 236.53002966940403 114.45266790688038 167.44051846861839 35.11056412756443 13.084595382213591 3.6264634728431693 164.63066187500954 146.15355256199837 12.098558574914934 15.874667905271052 9.0275084227323514 10.501017913222311 12.526223838329313 13.491432309150694 334.75303138792515 145.55764883756638 42.093816980719566 93.931161880493164 47.66499388217926 49.30979759991169 12.056830689311026 51.713308781385422 22.662169724702835 11.726218923926352 8.9797504097223264 9.3812725916504842 5.2623156532645217 14.62066639959812 90.506831213831902
leaf_count=3258 417 948 1172 738 157 104 43 1309 1838 82 183 58 51 57 75 1457 778 205 444 630 265 65 299 127 74 93 114 60 71 863
internal_value=-0.000326637 0.0182334 -0.0294054 0.0360011 0.0104202 -0.040237 -0.0464505 -0.0160407 -0.0313489 -0.0332257 -0.016565 0.00381774 0.014708 0.0151912 0.0146324 0.0172532 0.00451814 0.00968567 0.00618232 -0.0472587 0.00101594 0.00903856 -0.00231037 0.00197259 0.0121538 -0.0100536 -0.0377711 -0.0362578 0.0191361 -0.0210803
internal_weight=2168.59 1323.63 844.962 403.971 919.656 466.392 273.918 378.57 192.474 179.389 27.9732 362.628 557.028 546.527 534.001 348.244 353.601 185.756 136.025 270.292 208.043 61.3666 146.677 94.9632 34.3884 173.61 57.0463 151.416 49.7312 204.959
internal_count=16035 6286 9749 1686 4600 6312 4045 3437 2267 2163 265 2083 2517 2466 2409 1532 2025 877 649 4002 1247 330 917 618 201 1402 744 1898 228 2035
cat_boundaries=0 1
cat_threshold=2
is_linear=0
shrinkage=0.05


Tree=23
num_leaves=31
num_cat=0
split_feature=1 1 1 7 7 1 1 1 7 7 1 3 7 1 1 7 5 1 7 1 3 3 1 7 1 6 1 1 1 7
split_gain=429.511 67.3436 47.5795 13.3899 10.1511 9.29883 5.12367 4.2258 3.56537 3.24533 3.64186 3.11127 2.59395 3.24137 3.16416 2.86672 2.43937 2.37269 2.2377 2.41113 2.21589 5.45387 3.82561 2.04917 2.03501 2.01015 1.96405 2.70855 2.04652 2.37989
threshold=0.59787234663963329 0.94935896992683422 0.24744898080825808 0.2824715524911881 0.00067396344093140226 0.77664399147033703 0.22474489361047748 0.4301948100328446 0.0029923977563157682 0.082439210265874877 0.072299651801586165 0.043072111904621131 0.0097859492525458353 0.46385017037391668 0.51042118668556224 0.061681136488914497 0.0064492959063500175 0.029437229968607429 0.17719846963882449 0.73252034187316906 0.013335355557501318 0.0086930938996374624 0.61294063925743114 0.014746320433914663 0.91864311695098888 0.052770815789699561 0.74322345852851879 0.75582656264305126 0.68237251043319713 0.14773278683423999
decision_type=2 2 2 2 2 2 2 2 2 2 2 2 2 2 2 2 2 2 2 2 2 2 2 2 2 2 2 2 2 2
left_child=2 5 4 -3 6 16 17 25 -6 -10 -11 12 -9 -14 -15 -16 18 -1 20 -20 21 22 -2 -22 -7 -4 28 -28 29 -24
right_child=1 3 7 -5 8 24 -8 11 9 10 -12 -13 13 14 15 -17 -18 -19 19 -21 23 -23 26 -25 -26 -27 27 -29 -30 -31
leaf_value=-0.049393947633605231 -0.029031400332295759 0.026714511777211371 -0.021946431361348537 0.045394238131727001 0 0.0125435172308417 0.011393935457476266 -0.016019468432788894 -0.035064508430927607 0.004176983921170092 -0.032014649549975308 -0.021068564806014295 0.029917121190470693 -0.0180006714298485 0.0090303526216541814 -0.01477299560150027 -0.021996793609109028 -0.037069431053733719 0.037394114730234372 0.0057589533069149794 -0.0046657304877922188 -0.037710859864539661 0.013934920482822029 0.0087164436222228192 0.020793597890261039 0.008644386447515074 0.027956258303618239 -0.0054772945729560304 -0.0078075195277604974 -0.016059435302579844
leaf_weight=204.28923350572586 9.6152748540043813 236.64072082936764 173.50335568189621 164.97890424728394 9.1579034179449064 467.046485632658 3.6622932478785506 48.093779675662518 150.82294294983149 12.132348701357843 15.45888429880142 50.088873974978924 7.3219001665711394 29.001686088740826 43.031122662127018 17.727312639355659 8.9030465483665449 55.279023379087448 10.161525487899782 15.817624688148497 33.941138669848442 9.7593540549278242 32.897300958633423 166.65552660822868 92.203459054231644 5.2528467178344718 16.392881706357006 9.1796676218509656 41.865772172808647 8.0441697239875776
leaf_count=3258 66 948 1767 738 65 2143 43 417 1937 82 183 462 63 247 302 129 58 744 50 85 221 57 215 904 374 50 89 50 245 43
internal_value=-0.000322523 0.0173175 -0.028645 0.0344097 -0.0395897 0.00986772 -0.0459711 -0.0154331 -0.0305881 -0.032149 -0.0159624 -0.0102891 -0.00652359 -0.00175631 -0.00442603 0.0019903 0.00361876 -0.0468038 0.00428251 0.0184204 0.00314343 -0.00197276 0.000970228 0.00642606 0.0139161 -0.0210152 0.00370232 0.0157854 0 0.00789504
internal_weight=2148.93 1324.1 824.824 401.62 450.803 922.483 263.231 374.021 187.572 178.414 27.5912 195.265 145.176 97.082 89.7601 60.7584 363.233 259.568 354.33 25.9792 328.351 127.754 117.995 200.597 559.25 178.756 108.38 25.5725 82.8072 40.9415
internal_count=16035 6286 9749 1686 6312 4600 4045 3437 2267 2202 265 1620 1158 741 678 431 2083 4002 2025 135 1890 765 708 1125 2517 1817 642 139 503 258
is_linear=0
shrinkage=0.05


Tree=24
num_leaves=31
num_cat=1
split_feature=1 1 1 7 7 1 1 1 4 5 5 7 7 1 7 1 1 3 3 7 7 3 12 4 3 3 7 3 3 1
split_gain=393.95 61.8272 46.3172 12.9175 10.2005 8.42011 4.97374 4.01439 3.6984 3.48347 4.10076 3.44337 3.29424 3.41305 2.86133 2.80136 2.43617 2.33618 4.30912 2.19621 2.15013 1.80726 1.76661 1.72369 1.65948 3.61128 2.26151 1.62611 3.27679 2.48997
threshold=0.59787234663963329 0.94935896992683422 0.24744898080825808 0.2824715524911881 0.00067396344093140226 0.83697199821472179 0.22474489361047748 0.44948978722095495 0.31027401983737951 0.37035535275936132 0.00017611371004022661 0.0035046099219471221 0.082439210265874877 0.072299651801586165 0.0023993098875507717 0.69476488232612621 0.029437229968607429 0.34846939146518713 0.10232980921864511 0.0039089879719540485 0.014746320433914663 0.10232980921864511 0 0.31289508938789373 0.015566361136734487 0.035543255507946021 0.10980212315917016 0.038451150059700019 0.027592155151069168 0.83156028389930736
decision_type=2 2 2 2 2 2 2 2 2 2 2 2 2 2 2 2 2 2 2 2 2 2 1 2 2 2 2 2 2 2
left_child=2 5 4 24 6 9 16 -4 14 10 15 -6 23 -14 -7 -2 -1 18 19 -17 -21 -9 -18 -13 26 -26 -3 28 29 -22
right_child=1 3 7 -5 11 8 -8 21 -10 -11 -12 12 13 -15 -16 17 22 -19 -20 20 27 -23 -24 -25 25 -27 -28 -29 -30 -31
leaf_value=-0.049035939207742074 0.00013982263448136708 0.038691484072775124 -0.019701368232776278 0.043804339893260623 -0.0044671113938630465 -0.0061040095655739025 0.010739775602090239 -0.0079286275036803584 -0.012713479614022916 -0.023012076977389294 0.038583768619241073 -0.035861186426898742 0.0039591935197873613 -0.03124419402958975 0.017024023798800549 0.017973984769938965 -0.040505423867039987 -0.014814431098703201 0.027492157082132231 -0.016462991155304193 0.003173061098475637 -0.031569033208435036 -0.014988680995764996 -0.0049452860081577446 0.0099006419490186987 0.026921617861836888 0.019280985643171773 0.010686295448110228 -0.014401491148628036 0.023243724539545443
leaf_weight=195.70977323502302 172.41144018620253 45.888061627745628 198.61876781284809 162.48627832531929 12.933017097413538 13.542629167437552 3.696285866200923 162.40251966565847 11.207514598965643 10.37303590774536 9.4478832483291608 137.62620859593153 12.164394900202753 15.060780063271521 342.44053739309311 40.093119263648987 44.609921760857105 10.736576586961744 27.910749658942223 10.597956523299215 116.07948906719685 8.6057964488863927 8.9731581807136518 5.0870523899793616 43.391653329133987 122.64865271747112 24.731188982725143 119.34411306679249 23.110843494534492 17.929953649640083
leaf_count=3258 1049 184 2035 738 104 75 43 1309 52 59 54 1838 82 183 1479 194 630 58 136 55 615 93 114 60 174 491 99 571 117 86
internal_value=-0.000318008 0.0164495 -0.0278917 0.0329003 -0.0389392 0.0093444 -0.0454896 -0.0148442 0.0152315 0.00545966 0.00601216 -0.0298299 -0.031727 -0.0153752 0.0161287 0.00542405 -0.0463474 0.00790024 0.00860515 0.00697065 0.00541071 -0.00916528 -0.0363613 -0.0347984 0.0253772 0.0225122 0.0320014 0.00627294 0.00288422 0.00591105
internal_weight=2129.86 1324.37 805.488 399.146 435.861 925.226 252.989 369.627 367.191 558.035 547.662 182.871 169.938 27.2252 355.983 538.214 249.293 365.803 355.066 327.155 287.062 171.008 53.5831 142.713 236.66 166.04 70.6193 276.464 157.12 134.009
internal_count=16035 6286 9749 1686 6312 4600 4045 3437 1606 2994 2935 2267 2163 265 1554 2881 4002 1832 1774 1638 1444 1402 744 1898 948 665 283 1389 818 701
cat_boundaries=0 1
cat_threshold=2
is_linear=0
shrinkage=0.05


Tree=25
num_leaves=31
num_cat=1
split_feature=1 1 1 7 7 1 1 1 7 7 1 1 8 4 1 7 5 12 3 7 1 1 4 7 7 3 7 7 1 1
split_gain=361.337 56.8021 45.0472 12.4277 10.2369 7.66903 4.82924 3.75427 3.29043 3.18948 3.19645 2.49637 2.40767 2.59413 2.45392 1.90562 1.78992 1.72796 1.70016 1.6986 2.96519 2.36074 1.65819 1.59083 3.52029 2.1012 2.05396 3.3559 2.2996 1.95174
threshold=0.59787234663963329 0.94935896992683422 0.24744898080825808 0.2824715524911881 0.00067396344093140226 0.75582656264305126 0.22474489361047748 0.44948978722095495 0.0035046099219471221 0.082439210265874877 0.072299651801586165 0.029437229968607429 0.33116942644119268 0.19662392884492877 0.91864311695098888 0.10060926526784898 0.0027215533191338186 0 0.10232980921864511 0.082439210265874877 0.73499399423599254 0.6760731339454652 0.31289508938789373 0.018978809937834743 0.072599343955516829 0.046377308666706092 0.01620208099484444 0.0097859492525458353 0.26598639786243444 0.35634921491146093
decision_type=2 2 2 2 2 2 2 2 2 2 2 2 2 2 2 2 2 1 2 2 2 2 2 2 2 2 2 2 2 2
left_child=2 5 4 -3 6 16 11 23 -6 22 -11 -1 13 14 -7 -16 19 -13 -9 -2 21 -21 -10 26 29 -26 27 28 -4 -25
right_child=1 3 7 -5 8 12 -8 18 9 10 -12 17 -14 -15 15 -17 -18 -19 -20 20 -22 -23 -24 24 25 -27 -28 -29 -30 -31
leaf_value=-0.04867949201837226 0.00035007164243781077 0.024126344106680644 0.0021157859078976024 0.042284336721936766 -0.0042589484028779196 0.010641131603526617 0.010128597646405042 -0.0075756874174739801 -0.035137006547159892 0.0037533006389358168 -0.030477984523041859 -0.039864032124767967 -0.010927060426119116 0.033743547387312799 0.0093853021384055439 0.025158808766725452 -0.018801061111360248 -0.014428238322270498 -0.030783670452030915 0.0011041966968553993 -0.013655572712604182 0.016987714206125916 -0.0047218591941452477 0.015683410713169303 -0.015815235178215217 -0.03945101387303606 -0.036958029162468882 0.0071422579411048728 -0.025989656820837589 -0.0098909228197004082
leaf_weight=187.49455634504557 194.92666475474834 236.53826542198658 7.7593252137303343 159.97896033525467 12.892819859087465 495.00710597634315 3.7285394370555869 161.4985085055232 133.54615727066994 12.194790378212931 14.679744906723498 43.101394161581993 10.802065461874006 14.313771978020666 30.652227103710175 57.906452387571335 9.3571589440107328 8.8623858839273435 8.3921282663941366 38.389636099338531 13.584023922681807 62.791009113192558 5.0666395947337142 11.591296829283236 42.018385000526905 12.788363099098204 22.192525148391724 10.123326972126959 68.663738124072552 20.451606646180153
leaf_count=3258 1175 948 91 738 104 2276 43 1309 1838 82 183 630 53 65 125 233 61 114 93 211 75 326 60 107 420 138 255 100 726 198
internal_value=-0.000312561 0.0156313 -0.0271439 0.0314738 -0.0382878 0.00885207 -0.0450075 -0.0142692 -0.0290787 -0.0309784 -0.0148033 -0.0458907 0.0121451 0.0125721 0.0120386 0.0197724 0.00255204 -0.0356581 -0.00876895 0.00321921 0.00804435 0.0110176 -0.0340655 -0.0190143 -0.0137952 -0.0214832 -0.0231203 -0.0194757 -0.0230717 -0.00046402
internal_weight=2111.29 1324.25 787.046 396.517 421.567 927.73 243.187 365.479 178.38 165.487 26.8745 239.458 608.682 597.88 583.566 88.5587 319.048 51.9638 169.891 309.691 114.765 101.181 138.613 195.589 86.8497 54.8067 108.739 86.5464 76.4231 32.0429
internal_count=16035 6286 9749 1686 6312 4600 4045 3437 2267 2163 265 4002 2752 2699 2634 358 1848 744 1402 1787 612 537 1898 2035 863 558 1172 917 817 305
cat_boundaries=0 1
cat_threshold=2
is_linear=0
shrinkage=0.05


Tree=26
num_leaves=31
num_cat=0
split_feature=1 1 1 1 7 7 1 1 7 7 5 5 7 1 3 1 7 1 1 7 1 1 3 3 6 4 7 7 7 3
split_gain=331.414 52.3035 43.7341 10.7641 10.2606 7.17749 4.68952 3.52916 3.14501 3.14224 3.12574 3.69606 2.94269 2.99151 2.78477 2.55524 2.36142 3.03624 2.93078 2.70245 2.73263 2.27781 2.12537 3.70406 2.0676 2.05692 1.97815 1.92372 1.9083 2.59174
threshold=0.59787234663963329 0.97056278586387645 0.24744898080825808 0.83697199821472179 0.00067396344093140226 0.2824715524911881 0.22474489361047748 0.4301948100328446 0.0029923977563157682 0.0023993098875507717 0.37035535275936132 0.00017611371004022661 0.082439210265874877 0.072299651801586165 0.043072111904621131 0.029437229968607429 0.0097859492525458353 0.46385017037391668 0.51042118668556224 0.01620208099484444 0.57294833660125744 0.69476488232612621 0.34846939146518713 0.10232980921864511 0.055923074483871467 0.31027401983737951 0.0039089879719540485 0.014746320433914663 0.31619668006896978 0.063812159001827254
decision_type=2 2 2 2 2 2 2 2 2 2 2 2 2 2 2 2 2 2 2 2 2 2 2 2 2 2 2 2 2 2
left_child=2 3 4 10 6 -3 15 24 -6 -5 11 21 -10 -14 16 -1 -9 -18 -19 -20 -21 -2 23 26 -4 -11 -23 -28 29 -16
right_child=1 5 7 9 8 -7 -8 14 12 25 -12 -13 13 -15 28 -17 17 18 19 20 -22 22 -24 -25 -26 -27 27 -29 -30 -31
leaf_value=-0.048323767367838499 4.5261584935137489e-05 0.024934413855270302 -0.019940102626699541 -0.0079558769351169758 0 0.040827552575765147 0.0095569725731738039 -0.014619081837511949 -0.032864840380622484 0.016449351727308374 -0.02228907779900419 0.036022146136031961 0.0035585972195485028 -0.029716262388514044 -0.049426622834949474 -0.034954023485977301 0.029759468090435531 -0.016755705323616778 0.023443841202109201 0.0031215954575303465 -0.026951295268266548 0.016576832527081822 -0.014654563042779879 0.025067802330338548 0.011839696441372038 -0.0026616101964086337 -0.016040377021547925 0.0055159847038080715 0.0056090312045751871 -0.01699926526412094
leaf_weight=179.63099677115679 172.57772880792618 135.25007063150406 165.54806996881962 13.954538971185682 9.1051654517650586 157.47101551294327 3.7591466531157485 46.81592583656311 138.43888114392757 442.63773801922798 10.240786924958227 9.6172438859939557 12.22362180054188 14.315173618495463 7.819722279906272 50.41418419033289 7.3334559649229041 28.299541063606739 12.378183573484419 38.603839010000229 9.24127299338579 40.452713847160339 10.715399429202078 28.369013041257858 5.0192511901259413 14.052838861942289 10.545480862259863 278.07574562728405 6.2752401977777472 34.174998559057713
leaf_count=3258 1049 543 1768 77 65 738 43 417 1937 1871 59 54 82 183 72 744 63 247 85 280 66 194 58 136 49 63 55 1389 57 333
internal_value=-0.000307629 0.0148557 -0.0264053 0.00955232 -0.0376338 0.0335123 -0.0445228 -0.0137156 -0.0283326 0.0151319 0.00485722 0.00537539 -0.0299106 -0.0142465 -0.00898884 -0.045432 -0.0054206 -0.000865433 -0.00348961 0.00267881 -0.00262679 0.00481452 0.00703596 0.0077041 -0.0189692 0.0158499 0.00618485 0.00470577 -0.0193991 -0.0232593
internal_weight=2093.36 1323.96 769.397 1031.24 407.887 292.721 233.804 361.51 174.083 470.645 560.594 550.353 164.978 26.5388 190.942 230.045 142.672 95.8563 88.5228 60.2233 47.8451 540.736 368.158 357.443 170.567 456.691 329.074 288.621 48.27 41.9947
internal_count=16035 6286 9749 5005 6312 1281 4045 3437 2267 2011 2994 2935 2202 265 1620 4002 1158 741 678 431 346 2881 1832 1774 1817 1934 1638 1444 462 405
is_linear=0
shrinkage=0.05


Tree=27
num_leaves=31
num_cat=2
split_feature=1 1 1 7 1 7 1 5 5 7 7 1 3 7 1 1 1 7 3 1 10 3 7 12 7 1 1 1 3 12
split_gain=304.545 59.5566 24.4861 15.1542 11.1654 10.273 4.5539 3.16103 3.12562 3.04446 3.07668 2.61532 2.36602 3.59878 2.79034 2.75262 2.49463 2.39217 2.2721 2.64928 2.57641 2.50516 2.17951 3.42693 2.11245 2.22534 1.76204 2.01711 1.757 1.75182
threshold=0.49489796161651617 0.91864311695098888 0.24744898080825808 0.2824715524911881 0.69476488232612621 0.00067396344093140226 0.22474489361047748 0.3940256536006928 0.0037671427708119158 0.0035046099219471221 0.022860839962959293 0.029437229968607429 0.029671942815184597 0.010891249403357508 0.69309264421463024 0.60922586917877208 0.51165312528610241 0.038092413917183883 0.0086930938996374624 0.10102041065692903 0.22735000401735309 0.03119421657174826 0.018978809937834743 0 0.061681136488914497 0.35634921491146093 0.55182597041130077 0.60208335518836986 0.30992965400218969 1
decision_type=2 2 2 2 2 2 2 2 2 2 2 2 2 2 2 2 2 2 2 2 2 2 2 1 2 2 2 2 2 1
left_child=2 4 5 -3 12 6 11 8 -6 -7 28 -1 13 26 16 17 -15 -14 19 20 -12 -20 23 -4 25 -24 -2 -28 -11 -13
right_child=1 3 22 -5 7 9 -8 -9 -10 10 18 29 15 14 -16 -17 -18 -19 21 -21 -22 -23 24 -25 -26 -27 27 -29 -30 -31
leaf_value=-0.047967971286508405 0.0024357831921694518 0.020479267393310786 -0.024490231266835173 0.03949142151453227 0.008756680715949143 -0.0036171594391242235 0.0090218029377127744 -0.018512607602787622 0.036443144966284403 -0.035247281438037931 -0.013297161518802334 -0.038643487799357779 -0.011611065671547082 -0.014212021803512538 -0.016099746852889819 -0.0030689204551221936 0.0099751335597527066 -0.040707410862616138 -0.048592895857288439 -0.032625512540037684 0.026161579524702622 -0.014211821512016415 0.019815281204464054 -9.4048213903455012e-05 -0.015383450388880282 -0.0094817915034902996 -0.034475344567710862 -0.0082983843252494131 0 -0.012536170223072155
leaf_weight=172.1066298186779 17.327876046299934 327.92927230894566 105.57312534749508 155.94778615236282 639.19999113678932 12.758742183446882 3.7881944105029097 10.238128721714018 10.394603684544562 107.23120613396168 9.3997677415609413 40.424166336655617 27.39363856613636 11.580521166324614 13.67886872589588 81.258916459977627 107.89404340088367 9.9110890254378301 9.9649646729230899 7.0840267315506926 7.1572372540831557 12.637591935694216 9.6504005119204539 17.142758145928383 81.836039386689663 19.207239888608456 11.100275211036204 23.971447646617889 3.7304318323731414 8.5049297958612424
leaf_count=3258 148 1318 1147 742 3029 104 43 50 50 1574 62 630 245 98 80 493 678 97 133 87 78 174 88 187 825 186 96 166 55 114
internal_value=-0.000301935 0.0123101 -0.0293746 0.0266239 0.00511774 -0.0369752 -0.0440335 0.00877243 0.00921295 -0.0275888 -0.029499 -0.0449691 -0.00279558 0.000705499 0.00509867 -0.00831291 0.00757896 -0.0195632 -0.0183618 -0.00719605 0.00351449 -0.0297372 -0.0164871 -0.0211258 -0.0112851 0.00017749 -0.0103513 -0.0168001 -0.0340748 -0.0342423
internal_weight=2076.02 1447.83 628.197 483.877 963.949 394.788 224.824 659.833 649.595 169.964 157.205 221.036 304.117 185.553 133.153 118.564 119.475 37.3047 46.2436 23.641 16.557 22.6026 233.41 122.716 110.694 28.8576 52.3996 35.0717 110.962 48.9291
internal_count=16035 7290 8745 2060 5230 6312 4045 3129 3079 2267 2163 4002 2101 1266 856 835 776 342 534 227 140 307 2433 1334 1099 274 410 262 1629 744
cat_boundaries=0 1 2
cat_threshold=2 2
is_linear=0
shrinkage=0.05


Tree=28
num_leaves=31
num_cat=1
split_feature=1 1 7 7 1 1 1 3 1 7 7 3 7 1 1 7 1 3 12 1 1 1 3 3 7 1 1 7 7 7
split_gain=280.282 54.4531 23.9429 13.2252 10.2941 9.70176 7.21983 2.64232 3.14796 2.79825 2.6329 2.1518 3.26019 2.54937 2.52518 2.2869 2.25132 1.91624 1.65055 1.62319 1.9061 1.55652 2.33321 2.83988 2.2197 1.61164 1.7857 4.70216 3.91796 1.9098
threshold=0.49489796161651617 0.93257576227188121 0.00067396344093140226 0.2824715524911881 0.69476488232612621 0.16172623634338382 0.29637591540813452 0.0095362584106624144 0.029437229968607429 0.0039089879719540485 0.039979510009288795 0.029671942815184597 0.010891249403357508 0.60922586917877208 0.69309264421463024 0.038092413917183883 0.51165312528610241 0.03119421657174826 0 0.55182597041130077 0.60208335518836986 0.83697199821472179 0.34846939146518713 0.085183933377265944 0.0023993098875507717 0.87627550959587108 0.87841832637786876 0.035531353205442436 0.14773278683423999 0.014746320433914663
decision_type=2 2 2 2 2 2 2 2 2 2 2 2 2 2 2 2 2 2 1 2 2 2 2 2 2 2 2 2 2 2
left_child=2 4 5 -3 11 -1 7 8 10 -10 -4 12 19 15 16 -13 -14 -9 -7 -2 -21 22 23 -6 -23 -26 27 -27 -29 -28
right_child=1 3 6 -5 21 18 -8 17 9 -11 -12 13 14 -15 -16 -17 -18 -19 -20 20 -22 24 -24 -25 25 26 29 28 -30 -31
leaf_value=-0.045761438748236918 0.0023105085262920522 0.019821893913918535 -0.018000530881781395 0.037807829327901117 0.004896064586292069 -0.025281898162084468 -0.012669814215224728 -0.040089500268688037 0.0065258536267317315 -0.033779371273803087 0.0097209191238166251 -0.011130212314610439 -0.013650348771836164 -0.0029208656867031535 -0.015442581080524431 -0.039938798926337615 0.0094202458199107234 -0.026254145211913899 -0.0003896860552321886 -0.033622817384534917 -0.0079287326784502187 -0.0079892452575752171 -0.016120421224401812 0.016307210384149017 0.018156768006951988 -0.02641664904199478 0.022875513118355034 0.021119257606980461 -0.010289063160011488 0.0091765159143588886
leaf_weight=196.02654700726271 17.358638301491737 317.7608548104763 28.69095766544342 152.7206499427557 305.04893593490124 45.743796363472939 166.48008541762829 46.19970914721489 4.5806593373417845 38.842964589595795 11.860499724745749 27.158708989620209 11.46139322221279 81.117714911699295 13.555403977632521 9.6064475774764997 108.52609732747078 66.028588630259037 8.2747438549995405 10.822321601212023 23.84262689948082 13.959461346268652 11.052489265799521 67.134670659899712 81.706298261880875 11.430176585912703 34.752433493733406 26.883140876889229 15.390588104724882 105.40249089896679
leaf_count=3754 148 1276 391 739 1528 575 1707 652 42 523 80 245 98 493 80 97 678 925 96 96 166 77 60 309 350 56 148 116 69 461
internal_value=-0.000298165 0.0117038 -0.028641 0.0256776 0.0049621 -0.0405657 -0.0203971 -0.0269185 -0.0200048 -0.0294076 -0.00976559 -0.00266984 0.000661709 -0.00795272 0.00482325 -0.0188812 0.00716534 -0.0320247 -0.021569 -0.00991366 -0.0161678 0.00841181 0.00628862 0.00697167 0.0112018 0.0121947 0.00964795 0.00178224 0.00956914 0.0126228
internal_weight=2059.42 1446.69 612.729 470.482 976.21 250.045 362.683 196.203 83.9751 43.4236 40.5515 303.449 185.566 117.883 133.543 36.7652 119.987 112.228 54.0185 52.0236 34.6649 672.761 383.236 372.184 289.525 275.565 193.859 53.7039 42.2737 140.155
internal_count=16035 7290 8745 2015 5275 4425 4320 2613 1036 565 471 2101 1266 835 856 342 776 1577 671 410 262 3174 1897 1837 1277 1200 850 241 185 609
cat_boundaries=0 1
cat_threshold=2
is_linear=0
shrinkage=0.05


Tree=29
num_leaves=31
num_cat=0
split_feature=1 1 7 1 7 1 1 7 3 3 1 7 7 7 3 1 4 7 7 7 3 3 1 1 3 3 7 3 10 7
split_gain=257.878 49.769 23.5012 11.3467 10.3018 9.69801 6.88102 3.4085 3.37648 2.55204 2.98684 2.65448 2.41601 1.94591 1.88548 1.85717 3.03309 2.06315 2.75927 1.9748 1.84512 2.73084 1.8325 1.70778 1.56811 3.26819 2.05875 1.6571 1.56599 2.86443
threshold=0.49489796161651617 0.94935896992683422 0.00067396344093140226 0.71611723303794872 0.2824715524911881 0.16172623634338382 0.29637591540813452 0.14350029826164248 0.084712427109479918 0.0095362584106624144 0.029437229968607429 0.0039089879719540485 0.039979510009288795 0.010891249403357508 0.03119421657174826 0.83697199821472179 0.31027401983737951 0.14350029826164248 0.091119859367609038 0.0023993098875507717 0.086358565837144866 0.024792695418000225 0.81934732198715221 0.80566483736038219 0.015566361136734487 0.035543255507946021 0.10980212315917016 0.056527692824602134 0.33571343123912817 0.035531353205442436
decision_type=2 2 2 2 2 2 2 2 2 2 2 2 2 2 2 2 2 2 2 2 2 2 2 2 2 2 2 2 2 2
left_child=2 3 5 7 24 -1 9 8 13 10 12 -12 -4 -2 -11 17 19 18 22 -17 21 -19 23 -5 26 -26 -3 -27 -24 -30
right_child=1 4 6 15 -6 -7 -8 -9 -10 14 11 -13 -14 -15 -16 16 -18 20 -20 -21 -22 -23 28 -25 25 27 -28 -29 29 -31
leaf_value=-0.04533053847745213 -0.0094911597988936742 0.032740725740712781 -0.017366144578238631 0.0065895788683193041 0.036790199558342389 -0.020872449360188366 -0.012159191984954614 0.0074487181666011261 -0.021834426749933716 -0.039431042068071721 0.0061767535636890088 -0.033034686694151535 0.009181752112501199 0.00017884657202019518 -0.025514414127276355 -0.0060094609454110571 -0.013616382484854216 -0.0043262318519509306 0.027667349076103839 0.013178364055177708 -0.019197417858416062 0.011385023386699609 -0.016378783548626239 0.018384084581274763 0.0052200736010313276 0.035638131154508368 0.014279018209861405 0.018795067688020743 -0.013792889685345795 0.015347139990184545
leaf_weight=188.1951918117702 72.694729752838612 45.497821465134621 28.266753263771534 99.220503583550453 150.06921538710594 53.074991591274738 164.84465277940035 77.947352647781372 25.131977535784245 44.663526087999344 4.6026456952095023 37.762624733150005 11.93307091295719 178.94194193929434 64.585906155407429 13.52750727534294 11.260004684329031 58.020241692662239 18.962215706706047 347.50743062794209 10.026576727628706 52.227629140019417 12.094866156578062 46.056806936860085 43.465390548110008 18.135819911956787 24.727160423994064 103.92122623324394 13.272771388292311 22.371507987380028
leaf_count=3754 573 184 391 497 738 671 1707 406 199 652 42 523 80 1200 925 75 52 301 90 1479 51 252 59 201 174 73 99 418 66 103
internal_value=-0.000293144 0.0111311 -0.027909 0.00552396 0.0265072 -0.0399818 -0.0197191 -0.00175713 -0.00436962 -0.0261802 -0.0193415 -0.0286524 -0.00935827 -0.0025975 -0.0312804 0.00919657 0.011639 0.00644202 0.00941216 0.0124441 0.00116225 0.00307491 0.00757946 0.0103732 0.0199273 0.0171619 0.0263408 0.0213657 -0.000821772 0.00434823
internal_weight=2043.01 1445.08 597.929 1059.26 385.817 241.27 356.659 354.716 276.769 191.815 82.5651 42.3653 40.1998 251.637 109.249 704.548 372.295 332.253 211.979 361.035 120.274 110.248 193.016 145.277 235.747 165.522 70.225 122.057 47.7391 35.6443
internal_count=16035 7290 8745 5604 1686 4425 4320 2378 1972 2613 1036 565 471 1773 1577 3226 1606 1620 1016 1554 604 553 926 698 948 665 283 491 228 169
is_linear=0
shrinkage=0.05


Tree=30
num_leaves=31
num_cat=1
split_feature=1 1 7 7 1 1 1 12 7 3 3 1 7 7 7 7 7 1 3 7 3 1 10 3 3 3 3 1 10 4
split_gain=237.233 45.6242 23.0294 11.7998 9.80361 8.47175 6.54874 4.82976 3.077 3.11047 2.46121 2.96594 3.06337 3.70107 1.99974 4.57436 2.79931 1.9433 1.85305 1.77205 1.51619 1.50548 1.67257 1.48918 1.60567 3.46967 3.19211 1.44334 1.57274 1.42223
threshold=0.49489796161651617 0.93440860509872448 0.00067396344093140226 0.2824715524911881 0.029437229968607429 0.71611723303794872 0.29637591540813452 0 0.14350029826164248 0.084712427109479918 0.0095362584106624144 0.26928147673606878 0.0035046099219471221 0.018978809937834743 0.10702539607882501 0.038092413917183883 0.14350029826164248 0.16172623634338382 0.03119421657174826 0.010891249403357508 0.040161868557333953 0.18274582922458651 0.38442796468734747 0.18643133342266086 0.015566361136734487 0.049422385171055801 0.056527692824602134 1.0000000180025095e-35 0.47507353127002722 0.11626794189214708
decision_type=2 2 2 2 2 2 2 1 2 2 2 2 2 2 2 2 2 2 2 2 2 2 2 2 2 2 2 2 2 2
left_child=2 5 4 23 -1 8 10 17 9 19 11 12 -4 27 15 -15 -16 -6 21 -2 -5 -12 -23 24 -3 -26 -27 28 -14 -8
right_child=1 3 6 20 7 -7 29 -9 -10 -11 18 -13 13 14 16 -17 -18 -19 -20 -21 -22 22 -24 -25 25 26 -28 -29 -30 -31
leaf_value=-0.046921684342195923 -0.0090784059366290516 0.022508235813110636 0.013939410136900943 0.038697047691478637 -0.042313847288056317 0.0079845119291114992 -0.012827438923897101 0.0023518405134934392 0.0070514864480590196 -0.021062370647487162 -0.046203264039682543 -0.05371759384753471 -0.00028265891504513952 -0.013083177002885119 -0.038567521287348715 0.043977161190213866 0.0061897015584308247 -0.023912534413138353 -0.02478213078988516 0.00016989027458458534 0.026961777767631201 -0.051942812077343997 -0.01475500057950082 0.033798544370709643 0.0052484020599353589 0.043631422244724084 0.016678722439264233 -0.038669639097944415 -0.030456406320339625 0.0068484458703886074
leaf_weight=151.96290645003319 72.216871067881584 99.19496476650238 7.4657752811908713 103.8440063148737 23.837983589619398 629.03933121263981 153.919533893466 13.041363082826136 78.219879016280174 24.763765476644039 27.213581405580044 5.6563420444726935 7.5799187868833569 9.7386597469449061 7.9060407876968366 5.3140831589698783 5.8570045009255409 44.037235591560602 63.208148673176765 178.96162308007479 44.039679378271103 4.4113998264074317 11.567965611815451 14.928957164287565 67.882927939295769 12.400025993585585 117.82995972037315 20.589826364070177 11.108919337391852 9.3659142702817899
leaf_count=3258 573 400 61 519 423 2917 1615 169 406 199 422 65 118 125 73 52 43 575 925 1200 220 62 168 60 272 50 474 325 174 92
internal_value=-0.00028627 0.0105896 -0.0271812 0.0235853 -0.0393918 0.00450101 -0.0190543 -0.0251484 -0.00167254 -0.00416527 -0.0254493 -0.0186912 -0.0159355 -0.0192999 -0.00544775 0.0068882 -0.0192527 -0.0305014 -0.0305385 -0.00247176 0.0352567 -0.0387701 -0.0255915 0.0180319 0.0172123 0.0145254 0.0193149 -0.0292956 -0.0185511 -0.0116647
internal_weight=2027.1 1443.32 583.783 460.121 232.879 983.201 350.903 80.9166 354.162 275.942 187.618 81.2166 75.5602 68.0945 28.8158 15.0527 13.763 67.8752 106.401 251.178 147.884 43.1929 15.9794 312.237 297.308 198.113 130.23 39.2787 18.6888 163.285
internal_count=16035 7290 8745 1995 4425 5295 4320 1167 2378 1972 2613 1036 971 910 293 177 116 998 1577 1773 739 652 230 1256 1196 796 524 617 292 1707
cat_boundaries=0 1
cat_threshold=2
is_linear=0
shrinkage=0.05


Tree=31
num_leaves=31
num_cat=1
split_feature=1 1 7 1 7 1 1 12 7 7 7 7 1 7 3 3 7 7 1 7 7 7 3 3 1 1 1 3 3 7
split_gain=218.24 41.9707 22.5286 9.84503 9.34714 9.1398 6.23352 4.57218 2.7779 2.99566 2.37523 2.45567 1.92448 1.70744 1.91692 1.67712 1.60345 2.08167 1.60312 1.97152 1.84964 2.44047 1.67013 2.44559 1.64046 1.52755 1.51393 1.5105 1.8003 1.49598
threshold=0.49489796161651617 0.94935896992683422 0.00067396344093140226 0.029437229968607429 0.2824715524911881 0.71611723303794872 0.29637591540813452 0 0.14350029826164248 0.10702539607882501 0.018978809937834743 0.0029923977563157682 0.16172623634338382 0.31619668006896978 1.0000000180025095e-35 0.30992965400218969 0.014746320433914663 0.01620208099484444 0.83697199821472179 0.0023993098875507717 0.14350029826164248 0.091119859367609038 0.086358565837144866 0.024792695418000225 0.81934732198715221 0.80566483736038219 0.60922586917877208 0.03119421657174826 0.045635892078280456 0.14037310332059863
decision_type=2 2 2 2 2 2 2 1 2 2 2 2 2 2 2 2 2 2 2 2 2 2 2 2 2 2 2 2 2 2
left_child=2 5 3 -1 -3 8 10 12 9 16 11 -4 -5 14 29 -13 -2 -18 20 -20 21 24 23 -22 25 -7 -11 -16 -29 -12
right_child=1 4 6 7 -6 18 -8 -9 -10 26 13 15 -14 -15 27 -17 17 -19 19 -21 22 -23 -24 -25 -26 -27 -28 28 -30 -31
leaf_value=-0.046558574827614309 -0.0071509112993399168 0.018104082495054862 -0.004369942532796026 -0.041770366853359844 0.0343349149969343 0.0058232638249544159 -0.011185437630436421 0.0022307207386332746 0.0066768458247085305 -0.041987256792657662 -0.0098754667038351354 -0.031782786960637133 -0.023185573309763854 -0.045034243588544437 -0.03651170966428887 0.0019994227833635136 0.024773989703402235 -0.00065094058935399955 -0.0077058771944400264 0.011226097793172475 -0.0045012784515064547 0.025534445792526967 -0.01873558700127375 0.010332685911821553 -0.0011804612421177677 0.016939994684113679 -0.010841488888990305 0.0075223612360373268 -0.027590764377166302 0.018980854893300394
leaf_weight=145.65145017206669 110.60963759571314 235.02588051557541 10.099254123866556 22.964282501488924 145.32102736830711 99.835926562547684 161.79266130924225 13.066740080714224 78.477209895849228 7.0903683528304127 21.667287811636928 112.23449632152915 43.172567043453455 4.7390820905566207 11.72041191160679 3.4991204664111129 8.4314956516027433 138.97540883719921 13.914152026176451 359.87916272878647 58.11978280544281 19.221621558070183 9.9769033938646299 52.642231002449989 47.848815679550171 46.393783211708069 10.045432329177855 6.4031556844711286 7.8015753701329231 5.4879098311066619
leaf_count=3258 871 948 77 423 738 497 1707 169 406 66 244 1777 575 49 169 55 52 915 77 1529 301 90 51 252 228 201 68 93 111 38
internal_value=-0.00028032 0.0100736 -0.0264627 -0.0388002 0.024326 0.00496015 -0.0184086 -0.0244293 -0.00159187 -0.00396996 -0.0247353 -0.0286476 -0.0297675 -0.0160999 -0.0133428 -0.0307174 -0.002599 0.000785247 0.00824034 0.0105061 0.00568755 0.00848792 0.00069604 0.00250677 0.00676159 0.00939357 -0.0241878 -0.0230806 -0.0114711 -0.00381207
internal_weight=2012.11 1441.81 570.3 224.855 380.347 1061.46 345.445 79.2036 353.63 275.152 183.652 125.833 66.1368 57.8194 53.0803 115.734 258.017 147.407 707.832 373.793 334.039 213.3 120.739 110.762 194.079 146.23 17.1358 25.9251 14.2047 27.1552
internal_count=16035 7290 8745 4425 1686 5604 4320 1167 2378 1972 2613 1909 998 704 655 1832 1838 967 3226 1606 1620 1016 604 553 926 698 134 373 204 282
cat_boundaries=0 1
cat_threshold=2
is_linear=0
shrinkage=0.05


Tree=32
num_leaves=31
num_cat=1
split_feature=1 1 1 7 7 1 3 3 6 4 5 5 1 1 12 7 7 7 1 3 3 3 7 7 7 7 7 7 1 7
split_gain=201.079 41.0206 17.35 11.8066 11.374 8.35179 4.016 4.56493 3.98541 4.83426 3.05962 3.40256 2.88443 1.9509 1.93498 1.76028 1.93223 1.73079 1.72802 2.26532 2.327 1.63127 1.5285 2.9645 1.5252 2.56076 3.29811 1.50519 2.71477 1.42861
threshold=0.44948978722095495 0.91864311695098888 0.1649659872055054 0.2824715524911881 0.00067396344093140226 0.67006802558898937 0.0095362584106624144 0.061409408226609237 0.07573948055505754 0.061100477352738387 0.3940256536006928 0.0050541542004793891 0.029437229968607429 0.029437229968607429 0 0.14350029826164248 0.0035046099219471221 0.011888714972883465 0.30690738558769232 0.10248309746384622 0.057922588661313064 0.016142509877681736 0.14350029826164248 0.10702539607882501 0.0093276537954807299 0.10702539607882501 0.039979510009288795 0.31619668006896978 0.64480286836624157 0.67466436326503765
decision_type=2 2 2 2 2 2 2 2 2 2 2 2 2 2 1 2 2 2 2 2 2 2 2 2 2 2 2 2 2 2
left_child=2 5 4 -3 13 8 15 -8 9 22 11 29 -9 -1 -15 16 -6 -14 19 20 -4 -5 23 -2 -18 26 -26 28 -24 -7
right_child=1 3 18 21 6 10 7 12 -10 -11 -12 -13 17 14 -16 -17 24 -19 -20 -21 -22 -23 27 -25 25 -27 -28 -29 -30 -31
leaf_value=-0.046191962244844682 -0.0039614741529573764 0.015985482052657839 -0.020695488011683163 0.038682970998690835 0.011373596480968846 0.0067285171975188093 -0.041265668460258843 0.016108914825176551 -0.042759419877795017 0.038907523519134936 -0.019273007689634306 0.034803615802860226 -0.039469886825911571 -0.037794670744692838 -0.0060736333583527166 0.016882178631717707 -0.032536863557825126 0.0016986917981628069 -0.012967877427188017 -0.041652022867895822 0.016869921050724556 0.027481987797323412 0.032060990521123246 -0.023951305394345836 -0.013490414743974544 -0.041361242814247981 0.034641158912070258 -0.0098646891358569501 -0.0039075106202108223 -0.0013760773342598191
leaf_weight=139.62078329175711 197.45495042204857 326.66074766218662 83.057794600725174 73.295220851898193 5.5664724558591834 669.5648730546236 40.877096604555845 6.3321580998599556 6.4841918051242819 6.494400441646575 11.515602156519888 10.440791040658949 7.3582275882363302 26.912460677325726 6.3761776238679877 4.2884749174118033 14.75364778190851 3.5259206481277943 130.0985145047307 13.01452701166272 4.1176251508295527 70.678865894675255 10.168203786015512 20.558117732405663 20.017559271305807 6.0415160283446303 4.1943203136324874 9.6255422309041041 10.245591565966604 58.051107287406921
leaf_count=3258 1572 1318 1150 378 43 3206 663 99 50 50 58 50 113 507 93 26 246 57 1436 198 58 364 59 176 311 51 38 89 53 265
internal_value=-0.000274676 0.00908774 -0.0271488 0.021281 -0.0353932 0.00340288 -0.0229265 -0.0321436 -0.00428719 -0.00327113 0.00608775 0.00649278 -0.010083 -0.0434903 -0.0319049 -0.0130347 -0.0156985 -0.0257841 -0.0168823 -0.0218974 -0.0188465 0.0332418 -0.00441081 -0.00587951 -0.0191754 -0.012409 -0.00483854 0.00606662 0.0138338 0.00607494
internal_weight=1997.39 1481.24 516.153 470.635 285.865 1010.6 112.955 58.0934 261.031 254.547 749.572 738.057 17.2163 172.909 33.2886 54.862 50.5735 10.8841 230.288 100.19 87.1754 143.974 248.052 218.013 45.007 30.2534 24.2119 30.0393 20.4138 727.616
internal_count=16035 7688 8347 2060 5505 5628 1647 932 2049 1999 3579 3521 269 3858 600 715 689 170 2842 1406 1208 742 1949 1748 646 400 349 201 112 3471
cat_boundaries=0 1
cat_threshold=2
is_linear=0
shrinkage=0.05


end of trees

feature_importances:
cooccurrence_score=376
popularity_prior=339
known_hobby_compatibility=203
age_group_fit=17
occupation_fit=16
is_cold_start=14
mismatch_penalty=11
novelty_bonus=10
region_fit=4

parameters:
[boosting: gbdt]
[objective: binary]
[metric: auc]
[tree_learner: serial]
[device_type: cpu]
[data_sample_strategy: bagging]
[data: ]
[valid: ]
[num_iterations: 500]
[learning_rate: 0.05]
[num_leaves: 31]
[num_threads: -1]
[seed: 42]
[deterministic: 0]
[force_col_wise: 0]
[force_row_wise: 0]
[histogram_pool_size: -1]
[max_depth: -1]
[min_data_in_leaf: 50]
[min_sum_hessian_in_leaf: 0.001]
[bagging_fraction: 1]
[pos_bagging_fraction: 1]
[neg_bagging_fraction: 1]
[bagging_freq: 0]
[bagging_seed: 400]
[bagging_by_query: 0]
[feature_fraction: 1]
[feature_fraction_bynode: 1]
[feature_fraction_seed: 30056]
[extra_trees: 0]
[extra_seed: 12879]
[early_stopping_round: 0]
[early_stopping_min_delta: 0]
[first_metric_only: 0]
[max_delta_step: 0]
[lambda_l1: 0.1]
[lambda_l2: 0.1]
[linear_lambda: 0]
[min_gain_to_split: 0]
[drop_rate: 0.1]
[max_drop: 50]
[skip_drop: 0.5]
[xgboost_dart_mode: 0]
[uniform_drop: 0]
[drop_seed: 17869]
[top_rate: 0.2]
[other_rate: 0.1]
[min_data_per_group: 100]
[max_cat_threshold: 32]
[cat_l2: 10]
[cat_smooth: 10]
[max_cat_to_onehot: 4]
[top_k: 20]
[monotone_constraints: ]
[monotone_constraints_method: basic]
[monotone_penalty: 0]
[feature_contri: ]
[forcedsplits_filename: ]
[refit_decay_rate: 0.9]
[cegb_tradeoff: 1]
[cegb_penalty_split: 0]
[cegb_penalty_feature_lazy: ]
[cegb_penalty_feature_coupled: ]
[path_smooth: 0]
[interaction_constraints: ]
[verbosity: -1]
[saved_feature_importance_type: 0]
[use_quantized_grad: 0]
[num_grad_quant_bins: 4]
[quant_train_renew_leaf: 0]
[stochastic_rounding: 1]
[linear_tree: 0]
[max_bin: 255]
[max_bin_by_feature: ]
[min_data_in_bin: 3]
[bin_construct_sample_cnt: 200000]
[data_random_seed: 175]
[is_enable_sparse: 1]
[enable_bundle: 1]
[use_missing: 1]
[zero_as_missing: 0]
[feature_pre_filter: 1]
[pre_partition: 0]
[two_round: 0]
[header: 0]
[label_column: ]
[weight_column: ]
[group_column: ]
[ignore_column: ]
[categorical_feature: 12]
[forcedbins_filename: ]
[precise_float_parser: 0]
[parser_config_file: ]
[objective_seed: 16083]
[num_class: 1]
[is_unbalance: 0]
[scale_pos_weight: 1]
[sigmoid: 1]
[boost_from_average: 1]
[reg_sqrt: 0]
[alpha: 0.9]
[fair_c: 1]
[poisson_max_delta_step: 0.7]
[tweedie_variance_power: 1.5]
[lambdarank_truncation_level: 30]
[lambdarank_norm: 1]
[label_gain: ]
[lambdarank_position_bias_regularization: 0]
[eval_at: ]
[multi_error_top_k: 1]
[auc_mu_weights: ]
[num_machines: 1]
[local_listen_port: 12400]
[time_out: 120]
[machine_list_filename: ]
[machines: ]
[gpu_platform_id: -1]
[gpu_device_id: -1]
[gpu_use_dp: 0]
[num_gpu: 1]

end of parameters

pandas_categorical:null
