tree
version=v4
num_class=1
num_tree_per_iteration=1
label_index=0
max_feature_idx=13
objective=binary sigmoid:1
feature_names=lightgcn_score cooccurrence_score segment_popularity_score known_hobby_compatibility age_group_fit occupation_fit region_fit popularity_prior mismatch_penalty popularity_penalty novelty_bonus category_diversity_reward is_cold_start text_embedding_similarity
feature_infos=none [0:1] none [0:1] [0:1] [0:1] [0:1] [0:1] [0:1] [0:1] [0:1] none -1:1:0 [0.16957971453666687:0.6284407377243042]
tree_sizes=3340 3470 3469 3474 3467 3463 3462 3491 3470 3486 3487 3480 3504 3510 3495 3482 3496 3508 3488 3489 3506 3517 3498 3517 3480 3500 3516 3508 3520 3492 3510 3500 3512 3505 3482 3481 3511 3500 3472 3485 3498 3500 3508 3487 3505 3499 3507 3489 3470 3502 3499 3493 3498 3495 3513 3495 3517 3513 3515 3502 3490 3488 3454 3513 3488 3496 3505 3478 3479 3476 3494 3493 3499 3452 3472 3482 3498 3486 3466 3456 3489 3442 3466 3484 3458 3497 3493 3480 3481 3491 3524 3478 3458 3494 3483 3488 3472 3474 3496 3475 3483 3491 3444 3484

Tree=0
num_leaves=31
num_cat=0
split_feature=7 7 13 7 7 7 7 13 13 13 7 13 13 13 7 7 7 13 7 13 13 13 5 13 4 7 7 4 4 7
split_gain=7261.45 1383.17 837.075 889.156 649.345 485.166 358.909 312.131 204.578 199.086 158.137 113.538 82.7314 67.4721 62.3326 61.3718 85.6432 86.0595 56.949 70.9148 54.3697 51.7363 48.3866 45.5689 42.112 39.364 69.3857 36.4058 33.3955 30.9472
threshold=0.12566372007131579 0.67185840010643016 0.51932436227798473 0.047610620036721236 1.0000000180025095e-35 1.0000000180025095e-35 0.23654867708683017 0.47539174556732183 0.42892175912857061 0.38322934508323675 0.015309734269976618 0.34831000864505773 0.34146572649478918 0.32183587551116949 0.11283186078071596 0.17752212285995486 0.15415929257869723 0.39307801425457006 0.097964603453874602 0.41513416171073919 0.43915653228759771 0.38131625950336462 0.37248815596103674 0.50151175260543834 0.53136983513832103 0.15265487134456637 0.13831858336925509 0.38500961661338812 0.42875768244266516 0.00026548672030912718
decision_type=2 2 2 2 2 2 2 2 2 2 2 2 2 2 2 2 2 2 2 2 2 2 2 2 2 2 2 2 2 2
left_child=2 6 3 4 7 -4 8 20 12 13 29 -8 22 -5 -15 16 17 25 -11 -20 -1 -12 27 -9 -23 26 -14 -2 -29 -6
right_child=1 -3 5 9 10 -7 11 23 -10 18 21 -13 15 14 -16 -17 -18 -19 19 -21 -22 24 -24 -25 -26 -27 -28 28 -30 -31
leaf_value=-1.4139612266625474 -1.3794180154910989 -1.1916257265522792 -1.2097370615449274 -1.4143147406208694 -1.4484095645117068 -1.4467431242538786 -1.3107859329734222 -1.3446968335483769 -1.2379266913925528 -1.3519678505178934 -1.4252209527568986 -1.2594911054655524 -1.3070709499996995 -1.3693105674001449 -1.4254209222920327 -1.2744191148014101 -1.3797897616652237 -1.2634503198500169 -1.3310461321120739 -1.2388926234586934 -1.3839005966876394 -1.4080102170635214 -1.4059409314989879 -1.2910437441845395 -1.3474256361393215 -1.3008642321318016 -1.3810168003282548 -1.3117099313961169 -1.3551472043412887 -1.4366649968795286
leaf_weight=370.55999171733856 83.519998133182526 292.31999346613884 77.91999825835228 151.03999662399292 1068.6399761140347 29.759999334812164 171.99999615550041 132.47999703884125 51.359998852014542 153.27999657392502 1113.9199751019478 295.19999340176582 54.239998787641525 418.23999065160751 55.99999874830246 51.519998848438263 75.999998301267624 54.399998784065247 70.399998426437378 29.919999331235886 252.63999435305595 214.719995200634 47.999998927116394 56.959998726844788 32.959999263286591 58.719998687505722 76.639998286962509 68.479998469352722 127.51999714970589 1208.6399729847908
leaf_count=2316 522 1827 487 944 6679 186 1075 828 321 958 6962 1845 339 2614 350 322 475 340 440 187 1579 1342 300 356 206 367 479 428 797 7554
internal_value=-1.38629 -1.28929 -1.41323 -1.41602 -1.42509 -1.27528 -1.31276 -1.38469 -1.3342 -1.37007 -1.43412 -1.27834 -1.3413 -1.38523 -1.37595 -1.32514 -1.33336 -1.31892 -1.33271 -1.30339 -1.40177 -1.42062 -1.35966 -1.3285 -1.39992 -1.33492 -1.3503 -1.35169 -1.33991 -1.44218
internal_weight=6948 1509.92 5438.08 5330.4 4451.52 107.68 1217.6 812.64 750.4 878.88 3638.88 467.2 699.04 625.28 474.24 371.52 320 244 253.6 100.32 623.2 1361.6 327.52 189.44 247.68 189.6 130.88 279.52 196 2277.28
internal_count=43425 9437 33988 33315 27822 673 7610 5079 4690 5493 22743 2920 4369 3908 2964 2322 2000 1525 1585 627 3895 8510 2047 1184 1548 1185 818 1747 1225 14233
is_linear=0
shrinkage=1


Tree=1
num_leaves=31
num_cat=1
split_feature=7 7 7 7 13 7 13 13 7 13 13 13 13 7 7 13 7 13 13 7 7 13 13 12 7 13 7 4 4 4
split_gain=6277.89 1003.43 760.289 1098.38 823.065 281.206 171.978 167.575 157.298 157.084 84.8883 75.3706 61.5308 59.7926 56.7217 49.27 46.2592 53.8517 44.4586 41.1472 39.282 64.0747 35.5669 32.656 31.3249 35.4255 29.7081 29.6837 28.7036 28.2682
threshold=0.12566372007131579 0.67185840010643016 1.0000000180025095e-35 0.047610620036721236 0.50151175260543834 0.23654867708683017 0.38322934508323675 0.40388846397399908 0.015309734269976618 0.45937141776084905 0.34831000864505773 0.53683188557624828 0.32183587551116949 0.17752212285995486 0.11283186078071596 0.38131625950336462 0.097964603453874602 0.41513416171073919 0.46223358809947973 0.022035398520529274 0.15415929257869723 0.37127932906150823 0.34267462790012365 0 0.00026548672030912718 0.40065751969814306 0.087610617280006423 0.53136983513832103 0.46368466317653662 0.39448615908622747
decision_type=2 2 2 2 2 2 2 2 2 2 2 2 2 2 2 2 2 2 2 2 2 2 2 1 2 2 2 2 2 2
left_child=2 5 4 8 9 7 12 13 24 23 -7 -6 -5 20 -14 -10 26 -18 -9 -17 21 -2 -15 -1 -4 -26 -8 -21 29 -12
right_child=1 -3 3 6 11 10 16 18 15 -11 28 -13 14 22 -16 19 17 -19 -20 27 -22 -23 -24 -25 25 -27 -28 -29 -30 -31
leaf_value=-0.027528270185101518 0.024664388575904722 0.16508764570511397 -0.061311697418119107 -0.027086655860406834 0.099108309562432745 0.068541131289366883 0.080214868077456342 0.08776126392005984 -0.037886584781247852 0.028382526596931801 0.11348735831791135 0.17619136917574232 0.015967718887769593 0.04785381974594026 -0.038087801897114353 -0.029998042534380921 0.050761373621046796 0.12839702339482337 0.16939469768577944 -0.0022470385652049343 -0.012632780067405369 0.070579654505246212 0.10073752248836582 0.0025273166114586645 -0.051893879615907669 -0.019179126165643615 0.022017471440119118 0.064897279798899393 0.13784417546845715 0.074292992839756766
leaf_weight=398.91582670807838 364.02332286536694 326.47406476736069 1057.6017080098391 148.50334930419922 98.799023151397705 179.80509921908379 26.454359829425812 103.50011806190014 1087.9431110322475 237.85659582912922 171.84893196821213 47.603215754032135 422.50422093272209 90.965487256646156 54.687364399433136 145.74905276298523 72.736870050430298 32.569921404123306 20.214549541473389 79.274300515651703 49.168233975768089 96.267604470252991 49.69078440964222 116.43571162223816 1081.8758434653282 90.311494678258896 129.98561990261078 20.630655348300934 80.586473107337952 65.261267751455307
leaf_count=2522 2230 1827 6865 944 574 1075 162 612 6962 1465 998 269 2614 554 350 920 440 187 116 502 306 581 291 736 6972 582 796 126 468 379
internal_value=-7.27479e-05 0.0868939 -0.0260457 -0.0345197 0.0158726 0.0667987 0.015247 0.0479203 -0.0469152 -0.00521152 0.0961371 0.124309 0.00100053 0.037747 0.00975566 -0.0333175 0.0492702 0.0749195 0.101266 -0.0130544 0.0297514 0.0342914 0.0666303 -0.0207288 -0.0550437 -0.0493795 0.0319357 0.0116195 0.111713 0.102757
internal_weight=6948.24 1597.81 5350.44 4450.83 899.61 1271.33 887.442 773.83 3563.39 753.208 497.502 146.402 625.695 650.115 477.192 1333.6 261.747 105.307 123.715 245.654 509.459 460.291 140.656 515.352 2229.79 1172.19 156.44 99.905 317.697 237.11
internal_count=43425 9437 33988 28422 5566 7610 5493 4690 22929 4723 2920 843 3908 3962 2964 8510 1585 627 728 1548 3117 2811 845 3258 14419 7554 958 628 1845 1377
cat_boundaries=0 1
cat_threshold=2
is_linear=0
shrinkage=0.05


Tree=2
num_leaves=31
num_cat=1
split_feature=7 7 7 7 13 7 7 13 13 13 13 13 13 7 7 13 7 7 13 7 13 7 7 13 7 13 12 13 1 7
split_gain=5479.19 768.58 705.221 1033.62 689.497 225.553 154.971 149.336 141.604 136.127 71.3663 56.8084 56.1148 51.6482 49.9269 46.8738 38.4365 38.2111 42.5233 34.3949 54.439 33.2772 58.2081 33.2537 31.5248 34.5371 30.3337 28.4546 25.8118 25.2659
threshold=0.12566372007131579 0.67185840010643016 1.0000000180025095e-35 0.047610620036721236 0.50151175260543834 0.23654867708683017 0.015309734269976618 0.38322934508323675 0.45937141776084905 0.40388846397399908 0.32008361816406256 0.52688059210777294 0.32183587551116949 0.11283186078071596 0.17752212285995486 0.38131625950336462 0.016371681354939941 0.097964603453874602 0.41428090631961828 0.15415929257869723 0.34520767629146581 0.15265487134456637 0.13831858336925509 0.46070697903633123 0.00026548672030912718 0.40065751969814306 0 0.34267462790012365 0.92770034074783336 0.15415929257869723
decision_type=2 2 2 2 2 2 2 2 2 2 2 2 2 2 2 2 2 2 2 2 2 2 2 2 2 2 1 2 2 2
left_child=2 5 4 6 8 9 24 12 26 14 -7 -6 -5 -14 19 -8 -17 -9 -19 20 -2 22 -22 29 -4 -26 -1 -16 -12 -11
right_child=1 -3 3 7 11 10 15 17 -10 23 28 -13 13 -15 27 16 -18 18 -20 -21 21 -23 -24 -25 25 -27 -28 -29 -30 -31
leaf_value=-0.026606858223352493 0.016705077538419724 0.14399378607382479 -0.060595992968090498 -0.026175209483959724 0.081702620041052207 0.038826320315331536 -0.036867741088499016 0.029763584012753166 0.02650668463538973 0.10763642100477207 0.074341801108312525 0.14255018546928894 0.015023090671920758 -0.037070209747585729 0.044192916643112139 -0.036973579245044103 0.0035702219416367622 0.046308849810196479 0.11294000086078465 -0.012095914159178609 0.07820500932044705 0.082396089266489142 0.013444169920821845 0.14636555016440031 -0.050964119049105 -0.018444263047401915 0.0023972941489948589 0.090468517884055188 0.10121022079767512 0.058181387580183298
leaf_weight=392.2694730758667 261.67975731194019 354.78272607922554 1017.6029077619314 146.05743217468262 82.800864994525909 68.67039680480957 1062.7584199905396 159.37596073746681 241.85496501624584 45.534998387098312 127.55495607852936 73.496346011757851 426.51666784286499 53.414586186408997 93.515205219388008 96.748723268508911 146.94164276123047 73.864519357681274 35.875036358833313 48.797117352485657 56.093721330165863 60.277871191501617 91.466088265180588 22.623745739459991 1047.4125321507454 89.245942264795303 116.61403101682663 52.497670233249664 328.02315239608288 62.56085316836834
leaf_count=2522 1589 1827 6865 944 459 395 6962 958 1465 252 707 384 2614 350 554 624 924 434 193 306 326 350 546 119 6972 582 736 291 1818 357
internal_value=-0.00012816 0.0786576 -0.0251914 -0.0335438 0.0149128 0.0610742 -0.0459309 0.0143424 -0.00497643 0.044264 0.0865448 0.11042 0.000941724 0.00920837 0.0350644 -0.0323303 -0.0125143 0.0454833 0.0682198 0.0277619 0.0319166 0.0510276 0.0381327 0.0909165 -0.0541748 -0.048417 -0.0199514 0.0609157 0.0937164 0.0791406
internal_weight=6936.93 1674.08 5262.85 4355.81 907.036 1319.3 3460.71 895.104 750.738 795.047 524.249 156.297 625.989 479.931 664.327 1306.45 243.69 269.116 109.74 518.315 469.517 207.838 147.56 130.72 2154.26 1136.66 508.884 146.013 455.578 108.096
internal_count=43425 9437 33988 28422 5566 7610 22929 5493 4723 4690 2920 843 3908 2964 3962 8510 1548 1585 627 3117 2811 1222 872 728 14419 7554 3258 845 2525 609
cat_boundaries=0 1
cat_threshold=2
is_linear=0
shrinkage=0.05


Tree=3
num_leaves=31
num_cat=0
split_feature=7 7 7 7 13 13 7 13 13 7 13 7 7 13 13 7 13 13 7 7 13 7 13 7 7 1 7 7 4 13
split_gain=4816.66 654.346 972.897 612.879 592.033 188.288 152.849 130.257 118.686 105.341 80.2651 77.8822 60.459 55.3425 51.1755 47.0542 46.5383 44.5866 35.8845 31.9954 34.3807 31.8029 33.6893 27.0582 33.964 26.4026 26.1302 50.8283 25.5848 24.7687
threshold=0.12566372007131579 1.0000000180025095e-35 0.047610620036721236 0.67185840010643016 0.48095561563968664 0.34831000864505773 0.015309734269976618 0.38322934508323675 0.51932436227798473 0.17752212285995486 0.42892175912857061 0.17752212285995486 0.15415929257869723 0.43915653228759771 0.32183587551116949 0.11283186078071596 0.39307801425457006 0.38131625950336462 0.022035398520529274 0.097964603453874602 0.41428090631961828 0.00026548672030912718 0.40065751969814306 0.14672566205263141 0.13831858336925509 0.91547620296478283 0.15265487134456637 0.13831858336925509 0.53136983513832103 0.29338417947292333
decision_type=2 2 2 2 2 2 2 2 2 2 2 2 2 2 2 2 2 2 2 2 2 2 2 2 2 2 2 2 2 2
left_child=1 4 6 5 13 11 21 14 -6 10 12 23 16 -1 -4 -16 26 29 -19 -9 -21 -3 -23 24 -2 -11 27 -7 -20 -8
right_child=3 2 7 -5 8 9 17 19 -10 25 -12 -13 -14 -15 15 -17 -18 18 28 20 -22 22 -24 -25 -26 -27 -28 -29 -30 -31
leaf_value=-0.025357264826620846 -0.00087589525867385557 -0.059928305959644081 -0.025285553190066246 0.12810276920600192 0.050868221097645328 0.068892743845347867 -0.052624065126348679 0.027785669003749409 0.11972035716717307 0.068910502551743358 0.10515762682674085 0.052298261962878817 0.0043033583081656685 0.0041876937735281158 0.0141435627665878 -0.036072328532820087 0.092069556262814739 -0.028276280445395097 -0.0023112859510786565 0.042848131242635798 0.10145555330061212 -0.050061691304972289 -0.017731234559717528 -0.0074701976094310799 0.042216437635594017 0.097997678216872719 0.070635155222526377 0.0026686186664277608 0.059057513716913368 -0.032275751498230365
leaf_weight=355.36293682456017 72.960755303502083 978.48541353642941 143.70109176635742 378.20054729282856 173.68442013859749 47.992481678724289 182.85641902685165 162.11871889233589 98.409679666161537 110.22030225396156 62.24468968808651 299.91261240839958 76.878228202462196 285.55257174372673 430.29388582706451 52.182065695524216 63.560608714818954 141.00841224193573 79.337966054677963 75.794730007648468 37.893987104296684 1013.8364490866661 88.223682850599289 87.083099544048309 121.3763555586338 291.48591560125351 55.049207746982574 73.325940832495689 21.460609674453735 855.51747107505798
leaf_count=2316 440 6865 944 1827 990 268 1226 958 487 581 320 1680 466 1773 2614 350 340 920 502 434 193 6972 582 527 723 1519 306 440 126 5736
internal_value=-0.000171205 -0.0243679 -0.0325959 0.0717854 0.0140414 0.0561363 -0.0449709 0.0135068 0.0758235 0.0721836 0.0532192 0.0345666 0.0429689 -0.0121874 0.000886631 0.00869577 0.0553303 -0.0313634 -0.0119894 0.0421301 0.0624987 -0.0533394 -0.0474799 0.0156402 0.0260203 0.0900483 0.042017 0.0289426 0.0107505 -0.0358686
internal_weight=6916.01 5175.72 4262.71 1740.29 913.01 1362.09 3360.73 901.984 272.094 780.757 379.051 581.333 316.806 640.916 626.177 482.476 239.928 1280.18 241.807 275.807 113.689 2080.55 1102.06 281.42 194.337 401.706 176.368 121.318 100.799 1038.37
internal_count=43425 33988 28422 9437 5566 7610 22929 5493 1477 4240 2140 3370 1820 4089 3908 2964 1354 8510 1548 1585 627 14419 7554 1690 1163 2100 1014 708 628 6962
is_linear=0
shrinkage=0.05


Tree=4
num_leaves=31
num_cat=0
split_feature=7 7 7 13 7 7 13 13 13 7 4 7 13 13 13 7 13 7 7 7 7 13 7 13 13 5 7 7 7 5
split_gain=4289.07 777.691 775.885 514.519 427.091 178.133 171.722 154.085 97.4584 74.3177 72.7081 59.0206 51.4903 51.4357 50.8022 38.1741 34.7825 29.1119 37.1651 30.4789 27.9357 25.3611 25.1587 34.5567 23.2463 26.8932 23.2672 40.2657 22.4763 31.3151
threshold=0.094336282461881651 1.0000000180025095e-35 0.23654867708683017 0.48095561563968664 0.022035398520529274 0.67185840010643016 0.38877150416374212 0.3331922739744187 0.51932436227798473 0.17752212285995486 0.37014016509056097 0.00026548672030912718 0.44683809578418737 0.45056845247745519 0.32008361816406256 0.097964603453874602 0.40065751969814306 0.12566372007131579 0.11283186078071596 0.15415929257869723 0.15415929257869723 0.28295853734016424 0.31805309653282171 0.34520767629146581 0.34333035349845892 0.37248815596103674 0.15265487134456637 0.13831858336925509 0.047610620036721236 0.46868900954723364
decision_type=2 2 2 2 2 2 2 2 2 2 2 2 2 2 2 2 2 2 2 2 2 2 2 2 2 2 2 2 2 2
left_child=1 3 6 13 11 14 9 21 -5 17 28 -3 15 -1 -4 -8 -13 18 -2 24 -17 -6 23 -16 25 -19 27 -26 29 -9
right_child=2 4 5 8 7 -7 12 10 -10 -11 -12 16 -14 -15 22 20 -18 19 -20 -21 -22 -23 -24 -25 26 -27 -28 -29 -30 -31
leaf_value=-0.021386894134913823 0.0096750864946213849 -0.05930432416590789 0.03253701128683497 0.046995840573812196 -0.05247263560001876 0.11564642180933921 0.019943598186597088 -0.033086356172650953 0.10812458279106274 0.051272555294301247 0.018836830004398303 -0.045942999725792133 0.10419980097785442 0.0091225379789787783 0.034343431428327707 0.071784906781986998 -0.02124951956714256 0.022260160056029196 -0.034075911653138287 -0.027572998932087076 0.035288646158744531 -0.025945887475655072 0.095253469459769091 0.077197536564106758 0.056403801741967477 -0.018063415399498052 0.061869493191812598 -0.00031027663980248417 0.010458373972637304 0.055074052524856948
leaf_weight=433.67768126726151 239.90324176847935 940.30948626995087 72.106407582759857 178.47442439198494 116.90242964029312 397.45932085812092 74.364427775144577 149.31894558668137 103.38672262430191 151.82549102604389 371.37555959820747 1488.5288896411657 54.522363066673279 202.36087216436863 56.833019137382507 176.57141402363777 158.86937241256237 205.0217152684927 60.739221170544624 30.445632234215736 75.954915076494217 403.39590312540531 145.79992482066154 293.78358636796474 55.85245218873024 51.571590706706047 63.925542309880257 70.623934105038643 52.580127850174904 10.671581134200094
leaf_count=2851 1452 6865 395 990 806 1827 435 997 487 825 2314 10433 272 1238 303 928 1059 1211 406 192 429 2711 747 1475 304 318 346 424 313 72
internal_value=-0.000205728 -0.0279395 0.0559311 0.0132424 -0.0381796 0.089936 0.0308727 -0.012139 0.069466 0.0192731 0.00548394 -0.049289 0.0591276 -0.0116723 0.0719356 0.0515651 -0.0435661 0.0130169 0.000810994 0.0206907 0.0608457 -0.0319246 0.0776406 0.0702772 0.0239946 0.0141323 0.0372448 0.0247201 -0.0178188 -0.027144
internal_weight=6887.16 4609.85 2277.3 917.9 3691.95 965.982 1311.32 1104.24 281.861 929.909 583.946 2587.71 381.413 636.039 568.523 326.891 1647.4 778.083 300.642 477.441 252.526 520.298 496.417 350.617 446.995 256.593 190.402 126.476 212.571 159.991
internal_count=43425 31136 12289 5566 25570 4747 7542 7213 1477 5478 3696 18357 2064 4089 2920 1792 11492 4653 1858 2795 1357 3517 2525 1778 2603 1529 1074 728 1382 1069
is_linear=0
shrinkage=0.05


Tree=5
num_leaves=31
num_cat=0
split_feature=7 7 7 13 7 7 13 13 13 4 7 13 7 13 13 13 7 7 7 7 7 7 13 13 13 7 7 5 7 13
split_gain=3835.21 726.54 655.187 451.169 413.94 150.488 147.09 143.372 77.4479 73.2918 64.2379 53.7972 53.0166 42.6742 42.3679 34.2646 32.3271 25.7767 34.0862 27.282 23.8016 39.7056 32.3463 27.4309 23.6278 23.3268 22.6951 28.765 21.8391 21.4849
threshold=0.094336282461881651 1.0000000180025095e-35 0.23654867708683017 0.49254511296749121 0.02008849568665028 0.67185840010643016 0.38877150416374212 0.3331922739744187 0.45056845247745519 0.37014016509056097 0.17752212285995486 0.53683188557624828 0.00026548672030912718 0.44683809578418737 0.32008361816406256 0.40065751969814306 0.097964603453874602 0.12566372007131579 0.11283186078071596 0.15415929257869723 0.061769910156726844 0.087610617280006423 0.40308825671672827 0.36199536919593817 0.28295853734016424 0.15415929257869723 0.047610620036721236 0.46868900954723364 0.076194688677787795 0.34267462790012365
decision_type=2 2 2 2 2 2 2 2 2 2 2 2 2 2 2 2 2 2 2 2 2 2 2 2 2 2 2 2 2 2
left_child=1 3 6 8 12 14 10 24 -1 26 17 -5 -3 16 -4 -14 -8 18 -2 -19 22 23 -11 -22 -6 -18 27 -9 -25 -12
right_child=2 4 5 11 7 -7 13 9 -10 20 29 -13 15 -15 -16 -17 25 19 -20 -21 21 -23 -24 28 -26 -27 -28 -29 -30 -31
leaf_value=-0.02059998921648102 0.0091387937445353076 -0.058720241974331039 0.030387490373932666 0.059080702049267519 -0.051864239374391052 0.10558226091593298 0.018732495202060984 -0.032212553100575692 0.013647431864326485 -0.0009404444398111979 0.033686183988521544 0.11446968264211321 -0.045901543748491008 0.0947073075629285 0.071202305350852493 -0.020895615820133336 0.065877080637067736 0.022496798925276656 -0.033100779547444927 -0.026652732948796679 0.031285273913497842 0.0065153501056887872 0.053696906512723824 0.06390539425642057 -0.026364378421988566 0.032893685219102575 0.0098758806867203022 0.050532619550364255 0.15426313702874217 0.072853792480809795
leaf_weight=427.88591162860394 241.25264689326286 903.12209390103817 73.321169391274452 165.0009368956089 116.02847132086754 413.14976227283478 75.197942331433296 173.23218186199665 268.47929689288139 208.29775321483612 101.34309585392475 60.366373494267464 1358.4433005899191 56.930894955992699 513.76457473635674 153.48783078789711 182.6291970461607 452.63272017240524 59.438590109348297 29.938586533069611 46.308558225631714 81.645235762000084 31.010147929191589 22.927390336990356 431.03518117964268 77.379905968904495 52.894879639148712 11.047867119312285 9.7536656856536847 54.434928461909294
leaf_count=2851 1452 6865 395 844 828 1827 435 1186 1602 1351 554 269 9832 272 2525 1038 928 2603 406 192 276 481 185 133 2953 429 313 72 57 271
internal_value=-0.000233187 -0.0270958 0.0518543 0.0125074 -0.0372393 0.0824336 0.028869 -0.0130169 -0.00738887 0.00309768 0.0181172 0.0739834 -0.0491132 0.0545919 0.0661195 -0.0433679 0.0477377 0.0122731 0.000764312 0.0194323 0.0161624 0.031052 0.00613819 0.05631 -0.0317904 0.0560967 -0.0189096 -0.0272 0.0914135 0.0474429
internal_weight=6852.38 4520.97 2331.41 921.733 3599.23 1000.24 1331.18 1184.18 696.365 637.118 939.041 225.367 2415.05 392.138 587.086 1511.93 335.207 783.263 300.691 482.571 399.943 160.635 239.308 78.9896 547.064 260.009 237.175 184.28 32.6811 155.778
internal_count=43425 31136 12289 5566 25570 4747 7542 7835 4453 4054 5478 1113 17735 2064 2920 10870 1792 4653 1858 2795 2483 947 1536 466 3781 1357 1571 1258 190 825
is_linear=0
shrinkage=0.05


Tree=6
num_leaves=31
num_cat=0
split_feature=7 7 7 13 7 13 7 13 13 7 7 7 13 4 13 13 13 13 7 7 7 13 4 5 7 7 13 13 6 13
split_gain=3453.11 800.014 697.33 398.76 186.31 138.867 130.398 74.4599 67.4352 62.1614 53.6006 50.2857 44.7094 38.349 36.6771 33.431 31.8306 31.8274 53.7573 30.456 39.2885 29.6781 24.3774 27.8051 22.8412 22.7612 22.686 22.4474 22.0883 20.4043
threshold=0.061769910156726844 1.0000000180025095e-35 0.23654867708683017 0.48095561563968664 0.02008849568665028 0.38877150416374212 0.67185840010643016 0.50878319144248974 0.34707875549793249 0.17752212285995486 0.00026548672030912718 0.097964603453874602 0.43915653228759771 0.37838028371334081 0.33097694814205175 0.40065751969814306 0.42977273464202886 0.353803500533104 0.087610617280006423 0.13831858336925509 0.14672566205263141 0.32183587551116949 0.47039544582366949 0.49264955520629888 0.076194688677787795 0.087610617280006423 0.42119732499122625 0.31578162312507635 0.22771719843149188 0.55146872997283947
decision_type=2 2 2 2 2 2 2 2 2 2 2 2 2 2 2 2 2 2 2 2 2 2 2 2 2 2 2 2 2 2
left_child=1 3 5 12 10 9 14 -5 -6 17 -3 25 -1 -10 -4 -12 28 19 24 21 -21 -2 23 -20 -19 -7 -15 -22 -13 -9
right_child=2 4 6 7 8 11 -8 29 13 -11 15 16 -14 26 -16 -17 -18 18 22 20 27 -23 -24 -25 -26 -27 -28 -29 -30 -31
leaf_value=-0.023019396774255088 -0.02261873915826363 -0.058172603589779652 0.036862090401415928 0.034386433356422913 -0.032204991651696303 0.085213005605351139 0.097253519575311365 0.074369344148694908 -0.021997581570968285 0.044060312674837732 -0.045014703197921828 0.03837890683962502 0.0037581629381016352 0.0070292865756858046 0.067380472403355859 -0.020126567852521149 0.084320689689955319 0.046480240015027124 0.0050498048124977685 0.036254388877118876 -0.04795959641818151 0.0057108855057037252 0.06382642265114831 0.038762285278033416 0.12500523386887508 0.015198859401217095 0.073922308067550388 0.0072870407281023127 0.072527047225320579 0.11946594827987295
leaf_weight=340.56665340065956 151.07264210283756 866.9593498557806 125.55263103544712 148.59714314341545 519.08975614607334 12.780551195144652 425.76332679390907 115.56264205276966 150.48189896345139 159.26510465145111 1317.0064095854759 162.1509213745594 286.82786521315575 167.81260947883129 478.06057190895081 151.44202518463135 86.252851814031601 25.626026824116707 294.71316359937191 127.56256486475468 23.407352179288864 237.46633806824684 24.211267232894897 77.261816129088402 14.901338353753088 123.22205384075642 13.64499509334564 83.987724170088768 68.011379584670067 33.188822597265244
leaf_count=2316 1007 6865 650 800 3668 69 1827 534 1029 825 9832 847 1773 1068 2270 1038 397 148 1764 724 141 1424 125 445 84 703 79 494 336 143
internal_value=-0.000254875 -0.0291106 0.0436595 0.0118271 -0.0409927 0.0237191 0.0760359 0.0595121 -0.0209505 0.0149338 -0.0482928 0.0473798 -0.0107708 -0.00333114 0.061048 -0.0424529 0.0583172 0.01055 0.0209017 0.00328907 0.0175007 -0.00529443 0.0152647 0.0120741 0.0757125 0.0218728 0.0121249 -0.00474117 0.0485183 0.0845382
internal_weight=6812.45 4111.18 2701.27 924.743 3186.44 1671.89 1029.38 297.349 851.029 1219.48 2335.41 452.418 627.395 331.94 603.613 1468.45 316.415 1060.21 436.714 623.497 234.958 388.539 396.186 371.975 40.5274 136.003 181.458 107.395 230.162 148.751
internal_count=43425 29145 14280 5566 23579 9533 4747 1477 5844 7181 17735 2352 4089 2176 2920 10870 1580 6356 2566 3790 1359 2431 2334 2209 232 772 1147 635 1183 677
is_linear=0
shrinkage=0.05


Tree=7
num_leaves=31
num_cat=1
split_feature=7 7 7 13 7 13 7 13 13 7 7 13 13 4 13 4 13 7 1 13 5 7 13 4 4 13 4 4 12 7
split_gain=3115.15 750.944 603.732 351.78 182.432 122.604 115.209 64.2744 61.7139 47.5013 42.9353 41.5313 41.1668 39.0695 37.3799 32.8758 31.9959 26.1346 22.9131 29.8244 22.6402 22.4875 22.3257 19.6234 20.8483 20.6013 18.419 18.5958 18.0576 17.8977
threshold=0.061769910156726844 1.0000000180025095e-35 0.23654867708683017 0.48095561563968664 0.017256637103855613 0.37751218676567083 0.67185840010643016 0.50878319144248974 0.34520767629146581 0.17752212285995486 0.00026548672030912718 0.42977273464202886 0.43915653228759771 0.33782868087291723 0.40065751969814306 0.47039544582366949 0.34831000864505773 0.097964603453874602 0.81165540218353283 0.32183587551116949 0.46868900954723364 0.087610617280006423 0.36025953292846685 0.44127418100833898 0.42360590398311621 0.39384587109088903 0.46368466317653662 0.39448615908622747 0 0.11283186078071596
decision_type=2 2 2 2 2 2 2 2 2 2 2 2 2 2 2 2 2 2 2 2 2 2 2 2 2 2 2 2 1 2
left_child=1 3 5 12 10 9 16 -5 -6 18 -3 15 28 20 -12 17 -4 -7 19 -2 -10 22 -21 24 -19 -25 27 -18 -1 -13
right_child=2 4 6 7 8 11 -8 -9 13 -11 14 29 -14 -15 -16 -17 26 23 -20 21 -22 -23 -24 25 -26 -27 -28 -29 -30 -31
leaf_value=-0.028548114067429423 -0.017997368874040187 -0.057658331361978767 0.040932341993543328 0.032099258533959056 -0.033694613211538736 0.013021917942383852 0.090224758672561578 0.078200933668277392 -0.032041288835083996 0.037867014140539348 -0.046024346120529969 0.035089897580111419 0.0035621814802173691 0.0024746934602501692 -0.018348664822167234 0.099583794411899004 0.066215643582160463 0.042029605881824784 0.016826697682562269 0.017323043114725638 0.041791701080613593 0.0017287406676983964 0.078625209075535329 -0.013990764190279732 0.092029577347262706 0.035325416850242659 0.083321232086430455 0.037968943757789461 -0.00093217930907158917 0.078892126814265259
leaf_weight=258.26069512963295 147.10433430969715 831.84704531729221 215.36412611603737 151.16418850421906 615.16005779802799 138.81820246577263 435.71687476336956 152.67476330697536 168.63727775216103 155.79044196009636 1057.5553920120001 32.913576871156693 287.4664903730154 274.49553745985031 138.83613882958889 18.28886941075325 218.06893293559551 196.88584122061729 413.85818289220333 69.631249859929085 10.922170326113699 286.57109102606773 18.943302050232887 29.887764930725098 23.566286325454712 71.195966228842735 103.21628737449646 81.579411685466766 77.287294209003448 86.505868658423424
leaf_count=1798 964 6865 1075 800 4480 791 1827 677 1200 793 8192 179 1773 1808 966 92 998 1032 2424 413 68 1704 104 175 114 361 468 379 518 387
internal_value=-0.000271802 -0.0282822 0.0408069 0.011197 -0.0400972 0.0222788 0.0705063 0.0552993 -0.0233723 0.0123033 -0.0489099 0.040478 -0.0103087 -0.0093721 -0.0428187 0.0338626 0.0565886 0.0312197 0.00803996 0.00106544 -0.0275016 0.00855658 0.0305639 0.0390542 0.0474366 0.0206951 0.0649335 0.0585574 -0.0222044 0.0669009
internal_weight=6768.21 4024.31 2743.91 926.853 3097.45 1689.96 1053.95 303.839 1069.22 1091.9 2028.24 598.062 623.014 454.055 1196.39 478.643 618.229 460.354 936.108 522.25 179.559 375.146 88.5746 321.536 220.452 101.084 402.865 299.648 335.548 119.419
internal_count=43425 29145 14280 5566 23579 9533 4747 1477 7556 6402 16023 3131 4089 3076 9158 2565 2920 2473 5609 3185 1268 2221 517 1682 1146 536 1845 1377 2316 566
cat_boundaries=0 1
cat_threshold=2
is_linear=0
shrinkage=0.05


Tree=8
num_leaves=31
num_cat=0
split_feature=7 7 7 13 7 13 7 13 13 7 7 13 7 13 13 13 4 13 13 4 4 1 7 3 3 5 13 13 7 13
split_gain=2815.24 704.71 527.406 311.27 179.565 107.97 103.297 59.8858 58.8484 54.6771 47.4901 40.9955 40.2919 37.8977 33.0869 33.0567 32.7828 29.4703 28.6781 29.5432 27.9717 26.1389 22.1844 20.3283 23.3395 20.1123 19.8134 19.7905 19.1414 24.5736
threshold=0.061769910156726844 1.0000000180025095e-35 0.23654867708683017 0.48095561563968664 0.02008849568665028 0.41428090631961828 0.67185840010643016 0.34707875549793249 0.52688059210777294 0.00026548672030912718 0.12566372007131579 0.32183587551116949 0.087610617280006423 0.43915653228759771 0.38131625950336462 0.36199536919593817 0.37838028371334081 0.32008361816406256 0.34146572649478918 0.38500961661338812 0.42875768244266516 0.73401361703872692 0.097964603453874602 0.38941444456577307 0.19280333071947101 0.012867531273514034 0.40308825671672827 0.29338417947292333 0.31805309653282171 0.34520767629146581
decision_type=2 2 2 2 2 2 2 2 2 2 2 2 2 2 2 2 2 2 2 2 2 2 2 2 2 2 2 2 2 2
left_child=1 3 5 13 9 10 17 27 -5 -3 11 -2 15 -1 -11 25 -9 -4 19 -12 -21 -20 -7 24 -23 -13 -18 -6 29 -19
right_child=2 4 6 8 7 22 -8 16 -10 14 18 12 -14 -15 -16 -17 26 28 21 20 -22 23 -24 -25 -26 -27 -28 -29 -30 -31
leaf_value=-0.021414313851961898 -0.020768144871746955 -0.057174643796461602 0.023565755477131484 0.037308622892534442 -0.046734563216646756 0.027234161285123595 0.084195411460268502 -0.020440512558327937 0.085143060823004324 -0.044773964376292295 -0.0056323280538141873 0.041178594022831083 0.0056327576266959395 0.0033768382794539548 -0.025965404687661838 0.075785927023996891 0.0035831092529873178 0.02164378274220545 0.011255934381227321 0.048601020979585227 0.012631275083985051 0.03968457487423379 0.06361748341600304 0.010628723768887184 0.079468662173182325 -0.0086276174842909847 0.046562311395512195 -0.024187283268392184 0.071134286239839403 0.056072376213311771
leaf_weight=330.70819649100304 112.55041761696339 797.80252785235643 77.287675738334656 217.80726534128189 134.36540204286575 57.968506187200546 443.36827120184898 146.27965711057186 91.79877758026123 1086.9990328028798 120.29173973202705 46.957937344908714 488.31464260816574 288.07190504670143 300.42852198332548 38.951070681214333 150.36584211885929 62.376982107758522 96.682861611247063 81.135509744286537 163.53138951957226 214.5284423828125 158.75047957897186 46.692045405507088 45.040985122323036 35.30824314057827 32.631150543689728 362.60708801448345 163.83347281813622 327.5331866145134
leaf_count=2316 792 6865 395 1093 1033 319 1827 1029 384 8635 701 275 2854 1773 2235 203 962 303 520 428 918 1115 720 259 222 207 185 2635 747 1475
internal_value=-0.000284797 -0.0274734 0.0382299 0.010607 -0.0392146 0.0209478 0.0656737 -0.0193453 0.0515307 -0.0467238 0.0161446 0.00692816 0.0120531 -0.00986608 -0.040707 0.0378496 -0.00278982 0.052641 0.0248025 0.0146193 0.0245948 0.0340073 0.0539257 0.0411673 0.0466352 0.0197568 0.0112955 -0.0303016 0.0566851 0.0505843
internal_weight=6720.97 3939.87 2781.1 928.386 3011.48 1706.7 1074.4 826.249 309.606 2185.23 1489.99 722.082 609.532 618.78 1387.43 121.217 329.277 631.031 767.903 364.959 244.667 402.944 216.719 306.261 259.569 82.2662 182.997 496.972 553.744 389.91
internal_count=43425 29145 14280 5566 23579 9533 4747 5844 1477 17735 8494 4331 3539 4089 10870 685 2176 2920 4163 2047 1346 2116 1039 1596 1337 482 1147 3668 2525 1778
is_linear=0
shrinkage=0.05


Tree=9
num_leaves=31
num_cat=1
split_feature=7 7 7 13 7 13 7 13 13 7 7 7 13 7 13 4 12 13 7 7 13 4 6 7 7 13 7 3 3 7
split_gain=2547.97 661.283 464.096 277.13 176.935 98.5886 93.7507 72.054 42.1072 40.2035 43.1188 38.7479 34.9427 33.9891 31.2191 31.1701 28.195 25.5952 24.4395 27.5344 21.7809 20.3098 20.2828 18.0107 16.2116 21.9412 24.8458 18.6422 15.5345 14.9651
threshold=0.061769910156726844 1.0000000180025095e-35 0.23654867708683017 0.50151175260543834 0.015309734269976618 0.37751218676567083 0.67185840010643016 0.45937141776084905 0.34395632147789007 0.022035398520529274 0.027699114754796032 0.17752212285995486 0.46538750827312475 0.00026548672030912718 0.41010664403438574 0.37838028371334081 0 0.32008361816406256 0.097964603453874602 0.087610617280006423 0.53683188557624828 0.32274959981441503 0.034470714628696449 0.041327433660626418 0.31805309653282171 0.36747546494007116 0.28300885856151586 0.010973221156746151 0.32781545817852026 0.12566372007131579
decision_type=2 2 2 2 2 2 2 2 2 2 2 2 2 2 2 2 1 2 2 2 2 2 2 2 2 2 2 2 2 2
left_child=1 3 5 7 13 11 17 16 23 -10 -11 21 18 -3 -15 -12 -1 -4 19 -7 -5 28 -17 -6 25 -19 -27 -28 -2 -23
right_child=2 4 6 20 8 12 -8 -9 9 10 15 -13 -14 14 -16 22 -18 24 -20 -21 -22 29 -24 -25 -26 26 27 -29 -30 -31
leaf_value=-0.022343759375627721 -0.012247114972678594 -0.056719016841775952 0.022140708570191101 0.051095301604751037 -0.037736281018683496 0.067343347123579284 0.078951047200401081 0.017061241411190354 -0.027720449003217462 0.06102158122336776 -0.026485864698265811 0.03350887971292215 0.087121700866636564 -0.044599717093451133 -0.0037782811711668664 -0.026878987885205614 0.0064015226298360416 0.031299359542675008 0.039814172640636088 0.0098946684487504002 0.086824195556580441 0.0042366548594200562 0.01586066411632225 -0.017359525622635302 0.065969075878196781 0.079334896259320636 0.015547033115347731 0.054367911571519136 0.022075326645213757 0.0187018815217459
leaf_weight=362.25181201100349 185.81333704292774 764.83572576195002 78.132940605282784 127.29422190785408 485.23607809841633 24.046034082770348 449.02746614813805 262.71639062464237 302.45115327835083 24.75492836534977 124.37140262126923 160.36484165489674 31.468205153942108 871.17164966464043 49.801996529102325 35.197916969656944 111.20017859339714 141.03774344921112 403.65913784503937 156.47038328647614 65.87618950009346 382.67808872461319 129.12969110906124 141.31189888715744 167.72970002889633 79.423088759183884 40.72342349588871 135.2325205206871 39.90057598054409 337.49745731055737
leaf_count=2522 1137 6865 395 574 3765 120 1827 1465 2294 164 884 793 133 7198 356 222 736 649 2000 878 269 2361 797 1034 747 348 183 598 235 1876
internal_value=-0.00029534 -0.0266846 0.0358888 0.0100574 -0.038347 0.0197151 0.0613994 -0.00392498 -0.0240196 -0.0147174 -0.00215003 0.0107818 0.035755 -0.0489015 -0.0423984 -0.00760334 -0.0155818 0.0491106 0.032965 0.017608 0.0633443 0.0069203 0.00666492 -0.033152 0.0528324 0.0472462 0.0560178 0.0454255 -0.00615053 0.0110241
internal_weight=6670.81 3857.6 2813.2 929.339 2928.26 1721.9 1091.31 736.168 1242.45 615.905 313.454 1106.25 615.644 1685.81 920.974 288.699 473.452 642.279 584.176 180.516 193.17 945.889 164.328 626.548 564.146 396.417 255.379 175.956 225.714 720.176
internal_count=43425 29145 14280 5566 23579 9533 4747 4723 9160 4361 2067 6402 3131 14419 7554 1903 3258 2920 2998 998 843 5609 1019 4799 2525 1778 1129 781 1372 4237
cat_boundaries=0 1
cat_threshold=2
is_linear=0
shrinkage=0.05


Tree=10
num_leaves=31
num_cat=0
split_feature=7 7 7 13 7 13 7 13 7 13 7 7 7 13 13 7 4 13 13 7 7 7 13 13 13 7 6 4 5 7
split_gain=2308.93 620.339 411.054 248.103 174.045 87.6502 85.8965 46.9193 40.1103 39.9757 37.412 37.6833 34.6261 32.9846 30.8049 30.6043 28.6579 22.5094 21.9153 35.7192 22.6451 33.1484 25.0915 19.7933 19.2066 20.7026 18.4536 18.0173 23.3759 17.9358
threshold=0.061769910156726844 1.0000000180025095e-35 0.23654867708683017 0.48095561563968664 0.015309734269976618 0.38877150416374212 0.67185840010643016 0.52688059210777294 0.17752212285995486 0.34395632147789007 0.022035398520529274 0.027699114754796032 0.00026548672030912718 0.43915653228759771 0.40065751969814306 0.097964603453874602 0.37838028371334081 0.33097694814205175 0.353803500533104 0.087610617280006423 0.13831858336925509 0.14672566205263141 0.30814056098461157 0.31578162312507635 0.42977273464202886 0.15415929257869723 0.084039550274610533 0.47039544582366949 0.49264955520629888 0.076194688677787795
decision_type=2 2 2 2 2 2 2 2 2 2 2 2 2 2 2 2 2 2 2 2 2 2 2 2 2 2 2 2 2 2
left_child=1 3 5 13 12 8 17 -5 18 -6 -11 -12 -3 -1 -14 -7 -13 -4 20 29 22 -22 -2 -23 25 -17 -18 28 -21 -20
right_child=2 4 6 7 9 15 -8 -9 -10 10 11 16 14 -15 -16 24 26 -19 19 27 21 23 -24 -25 -26 -27 -28 -29 -30 -31
leaf_value=-0.020074384054160007 -0.029476323998691479 -0.056289171924326378 0.027536035812634904 0.032819317505445651 -0.032251343370578882 0.017097812701053327 0.074334510789645189 0.074966256594566683 0.034196126164947653 -0.026856408652680432 0.055808482212864524 -0.025619221409242221 -0.044487949046990535 0.0031754865782350691 -0.011932012181636071 0.046320950351095347 -0.011365237206318421 0.050667511562325664 0.033881169228318735 0.0026053693110447296 0.030766770935169298 -0.047408031375978404 0.0012493736976969705 0.0046131008979339791 0.064219203771237007 0.013627099758464456 0.022094529961137126 0.052066554000637921 0.032898379078881886 0.099740801765450512
leaf_weight=322.68697470426559 84.851392731070518 732.94996922463179 133.81537245213985 224.11705173552036 612.2495344504714 141.59521779417992 452.96422639489174 94.244031950831413 169.84755842387676 296.72392010688782 25.697537392377853 122.20901907980442 812.83387012779713 288.59934239089489 80.362522929906845 179.30756931006908 77.733284011483192 518.30758412182331 28.097126036882401 302.22656942903996 133.10871814191341 23.059663578867912 303.76234219968319 86.28180718421936 93.584806680679321 67.12613445520401 87.230810105800629 25.926351502537727 80.748928293585777 16.762639090418816
leaf_count=2316 587 6865 650 1093 4799 772 1827 384 825 2294 164 884 6972 1773 582 836 484 2270 148 1764 724 141 1844 494 397 347 535 125 445 84
internal_value=-0.000303103 -0.0259149 0.0337461 0.00954375 -0.0374911 0.0185681 0.057585 0.0453313 0.0116004 -0.0232208 -0.0141389 -0.00205706 -0.0482083 -0.0090908 -0.0415661 0.0367033 -0.00727016 0.0459336 0.00805524 0.0164363 0.00201932 0.0140133 -0.00545239 -0.00634555 0.0448455 0.0374449 0.00630022 0.0117666 0.00901251 0.0587691
internal_weight=6619.01 3777.64 2841.37 929.647 2847.99 1736.29 1105.09 318.361 1254.67 1221.84 609.595 312.871 1626.15 611.286 893.196 481.614 287.173 652.123 1084.83 453.762 631.064 242.45 388.614 109.341 340.019 246.434 164.964 408.902 382.975 44.8598
internal_count=43425 29145 14280 5566 23579 9533 4747 1477 7181 9160 4361 2067 14419 4089 7554 2352 1903 2920 6356 2566 3790 1359 2431 635 1580 1183 1019 2334 2209 232
is_linear=0
shrinkage=0.05


Tree=11
num_leaves=31
num_cat=2
split_feature=7 7 7 13 7 7 13 13 13 4 1 13 7 5 4 5 13 13 4 13 4 13 12 7 13 7 7 12 7 13
split_gain=2094.69 581.791 365.498 222.64 171.421 79.4309 78.8836 60.1966 46.1474 36.4523 30.7722 29.6307 28.9023 27.3814 26.9389 26.234 25.5573 20.6204 20.5552 23.5635 20.5304 19.3582 19.149 16.9316 16.6729 22.0487 15.3832 15.0951 14.9547 22.3155
threshold=0.061769910156726844 1.0000000180025095e-35 0.23654867708683017 0.50151175260543834 0.013362831901758911 0.67185840010643016 0.37432663142681127 0.45056845247745519 0.37071225047111517 0.53136983513832103 0.91751700639724743 0.44683809578418737 0.00026548672030912718 0.52959111332893383 0.47039544582366949 0.46868900954723364 0.40065751969814306 0.34831000864505773 0.37588028609752661 0.3519998192787171 0.22863636910915378 0.55146872997283947 0 0.097964603453874602 0.28295853734016424 0.02008849568665028 0.087610617280006423 1 0.13831858336925509 0.31015631556510931
decision_type=2 2 2 2 2 2 2 2 2 2 2 2 2 2 2 2 2 2 2 2 2 2 1 2 2 2 2 1 2 2
left_child=1 3 6 7 12 17 10 22 13 15 18 14 -3 20 23 -10 -14 -4 19 -2 -6 -5 -1 26 -22 -26 -8 -9 29 -20
right_child=2 4 5 21 8 -7 11 27 9 -11 -12 -13 16 -15 -16 -17 -18 -19 28 -21 24 -23 -24 -25 25 -27 -28 -29 -30 -31
leaf_value=-0.022878452783710281 -0.013290296861953994 -0.055883026833635357 0.03083574125021514 0.048656850683847834 -0.04805316613317006 0.070227918340285342 0.061273951538374762 0.0062916900947112987 -0.019282754310605346 0.028773000238639559 0.027402967492680116 0.062876133012605293 -0.044745859198055599 0.0022333115288750293 0.078450110285319799 0.038355379613555729 -0.013595194628900645 0.049496108498327071 -0.025625343746812652 0.0122789276672104 -0.050082662407595707 0.089666441905233457 0.0026553687369807 0.030686589240829301 -0.036207101253110358 -0.017869879287342662 0.0072283354657431053 0.03183250996219792 0.02212967903550549 0.010825532168639863
leaf_weight=303.72296285629272 237.15377987921238 702.14311694353819 229.30774830281734 162.13253238797188 156.26918159425259 455.41445155441761 14.341669306159018 256.89083796739578 275.69721341133118 56.008420914411545 188.72427177429199 65.592811793088913 665.97471212595701 64.07737048715353 24.839550629258156 21.118894159793854 73.717140644788742 431.69515739381313 50.531488671898842 145.04083213210106 77.657466419041157 35.653356701135635 96.356879413127899 415.8440370708704 282.85849112272263 395.02405647188425 155.03368690609932 74.901676163077354 206.58278703689575 244.75243186950684
leaf_count=2202 1446 6865 1075 700 1278 1827 70 1453 2058 358 995 280 5902 447 114 118 538 1845 358 828 657 143 649 2053 2387 2971 865 419 1084 1440
internal_value=-0.000309095 -0.0251608 0.0317871 0.00906056 -0.0366456 0.054138 0.0175104 -0.00365515 -0.0236797 -0.00816 0.00907401 0.0308947 -0.0485883 -0.0292841 0.0274382 -0.0151533 -0.0416504 0.0430359 0.00515294 -0.00357316 -0.0315045 0.0561162 -0.0167172 0.0252514 -0.0280692 -0.025533 0.0118675 0.0120804 0.0118076 0.00456426
internal_weight=6565.06 3700.2 2864.85 929.658 2770.55 1116.42 1748.44 731.872 1328.71 352.825 1072.79 675.652 1441.83 975.887 610.059 296.816 739.692 661.003 884.061 382.195 911.809 197.786 400.08 585.219 755.54 677.883 169.375 331.793 501.867 295.284
internal_count=43425 29145 14280 5566 23579 4747 9533 4723 10274 2534 6151 3382 13305 7740 3102 2176 6440 2920 5156 2274 7293 843 2851 2988 6015 5358 935 1872 2882 1798
cat_boundaries=0 1 2
cat_threshold=2 2
is_linear=0
shrinkage=0.05


Tree=12
num_leaves=31
num_cat=1
split_feature=7 7 7 13 7 13 13 1 4 13 13 13 7 7 7 13 4 13 4 7 4 7 6 7 13 4 12 7 4 4
split_gain=1901.77 545.454 329.64 200.137 168.764 105.056 44.5842 43.7306 42.0708 53.022 40.7922 39.3188 35.1043 32.9044 29.5244 27.9716 25.0515 24.9399 24.1492 20.4741 17.6825 17.3811 17.2633 17.1866 15.4931 15.1243 14.9588 14.3944 13.9763 12.9322
threshold=0.061769910156726844 1.0000000180025095e-35 0.31805309653282171 0.48095561563968664 0.013362831901758911 0.36942973732948309 0.34395632147789007 0.91751700639724743 0.47039544582366949 0.41684392094612127 0.29869909584522253 0.51932436227798473 0.022035398520529274 0.027699114754796032 0.00026548672030912718 0.43915653228759771 0.37838028371334081 0.40065751969814306 0.44127418100833898 0.041327433660626418 0.26999843120574957 0.097964603453874602 0.034470714628696449 0.097964603453874602 0.3908704966306687 0.42360590398311621 0 0.087610617280006423 0.69314920902252208 0.33923077583312994
decision_type=2 2 2 2 2 2 2 2 2 2 2 2 2 2 2 2 2 2 2 2 2 2 2 2 2 2 1 2 2 2
left_child=1 3 5 15 14 7 19 20 9 18 -4 -5 28 -14 -3 26 -15 -16 23 29 -2 -11 -18 27 -12 -25 -1 -7 -8 -6
right_child=2 4 10 11 6 8 12 -9 -10 21 24 -13 13 16 17 -17 22 -19 -20 -21 -22 -23 -24 25 -26 -27 -28 -29 -30 -31
leaf_value=-0.024843363987333555 -0.009567856295275531 -0.055498677934979271 -0.0050456974165355448 0.026872781098751637 -0.047382711479169254 0.052534738088682732 -0.026137687915098559 0.026286812437528409 0.068941166037598978 0.022332596572117294 0.054046371683439613 0.063004486920402142 0.051738326148320905 -0.024030813385871892 -0.043989059725774021 0.0028004192031102558 -0.025412927174200347 -0.013038221747592352 0.0021968871631346787 -0.014872176278030875 0.0081889776103890831 0.054331788339593561 0.014376427950434093 0.028362828383926925 0.06956721977245571 0.0636109244010305 0.00059968357124100095 0.0021265002805232014 0.039624871656624143 -0.030732967176751037
leaf_weight=239.1113628745079 175.45422713458538 672.40821691602468 22.999487549066544 204.70135037600994 186.50731247663498 16.462848037481308 342.27746602147818 317.54888448119164 73.034387305378914 53.590318530797958 304.73257647454739 120.05516171455383 26.448303908109665 118.30162192136049 644.12005221843719 289.717773899436 34.262206047773361 73.044732838869095 126.840869769454 135.30105934292078 692.70034508407116 219.21359172463417 130.95281226933002 390.75357049703598 359.58346746861935 33.289519622921944 75.654698222875595 99.554250836372375 8.1296345368027669 324.15819478780031
leaf_count=1798 1052 6865 112 990 1589 79 2792 1555 317 284 1291 487 164 884 5902 1773 222 538 676 1034 3956 936 797 1871 1443 149 518 559 71 2721
internal_value=-0.000313426 -0.0244238 0.0299726 0.00860623 -0.0358105 0.0205185 -0.022898 0.0104095 0.032347 0.0294905 0.0601975 0.0402605 -0.0137459 -0.00147032 -0.0479434 -0.00839549 -0.0064681 -0.0408459 0.0218749 -0.0322429 0.00459387 0.0480746 0.00608431 0.026486 0.0624643 0.0311561 -0.0187139 0.00936158 -0.0245868 -0.0368317
internal_weight=6510.91 3625.15 2885.76 929.24 2695.91 2198.44 1306.34 1185.7 1012.74 939.705 687.316 324.757 660.372 309.965 1389.57 604.484 283.517 717.165 666.901 645.967 868.155 272.804 165.215 540.06 664.316 424.043 314.766 116.017 350.407 510.666
internal_count=43425 29145 14280 5566 23579 11434 10274 6563 4871 4554 2846 1477 4930 2067 13305 4089 1903 6440 3334 5344 5008 1220 1019 2658 2734 2020 2316 638 2863 4310
cat_boundaries=0 1
cat_threshold=2
is_linear=0
shrinkage=0.05


Tree=13
num_leaves=31
num_cat=1
split_feature=7 7 7 13 7 13 7 13 7 13 13 7 7 5 13 13 7 13 1 13 7 4 4 13 7 13 5 7 13 12
split_gain=1727.85 511.209 297.085 179.996 166.018 94.9298 47.3009 43.266 39.7836 38.4417 36.5969 33.542 30.1594 29.4592 29.1404 25.5704 24.5219 24.3225 24.0846 24.8286 25.9085 23.7627 22.5284 21.8277 19.3631 21.7853 19.0205 18.2869 16.6796 16.6506
threshold=0.061769910156726844 1.0000000180025095e-35 0.31805309653282171 0.49254511296749121 0.013362831901758911 0.353803500533104 0.12566372007131579 0.38131625950336462 0.13831858336925509 0.45056845247745519 0.29750332236289984 0.087610617280006423 0.00026548672030912718 0.52959111332893383 0.41513416171073919 0.53683188557624828 0.016371681354939941 0.40065751969814306 0.91751700639724743 0.42977273464202886 0.13831858336925509 0.47039544582366949 0.22863636910915378 0.30814056098461157 0.02008849568665028 0.29338417947292333 0.37248815596103674 0.076194688677787795 0.42021965980529791 0
decision_type=2 2 2 2 2 2 2 2 2 2 2 2 2 2 2 2 2 2 2 2 2 2 2 2 2 2 2 2 2 1
left_child=1 3 5 9 12 8 11 13 23 29 -4 27 -3 22 -13 -5 -9 -14 19 20 -8 -22 -6 -2 -24 -26 -10 -7 -18 -1
right_child=2 4 10 15 7 6 18 16 26 -11 -12 14 17 -15 -16 -17 28 -19 -20 -21 21 -23 24 -25 25 -27 -28 -29 -30 -31
leaf_value=-0.021406006685984302 -0.028091081738989568 -0.055134395518589542 -0.0079691721001144879 0.034366196785603008 -0.045939471475070812 0.031264079839141465 0.053857557031968741 -0.023355669747611704 0.02007094583742567 0.0087093953816755089 0.058965363266692751 0.0056788358053820173 -0.043238943920515305 0.0048978078163530829 0.036113316670290933 0.07044556211959252 0.0015414216367712469 -0.012499867013769463 0.046411579112459904 0.055155508924336544 0.012498687766739736 0.052167220453585385 -0.034880402145248492 0.00087883344580183802 -0.04127671280681211 -0.013887999870621177 -0.0069354513382200444 0.088793778528745301 0.045900623974086091 0.0024629867260700647
leaf_weight=295.14996004104614 82.433573424816132 643.73427504301071 20.905552446842194 188.26523047685623 162.051872625947 41.164429932832718 59.015365600585938 95.261292509734631 430.91167981922626 281.2539406567812 669.44603654742241 379.69049862027168 623.06865709275007 68.832249365746975 99.323754698038101 67.217825278639793 128.74828499555588 72.402215540409088 317.61827716231346 73.314101874828339 283.78763335943222 43.620257556438446 325.21670506894588 305.01096943020821 89.575644217431545 389.75643212348223 76.461353749036789 21.193135410547256 25.332971647381783 96.584223031997681
leaf_count=2202 587 6865 102 844 1405 202 277 764 2181 1602 2744 2120 5902 476 473 269 854 538 1365 303 1393 192 2871 1844 786 2964 398 99 154 649
internal_value=-0.000316359 -0.0237028 0.0282914 0.00817823 -0.0349854 0.0193551 0.0278853 -0.0221351 0.00677661 -0.00538053 0.0569303 0.0165162 -0.0473072 -0.026638 0.0120061 0.0439021 -0.00341252 -0.0400483 0.0357934 0.0284383 0.0233435 0.0178133 -0.0288892 -0.00527763 -0.0254434 -0.0190243 0.0159907 0.0510073 0.00889212 -0.0155091
internal_weight=6456.35 3552.45 2903.9 928.471 2623.98 2213.55 1318.73 1284.78 894.818 672.988 690.352 541.372 1339.21 1035.43 479.014 255.483 249.343 695.471 777.356 459.737 386.423 327.408 966.601 387.445 804.549 479.332 507.373 62.3576 154.081 391.734
internal_count=43425 29145 14280 5566 23579 11434 6424 10274 5010 4453 2846 2894 13305 8502 2593 1113 1772 6440 3530 2165 1862 1585 8026 2431 6621 3750 2579 301 1008 2851
cat_boundaries=0 1
cat_threshold=2
is_linear=0
shrinkage=0.05


Tree=14
num_leaves=31
num_cat=1
split_feature=7 7 7 7 13 13 13 13 7 13 4 13 4 7 5 13 12 13 4 7 13 1 1 7 4 4 6 7 1 13
split_gain=1570.81 478.923 268.212 163.211 162.917 84.927 45.273 41.4654 36.1333 34.3701 34.1086 42.4193 31.7456 30.8039 29.8819 23.7494 21.6971 20.3414 20.1828 18.9967 16.5634 15.5455 15.2454 14.062 13.8003 13.6092 13.3715 13.0347 13.9408 19.3985
threshold=0.061769910156726844 1.0000000180025095e-35 0.31805309653282171 0.013362831901758911 0.50151175260543834 0.36942973732948309 0.45937141776084905 0.34395632147789007 0.17752212285995486 0.32095192372798925 0.47039544582366949 0.41684392094612127 0.53136983513832103 0.00026548672030912718 0.46868900954723364 0.41010664403438574 0 0.4047303199768067 0.44127418100833898 0.041327433660626418 0.55146872997283947 0.77913278341293346 0.32542745769023901 0.097964603453874602 0.54395446181297313 0.21389906853437426 0.17084480077028277 0.15415929257869723 0.81605800986289989 0.32183587551116949
decision_type=2 2 2 2 2 2 2 2 2 2 2 2 2 2 2 2 1 2 2 2 2 2 2 2 2 2 2 2 2 2
left_child=1 4 5 13 6 8 16 19 27 -4 11 18 14 -3 -9 -15 -1 22 23 -5 -6 26 -14 -7 -24 -25 -13 28 29 -2
right_child=2 3 9 7 20 10 -8 12 -10 -11 -12 21 17 15 -16 -17 -18 -19 -20 -21 -22 -23 24 25 -26 -27 -28 -29 -30 -31
leaf_value=-0.019219315607008659 -0.016556882568388259 -0.054788579019038268 0.018456842765697441 -0.035232612597567874 0.040750049383013708 0.0081815325121879674 0.012818087202141483 -0.021695480476568267 0.022964082412674433 0.057430698320023524 0.061291134628086767 0.043338777017397627 -0.021944427408218455 -0.041770437198609352 0.019986472467290885 -0.0041036986563671293 0.0061491830356364616 0.065331169505136136 0.0015028673592536674 -0.013810891736752144 0.078588647827077557 0.052131487272935921 0.074568636547029429 0.0043892183416136491 0.0081502427288072943 0.031175373920040259 0.007823059827384125 -0.040579890305855598 0.011676922119995855 0.0056170067009105725
leaf_weight=341.59474503993988 142.98701901733875 616.10682330280542 62.709971934556961 485.7649754062295 166.31177870929241 117.1011321246624 272.44700941443443 474.34758620709181 341.14141066372395 629.77985183894634 75.070711344480515 60.555988758802414 39.678178697824478 629.42480198293924 47.081261590123177 45.170415490865707 111.47440680861473 14.647633552551268 127.64900098741055 132.81533917039633 35.623658820986748 170.22005593776703 8.9311736077070218 54.786455705761909 60.821123734116554 377.05096165835857 47.858076199889183 16.175225868821144 378.81610557436943 317.11508989334106
leaf_count=2522 964 6865 295 4310 700 638 1465 3796 1557 2551 317 278 298 6105 270 335 736 80 676 1034 143 722 53 276 433 1744 220 100 2119 1823
internal_value=-0.000318406 -0.022996 0.026733 -0.0341683 0.0077745 0.0182756 -0.00327655 -0.0213883 0.00920574 0.0539117 0.0287996 0.0262347 -0.0125074 -0.0466783 -0.0179192 -0.0392567 -0.0129666 0.0101913 0.0194545 -0.0306442 0.0474855 0.0426678 0.00271208 0.0236188 0.0168207 0.0277904 0.0277285 0.00370893 0.00457356 -0.00126526
internal_weight=6401.26 3482.24 2919.02 2554.79 927.452 2226.53 725.516 1264.09 1196.23 692.49 1030.29 955.222 645.507 1290.7 521.429 674.595 453.069 124.078 676.588 618.58 201.935 278.634 109.43 548.939 69.7523 431.837 108.414 855.093 838.918 460.102
internal_count=43425 29145 14280 23579 5566 11434 4723 10274 6563 2846 4871 4554 4930 13305 4066 6440 3258 864 3334 5344 843 1220 784 2658 486 2020 498 5006 4906 2787
cat_boundaries=0 1
cat_threshold=2
is_linear=0
shrinkage=0.05


Tree=15
num_leaves=31
num_cat=0
split_feature=7 7 7 7 13 13 7 13 13 7 7 13 7 4 7 13 13 13 7 3 13 13 13 4 5 7 4 7 13 13
split_gain=1428.82 448.459 243.183 160.321 146.69 76.8447 39.8566 39.4538 35.485 33.2 31.4621 31.3706 28.8365 27.8115 27.4733 26.6445 23.4748 23.4023 21.652 20.7153 19.3313 19.152 18.6945 18.331 16.9176 15.7301 15.2952 14.664 20.4133 14.0875
threshold=0.061769910156726844 1.0000000180025095e-35 0.31805309653282171 0.013362831901758911 0.47539174556732183 0.353803500533104 0.12566372007131579 0.38131625950336462 0.50878319144248974 0.13831858336925509 0.00026548672030912718 0.32095192372798925 0.087610617280006423 0.22863636910915378 0.02008849568665028 0.29338417947292333 0.41513416171073919 0.40065751969814306 0.016371681354939941 0.055060440674424178 0.30814056098461157 0.42497123777866369 0.41850940883159643 0.47039544582366949 0.37248815596103674 0.076194688677787795 0.38500961661338812 0.11283186078071596 0.39457647502422338 0.42021965980529791
decision_type=2 2 2 2 2 2 2 2 2 2 2 2 2 2 2 2 2 2 2 2 2 2 2 2 2 2 2 2 2 2
left_child=1 4 5 10 21 9 12 13 -6 20 -3 -4 25 -5 -15 -16 27 -12 -9 22 -2 -1 23 -8 26 -7 -11 -14 -29 -20
right_child=2 3 11 7 8 6 19 18 -10 24 17 -13 16 14 15 -17 -18 -19 29 -21 -22 -23 -24 -25 -26 -27 -28 28 -30 -31
leaf_value=-0.020092140843117463 -0.026909242046025263 -0.054459762498014874 0.017412874397051723 -0.044707647297111131 0.017846017841163346 0.027828208050582989 0.015113104594059876 -0.021864567832671648 0.049205264886991701 0.0032012994340522381 -0.041766705845331514 0.054534767174862588 0.0096689471994584192 -0.033351407857100147 -0.039584045195008188 -0.0095998658608955015 0.031671300967189099 -0.01122740843324996 0.0018713270858301046 0.041793584221064134 0.00061561035352549701 -0.0011759638090719921 0.043870959553011832 0.047078485255527651 -0.0073234178727760368 0.08037055066106881 0.023986745004932607 -0.032538523320343335 0.020546021285762169 0.042232801159978572
leaf_weight=221.9013631939888 80.391149237751961 589.50857497751713 63.140745416283607 153.24881496280432 200.78001049160957 42.063047617673874 307.44425724446774 92.314239285886288 165.0627184510231 124.27782154083252 583.64716345816851 630.05525584518909 303.33526107668877 310.4143600538373 89.050179041922092 445.11592499911785 101.68399764597416 70.901101335883141 128.04813960939646 324.22560399770737 305.84877905249596 338.40554451942444 104.94465942680836 52.72633795440197 76.660059556365013 21.971704870462418 312.80701088905334 52.770735219120979 27.343988999724388 25.990931272506714
leaf_count=1685 587 6865 295 1405 994 202 1441 764 677 641 5902 2551 1657 2871 821 3405 473 538 854 1428 1844 2210 438 223 398 99 1540 335 128 154
internal_value=-0.000318598 -0.0223031 0.0252839 -0.0333584 0.0073935 0.0172655 0.0248626 -0.0206575 0.0320181 0.00595948 -0.0460539 0.0511637 0.014498 -0.0250818 -0.0215099 -0.0146143 0.0103168 -0.0384685 -0.00271409 0.0320646 -0.00510589 -0.00867861 0.0252643 0.0198182 0.0142877 0.0460318 0.0180903 0.00463415 -0.0143549 0.00873692
internal_weight=6346.08 3414.39 2931.69 2488.24 926.15 2238.49 1338.51 1244.18 365.843 899.985 1244.06 693.196 549.169 997.829 844.58 534.166 485.134 654.548 246.353 789.341 386.24 560.307 465.115 360.171 513.745 64.0348 437.085 383.45 80.1147 154.039
internal_count=43425 29145 14280 23579 5566 11434 6424 10274 1671 5010 13305 2846 2894 8502 7097 4226 2593 6440 1772 3530 2431 3895 2102 1664 2579 301 2181 2120 463 1008
is_linear=0
shrinkage=0.05


Tree=16
num_leaves=31
num_cat=1
split_feature=7 7 7 7 13 13 13 13 7 7 13 4 5 7 13 3 13 4 7 4 13 13 13 1 4 12 13 4 3 4
split_gain=1300.24 419.769 221.03 157.347 132.055 69.7054 38.4027 38.3258 35.8918 32.1156 29.4799 28.6076 26.6629 25.2483 22.7642 22.2542 20.7896 20.8643 17.8312 17.5094 16.8957 16.5749 15.7083 15.1473 14.9044 14.216 13.9009 13.55 13.433 13.0469
threshold=0.061769910156726844 1.0000000180025095e-35 0.31805309653282171 0.013362831901758911 0.50151175260543834 0.37751218676567083 0.34395632147789007 0.45056845247745519 0.17752212285995486 0.00026548672030912718 0.29750332236289984 0.53136983513832103 0.46868900954723364 0.097964603453874602 0.40065751969814306 0.30901856720447546 0.41684392094612127 0.47039544582366949 0.041327433660626418 0.44127418100833898 0.3908704966306687 0.41684392094612127 0.55146872997283947 0.32542745769023901 0.21389906853437426 0 0.34460283815860754 0.32274959981441503 0.32781545817852026 0.33923077583312994
decision_type=2 2 2 2 2 2 2 2 2 2 2 2 2 2 2 2 2 2 2 2 2 2 2 2 2 1 2 2 2 2
left_child=1 4 5 9 7 8 18 25 27 -3 -4 12 -8 15 -11 -7 17 19 29 24 -12 23 -6 -13 -15 -1 -10 28 -2 -5
right_child=2 3 10 6 22 13 11 -9 26 14 20 21 -14 16 -16 -17 -18 -19 -20 -21 -22 -23 -24 -25 -26 -27 -28 -29 -30 -31
leaf_value=-0.019517904184640434 -0.012389911426419009 -0.054146591992496586 -0.009258116835740569 -0.044968191838310433 0.036134181880548968 0.0035860502275027609 -0.020287384093885696 0.0091824167137306185 0.013249707137136232 -0.04102983695321645 0.041919240357523299 -0.019196407060996498 0.018983099361940748 0.00014020885992325113 -0.010751699350222924 0.049058067081872325 0.043960557193428666 0.061861339910270235 -0.012663968317738148 0.0021703080783588465 0.057949780676603002 0.079710503342847988 0.073093950363962976 0.018628155911388996 0.031540229195223431 0.0026553954599739553 0.032177279482119341 0.0073067104870604659 0.019220233182365438 -0.027352088640001621
leaf_weight=284.64271622896194 185.46348941326141 563.91978961974382 21.149611264467239 166.0593733638525 168.36959803104401 161.1457080245018 460.67606777697802 340.31899803876877 212.87191152572632 564.90320677310228 314.63154685497284 40.635034471750259 47.487914502620697 43.715597376227379 70.354918226599693 32.282980009913445 231.63036373257637 36.471175029873848 130.20216877758503 86.008873909711838 357.14993061125278 7.9255776703357688 35.210965469479561 75.186725549399853 294.75168196856976 96.344435676932335 180.58360934257507 743.285245642066 40.850307539105415 296.95685312151909
leaf_count=2202 1137 6865 102 1589 700 845 3796 1872 995 5902 1301 309 270 213 538 164 956 148 1034 431 1443 40 143 515 1313 649 760 4237 235 2721
internal_value=-0.0003186 -0.0216233 0.0239331 -0.0325567 0.00703028 0.0163213 -0.0199444 -0.00300193 0.00921787 -0.045435 0.0486257 -0.0113516 -0.0166047 0.0272416 -0.0376866 0.0112225 0.031706 0.025529 -0.0290858 0.0223817 0.0504566 0.0101755 0.042584 0.0053095 0.0275007 -0.0138984 0.0219555 0.00404214 -0.00665613 -0.0336892
internal_weight=6291.19 3349.19 2941.99 2424.31 924.887 2249.06 1225.13 721.306 1363.05 1199.18 692.931 631.911 508.164 886.006 635.258 193.429 692.578 460.947 593.218 424.476 671.781 123.747 203.581 115.822 338.467 380.987 393.456 969.599 226.314 463.016
internal_count=43425 29145 14280 23579 5566 11434 10274 4723 7364 13305 2846 4930 4066 4070 6440 1009 3061 2105 5344 1957 2744 864 843 824 1526 2851 1755 5609 1372 4310
cat_boundaries=0 1
cat_threshold=2
is_linear=0
shrinkage=0.05


Tree=17
num_leaves=31
num_cat=1
split_feature=7 7 7 7 13 13 13 4 13 7 13 7 13 4 4 4 13 7 13 5 13 12 13 5 7 3 7 5 1 4
split_gain=1183.77 392.714 201.402 154.283 119.964 62.8645 36.3429 33.5332 38.4875 32.7684 31.4743 28.4922 27.7381 27.558 25.1322 23.5443 22.124 21.3337 22.1744 17.9933 17.7412 17.2331 16.4356 14.989 14.8988 20.9659 14.8944 13.7101 13.7079 13.2479
threshold=0.061769910156726844 1.0000000180025095e-35 0.31805309653282171 0.013362831901758911 0.47539174556732183 0.353803500533104 0.37071225047111517 0.47039544582366949 0.41513416171073919 0.00026548672030912718 0.52688059210777294 0.13831858336925509 0.33097694814205175 0.44127418100833898 0.53136983513832103 0.22863636910915378 0.40065751969814306 0.02008849568665028 0.29338417947292333 0.46868900954723364 0.30814056098461157 0 0.42799064517021185 0.37248815596103674 0.12566372007131579 0.055060440674424178 0.087610617280006423 0.005000124918296934 0.77664399147033703 0.38500961661338812
decision_type=2 2 2 2 2 2 2 2 2 2 2 2 2 2 2 2 2 2 2 2 2 1 2 2 2 2 2 2 2 2
left_child=1 4 5 9 21 11 15 8 13 -3 -6 20 -4 24 19 -5 -11 -17 -19 -8 -2 22 -1 29 26 -26 -7 -22 -10 -13
right_child=2 3 12 6 10 7 14 -9 28 16 -12 23 -14 -15 -16 17 -18 18 -20 -21 27 -23 -24 -25 25 -27 -28 -29 -30 -31
leaf_value=-0.024944062651830842 -0.026149018773725882 -0.053847820988073336 0.021161269997385417 -0.044248225100602917 0.020143342415421702 0.042431658857630963 -0.015260694072552233 0.047124477094580258 0.021766650131409944 -0.040295619405527748 0.053618439932979226 0.0025745660444815451 0.050299169277764122 -0.0045098391318815021 0.024732892980568615 -0.032775954371596749 -0.010293021554007072 -0.038191801706197855 -0.0099662423208918341 0.031487582615096314 0.011576945464525416 0.0072661055983442363 -0.0047306265555840561 -0.0074794937016208971 0.015320681740858792 0.037785648386141971 0.0073696527383428721 -0.009593440242947112 0.04378949527552093 0.021848916709013212
leaf_weight=171.81855779886246 79.122456274926662 539.31873338669538 95.615924164652824 130.52968641370535 274.11071851849556 33.566333368420601 255.69196277111769 123.45818404853344 116.87198983132839 546.89826484024525 94.887597635388374 124.86033691465855 596.05373764038086 155.01312839984894 57.680234365165234 258.3431194499135 69.833656713366508 84.547987781465054 397.79499807953835 22.229743242263794 144.66176341474056 138.12641884386539 244.31116823852062 76.659062311053276 247.96383306384087 180.38048884272575 311.82030272483826 161.98518128693104 184.77081841230392 317.36224550008774
leaf_count=1389 587 6865 426 1278 1287 157 2058 524 525 5902 384 641 2420 840 358 2511 538 821 3130 118 868 887 1619 398 1126 787 1697 976 768 1540
internal_value=-0.000316787 -0.0209579 0.0226731 -0.0317624 0.0066891 0.0154388 -0.0192479 0.0222586 0.0197558 -0.0448194 0.0287772 0.00522592 0.046282 0.0147041 -0.00524686 -0.0246343 -0.0369087 -0.0211655 -0.014931 -0.0114935 -0.00505519 -0.00800965 -0.0130927 0.0128787 0.0185601 0.0247992 0.0108029 0.000377981 0.0352833 0.01642
internal_weight=6236.29 3286.12 2950.17 2362.87 923.254 2258.5 1206.82 1353.85 1230.39 1156.05 368.998 904.651 691.67 928.744 335.602 871.216 616.732 740.686 482.343 277.922 385.769 554.256 416.13 518.882 773.731 428.344 345.387 306.647 301.643 442.223
internal_count=43425 29145 14280 23579 5566 11434 10274 6424 5900 13305 1671 5010 2846 4607 2534 7740 6440 6462 3951 2176 2431 3895 3008 2579 3767 1913 1854 1844 1293 2181
cat_boundaries=0 1
cat_threshold=2
is_linear=0
shrinkage=0.05


Tree=18
num_leaves=31
num_cat=0
split_feature=7 7 7 7 13 13 13 7 13 1 13 7 7 7 13 3 4 7 13 4 6 13 13 4 4 6 4 13 5 4
split_gain=1078.02 367.218 183.771 151.109 108.889 57.4428 35.1561 33.4173 31.9405 31.3815 25.7435 25.5269 26.7986 21.6685 21.526 19.182 18.6839 16.7075 16.5136 17.1297 15.4391 14.4021 14.1065 13.9371 13.3384 13.2966 13.0862 32.0221 17.5718 14.6659
threshold=0.061769910156726844 1.0000000180025095e-35 0.31805309653282171 0.013362831901758911 0.50151175260543834 0.37751218676567083 0.34395632147789007 0.00026548672030912718 0.45056845247745519 0.91751700639724743 0.33097694814205175 0.022035398520529274 0.027699114754796032 0.097964603453874602 0.41010664403438574 0.30901856720447546 0.37838028371334081 0.041327433660626418 0.41684392094612127 0.47039544582366949 0.084039550274610533 0.55146872997283947 0.40308825671672827 0.44127418100833898 0.21389906853437426 0.36325818300247198 0.47039544582366949 0.32183587551116949 0.029705882072448734 0.44127418100833898
decision_type=2 2 2 2 2 2 2 2 2 2 2 2 2 2 2 2 2 2 2 2 2 2 2 2 2 2 2 2 2 2
left_child=1 4 5 7 8 9 17 -3 -1 26 -4 -8 -13 15 -9 -7 -14 25 19 23 22 -6 -18 24 -15 -5 29 -28 -29 -2
right_child=2 3 10 6 21 13 11 14 -10 -11 -12 12 16 18 -16 -17 20 -19 -20 -21 -22 -23 -24 -25 -26 -27 27 28 -30 -31
leaf_value=-0.012899123934015214 0.0027736454574189859 -0.053562279506099868 0.019979274568346264 -0.033641355201244574 0.032499949540734221 0.0025897121302375838 -0.02019688393063097 -0.038805520949264261 0.0082122231862544158 0.020580406871169618 0.04798618109319016 0.047363359038119258 -0.020540222756742037 -0.00077526107122367991 -0.0023693118178895875 0.044289802803021333 -0.020141171055173514 -0.011543484363004867 0.039453123672366634 0.055877250224559416 0.020285099532171235 0.068144897533139029 0.03698023942123959 0.002195374961281481 0.028568331489027595 0.018303137206622449 -0.0079433578855344546 0.045830734373557364 0.003885956192353779 -0.02126659028499259
leaf_weight=374.37399077415466 729.15528216958046 515.68218775093555 96.199434325098991 429.14309073239565 169.48896268010139 162.44593530893326 318.04635890573263 554.88851939886808 343.19015717506409 371.64464685320854 593.61069984734058 27.184129506349564 110.05916596204042 44.110108256340027 44.061072990298271 33.201535031199455 63.352891430258751 127.71577637642622 233.9901053160429 36.812577053904533 88.337404295802116 34.531355574727058 12.886003345251082 85.970591172575951 298.6373552531004 12.498128503561018 86.676788464188576 77.475179940462112 37.249424174427986 69.372193545103073
leaf_count=2851 4112 6865 426 4195 700 845 2863 6105 1872 1737 2420 164 884 213 335 164 414 1034 956 148 535 143 70 431 1313 115 529 386 186 414
internal_value=-0.00031514 -0.0203059 0.0214919 -0.0309762 0.00636375 0.0146107 -0.0185694 -0.0442059 -0.00279547 0.00817402 0.0440911 -0.0103148 8.52735e-05 0.0244654 -0.0361343 0.00971081 -0.00459177 -0.0275441 0.028583 0.0231013 0.00604927 0.0385879 -0.0103851 0.0202629 0.0247782 -0.0321562 0.00355632 0.0149437 0.0322707 0.000676484
internal_weight=6181.99 3225.44 2956.55 2303.85 921.584 2266.74 1189.22 1114.63 717.564 1371.57 689.81 619.866 301.82 895.168 598.95 195.647 274.635 569.357 699.521 465.531 164.576 204.02 76.2389 428.718 342.747 441.641 999.929 201.401 114.725 798.527
internal_count=43425 29145 14280 23579 5566 11434 10274 13305 4723 7364 2846 4930 2067 4070 6440 1009 1903 5344 3061 2105 1019 843 484 1957 1526 4310 5627 1101 572 4526
is_linear=0
shrinkage=0.05


Tree=19
num_leaves=31
num_cat=0
split_feature=7 7 7 7 13 7 13 13 7 13 4 7 13 13 13 13 4 13 7 7 7 13 7 7 6 1 1 13 5 3
split_gain=982.032 365.302 178.315 124.476 98.4681 62.2865 47.9116 36.7395 31.2542 24.7571 23.06 21.7652 26.4846 20.4591 18.7452 18.5248 17.8189 17.4706 15.4491 15.9519 28.6221 24.0311 12.5337 12.3661 13.92 12.2367 12.1189 11.3728 20.2176 13.7719
threshold=0.047610620036721236 1.0000000180025095e-35 0.17752212285995486 0.01212389348074794 0.48095561563968664 0.67185840010643016 0.38739566504955297 0.38131625950336462 0.00026548672030912718 0.53683188557624828 0.25211864709854132 0.02008849568665028 0.29338417947292333 0.34831000864505773 0.40065751969814306 0.46538750827312475 0.52086955308914196 0.42497123777866369 0.15415929257869723 0.12566372007131579 0.11283186078071596 0.3331922739744187 0.0012389380135573449 0.016371681354939941 0.054018178954720504 0.91547620296478283 0.81165540218353283 0.34146572649478918 0.37248815596103674 0.38941444456577307
decision_type=2 2 2 2 2 2 2 2 2 2 2 2 2 2 2 2 2 2 2 2 2 2 2 2 2 2 2 2 2 2
left_child=1 4 6 8 17 13 18 10 -3 -6 -5 -12 -13 -4 22 -8 23 -1 19 20 21 -2 -10 -9 -25 -15 -21 28 -28 -29
right_child=2 3 5 7 9 -7 15 16 14 -11 11 12 -14 25 -16 -17 -18 -19 -20 26 -22 -23 -24 24 -26 -27 27 29 -30 -31
leaf_value=-0.01777771309348411 -0.012257816036123923 -0.053288895896484383 0.016906776296806918 -0.041182307312757654 0.020935592172699351 0.04879144291697244 0.019119742388113495 -0.022236627842437909 0.024530814058984329 0.055357194483063393 -0.030809761315420032 -0.039397785986037423 -0.0069979778368533078 0.019621197871109192 -0.010535656575242542 0.057912494337153952 0.026936909987907928 0.00018416063800518384 -0.031126953481987126 0.00010161531885222835 -0.033868675027956485 0.009243674131574427 -0.040304931772023794 -0.021855526336992337 0.01714628721053417 0.037036253048015354 0.016157696604211663 0.034415730053110348 -0.027662292871412822 -0.010704934558271401
leaf_weight=212.24265627563 187.18723259866238 492.98560155928135 375.43133534491062 171.91104410588741 270.45973417162895 443.05180867016315 503.98950901627541 90.871360629796982 7.418148271739482 65.093041390180588 307.62963452190161 77.96932315081358 332.15773192793131 140.5625075250864 65.313393980264664 32.872616589069366 42.268385276198387 371.99889380484819 31.200969487428665 162.08327786624432 58.725729957222939 423.77540194988251 460.00668431073427 35.374547272920609 64.162364818155766 374.68736058473587 159.89813293516636 116.67113943397999 31.344865262508392 19.540556713938713
leaf_count=1685 1330 6865 1680 1738 1208 1827 2337 805 85 269 3156 799 2713 581 512 133 249 2404 188 879 398 2364 5289 258 460 1519 840 558 192 104
internal_value=-0.000312273 -0.0203048 0.0197233 -0.0315949 0.00605699 0.0334575 0.00911417 -0.0200775 -0.0441892 0.0276424 -0.024704 -0.020745 -0.0131778 0.0258197 -0.0357507 0.0215147 -0.00236311 -0.00633438 0.0035162 0.00445555 -0.000552288 0.00264692 -0.0392603 -0.00890434 0.00322718 0.0322998 0.0113152 0.0168487 0.00893873 0.0279031
internal_weight=6128.88 3067.86 3061.02 2148.07 919.794 1333.73 1727.29 1122.34 1025.72 335.553 889.668 717.757 410.127 890.681 532.738 536.862 232.677 584.242 1190.43 1159.23 669.688 610.963 467.425 190.408 99.5369 515.25 489.538 327.455 191.243 136.212
internal_count=43425 28495 14930 22929 5566 5607 9323 10178 12751 1477 8406 6668 3512 3780 5886 2470 1772 4089 6853 6665 4092 3694 5374 1523 718 2100 2573 1694 1032 662
is_linear=0
shrinkage=0.05


Tree=20
num_leaves=31
num_cat=1
split_feature=7 7 7 7 13 13 13 7 4 13 13 7 13 4 7 13 4 13 12 4 13 13 5 13 5 7 3 4 4 7
split_gain=895.256 341.852 163.379 122.106 90.2499 53.9193 34.3737 31.8715 27.3873 30.3935 26.7551 25.0686 24.075 22.3104 20.7039 25.0963 20.4873 18.2558 17.9745 15.9671 15.4428 15.4199 15.0945 13.091 12.7595 12.1831 17.3498 11.5409 11.5074 11.3957
threshold=0.047610620036721236 1.0000000180025095e-35 0.31805309653282171 0.01212389348074794 0.50151175260543834 0.353803500533104 0.38131625950336462 0.00026548672030912718 0.47039544582366949 0.41513416171073919 0.45797410607337957 0.13831858336925509 0.29750332236289984 0.25211864709854132 0.02008849568665028 0.29338417947292333 0.44127418100833898 0.41010664403438574 0 0.52086955308914196 0.32183587551116949 0.3908704966306687 0.005000124918296934 0.55146872997283947 0.37248815596103674 0.12566372007131579 0.055060440674424178 0.38500961661338812 0.42360590398311621 0.016371681354939941
decision_type=2 2 2 2 2 2 2 2 2 2 2 2 2 2 2 2 2 2 1 2 2 2 2 2 2 2 2 2 2 2
left_child=1 4 5 7 10 11 13 -3 9 16 18 20 -4 -5 -15 -16 25 -9 -1 29 -2 -14 -22 -6 27 -7 28 -13 -27 -8
right_child=2 3 12 6 23 8 19 17 -10 -11 -12 24 21 14 15 -17 -18 -19 -20 -21 22 -23 -24 -25 -26 26 -28 -29 -30 -31
leaf_value=-0.016636662593856436 -0.017925822142383963 -0.053026657252011111 -0.01150329909385573 -0.04043237423872538 0.029383073983436692 0.0089262506785266014 -0.021485839088024636 -0.037784423971570225 0.041072511014595553 0.030247197352167417 0.0090901447259341683 0.0011521613459582014 0.033869383978878113 -0.030002876214875601 -0.038633617437738299 -0.0066820431849693891 -0.0044344487704645798 -0.0033438544970728645 0.006935689397104372 0.025232557887876844 0.013734000717267315 0.049260156706029734 -0.0093401874758132861 0.063723590634850905 -0.0079985480713918068 0.0080283228803815134 0.032840146996220995 0.019021060121558315 0.038076939438729973 0.0030508429910357363
leaf_weight=316.01918547600508 157.26524449884892 471.20350437611341 21.566346794366837 166.48515865206718 170.21692284941673 389.32283574342728 89.386356770992279 475.37628838419914 125.45879609882832 309.06593152880669 289.93276579678059 126.26884724199772 315.17428216338158 300.29915199428797 75.598600961267948 330.51707269251347 154.58963210880756 42.236468553543091 108.26358525454998 42.858264304697514 134.67006592452526 347.19717437028885 149.27001966536045 33.629796802997589 76.745753884315491 213.48989918828011 183.48411653935909 323.2787938117981 37.564011082053185 99.743910938501358
leaf_count=2475 1159 6865 102 1738 700 2079 805 5562 524 1310 1525 641 1301 3156 799 2713 840 324 723 249 795 1443 885 143 398 964 787 1540 162 718
internal_value=-0.000309767 -0.0196696 0.0187159 -0.0308242 0.00576441 0.0125235 -0.0193904 -0.043592 0.0187509 0.0165689 -0.0026055 0.00342274 0.0402563 -0.023937 -0.0200372 -0.0126502 0.0122405 -0.034985 -0.0106097 -0.00225834 -0.00535936 0.0419506 0.00158706 0.0351014 0.0107941 0.0153756 0.021139 0.0140145 0.0125576 -0.00852444
internal_weight=6076.18 3011.77 3064.41 2093.7 918.062 2380.47 1104.89 988.816 1412.98 1287.52 714.216 967.499 683.938 872.9 706.415 406.116 978.45 517.613 424.283 231.989 441.205 662.371 283.94 203.847 526.293 823.861 434.538 449.548 251.054 189.13
internal_count=43425 28495 14930 22929 5566 12084 10178 12751 6666 6142 4723 5418 2846 8406 6668 3512 4832 5886 3198 1772 2839 2744 1680 843 2579 3992 1913 2181 1126 1523
cat_boundaries=0 1
cat_threshold=2
is_linear=0
shrinkage=0.05


Tree=21
num_leaves=31
num_cat=1
split_feature=7 7 1 7 13 13 7 13 13 7 4 4 7 13 13 13 13 7 4 13 7 5 7 4 4 13 12 7 6 6
split_gain=816.247 319.677 151.013 119.637 81.7595 42.7669 32.4851 32.1424 26.7216 25.4541 22.7567 21.5634 19.6689 23.7606 19.4613 17.8865 17.1291 14.7279 14.3153 13.9956 15.4619 13.5053 12.2141 11.423 20.3331 11.1312 11.0088 10.5028 12.5576 9.72468
threshold=0.047610620036721236 1.0000000180025095e-35 0.94519516825675975 0.01212389348074794 0.50527191162109386 0.36942973732948309 0.00026548672030912718 0.38131625950336462 0.43915653228759771 0.67185840010643016 0.47039544582366949 0.25211864709854132 0.02008849568665028 0.29338417947292333 0.45683620870113378 0.40065751969814306 0.28092238306999212 0.12566372007131579 0.52086955308914196 0.32183587551116949 0.11283186078071596 0.005000124918296934 0.0012389380135573449 0.35832114517688757 0.19897611439228061 0.55146872997283947 0 0.016371681354939941 0.054018178954720504 0.049339246004819877
decision_type=2 2 2 2 2 2 2 2 2 2 2 2 2 2 2 2 2 2 2 2 2 2 2 2 2 2 1 2 2 2
left_child=1 4 5 6 8 17 -3 11 -1 16 14 -5 -13 -14 23 22 -4 19 27 -2 21 -21 -8 24 -7 -6 -10 -9 -29 -15
right_child=2 3 9 7 25 10 15 18 26 -11 -12 12 13 29 -16 -17 -18 -19 -20 20 -22 -23 -24 -25 -26 -27 -28 28 -30 -31
leaf_value=-0.013878102559090081 -0.016735232493505985 -0.052774623365928836 -0.04141919973531244 -0.03968529410012054 0.029341938827191518 0.001790299273310293 0.025448637061576559 -0.020750808366997758 0.0012507330630760279 0.045304309869339081 0.043551638612623816 -0.029203428383391624 -0.037872163271283843 -0.018382342311154078 0.046490080252183048 -0.0094313718078418967 0.029188283464208955 0.0091975568569743222 0.023662701336293505 0.016037313272619435 -0.034460007326318952 -0.0033874453900054318 -0.038919383128553697 0.0095396097744741212 0.02907174226461209 0.061575138074333451 0.019768845717153861 -0.021186500092248584 0.015921725239190214 -0.00020012719034631643
leaf_weight=288.15688366442919 120.77818758785725 450.30966131389141 8.6041552573442441 161.27341604977846 152.07745687663555 95.033414155244827 7.3391387462615958 87.965337172150612 337.13817036151886 375.20002800226212 84.323243603110313 293.27747571468353 73.322906844317913 111.4463482350111 50.457021281123161 64.124843209981918 480.25097973644733 732.36294491589069 43.408490031957626 164.10265009105206 25.894735172390938 195.87789085507393 431.67057155072689 487.43207931518555 246.48771680891514 33.080502152442932 105.52464963495731 34.934646114706993 65.00847551971674 217.50800593942404
leaf_count=2316 940 6865 41 1738 622 459 85 805 1914 1576 348 3156 799 928 206 512 2017 3614 249 944 188 1126 5289 2345 1126 143 571 258 460 1785
internal_value=-0.000306353 -0.0190482 0.0177663 -0.0300589 0.00548828 0.0108132 -0.0429931 -0.0187182 -0.00202565 0.035483 0.0187139 -0.0231834 -0.0193449 -0.0121396 0.0163219 -0.0342199 0.0279271 0.00466273 -0.00215421 -0.00188296 0.00275594 0.00545574 -0.0378264 0.0144742 0.0214977 0.0351579 0.00567995 -0.00815415 0.00289253 -0.00637898
internal_weight=6024.37 2957.57 3066.81 2041.59 915.978 2202.75 953.444 1088.15 730.82 864.055 963.733 856.828 695.555 402.277 879.41 503.135 488.855 1239.02 231.317 506.653 385.875 359.981 439.01 828.953 341.521 185.158 442.663 187.908 99.9431 328.954
internal_count=43425 28495 14930 22929 5566 11296 12751 10178 4801 3634 4484 8406 6668 3512 4136 5886 2058 6812 1772 3198 2258 2070 5374 3930 1585 765 2485 1523 718 2713
cat_boundaries=0 1
cat_threshold=2
is_linear=0
shrinkage=0.05


Tree=22
num_leaves=31
num_cat=1
split_feature=7 7 7 7 13 1 7 13 13 13 13 13 4 13 4 5 4 7 13 12 4 4 13 4 3 6 1 3 7 6
split_gain=744.111 298.82 139.079 118.4 74.445 53.6211 42.9831 33.8557 31.0457 27.2822 23.4059 22.5199 18.0248 17.6921 28.3005 17.5471 16.8403 15.9992 14.4732 14.0522 13.9259 13.8571 12.6289 12.1595 13.1887 11.6738 10.7101 11.1981 10.3891 17.2456
threshold=0.047610620036721236 1.0000000180025095e-35 0.67185840010643016 0.00026548672030912718 0.47539174556732183 0.91366460919380199 0.02008849568665028 0.40858288109302526 0.29338417947292333 0.38131625950336462 0.40308825671672827 0.52688059210777294 0.25211864709854132 0.3331922739744187 0.47039544582366949 0.0020918130176141862 0.34656305611133581 0.0012389380135573449 0.32095192372798925 0 0.44127418100833898 0.50996163487434398 0.42799064517021185 0.38905704021453863 0.083948746323585524 0.025218237191438678 0.88047617673873912 0.32562056183815008 0.031946902163326747 0.052697699517011649
decision_type=2 2 2 2 2 2 2 2 2 2 2 2 2 2 2 2 2 2 2 1 2 2 2 2 2 2 2 2 2 2
left_child=1 4 5 -3 19 7 9 13 -8 17 12 -6 -10 16 20 -16 -2 -5 -7 22 26 -11 -1 24 -18 -20 27 -15 29 -14
right_child=2 3 -4 6 11 18 8 -9 10 21 -12 -13 28 14 15 -17 23 -19 25 -21 -22 -23 -24 -25 -26 -27 -28 -29 -30 -31
leaf_value=-0.022142995639074469 -0.017669698149486508 -0.052531915506647264 0.04321189667987213 0.054510614153499559 0.015370035208822018 0.0097979044658821797 -0.0396070334290132 0.023393670599254172 -0.03164143951364129 -0.020818767210369987 0.025516335630194203 0.043970245262181296 -0.018476103438821084 0.0068986414945991538 0.061277516476919605 0.018887994679779859 0.031616429142965016 -0.03489839539752837 -5.7225346123327619e-05 0.007135793405145684 -0.0081913965244699866 0.0090718373902121067 -0.0040579532795901518 -0.002281555985964421 -0.02544668761682254 0.028278491077616309 -0.014188043384440872 0.023471025570246995 -0.012802656072882487 0.017574664470108921
leaf_weight=161.6162983700633 143.05861451476812 430.27742275595665 430.62858347594738 4.909979283809661 280.84818676114082 161.13686129450798 89.095737561583519 292.78032425045967 86.563326731324196 188.77461683750153 48.113903656601906 91.651327684521675 52.276479192078114 638.93171443045139 34.57698680460453 85.042236194014549 57.09146049618721 719.1626643538475 38.272016957402229 138.13071820139885 156.6377204656601 48.46856751292944 241.76334001123905 236.02888755500317 12.127781510353087 611.0706802457571 50.387726321816444 121.71756061911583 233.80770599842072 90.143803045153618
leaf_count=1389 890 6865 1827 56 1287 766 1014 1273 866 1796 288 384 438 3320 156 394 329 8579 168 887 849 439 1619 1415 77 2597 249 620 1846 742
internal_value=-0.000302694 -0.0184388 0.0168635 -0.0293013 0.00522535 0.0125604 -0.022893 0.00781018 -0.0123746 -0.0294509 -0.00760904 0.0224303 -0.0110685 0.00483442 0.00828172 0.0312238 -0.00351529 -0.0342778 0.023268 -0.00660247 0.00543764 -0.0146898 -0.0113199 0.00310561 0.0215241 0.0266009 0.0080767 0.00955983 -0.00631457 0.00430319
internal_weight=5975.09 2905.6 3069.49 1991.59 914.01 2638.86 1561.32 1828.38 600.001 961.316 510.905 372.5 462.791 1535.6 1087.29 119.619 448.307 724.073 810.48 541.51 967.675 237.243 403.38 305.248 69.2192 649.343 811.037 760.649 376.228 142.42
internal_count=43425 28495 14930 22929 5566 13103 16064 9572 5194 10870 4180 1671 3892 8299 5588 550 2711 8635 3531 3895 5038 2235 3008 1821 406 2765 4189 3940 3026 1180
cat_boundaries=0 1
cat_threshold=2
is_linear=0
shrinkage=0.05


Tree=23
num_leaves=31
num_cat=1
split_feature=7 7 7 7 13 13 1 13 13 13 1 6 13 7 12 13 4 1 3 13 4 13 13 5 5 4 4 5 7 4
split_gain=678.302 279.064 130.078 117.57 68.0081 41.7537 41.4687 23.7203 23.4788 22.5365 22.4422 20.3796 19.8068 19.6412 14.6194 14.1823 16.7854 13.6179 15.1129 13.4008 14.953 13.0432 12.3062 12.49 11.6294 11.3453 11.2759 12.7179 11.0539 13.4035
threshold=0.047610620036721236 1.0000000180025095e-35 0.31805309653282171 0.00026548672030912718 0.50527191162109386 0.353803500533104 0.4708049893379212 0.35138554871082311 0.41010664403438574 0.45937141776084905 0.80243903398513805 0.052697699517011649 0.29869909584522253 0.13831858336925509 0 0.29015000164508825 0.53136983513832103 0.36939570307731634 0.30901856720447546 0.41428090631961828 0.47039544582366949 0.3908704966306687 0.32183587551116949 0.005000124918296934 0.37248815596103674 0.49412102997303015 0.52086955308914196 0.0099751241505146044 0.016371681354939941 0.33782868087291723
decision_type=2 2 2 2 2 2 2 2 2 2 2 2 2 2 1 2 2 2 2 2 2 2 2 2 2 2 2 2 2 2
left_child=1 4 5 -3 9 13 8 -8 15 14 17 -9 -4 22 -1 -5 28 -7 25 20 -12 -14 -2 -24 -15 -19 -13 -28 -17 -30
right_child=2 3 12 6 -6 10 7 11 -10 -11 19 26 21 24 -16 16 -18 18 -20 -21 -22 -23 23 -25 -26 -27 27 -29 29 -31
leaf_value=-0.014809550090921742 -0.01665687073478464 -0.052297704553647344 -0.0091488096585696423 -0.047431158704333447 0.032110042894134071 0.020106065074464937 -0.020170352619790236 -0.018632599601644165 -0.0015323485219971237 0.0085535656076058363 0.015026333589623199 0.0052225195200270667 0.029650564338611404 0.012070395600666564 0.0062466038623502406 -0.035358998890767324 -0.01354149662323624 -0.0013931387024158956 0.023851381187751878 0.033852433368570384 0.039224562796141581 0.043954979724069448 0.011759479317590367 -0.0091438217845775261 -0.0088780238020457845 0.039315362099113543 0.065091086444150334 0.0054813433907054112 -0.033940026571062598 -0.009663371058190694
leaf_weight=314.75724032521248 153.70845652371645 411.07978381961584 23.791669487953186 102.31721207499504 184.1655930429697 206.33099336922169 251.01415004581213 74.815964683890343 80.213820740580559 301.80428569018841 495.51441968977451 104.58916971087456 311.21320527791977 455.27756211161613 111.22373697161674 483.43774832040071 171.05604389309883 368.71802361309528 84.297979712486267 180.95431779325008 73.663851693272591 337.00016912817955 137.20293326675892 148.83588454127312 77.174619376659393 17.845028162002563 19.447097301483154 16.901899844408035 115.43306898325682 113.62004866451025
leaf_count=2522 1159 6865 112 1273 765 977 2522 624 628 1543 2297 896 1291 2181 736 5928 1720 1863 413 739 300 1443 795 885 398 77 124 107 1167 1075
internal_value=-0.000298823 -0.0178404 0.0160096 -0.0285457 0.0049741 0.0105605 -0.0221696 -0.00972151 -0.0276137 -0.00188923 0.0160043 0.00241551 0.0354547 0.00256232 -0.00929987 -0.0297303 -0.0276697 0.00939067 0.0046813 0.0219662 0.0181732 0.0371006 -0.00525 0.000865901 0.00902361 0.000482851 0.0136295 0.0376014 -0.0310522 -0.0219291
internal_weight=5927.41 2855.88 3071.53 1943.93 911.951 2399.52 1532.85 466.768 1066.08 727.785 1427.32 215.754 672.005 972.199 425.981 985.864 883.547 677.192 470.861 750.133 569.178 648.213 439.747 286.039 532.452 386.563 140.938 36.349 712.491 229.053
internal_count=43425 28495 14930 22929 5566 12084 16064 4273 11791 4801 6666 1751 2846 5418 3258 11163 9890 3330 2353 3336 2597 2734 2839 1680 2579 1940 1127 231 8170 2242
cat_boundaries=0 1
cat_threshold=2
is_linear=0
shrinkage=0.05


Tree=24
num_leaves=31
num_cat=0
split_feature=7 7 7 7 13 1 7 13 13 13 13 13 4 13 4 4 5 4 4 13 13 4 6 6 5 7 1 6 5 13
split_gain=618.388 260.442 119.531 116.649 61.5758 44.8488 40.0001 28.677 28.6668 26.5265 22.42 20.2484 16.7076 14.4768 25.2491 16.42 16.2872 14.2287 13.5725 12.2637 10.9453 10.5158 10.4366 9.83507 10.6504 10.3424 12.9415 20.6091 18.7647 10.3283
threshold=0.047610620036721236 1.0000000180025095e-35 0.67185840010643016 0.00026548672030912718 0.50878319144248974 0.91366460919380199 0.02008849568665028 0.40858288109302526 0.29338417947292333 0.35962621867656713 0.43915653228759771 0.40308825671672827 0.25211864709854132 0.33168376982212072 0.47039544582366949 0.34656305611133581 0.0020918130176141862 0.65896359086036693 0.44127418100833898 0.32095192372798925 0.41010664403438574 0.38905704021453863 0.025218237191438678 0.36325818300247198 0.52959111332893383 0.031946902163326747 0.4708049893379212 0.052697699517011649 0.41596639156341558 0.34707875549793249
decision_type=2 2 2 2 2 2 2 2 2 2 2 2 2 2 2 2 2 2 2 2 2 2 2 2 2 2 2 2 2 2
left_child=1 4 5 -3 10 7 9 13 -8 -5 -1 12 -10 15 18 -2 -16 20 -15 -7 -11 -17 -21 24 25 26 -14 -28 29 -29
right_child=2 3 -4 6 -6 19 8 -9 11 17 -12 -13 23 14 16 21 -18 -19 -20 22 -22 -23 -24 -25 -26 -27 27 28 -30 -31
leaf_value=-0.012488344573176737 -0.018122742224091916 -0.052071209494404018 0.039944502046630435 -0.035514415922709507 0.032602136380467349 0.0086811994657528327 -0.038274756559851117 0.021226379841790127 -0.030272318207714918 -0.024257889359006548 0.0053859526633506785 0.023855975043038744 -0.010040374089894825 0.0070858093885437625 0.056400259421068001 0.020313391083341546 0.016590156167205307 0.033566803597397513 -0.0088869651729649429 -0.0010804608355869728 -0.0033632586466465658 -0.0021539610100342922 0.025678986938415044 0.03972722183510425 0.024246219117303239 -0.016307637830894606 -0.01819126886439509 0.04908392121262848 -0.012362834537753805 0.12693071055710431
leaf_weight=280.99229694902897 133.90712482482195 392.68963871151209 421.43062905967236 514.581588126719 162.68125534057617 162.30983658134937 84.004846878349781 294.66193421185017 83.08350683003664 312.53430239856243 466.34546089172363 48.734484896063805 83.301922790706158 830.8985026627779 36.763181954622269 67.407908663153648 87.243260353803635 12.621726192533968 157.99625816941261 38.346048504114151 79.155388511717319 226.7038709372282 614.23469805717468 11.540087543427942 25.292502723634243 204.47767120599747 18.293456099927425 13.052646130323415 8.3846048936247808 6.6969036906957617
leaf_count=2316 848 6865 1827 6524 677 766 1014 1273 866 3568 2573 288 717 4272 164 391 402 128 856 168 650 1366 2597 92 206 1640 150 117 63 41
internal_value=-0.000294357 -0.0172526 0.015208 -0.0277944 0.00473443 0.0112716 -0.0214568 0.00693332 -0.0112424 -0.027973 -0.00132871 -0.00670991 -0.0100056 0.00419569 0.00720254 -0.00361065 0.0284686 -0.018356 0.00452813 0.0210357 -0.0200501 0.00298352 0.024099 -0.00544711 -0.00692177 -0.00930204 0.00170561 0.0228644 0.0497067 0.0762395
internal_weight=5880.37 2808.46 3071.9 1898.45 910.019 2650.47 1505.76 1835.58 586.863 918.893 747.338 502.858 454.123 1540.92 1112.9 428.019 124.006 404.311 988.895 814.891 391.69 294.112 652.581 371.04 359.5 334.207 129.73 46.4276 28.1342 19.7495
internal_count=43425 28495 14930 22929 5566 13103 16064 9572 5194 10870 4889 4180 3892 8299 5694 2605 566 4346 5128 3531 4218 1757 2765 3026 2934 2728 1088 371 221 158
is_linear=0
shrinkage=0.05


Tree=25
num_leaves=31
num_cat=0
split_feature=7 7 7 7 13 7 13 13 13 4 7 13 13 13 13 1 4 6 13 13 6 5 5 3 13 3 7 4 6 4
split_gain=563.703 243.001 115.573 111.717 56.4315 38.2794 35.5144 28.8212 28.0352 22.1954 18.5334 17.3391 15.1797 15.0437 14.6398 14.5215 13.2768 12.0876 11.6875 11.3308 10.8961 10.7874 10.2869 10.1362 12.6013 11.739 10.1282 9.94129 9.15655 9.11339
threshold=0.047610620036721236 1.0000000180025095e-35 0.00026548672030912718 0.31805309653282171 0.49254511296749121 0.017256637103855613 0.36810278892517095 0.29338417947292333 0.36199536919593817 0.1225140728056431 0.12566372007131579 0.38877150416374212 0.42497123777866369 0.41763857007026678 0.53683188557624828 0.90121948719024669 0.67892158031463634 0.29185217618942266 0.29750332236289984 0.41010664403438574 0.36325818300247198 0.52959111332893383 0.37854015827178961 0.029707981273531917 0.33630183339118963 0.037214621901512153 0.0017699114396236839 0.21389906853437426 0.078696139156818404 0.37588028609752661
decision_type=2 2 2 2 2 2 2 2 2 2 2 2 2 2 2 2 2 2 2 2 2 2 2 2 2 2 2 2 2 2
left_child=1 4 -3 6 12 8 15 -7 26 -9 -8 18 -1 20 -6 29 19 27 -5 -10 21 23 -20 -11 -25 -26 -4 -12 -27 -2
right_child=3 2 5 11 14 7 10 9 16 13 17 -13 -14 -15 -16 -17 -18 -19 22 -21 -22 -23 -24 24 25 28 -28 -29 -30 -31
leaf_value=-0.014815676329556797 -0.0053553393492725638 -0.051851691269768511 0.016549983059563143 -0.01115732647919331 0.01753305386397656 -0.038420008897888325 0.0083396376265386287 -0.039221703891242743 -0.024853676907358312 -0.018607065744721325 0.0031677406462919683 0.040522983608506299 0.001726962498603436 0.029865137228662159 0.045586780140995993 0.012614064872756174 0.037119103365232817 0.053654665612856527 0.033957693597468676 -0.0023708515440396677 0.038913736250337692 0.02263818995394561 0.014722042470924191 -0.01765271746602293 0.046728894905150677 -0.012956714170110581 -0.038555857812504521 0.022273451444276563 0.010027025690342604 0.0046431784348567231
leaf_weight=200.6265230178833 386.41883943974972 375.07992862910032 8.3325466960668546 21.482258915901184 199.2184633910656 94.80400737375021 473.13017046451569 55.042272754013538 243.2341281697154 219.26663372665644 78.449849814176559 340.36907283961773 447.22001866996288 27.677600413560867 61.206028163433075 338.47620415687561 10.494979023933409 27.835225790739059 188.82475861907005 73.494605503976345 12.073834314942358 25.730024054646492 112.17204007506371 113.36223137378693 14.340699449181555 77.802186690270901 406.32993379980326 550.26314456760883 97.542204819619656 554.93925514817238
leaf_count=1685 2306 6865 108 102 844 1179 2330 615 2899 1992 364 1489 2768 159 269 1547 102 112 792 610 93 206 463 1129 108 646 5439 2329 779 3096
internal_value=-0.000289847 -0.0166782 -0.0270552 0.0144461 0.00450588 -0.0207625 0.00944167 -0.0126821 -0.0287871 -0.00887318 0.0159038 0.032626 -0.00338978 -0.00601659 0.0241605 0.00373303 -0.0178079 0.021345 0.0242654 -0.0196549 -0.00780359 -0.00884884 0.026813 -0.0104135 -0.00446454 0.00339596 -0.0374327 0.0198983 -0.000144179 0.000533435
internal_weight=5835.24 2762.88 1854.61 3072.36 908.271 1479.53 2409.51 737.642 741.886 642.838 1129.68 662.848 647.847 587.795 260.424 1279.83 327.224 656.548 322.479 316.729 560.118 548.044 300.997 522.314 303.047 189.685 414.662 628.713 175.344 941.358
internal_count=43425 28495 22929 14930 5566 16064 12084 6906 9158 5727 5135 2846 4453 5112 1113 6949 3611 2805 1357 3509 4953 4860 1255 4654 2662 1533 5547 2693 1425 5402
is_linear=0
shrinkage=0.05


Tree=26
num_leaves=31
num_cat=1
split_feature=7 7 7 7 13 7 1 13 13 13 13 7 6 4 13 7 7 7 13 12 5 3 6 6 7 13 4 13 1 4
split_gain=513.882 226.578 114.386 102.617 51.5003 37.0567 36.5064 28.3383 20.3416 19.6616 18.5422 15.5563 14.81 14.2128 14.0296 17.0906 13.9443 13.4802 12.8025 11.8395 11.0277 10.9357 10.7782 10.3709 10.2844 19.1165 10.1748 9.88119 9.82831 9.34622
threshold=0.047610620036721236 1.0000000180025095e-35 0.00026548672030912718 0.67185840010643016 0.47539174556732183 0.17752212285995486 0.4708049893379212 0.38877150416374212 0.33956466615200048 0.41010664403438574 0.53683188557624828 0.097964603453874602 0.050125628709793098 0.15779159218072894 0.29469318687915808 0.019026548601686958 0.15415929257869723 0.0012389380135573449 0.3331922739744187 0 0.41143791377544409 0.32562056183815008 0.29185217618942266 0.061929596588015563 0.15415929257869723 0.42213490605354315 0.57738095521926891 0.42799064517021185 0.8989795744419099 0.32274959981441503
decision_type=2 2 2 2 2 2 2 2 2 2 2 2 2 2 2 2 2 2 2 1 2 2 2 2 2 2 2 2 2 2
left_child=1 4 -3 5 19 7 9 16 -8 13 -6 23 20 -4 -15 17 21 -16 -7 27 -10 29 28 -9 -13 -26 -19 -1 -20 -2
right_child=3 2 6 -5 10 18 8 11 12 -11 -12 24 -14 14 15 -17 -18 26 22 -21 -22 -23 -24 -25 25 -27 -28 -29 -30 -31
leaf_value=-0.019971174986545145 -0.0084744476014514594 -0.051638456290457692 -0.041655014132633658 0.036952631927127638 0.013609260916436525 0.0088232644463066643 -0.020655662175273027 0.018010985608496202 -0.021204199532934433 -0.0016031235150830488 0.043925544088682038 0.027780962228388779 0.0091462012296003852 -0.043266552640881799 0.040370821320230101 -0.0088751653833553067 -0.030743718798300085 -0.029816294553965447 0.009575916569961148 0.0068838727400737029 0.046161870359667685 0.012832704567660155 0.042857430742456321 -0.0071780004949878549 -0.013071662076528288 0.025839424387536555 -0.00016588338668697814 -0.0037259295059788346 0.02404956898100075 0.0030508713218886582
leaf_weight=154.25872685015202 229.59842817485332 358.22369983792305 149.43914070725441 411.86474253237247 312.78360851109028 255.0247613042593 191.99677829444408 68.508873373270035 80.349090598523617 80.184172846376896 60.370037972927094 230.25495664775372 174.93815133720636 90.654489494860172 7.1814028248190871 177.82020817697048 32.114037737250328 464.18025410920382 163.60326233506203 138.40973846614361 6.436307579278945 213.66438478976488 57.343642294406891 100.66619558632374 52.641741991043091 78.140084996819496 31.219925589859486 240.45555276423693 428.25738523900509 750.47989910840988
leaf_count=1389 1418 6865 1936 1827 1402 1131 2060 331 716 628 269 973 1445 1229 78 1560 192 5956 679 887 52 1136 234 497 252 320 404 1619 1736 4204
internal_value=-0.000284503 -0.0161175 -0.0263235 0.0137263 0.00429044 0.0101273 -0.0200818 0.00588799 -0.00829862 -0.025418 0.0185378 0.0155459 0.000751666 -0.0274867 -0.0247292 -0.022246 0.00170573 -0.0269641 0.0183532 -0.00567404 -0.0161032 0.00258537 0.0220872 0.00299757 0.0214094 0.0101409 -0.0279582 -0.0100909 0.0200595 0.000345198
internal_weight=5791.06 2718.9 1812.62 3072.16 906.278 2660.3 1454.4 1756.07 453.72 1000.68 373.154 530.212 261.724 920.495 771.056 680.402 1225.86 502.582 904.229 533.124 86.7854 1193.74 649.204 169.175 361.037 130.782 495.4 394.714 591.861 980.078
internal_count=43425 28495 22929 14930 5566 13103 16064 9323 4273 11791 1671 2373 2213 11163 9227 7998 6950 6438 3780 3895 768 6758 2649 828 1545 572 6360 3008 2415 5622
cat_boundaries=0 1
cat_threshold=2
is_linear=0
shrinkage=0.05


Tree=27
num_leaves=31
num_cat=1
split_feature=7 7 7 7 13 7 13 13 13 4 13 13 4 13 13 7 4 12 1 6 13 5 5 13 4 1 1 5 5 6
split_gain=468.467 211.032 113.142 95.375 47.4372 35.6595 30.8515 27.9222 23.366 19.6423 18.6482 17.6196 17.4268 20.3974 15.7431 15.1379 14.2996 12.4506 11.796 11.6617 10.5141 11.0724 10.4653 10.3473 10.0442 9.72355 12.6563 11.1141 9.37938 10.5114
threshold=0.047610620036721236 1.0000000180025095e-35 0.00026548672030912718 0.31805309653282171 0.50878319144248974 0.016371681354939941 0.353803500533104 0.37871037423610693 0.40065751969814306 0.25211864709854132 0.29338417947292333 0.45937141776084905 0.47039544582366949 0.44227695465087896 0.3908704966306687 0.13831858336925509 0.57738095521926891 0 0.81165540218353283 0.052697699517011649 0.32183587551116949 0.005000124918296934 0.37248815596103674 0.29750332236289984 0.50996163487434398 0.38013136386871343 0.59761905670166027 0.49264955520629888 0.52959111332893383 0.29780831933021551
decision_type=2 2 2 2 2 2 2 2 2 2 2 2 2 2 2 2 2 1 2 2 2 2 2 2 2 2 2 2 2 2
left_child=1 4 -3 6 11 8 15 9 16 -7 -11 17 13 18 23 20 -4 -1 25 -9 -2 -22 -17 -5 -10 27 -27 -8 29 -12
right_child=3 2 5 14 -6 7 12 19 24 10 28 -13 -14 -15 -16 22 -18 -19 -20 -21 21 -23 -24 -25 -26 26 -28 -29 -30 -31
leaf_value=-0.013258676360920358 -0.015922843005405706 -0.051430844037878988 -0.034444384216215956 -0.0110678079116832 0.028724147599410645 -0.035712281020592873 0.0084331019190567267 -0.012164258535434552 -0.014354502008742867 -0.035661560382855853 -0.013702120975172136 0.0074564355483859469 0.030801282665926962 0.032588611058769167 0.037902426498822604 0.010091839521160082 -0.0045494714618052271 0.0062497858022720126 0.014408672607712917 0.017451730261578251 0.010494623383540194 -0.009130997750456343 -0.0097364099152207392 0.024632799457667377 0.02336606593528644 -0.022871040135842426 0.0036261176276238768 0.041291645655810602 0.020625843913195149 0.0090521262435957327
leaf_weight=305.90672738850117 151.72039893269539 342.09425365179777 509.66981667280197 21.461905837059021 160.55514068901539 111.77867034822702 142.36316214501858 49.96584215015173 87.917094677686691 74.348723664879799 348.39521583914757 326.59988558292389 127.28544366359711 104.61304640769958 321.86277592182159 460.6957423388958 43.865878254175186 111.15796619653702 615.08272187411785 98.106752961874008 138.81511700153351 148.76520538330078 77.44580864906311 310.05068901181221 21.904525324702263 51.26049593091011 367.25562685728073 31.536295875906944 25.733509816229343 59.060528017580509
leaf_count=2522 1159 6865 7098 102 677 1372 681 366 771 967 3390 1631 524 431 1443 2181 564 736 2763 659 795 885 398 1301 180 262 1853 152 205 492
internal_value=-0.00027923 -0.0155672 -0.0255929 0.0130495 0.00408461 -0.0194083 0.00846385 -0.0120553 -0.0279038 -0.0167208 -0.0125221 -0.00123142 0.0131193 0.011398 0.0300002 0.00160241 -0.0320856 -0.00804696 0.00955541 0.00742286 -0.00527727 0.000325271 0.00722772 0.0223038 -0.00677103 0.00450643 0.000364073 0.014441 -0.00853185 -0.0103902
internal_weight=5747.27 2677.06 1772.84 3070.21 904.22 1430.75 2416.84 767.389 663.357 619.317 507.538 743.665 1439.4 1312.11 653.375 977.442 553.536 417.065 1207.5 148.073 439.301 287.58 538.142 331.513 109.822 592.416 418.516 173.899 433.189 407.456
internal_count=43425 28495 22929 14930 5566 16064 12084 7451 8613 6426 5054 4889 6666 6142 2846 5418 7662 3258 5711 1025 2839 1680 2579 1403 951 2948 2115 833 4087 3882
cat_boundaries=0 1
cat_threshold=2
is_linear=0
shrinkage=0.05


Tree=28
num_leaves=31
num_cat=1
split_feature=7 7 7 7 13 7 7 13 13 4 13 12 13 13 4 13 6 7 7 5 13 13 5 13 7 13 6 7 3 6
split_gain=427.022 196.484 111.752 88.1775 42.9979 33.8742 31.8347 26.603 22.63 19.5633 19.1755 15.4668 15.3866 15.2238 13.9628 13.257 12.9853 12.1824 15.8378 12.0823 11.3299 10.6208 14.1636 10.0195 11.614 14.3842 9.64769 9.23513 13.0128 9.1088
threshold=0.047610620036721236 1.0000000180025095e-35 0.00026548672030912718 0.67185840010643016 0.50151175260543834 0.016371681354939941 0.12566372007131579 0.29338417947292333 0.36141982674598699 0.1225140728056431 0.34333035349845892 0 0.40626202523708349 0.35018791258335119 0.50996163487434398 0.42799064517021185 0.025218237191438678 0.087610617280006423 0.076194688677787795 0.37248815596103674 0.55146872997283947 0.47722494602203375 0.51541250944137584 0.41513416171073919 0.11283186078071596 0.39457647502422338 0.037754381075501449 0.10530973598361017 0.015458228066563608 0.040051745250821121
decision_type=2 2 2 2 2 2 2 2 2 2 2 1 2 2 2 2 2 2 2 2 2 2 2 2 2 2 2 2 2 2
left_child=1 4 -3 6 11 8 13 -7 -4 -9 19 15 26 -2 -10 -1 -12 18 -15 -8 -6 22 29 24 27 -26 -11 -19 -29 -18
right_child=3 2 5 -5 20 7 10 9 14 12 16 -13 -14 17 -16 -17 21 23 -20 -21 -22 -23 -24 -25 25 -27 -28 28 -30 -31
leaf_value=-0.018792964837045557 -0.0070158837958249594 -0.051228213172525364 -0.035947451990196055 0.034228193896730742 0.019263291561781439 -0.037079522301160621 0.009632303978399424 -0.035953415119713859 -0.022793022222202003 -0.019338399231522439 -0.0018703460434417196 0.010785645847860103 0.020586404863437935 0.011098147836205068 0.0031975307443242091 -0.0012024227007799331 0.03095044640988532 -0.00091817059561043331 0.054907375281137399 -0.0082703306090799837 0.052714787543084354 0.061695705476193019 -0.0044267829745249431 0.016553354971926306 -0.032179709674879695 0.011236854634666586 -0.0041230597293882504 0.051362082584867033 0.0059299658490115535 0.017620260922496852
leaf_weight=150.46612305194139 319.83392959088087 326.66527291759849 344.26976375281811 402.29045087099075 170.15103490650654 90.134375587105751 519.57200492918491 57.700186528265476 238.20256491750479 138.93922180682421 80.23944117128849 178.00477720797062 51.577219285070896 99.526547476649284 65.540688194334507 373.59364143013954 156.90444640815258 261.01411439478397 26.120033636689186 114.74342927336693 30.006391197443008 14.365108594298361 63.369722992181778 107.93955644965172 54.956810250878334 28.916089862585068 421.41514073312283 21.809265211224556 57.437583327293396 739.14205422997475
leaf_count=1389 2149 6865 5063 1827 700 1225 2476 707 2824 1344 354 1068 305 502 726 2266 674 1367 114 594 143 60 282 473 353 128 3870 111 296 3170
internal_value=-0.00027403 -0.0150312 -0.0248754 0.0124061 0.00388852 -0.0187536 0.00911004 -0.0115768 -0.0271572 -0.0081316 0.0132679 -0.00193394 -0.00549462 0.00192321 -0.0171692 -0.00626512 0.0174043 0.00627809 0.0202816 0.00638516 0.0243269 0.0189977 0.0183468 0.00295864 -0.000492437 -0.0171563 -0.00790738 0.00360427 0.0185452 0.0199632
internal_weight=5704.85 2636.67 1734.44 3068.18 902.222 1407.78 2665.89 759.766 648.013 669.632 1688.34 702.065 611.932 977.554 303.743 524.06 1054.02 657.72 125.647 634.315 200.157 973.781 959.416 532.073 424.134 83.8729 560.354 340.261 79.2468 896.047
internal_count=43425 28495 22929 14930 5566 16064 13103 7451 8613 6226 7610 4723 5519 5493 3550 3655 4540 3344 616 3070 843 4186 4126 2728 2255 481 5214 1774 407 3844
cat_boundaries=0 1
cat_threshold=2
is_linear=0
shrinkage=0.05


Tree=29
num_leaves=31
num_cat=0
split_feature=7 7 7 1 13 1 13 7 13 13 7 7 13 6 13 13 7 4 7 13 6 5 7 5 4 7 4 6 6 6
split_gain=389.145 182.776 110.29 82.2215 39.3619 32.626 27.4204 18.6553 17.884 17.8544 16.5709 15.8335 15.1843 15.1667 13.9599 13.4076 12.4412 12.6319 12.3112 11.7507 14.0246 12.6446 12.4595 19.5299 10.3497 10.0017 9.93041 9.63623 9.42884 14.9007
threshold=0.047610620036721236 1.0000000180025095e-35 0.00026548672030912718 0.9595918357372285 0.50878319144248974 0.4708049893379212 0.41428090631961828 0.12566372007131579 0.37370155751705175 0.35138554871082311 0.0012389380135573449 0.11283186078071596 0.45056845247745519 0.050125628709793098 0.39457647502422338 0.33380645513534551 0.017256637103855613 0.38201847672462469 0.31805309653282171 0.33240984380245214 0.29185217618942266 0.37248815596103674 0.13831858336925509 0.4275322705507279 0.506115883588791 0.097964603453874602 0.14093999564647677 0.086564276367425932 0.22477751225233081 0.2357628792524338
decision_type=2 2 2 2 2 2 2 2 2 2 2 2 2 2 2 2 2 2 2 2 2 2 2 2 2 2 2 2 2 2
left_child=1 4 -3 6 12 8 7 11 10 -7 -4 15 -1 -11 -13 -2 -12 -18 -5 21 22 -9 -21 28 -17 27 -10 -8 -24 -30
right_child=3 2 5 18 -6 9 25 19 26 13 16 14 -14 -15 -16 24 17 -19 -20 20 -22 -23 23 -25 -26 -27 -28 -29 29 -31
leaf_value=-0.0087414631890604718 -0.0094868597184314188 -0.051029978034036666 0.075850322786666813 0.016377369585214255 0.0262572155372576 -0.016483170746380237 0.021635521460006819 0.0063004903494305103 -0.034012577698378087 -0.015683905010833037 -0.033983851619323387 -0.032290449211277036 0.0055943910538243042 0.012932542518622884 0.0096213975463408166 0.0048112322262680359 -0.032810540295111733 -0.010630200678913723 0.032127903876980272 0.028049977799685634 0.038371012615786182 -0.01780118937531194 0.016567614912162649 -0.010530186788307598 0.044129952332291313 0.026338411163387233 -0.0083691378080140381 -0.014637581663925845 -0.037473040335146382 0.008109231119980926
leaf_weight=348.32870104163885 184.15477684885263 311.91077641025186 3.7163498625159255 172.39106434583664 159.13888540863991 230.77378985285759 40.313509613275528 374.51283110678196 45.345137141644955 68.378536760807037 399.08133996278048 65.137298904359341 392.75157952308655 142.46795319020748 28.283010020852089 560.53297039866447 111.11904548853636 154.45320622622967 460.57610028982162 96.829049900174141 50.943232014775276 63.503578945994377 410.2013898640871 108.80745342373848 17.195306554436684 240.63635340332985 230.70154078304768 33.250927522778511 20.481695756316185 138.38366861641407
leaf_count=2851 1358 6865 43 698 677 2522 184 1818 493 611 5957 435 2038 1140 125 2963 1333 1594 2063 452 208 351 1814 509 80 995 2371 155 101 621
internal_value=-0.000268456 -0.0145059 -0.0241621 0.0117944 0.0037022 -0.0181089 0.00761487 0.00556718 -0.0233566 -0.00687262 -0.0277848 -0.000129623 -0.00113739 0.00362535 -0.0195514 0.00224753 -0.0283832 -0.0199384 0.0278493 0.00942669 0.0129399 0.00279155 0.0112564 0.00884641 0.00599759 0.0214024 -0.0126104 0.00517469 0.0125613 0.00218121
internal_weight=5664.3 2598.17 1697.95 3066.13 900.219 1386.04 2433.17 2118.97 944.417 441.62 668.37 855.303 741.08 210.846 93.4203 761.883 664.654 265.572 632.967 1263.66 825.646 438.016 774.703 677.874 577.728 314.201 276.047 73.5644 569.067 158.865
internal_count=43425 28495 22929 14930 5566 16064 12169 10835 11791 4273 8927 4961 4889 1751 560 4401 8884 2927 2761 5874 3705 2169 3497 3045 3043 1334 2864 339 2536 722
is_linear=0
shrinkage=0.05


Tree=30
num_leaves=31
num_cat=1
split_feature=7 7 7 7 13 7 1 13 13 13 13 4 13 4 13 4 4 4 4 13 7 7 6 1 5 5 13 5 3 12
split_gain=354.561 169.886 108.753 76.3064 35.9475 31.2701 28.0527 23.7972 22.1073 19.0396 15.4881 15.2642 14.814 13.7848 11.3546 12.5191 12.1478 11.5899 11.226 10.7433 10.3795 10.2534 14.0078 19.8501 12.5917 11.8331 9.73881 9.718 9.28851 8.78397
threshold=0.047610620036721236 1.0000000180025095e-35 0.00026548672030912718 0.67185840010643016 0.47539174556732183 0.02008849568665028 0.91366460919380199 0.34016638994216924 0.29338417947292333 0.42977273464202886 0.55146872997283947 0.15115894377231601 0.40308825671672827 0.57738095521926891 0.34888450801372534 0.47039544582366949 0.38500961661338812 0.38905704021453863 0.38905704021453863 0.41010664403438574 0.016371681354939941 0.031946902163326747 0.052697699517011649 0.4708049893379212 0.52959111332893383 0.41596639156341558 0.3331922739744187 0.00228809891268611 0.023604429326951507 0
decision_type=2 2 2 2 2 2 2 2 2 2 2 2 2 2 2 2 2 2 2 2 2 2 2 2 2 2 2 2 2 1
left_child=1 4 -3 6 29 7 9 -4 -7 14 -6 -10 21 19 16 17 -2 -16 -18 20 -9 22 -13 -24 -23 26 -25 -17 -8 -1
right_child=3 2 5 -5 10 8 28 13 11 -11 -12 12 -14 -15 15 27 18 -19 -20 -21 -22 24 23 25 -26 -27 -28 -29 -30 -31
leaf_value=-0.008783727453686432 -0.0096868048311475226 -0.050835544124689727 -0.035187062774756375 0.031783632097931648 0.012415852943959247 -0.034324986814885251 0.032609010157742646 -0.026594271999164781 -0.028354891237295867 0.023158810346027424 0.050473084313505112 -0.01493499741607824 0.026661531681193909 0.019901944329437492 0.0097887652433511132 0.049307157439856156 0.030820141048015889 -0.0013141783886670521 0.0012831901026354499 -0.0017565807946458949 -0.0080088923557829171 -0.014688179923860303 -0.00092585952134701288 0.031720523301399337 0.022149351482027738 -0.0058178076194778799 0.090915107003913864 0.013289588327107743 0.014167661624765793 0.005816475271218805
leaf_weight=385.87037256360054 278.65638072788715 297.80536764487624 291.37237512692809 393.1375492811203 343.50894126296043 71.095885366201401 75.724092170596123 320.68992895260453 58.612909376621246 130.73675191402435 29.033834099769592 50.338535271584988 42.917594753205776 23.565547339618206 540.67086068540812 27.582192897796631 35.263875305652618 414.43756085634232 361.75704105198383 76.407946653664112 99.339437983930111 212.11264143884182 56.147734560072422 14.566443122923376 25.85607773065567 8.3178950175642949 14.156206145882605 60.124824270606041 745.16220736503601 140.01919203996658
leaf_count=3008 1721 6865 4375 1827 1528 1014 322 4486 677 549 143 467 235 267 2647 115 165 2049 2072 646 1096 1804 494 138 206 65 94 254 3209 887
internal_value=-0.000262913 -0.0139906 -0.0234537 0.0112157 0.00352398 -0.017475 0.00818443 -0.0237309 -0.00830318 0.00476552 0.015408 -0.00445641 -0.00113827 -0.0172965 0.00336205 0.00663428 -0.00168104 0.00496614 0.00392639 -0.019076 -0.0222136 -0.00428497 0.00624522 0.0177437 -0.010657 0.0461048 0.0612828 0.0247166 0.0158787 -0.00488652
internal_weight=5624.99 2561.73 1663.3 3063.25 898.432 1365.5 2670.12 811.375 554.122 1849.23 372.543 483.026 424.413 520.003 1718.49 1042.82 675.677 955.108 397.021 496.437 420.029 381.496 143.527 93.1883 237.969 37.0405 28.7226 87.707 820.886 525.89
internal_count=43425 28495 22929 14930 5566 16064 13103 10870 5194 9572 1671 4180 3503 6495 9023 5065 3958 4696 2237 6228 5582 3268 1258 791 2010 297 232 369 3531 3895
cat_boundaries=0 1
cat_threshold=2
is_linear=0
shrinkage=0.05


Tree=31
num_leaves=31
num_cat=0
split_feature=7 7 7 7 13 7 13 13 13 4 13 13 4 13 7 7 7 13 13 5 4 6 7 6 7 6 13 13 5 6
split_gain=323.043 157.918 107.044 70.657 33.2962 29.6903 23.9627 23.7127 21.0707 17.5306 13.4765 13.2121 12.7733 12.6825 12.5308 20.9385 11.4049 9.95409 8.78169 8.62315 9.56625 11.2559 8.8635 8.59174 14.6986 13.2036 8.50942 8.50153 10.2928 16.7462
threshold=0.047610620036721236 1.0000000180025095e-35 0.00026548672030912718 0.31805309653282171 0.50878319144248974 0.016371681354939941 0.29338417947292333 0.38322934508323675 0.36141982674598699 0.1225140728056431 0.42497123777866369 0.3908704966306687 0.50996163487434398 0.37871037423610693 0.12566372007131579 0.11283186078071596 0.097964603453874602 0.32183587551116949 0.29750332236289984 0.52959111332893383 0.33782868087291723 0.29780831933021551 0.03823008947074414 0.025062814354896549 0.14672566205263141 0.036626014858484275 0.55146872997283947 0.44426333904266363 0.4275322705507279 0.22771719843149188
decision_type=2 2 2 2 2 2 2 2 2 2 2 2 2 2 2 2 2 2 2 2 2 2 2 2 2 2 2 2 2 2
left_child=1 4 -3 7 10 8 -7 14 -4 -8 -1 18 -10 19 15 17 -9 -2 -5 20 -11 22 -22 24 -16 -25 -6 28 -18 -30
right_child=3 2 5 11 26 6 9 16 12 13 -12 -13 -14 -15 23 -17 27 -19 -20 -21 21 -23 -24 25 -26 -27 -28 -29 29 -31
leaf_value=-0.012491216934169639 -0.012832668602201246 -0.050644373700574313 -0.033998334085521636 -0.012105489507106099 0.018672844932019948 -0.03533082023276992 -0.034189845748059874 0.0031053948168541252 -0.02089208341651597 -0.022565812053098978 0.0029013550203754747 0.032990109780205661 0.0042631315577293062 0.0088114445560093478 0.023923846407251106 -0.033480536554389165 0.020989152120673631 0.003607405187366216 0.020670759610906635 0.019407088459237307 -0.0051786273211755756 0.016111741226256453 -0.027956364433119354 0.022932899830581777 -0.024423073131449133 0.0056485929326874169 0.049068540393804316 0.032072311803074918 -0.0025738815692419965 0.024073964499412182
leaf_weight=191.94200474023819 114.20625723898411 284.32406140118837 316.45124246552587 21.638304710388184 129.33050130307674 83.495218653231859 53.851866960525513 196.90653336048126 226.95692639425397 113.63778345286846 547.10197172313929 307.19031722843647 64.447586394846439 138.92369987815619 22.508802279829979 49.322117157280445 297.10488288104534 472.88489688932896 305.77202907204628 26.077373124659061 218.19732954353094 49.900628738105297 53.314219601452351 129.62060715258121 51.104945614933968 758.96673558652401 28.390983775258064 81.218131259083748 159.75539894402027 93.068903520703316
leaf_count=1685 935 6865 5063 102 534 1225 707 958 2824 1229 3204 1443 726 942 118 359 1263 2614 1301 205 2281 407 455 600 249 3579 143 334 686 389
internal_value=-0.000257246 -0.0134918 -0.0227652 0.0106632 0.00335461 -0.0168658 -0.0101082 0.00677525 -0.0250524 -0.00687507 -0.00109074 0.0255191 -0.015312 -0.00441007 0.00321355 -0.0022235 0.0136441 0.000399178 0.0184863 -0.0084052 -0.0100879 -0.005655 -0.00967834 0.00681474 -0.00955985 0.00817782 0.0242036 0.0169231 0.0146712 0.00722151
internal_weight=5587.61 2526.34 1629.58 3061.27 896.765 1345.25 737.398 2426.67 607.856 653.903 739.044 634.601 291.405 600.051 1598.61 636.413 828.054 587.091 327.41 461.127 435.05 321.412 271.512 962.201 73.6137 888.587 157.721 631.147 549.929 252.824
internal_count=43425 28495 22929 14930 5566 16064 7451 12084 8613 6226 4889 2846 3550 5519 8454 3908 3630 3549 1403 4577 4372 3143 2736 4546 367 4179 677 2672 2338 1075
is_linear=0
shrinkage=0.05


Tree=32
num_leaves=31
num_cat=1
split_feature=7 7 7 1 13 13 13 4 7 7 13 7 1 4 13 7 13 12 13 6 13 7 5 6 7 5 6 4 4 1
split_gain=295.034 162.863 94.209 68.5117 32.2967 30.4617 25.8115 23.3394 21.3723 17.2324 14.6413 13.5032 14.8104 13.2271 13.7865 12.9785 12.0559 10.7798 10.5251 10.4042 11.2739 12.1579 19.0354 14.0806 10.5895 10.3523 10.0559 9.84243 9.34765 9.11642
threshold=0.041327433660626418 1.0000000180025095e-35 0.00026548672030912718 0.97464698553085338 0.3331922739744187 0.51932436227798473 0.41428090631961828 0.13426374644041064 0.019026548601686958 0.12566372007131579 0.46070697903633123 0.031946902163326747 0.4708049893379212 0.69314920902252208 0.41010664403438574 0.11283186078071596 0.39457647502422338 0 0.3519998192787171 0.025062814354896549 0.34333035349845892 0.13831858336925509 0.4275322705507279 0.040051745250821121 0.14672566205263141 0.018314886838197712 0.066946782171726241 0.11153278499841691 0.47039544582366949 0.90121948719024669
decision_type=2 2 2 2 2 2 2 2 2 2 2 2 2 2 2 2 2 1 2 2 2 2 2 2 2 2 2 2 2 2
left_child=1 5 -3 6 -4 10 9 -6 13 15 17 12 -10 14 -9 18 -17 -1 27 24 -21 -22 23 -23 -11 26 -14 -2 29 -25
right_child=3 2 4 -5 7 -7 -8 8 11 19 -12 -13 25 -15 -16 16 -18 -19 -20 20 21 22 -24 28 -26 -27 -28 -29 -30 -31
leaf_value=-0.011589251753249581 -0.042517010740557741 -0.050455924366223606 -0.029392165110187538 0.024738106797716885 -0.03298776243915446 0.027895311179748247 0.019421339232680402 -0.019561274281522843 0.0027162880825756641 0.019796132753159258 0.0070206805532984223 -0.0062712341971753521 0.025360912251119989 0.038042230473346011 0.0061714512213793052 -0.030885236222784863 0.0081352606291795124 0.0064088881608841512 0.0061069098126038451 0.0038947147877205477 0.032884490756610631 0.032969289621287638 -0.009012624474444118 -0.00033842926317666195 -0.017910878722817599 0.017406542942814671 0.10369490167326796 -0.0032170110236659196 0.024915586934886602 0.01750474596948302
leaf_weight=303.4276505485177 16.547072410583496 271.44256157428026 401.89747922122478 611.07202753424644 113.61167478561401 109.44233278930187 319.07046876847744 386.2801776714623 58.512071564793587 25.18691386282444 367.92679092288017 132.61201260983944 7.3397171124815968 11.427817977964876 59.78128719329834 63.086543545126915 28.514015331864357 114.14393021166325 477.50449314713478 531.04397064447403 73.632915854454041 91.736491680145264 96.084074005484581 178.31982617080212 69.789727687835693 19.013471886515617 10.058224603533743 389.16400627791882 93.999897137284279 118.89627201855183
leaf_count=2561 150 6865 5730 2719 1487 487 1362 5352 490 128 1770 1015 54 113 505 435 125 748 2528 2574 325 399 448 823 332 131 70 2814 392 493
internal_value=-0.000251472 -0.0136213 -0.0238479 0.00968702 -0.0178239 0.00319431 0.00610913 -0.0119932 -0.00849965 0.00422128 -0.000243996 0.00400497 0.0184054 -0.0147293 -0.0161007 -0.00078172 -0.0186885 -0.0066571 0.00107169 0.00803901 0.00931854 0.0137227 0.0112721 0.0153192 -0.00784844 0.0434038 0.0712675 -0.00484228 0.0111602 0.0067861
internal_weight=5550.57 2366.92 1471.98 3183.65 1200.53 894.941 2572.58 798.636 685.025 2253.51 785.498 227.535 94.9235 457.489 446.061 974.816 91.6006 417.572 883.216 1278.69 1183.71 652.669 579.037 482.952 94.9766 36.4114 17.3979 405.711 391.216 297.216
internal_count=43425 27378 21812 16047 14947 5566 13328 9217 7730 11966 5079 1760 745 5970 5857 6052 560 3309 5492 5914 5454 2880 2555 2107 460 255 124 2964 1708 1316
cat_boundaries=0 1
cat_threshold=2
is_linear=0
shrinkage=0.05


Tree=33
num_leaves=31
num_cat=1
split_feature=7 7 7 7 13 13 1 4 7 13 4 13 7 1 6 13 5 5 5 13 4 6 13 4 12 13 3 6 13 3
split_gain=268.868 151.4 92.884 64.6633 30.652 27.7447 23.7546 22.0268 19.6085 18.4141 13.8284 12.5853 12.0707 13.5992 11.6421 11.0426 10.1809 10.155 12.428 11.6441 9.90007 9.30595 9.2874 9.92134 9.19934 9.13611 9.00741 8.73468 8.45312 8.42339
threshold=0.041327433660626418 1.0000000180025095e-35 0.00026548672030912718 0.67185840010643016 0.3331922739744187 0.49254511296749121 0.91366460919380199 0.13426374644041064 0.019026548601686958 0.39764946699142462 0.46515600383281713 0.38131625950336462 0.031946902163326747 0.34588319063186651 0.019884023815393451 0.55146872997283947 0.50488919019699108 0.4275322705507279 0.49264955520629888 0.35261368751525884 0.69314920902252208 0.26004481315612799 0.2847589254379273 0.53136983513832103 0 0.42799064517021185 0.32302914559841162 0.16328698396682742 0.44426333904266363 0.023604429326951507
decision_type=2 2 2 2 2 2 2 2 2 2 2 2 2 2 2 2 2 2 2 2 2 2 2 2 1 2 2 2 2 2
left_child=1 5 -3 6 22 24 9 -6 11 16 28 20 13 -10 -13 -7 17 -2 -19 -20 -9 -18 -4 -24 25 -1 -15 -25 -11 -8
right_child=3 2 4 -5 7 15 29 8 12 10 -12 14 -14 26 -16 -17 21 18 19 -21 -22 -23 23 27 -26 -27 -28 -29 -30 -31
leaf_value=-0.0166270475660335 0.00090924308422914331 -0.050269689908368956 -0.043632344691365232 0.028557734557546552 -0.032221712763596748 0.013298977802575518 0.029639097850830749 -0.02220050250446727 -0.0075748510104250866 0.0061567588600031503 0.038419361146518484 -0.033623470806337118 -0.0059832439573398507 0.041841835771698851 0.0021354793354400703 0.0469597975111955 0.0088681500842781001 -0.029650443987311009 -0.031054633413358623 0.018107895374504832 0.038057179435420578 0.051655553194117465 -0.03026166334308077 -0.026151063528803354 0.0075206186957110155 -0.0014814384485376589 -0.0035916174409253939 0.0052714517113009417 0.025754536358775715 0.01209767652620166
leaf_weight=143.84144896268845 1246.8882307931781 259.13708492740989 82.514732576906681 380.32294543087482 110.5773852840066 228.8814413100481 75.860886245965958 273.61758434027433 34.722922891378403 315.36363559961319 46.854056388139725 26.877841711044312 132.06441301107407 47.346629217267036 144.47557078301907 27.384869799017906 169.71614345163107 62.758147746324539 17.391444362699986 38.461780220270157 6.8429109230637541 13.72226822376251 221.68027324229479 43.672322556376457 166.97010158002377 325.90655149519444 13.89051630347967 44.219894338399172 66.949806913733482 746.37964183837175
leaf_count=1389 7086 6865 1376 1827 1487 970 322 4080 295 1406 195 298 1015 349 1514 143 1009 340 107 192 78 73 3277 558 1011 2053 101 519 281 3209
internal_value=-0.000245714 -0.0131319 -0.0231529 0.00921135 -0.0172025 0.00304125 0.00658116 -0.0115198 -0.00814094 0.00360837 0.012773 -0.0141748 0.00379378 0.0172936 -0.00346071 0.0169324 0.00106523 -0.000417307 -0.0143936 0.00268228 -0.0206994 0.0121225 -0.0286398 -0.0246147 -0.0025436 -0.00613237 0.0314655 -0.0102971 0.00960759 0.0137256
internal_weight=5515.29 2334.62 1441.64 3180.67 1182.5 892.984 2800.35 790.416 679.838 1978.11 429.167 451.814 228.024 95.9601 171.353 256.266 1548.94 1365.5 118.611 55.8532 280.46 183.438 392.087 309.572 636.718 469.748 61.2371 87.8922 382.313 822.241
internal_count=43425 27378 21812 16047 14947 5566 14220 9217 7730 10689 1882 5970 1760 745 1812 1113 8807 7725 639 299 4158 1082 5730 4354 4453 3442 450 1077 1687 3531
cat_boundaries=0 1
cat_threshold=2
is_linear=0
shrinkage=0.05


Tree=34
num_leaves=31
num_cat=1
split_feature=7 8 7 7 7 13 7 7 13 13 13 4 13 13 13 7 6 4 7 13 7 7 7 6 13 6 5 6 3 12
split_gain=245.287 130.233 70.5237 55.2616 49.4382 25.8202 18.0953 17.4185 18.9563 16.424 15.9532 12.9579 12.2893 11.4616 10.6281 13.8992 9.32462 8.69006 8.79767 8.64411 8.36009 13.515 9.9078 8.35354 8.18606 9.0794 8.57307 8.55006 7.97413 7.92317
threshold=0.061769910156726844 0.48666666448116308 1.0000000180025095e-35 0.67185840010643016 0.016371681354939941 0.51932436227798473 0.17752212285995486 0.00026548672030912718 0.36199536919593817 0.37071225047111517 0.46538750827312475 0.15115894377231601 0.45937141776084905 0.27012486755847936 0.38739566504955297 0.15415929257869723 0.030959768220782283 0.50996163487434398 0.0080530971754342335 0.3895267397165299 0.15415929257869723 0.097964603453874602 0.15265487134456637 0.33473390340805059 0.3331922739744187 0.29185217618942266 0.37854015827178961 0.25606176257133489 0.031958725303411491 0
decision_type=2 2 2 2 2 2 2 2 2 2 2 2 2 2 2 2 2 2 2 2 2 2 2 2 2 2 2 2 2 1
left_child=1 2 5 6 7 12 10 -4 -9 11 14 -6 29 -13 15 -2 -11 -10 -19 -20 21 -16 -23 -15 -8 26 27 -26 -25 -1
right_child=3 -3 4 -5 9 -7 24 8 17 16 -12 13 -14 23 20 -17 -18 18 19 -21 -22 22 -24 28 25 -27 -28 -29 -30 -31
leaf_value=-0.010667899325218385 0.0013892178436035766 -0.0479476889940137 -0.048996939106355858 0.027461190653966183 -0.03371505073058146 0.025831371125823191 0.0050755100481397405 -0.031822151318482012 -0.018013017128456932 -0.015564378390514888 0.039397409284467201 -0.045599169113489456 0.006214467153249574 -0.008637095137325513 0.001399655679893046 -0.032144643590154925 0.010411584177299687 -0.021070898007313744 -0.0023178160917105934 0.04534483993262875 -0.003274093865417146 0.017560876408659717 0.063264703261622812 -0.012441044663711733 0.021948811539813672 0.034681341856327944 0.0063897469146134327 0 0.04504874779852875 0.0049018656043365123
leaf_weight=292.07033359259367 1093.3761419579387 225.26584275066853 71.206961125135422 375.85386860370636 57.400213826447725 107.75885012745857 259.3822830915451 276.88389001041651 208.04454683884978 43.22147436439991 30.87894681096077 20.157198384404182 378.41875906288624 482.06863059103489 165.85357132554054 31.694752782583237 168.7654817700386 22.833561293780804 21.947405092418194 16.431452617049217 106.86101481318474 227.27721171081066 12.538276568055151 10.085768952965738 301.13576549291611 57.241554528474808 238.0369815826416 52.374923795461655 14.389054324477909 112.86306372284889
leaf_count=2522 6072 5634 1976 1827 869 487 1131 4758 2703 343 133 331 1821 4867 800 188 1182 258 283 155 471 958 51 94 1234 234 969 212 126 736
internal_value=-0.000240037 -0.0116662 -0.00811567 0.0095487 -0.0150609 0.0028953 0.00693291 -0.0256816 -0.0226242 -0.00681622 0.00383686 -0.0111449 -0.000256329 -0.0086698 0.00316091 0.000437307 0.005087 -0.0131388 0.00334816 0.0180233 0.00912857 0.012408 0.0199966 -0.00718167 0.0126144 0.0156194 0.0137609 0.0187069 0.0212002 -0.00631581
internal_weight=5482.32 2529.81 2304.55 2952.51 1413.44 891.111 2576.65 617.348 546.141 796.088 1668.48 584.101 783.352 526.701 1637.6 1125.07 211.987 269.257 61.2124 38.3789 512.53 405.669 239.815 506.543 908.172 648.789 591.548 353.511 24.4748 404.933
internal_count=43425 29145 23511 14280 17945 5566 12453 10133 8157 7812 8673 6287 5079 5418 8540 6260 1525 3399 696 438 2280 1809 1009 5087 3780 2649 2415 1446 220 3258
cat_boundaries=0 1
cat_threshold=2
is_linear=0
shrinkage=0.05


Tree=35
num_leaves=31
num_cat=0
split_feature=7 7 7 7 13 13 13 4 7 4 4 13 13 13 13 6 7 4 4 13 7 3 7 3 4 6 6 7 13 6
split_gain=224.077 130.896 90.011 55.6011 28.3631 23.5061 21.5425 20.3461 16.8174 12.078 11.6904 12.2668 11.5509 11.4517 11.2241 11.2089 10.9712 11.9194 10.37 9.105 9.51357 8.40781 8.32236 8.07564 10.1697 7.8045 8.95981 11.063 7.55499 7.4301
threshold=0.041327433660626418 1.0000000180025095e-35 0.00026548672030912718 0.31805309653282171 0.3331922739744187 0.51932436227798473 0.37004087865352636 0.13426374644041064 0.019026548601686958 0.47039544582366949 0.57738095521926891 0.41010664403438574 0.42497123777866369 0.44227695465087896 0.3908704966306687 0.072880350053310408 0.03823008947074414 0.33782868087291723 0.56172841787338268 0.2847589254379273 0.017256637103855613 0.30901856720447546 0.097964603453874602 0.32562056183815008 0.26999843120574957 0.011208822019398214 0.033052308484911926 0.015752212144434456 0.29750332236289984 0.029046440497040752
decision_type=2 2 2 2 2 2 2 2 2 2 2 2 2 2 2 2 2 2 2 2 2 2 2 2 2 2 2 2 2 2
left_child=1 5 -3 6 19 12 23 -6 10 13 11 29 -1 21 28 -11 17 -10 -19 -4 -21 22 -8 24 -2 -13 -27 -28 -5 -9
right_child=3 2 4 14 7 -7 9 8 16 15 -12 25 -14 -15 -16 -17 -18 18 -20 20 -22 -23 -24 -25 -26 26 27 -29 -30 -31
leaf_value=-0.011089896963074421 -0.0098203270055821339 -0.04990860118811017 -0.042706099461081025 -0.012915150334848403 -0.030938755562190591 0.024731378419250091 -0.0043292975925960445 -0.032213779890800015 -0.01029315183166305 0.0074858863600626427 0.019022664372882029 -0.042469604657048243 0.0031538443919088607 0.024522608882992344 0.028914062453586943 0.042503558517888812 -0.01424493666903646 0.032950379233583238 0.003070077042504297 -0.033159397323241892 -0.015108908044303008 0.016401403621870418 0.0076930312383066135 0.0088205970754996286 0.0016324432300131647 0.071740137730570142 0.024822688176555953 -0.025715069859914137 0.017412310912598029 -0.014690684061444637
leaf_weight=186.92186130583286 245.69151033461094 236.56531197577715 77.183682955801487 21.77248527109623 105.66283828020096 106.94959636032581 194.67229663580656 78.467666607350111 48.801929332315922 40.677931435406208 26.527895960956812 7.1146296709775916 595.36452800780535 103.03578518331051 293.81966821849346 53.381303071975708 61.808702379465103 62.530377931892872 54.922274641692638 134.834736071527 163.1713045462966 187.45148828625679 547.19338612258434 269.19839545339346 915.51314207911491 5.6739628165960303 28.19709625095129 17.388789594173431 301.60852916538715 276.98511988297105
leaf_count=1685 1654 6865 1376 102 1487 487 1023 1196 436 177 314 61 3394 432 1443 231 443 491 390 2378 1976 829 2420 1341 5094 48 233 155 1301 3963
internal_value=-0.000233927 -0.0122106 -0.0218175 0.00834924 -0.016027 0.00275648 0.00509485 -0.0105457 -0.00731037 0.0102669 -0.0130195 -0.0150897 -0.00024419 0.0086952 0.0218198 0.0274366 0.00369199 0.010395 0.019035 -0.0273167 -0.0233011 0.00693254 0.00453137 0.00101804 -0.000787103 0.00607969 0.012985 0.00542147 0.0153516 -0.018581
internal_weight=5449.09 2275.07 1385.84 3174.02 1149.27 889.236 2556.82 774.081 668.418 1126.41 440.355 413.827 782.286 1032.35 617.201 94.0592 228.063 166.255 117.453 375.19 298.006 929.317 741.866 1430.4 1161.2 58.3745 51.2598 45.5859 323.381 355.453
internal_count=43425 27378 21812 16047 14947 5566 13201 9217 7730 5112 5970 5656 5079 4704 2846 408 1760 1317 881 5730 4354 4272 3443 8089 6748 497 436 388 1403 5159
is_linear=0
shrinkage=0.05


Tree=36
num_leaves=31
num_cat=1
split_feature=7 7 7 7 13 13 13 4 7 13 13 4 13 13 6 6 7 1 13 4 4 12 6 4 1 7 3 4 4 7
split_gain=204.148 121.488 88.4189 50.8894 26.8392 21.5863 19.4292 19.1346 15.3998 11.6718 10.9184 10.9149 10.5418 10.3991 10.2856 10.1209 9.95912 11.6172 8.95792 9.42059 8.67966 8.2835 8.1419 7.84229 7.81809 7.47918 7.26413 9.2269 7.23602 8.57942
threshold=0.041327433660626418 1.0000000180025095e-35 0.00026548672030912718 0.31805309653282171 0.3331922739744187 0.52688059210777294 0.37004087865352636 0.13426374644041064 0.019026548601686958 0.46070697903633123 0.38131625950336462 0.47039544582366949 0.3908704966306687 0.44227695465087896 0.019884023815393451 0.072880350053310408 0.031946902163326747 0.34588319063186651 0.2847589254379273 0.53136983513832103 0.69314920902252208 0 0.16328698396682742 0.56172841787338268 0.81605800986289989 0.0017699114396236839 0.32562056183815008 0.26999843120574957 0.38201847672462469 0.03823008947074414
decision_type=2 2 2 2 2 2 2 2 2 2 2 2 2 2 2 2 2 2 2 2 2 1 2 2 2 2 2 2 2 2
left_child=1 5 -3 6 18 9 26 -6 10 21 20 13 -5 24 -12 -13 17 -10 -4 -20 25 -1 -21 -19 -8 -9 27 -2 -18 -30
right_child=3 2 4 12 7 -7 11 8 16 -11 14 15 -14 -15 -16 -17 28 23 19 22 -22 -23 -24 -25 -26 -27 -28 -29 29 -31
leaf_value=-0.010177276702300305 -0.0093818534528963011 -0.04972606800276335 -0.042170831192846085 0.014624523488840574 -0.030180267228025776 0.027248988924784986 0.0018799494337826844 0.02985097016509522 -0.007521007241752831 0.0062817911402236653 -0.031833622613581462 0.00711149851955161 0.027820437906782604 0.023361333469926894 0.0026535299760866962 0.040395736762843477 -0.020485976807172231 0.041589919645456108 -0.028342997693981239 -0.024303603847579971 0.035427236575171349 0.0056005436694420291 0.0066079943831854745 0.0045027206119244807 0.011064963974505862 -0.021739022223275884 0.0083525649481300986 0.0015496727900048285 0.019825923582801715 -0.012607042182985679
leaf_weight=295.95883259922266 244.35516700148582 225.83357499912381 74.329125534743071 322.49072027206421 102.97408599033952 80.783574923872948 454.97658733278513 7.0616221390664569 34.66700841486454 395.87194974720478 25.332646746188402 40.683573372662067 290.19904978573322 102.76178498566151 143.2017305791378 53.363873332738876 49.798367820680141 40.349380381405354 207.41430476680398 41.405022095888853 7.0263890102505675 115.17620953917503 43.322094265371561 22.546981669962406 475.29418450593948 252.8599039055407 270.05171532183886 916.17936906963587 40.898142717778683 40.331880271434784
leaf_count=2561 1654 6865 1376 1403 1487 384 2195 108 295 1873 298 177 1443 432 1514 231 449 291 3277 558 78 748 519 159 2077 3972 1341 5094 295 271
internal_value=-0.00022831 -0.0117577 -0.0211528 0.0079422 -0.0154518 0.00262301 0.00483876 -0.0101211 -0.00699899 0.000148617 -0.0125171 0.00974864 0.0208864 0.00825521 -0.00251644 0.0260734 0.0034923 0.0155921 -0.02659 -0.0225956 -0.0188088 -0.0057448 -0.00844999 0.0284026 0.00657882 -0.0203072 0.000966634 -0.000748306 -0.00548407 0.00366531
internal_weight=5417.5 2247.14 1359.35 3170.36 1133.52 887.791 2557.67 767.048 664.074 807.007 435.482 1127.08 612.69 1033.03 168.534 94.0474 228.592 97.5634 366.471 292.141 266.948 411.135 84.7271 62.8964 930.271 259.922 1430.59 1160.53 131.028 81.23
internal_count=43425 27378 21812 16047 14947 5566 13201 9217 7730 5182 5970 5112 2846 4704 1812 408 1760 745 5730 4354 4158 3309 1077 450 4272 4080 8089 6748 1015 566
cat_boundaries=0 1
cat_threshold=2
is_linear=0
shrinkage=0.05


Tree=37
num_leaves=31
num_cat=0
split_feature=7 7 7 7 13 13 1 4 7 13 1 3 7 4 13 3 7 7 13 7 7 13 13 4 5 3 6 13 3 6
split_gain=185.964 112.668 86.7509 46.9902 25.3577 19.8508 18.1696 17.9762 14.0838 11.2646 11.192 13.1457 12.247 10.2962 10.8766 9.22421 10.9511 8.98127 9.57245 10.426 11.5086 8.87738 8.80859 9.28953 8.72812 8.71875 8.14612 8.1068 7.86905 9.13181
threshold=0.041327433660626418 1.0000000180025095e-35 0.00026548672030912718 0.67185840010643016 0.3331922739744187 0.50878319144248974 0.81016731262207042 0.13426374644041064 0.019026548601686958 0.33240984380245214 0.52086955308914196 0.36140660941600805 0.31805309653282171 0.57738095521926891 0.41010664403438574 0.029707981273531917 0.031946902163326747 0.31805309653282171 0.36623777449131018 0.097964603453874602 0.28300885856151586 0.42497123777866369 0.29338417947292333 0.53136983513832103 0.37248815596103674 0.02233022823929787 0.025218237191438678 0.38877150416374212 0.32302914559841162 0.030816714279353622
decision_type=2 2 2 2 2 2 2 2 2 2 2 2 2 2 2 2 2 2 2 2 2 2 2 2 2 2 2 2 2 2
left_child=1 5 -3 6 22 21 10 -6 13 24 17 12 -12 14 -9 25 28 18 -2 -20 -21 -1 -4 -24 -8 27 -11 -10 29 -17
right_child=3 2 4 -5 7 -7 9 8 15 26 11 -13 -14 -15 -16 16 -18 -19 19 20 -22 -23 23 -25 -26 -27 -28 -29 -30 -31
leaf_value=-0.010400198639946087 -0.0014906691754123531 -0.049543864837315404 -0.038499187385611471 0.024474629312652305 -0.029425405564673227 0.018888073289272191 0.0050742616677402954 -0.01741046741240989 -0.011392919611683358 -0.0038242176798745052 -0.0024063099234864467 0.037506464825475067 -0.045052575567666529 0.017783551961057298 0.0058262721400161015 0.08491259692722028 -0.00064442226063702874 0.031376570838528461 -0.0049006251318977978 0.028076951846544629 -0.0095397669928177428 0.0022705382778053286 -0.027093747451323615 -0.0062223073258921794 -0.015606154721978571 -0.046965171801955155 0.013003824581314922 0.027379025347286475 -0.0046251031603441939 0.026758355252209671
leaf_weight=184.58624821901321 230.7475353255868 215.59014626219869 100.35604982078075 363.31428794562817 100.40363010019064 152.77783313393593 353.78633496165276 345.36389866471291 60.054830491542816 76.926172211766243 816.06618185341358 20.107571698725224 17.108864679932594 26.923629619181156 58.547335527837276 8.4000717997550947 79.566735900938511 35.920210316777229 53.458551451563835 109.66006401181221 24.678777232766151 548.6333190202713 181.22534700483084 76.584444120526314 59.449627459049225 12.928159356117247 1005.9173072502017 17.247585006058216 14.063751295208929 36.677956230938435
leaf_count=1685 1401 6865 1878 1827 1487 677 1709 5159 534 348 4787 111 70 314 497 62 600 150 277 496 100 3204 2897 955 309 104 4462 108 101 251
internal_value=-0.000222361 -0.0113191 -0.0204991 0.00755418 -0.0148916 0.00249715 0.00535909 -0.00971092 -0.00669921 0.00912249 0.00104952 -0.00232175 -0.00329333 -0.012026 -0.0140293 0.00330417 0.0114116 0.00738936 0.0053118 0.013693 0.0211274 -0.000913454 -0.0258674 -0.0209179 0.00208395 -0.00910266 0.0118035 -0.00265339 0.0276894 0.0378698
internal_weight=5387.07 2219.93 1333.93 3167.14 1118.34 885.997 2803.83 760.178 659.774 1496.08 1307.75 853.283 833.175 430.835 403.911 228.939 138.709 454.465 418.545 187.797 134.339 733.22 358.166 257.81 413.236 90.2306 1082.84 77.3024 59.1418 45.078
internal_count=43425 27378 21812 16047 14947 5566 14220 9217 7730 6828 7392 4968 4857 5970 5656 1760 1014 2424 2274 873 596 4889 5730 3852 2018 746 4810 642 414 313
is_linear=0
shrinkage=0.05


Tree=38
num_leaves=31
num_cat=0
split_feature=8 7 13 7 4 7 13 7 13 5 4 13 6 13 6 1 1 7 5 5 13 10 13 5 4 13 7 4 7 7
split_gain=171.841 119.766 41.2401 50.4347 42.4544 27.8961 19.5374 17.8947 17.3451 11.977 10.9946 10.17 10.1551 9.49759 8.94844 8.8123 23.2737 10.3296 9.66611 8.27437 7.77833 7.77468 7.41761 7.30576 6.91883 7.83183 8.02832 8.81332 6.80531 10.6985
threshold=0.48666666448116308 0.12566372007131579 0.38877150416374212 0.017256637103855613 0.84756097197532665 0.67185840010643016 0.28295853734016424 0.11283186078071596 0.53683188557624828 0.73333334922790538 0.11153278499841691 0.33240984380245214 0.29185217618942266 0.36025953292846685 0.29679679870605474 0.76491227746009838 0.36939570307731634 0.13831858336925509 0.019206888973712925 0.37248815596103674 0.41428090631961828 0.38616369664669042 0.23036390542984012 0.01180408336222172 0.59523808956146251 0.46538750827312475 0.097964603453874602 0.28013147413730627 0.31805309653282171 0.28300885856151586
decision_type=2 2 2 2 2 2 2 2 2 2 2 2 2 2 2 2 2 2 2 2 2 2 2 2 2 2 2 2 2 2
left_child=1 2 3 23 8 11 -5 10 9 14 13 19 15 -8 24 16 20 -18 -19 22 28 -15 -3 -1 25 26 -4 -28 29 -13
right_child=-2 5 4 6 -6 -7 7 -9 -10 -11 -12 12 -14 21 -16 -17 17 18 -20 -21 -22 -23 -24 -25 -26 -27 27 -29 -30 -31
leaf_value=-0.018330525247848471 -0.046809762464564766 -0.02904030865089598 -0.0033354607356576951 -0.035146500659797263 -0.046121597567918379 0.023518797878506456 -0.037562924266326438 -0.030839815163760709 0.031350733329207535 -0.051092803996998643 -0.00077576416861742435 0.011110451174891879 0.031237412700142433 0.052662201209865582 0.021408674232070726 0.012043222612171164 0.018435075088681502 -0.0080277864848323967 -0.041179027181792435 -0.012885251987502075 0.037854933291333465 -0.021755403284029032 0.0062188074685876294 -0.030969061370652202 0.037470279151411427 0.0069691050880305782 0.03660128216068935 0.0026632906469950409 0.037546620397576592 -0.029681636272175689
leaf_weight=268.53415700793266 190.75161554478109 15.342495322227476 739.3047206364572 50.058012578636408 44.989134859293699 359.28455191850662 37.455319374799728 55.940374672412872 52.484110856428742 10.407006124034522 1063.734589971602 93.307498142123222 57.280890718102455 6.0861103162169439 59.56974869966507 878.4065048545599 17.593668684363365 48.578351959586143 40.877741128206253 76.955182299017906 27.782801568508148 7.9220453836023808 407.38636386394501 204.64335571974516 13.191901870071886 397.12144089490175 26.322669595479965 70.751117572188377 17.544809281826019 19.28003403544426
leaf_count=4226 5634 73 5511 794 1458 1827 533 406 272 326 8221 428 236 46 419 3776 84 231 185 408 114 114 1925 3708 70 1841 110 299 71 79
internal_value=-0.000217013 0.00150259 -0.0046919 -0.00995341 0.00160896 0.0108539 -0.00457782 -0.00326406 0.00318425 0.0020554 -0.00187369 0.00817366 0.0106692 -0.024425 0.00248654 0.00963173 0.00161679 -0.0163511 -0.0232614 0.00216643 0.0138314 0.0103664 0.00492072 -0.0238125 0.00157675 0.00118582 -0.00155468 0.0119456 0.00863895 0.00406051
internal_weight=5358.89 5168.14 3108.52 1694.37 1414.14 2059.62 1221.2 1171.14 1369.15 1316.67 1115.2 1700.34 1200.65 51.4635 1306.26 1143.37 264.965 107.05 89.4561 499.684 157.915 14.0082 422.729 473.178 1246.69 1233.5 836.379 97.0738 130.132 112.588
internal_count=43425 37791 28354 18048 10306 9437 10114 9320 8848 8576 8914 7610 5204 693 8250 4968 1192 500 416 2406 692 160 1998 7934 7831 7761 5920 409 578 507
is_linear=0
shrinkage=0.05


Tree=39
num_leaves=31
num_cat=0
split_feature=8 7 13 7 4 7 13 7 13 5 4 6 13 13 5 7 13 5 1 13 5 6 5 13 7 4 13 5 13 7
split_gain=162.1 108.418 37.6232 47.1137 39.9228 25.8374 18.3167 16.5565 15.937 11.3198 10.3078 9.54069 9.8862 8.50806 11.7018 8.31486 11.8902 8.14211 8.11236 9.63431 9.34012 8.90691 9.98556 8.70049 7.98798 7.81368 8.85073 7.07454 7.96798 8.30325
threshold=0.48666666448116308 0.12566372007131579 0.38877150416374212 0.017256637103855613 0.84756097197532665 0.67185840010643016 0.28295853734016424 0.11283186078071596 0.53683188557624828 0.73333334922790538 0.24684873968362811 0.025062814354896549 0.34333035349845892 0.47722494602203375 0.51541250944137584 0.047610620036721236 0.33570562303066259 0.50488919019699108 0.8989795744419099 0.39764946699142462 0.4275322705507279 0.040051745250821121 0.37248815596103674 0.39235767722129827 0.097964603453874602 0.59523808956146251 0.46070697903633123 0.37248815596103674 0.23036390542984012 0.13831858336925509
decision_type=2 2 2 2 2 2 2 2 2 2 2 2 2 2 2 2 2 2 2 2 2 2 2 2 2 2 2 2 2 2
left_child=1 2 3 -1 8 11 -5 10 9 24 15 -3 27 14 17 -8 -17 18 19 20 21 22 -14 -23 25 26 -4 28 -13 -30
right_child=-2 5 4 6 -6 -7 7 -9 -10 -11 -12 12 13 -15 -16 16 -18 -19 -20 -21 -22 23 -24 -25 -26 -27 -28 -29 29 -31
leaf_value=-0.023106321847688235 -0.046482495456063706 -0.0055716462505803919 -0.0027823884158084079 -0.034425778923410588 -0.045787469479911191 0.022595343643575318 -0.025134893695010502 -0.029918793969193416 0.030229216807837436 -0.050948561246502932 0.00012153909523351816 -0.030881070550643916 0.012025361054646747 0.051642264162279954 -0.0094197439228565216 -0.026631879298858425 0.014624548513507122 0.03520003179171443 0.016697171745595787 0.018178579852793125 -0.021436000819936109 0.0035846272826238479 0.065374921410181849 -0.03591719684102803 0.014581400569497582 0.031873985161202982 0.0062334572094253603 -0.0079048748502439908 -0.016152791592754377 0.009205337404134796
leaf_weight=463.54325218126178 182.6947759333998 123.88634116947651 731.70101345703006 48.590405877679586 43.100178683176637 355.37549234926701 78.875455513596535 54.81152831017971 51.732877213507891 9.9270496442913991 961.88391321897507 13.87125752866268 39.805930644273758 13.274101346731184 62.967436403036118 28.777787245810032 44.024123668670654 39.028985932469368 427.11023935675621 132.81449094414711 37.104221999645233 198.12329518795013 11.313952788710592 14.888122245669363 121.29300543665886 20.187890261411667 433.16399822384119 106.59091261029243 34.57738946378231 445.83542466163635
leaf_count=7934 5634 577 5598 794 1458 1827 1140 406 272 326 7274 67 179 60 282 246 254 167 1758 554 178 896 48 65 510 103 2039 547 206 2026
internal_value=-0.000211241 0.0014307 -0.00448612 -0.00954065 0.0015301 0.0103276 -0.00436788 -0.00311071 0.00302778 0.00195268 -0.00178411 0.00776077 0.00881139 0.0119188 0.0113609 -0.0138941 -0.00162924 0.0128209 0.0117969 0.00696069 0.00199374 0.00531086 0.024035 0.000784685 0.00236237 0.00110638 0.000566178 0.00375228 0.00627731 0.00736682
internal_weight=5330.87 5148.18 3091.61 1680.51 1411.11 2056.57 1216.96 1168.37 1368.01 1316.27 1113.56 1701.19 1577.31 976.431 963.157 151.677 72.8019 900.189 861.16 434.05 301.236 264.131 51.1199 213.011 1306.35 1185.05 1164.87 600.875 494.284 480.413
internal_count=43425 37791 28354 18048 10306 9437 10114 9320 8848 8576 8914 7610 7033 4187 4127 1640 500 3845 3678 1920 1366 1188 227 961 8250 7740 7637 2846 2299 2232
is_linear=0
shrinkage=0.05


Tree=40
num_leaves=31
num_cat=0
split_feature=8 7 13 4 7 7 13 4 13 5 13 7 7 7 1 6 6 13 5 13 13 4 6 5 1 13 5 1 6 5
split_gain=152.898 98.1759 35.6111 37.8546 26.4336 23.8949 17.7567 15.2236 13.0424 12.5939 10.8229 20.8801 9.45021 9.24388 15.0651 9.02497 8.6105 9.15848 8.83103 10.7836 8.43293 8.13385 8.0243 7.21236 7.34369 8.85614 8.48116 8.42138 8.1372 7.33517
threshold=0.48666666448116308 0.12566372007131579 0.35018791258335119 0.84756097197532665 0.017256637103855613 0.67185840010643016 0.52688059210777294 0.11153278499841691 0.28295853734016424 0.62470659613609325 0.41010664403438574 0.016371681354939941 0.11283186078071596 0.0057522123679518708 1.0000000180025095e-35 0.30962505936622625 0.025062814354896549 0.47539174556732183 0.51541250944137584 0.34333035349845892 0.39764946699142462 0.69314920902252208 0.36325818300247198 0.50488919019699108 0.8989795744419099 0.39764946699142462 0.4275322705507279 0.88047617673873912 0.040051745250821121 0.37248815596103674
decision_type=2 2 2 2 2 2 2 2 2 2 2 2 2 2 2 2 2 2 2 2 2 2 2 2 2 2 2 2 2 2
left_child=1 2 4 6 13 16 9 -6 -9 10 11 21 -13 14 -1 -12 -3 18 19 -18 -14 -4 -10 24 25 26 27 28 29 -21
right_child=-2 5 3 -5 7 -7 -8 8 22 -11 15 12 20 -15 -16 -17 17 -19 -20 23 -22 -23 -24 -25 -26 -27 -28 -29 -30 -31
leaf_value=0.016656383484506362 -0.046150551576171192 -0.0053009768686695137 -0.015219057077730328 -0.045999528450107151 -0.040881191829896309 0.021703095630705174 0.023474644276785778 -0.032161400848954712 -0.0047022936131513489 -0.051229653483334317 0.0026054582057538412 0.0024627053596653495 -0.026449385016236445 -0.033295564750759295 -0.035845064747512603 0.032043644071134754 0.0035595054812659157 0.047084594508478392 -0.010486697206294662 0.015309349473893098 0.011609517303165492 0.040858981971009824 0.040185863629310536 0.033218070290383005 0.015924439129759067 0.017425857258809792 -0.020532292204211048 -0.020558205679183508 0.0035119586752437324 0.061722389711298203
leaf_weight=27.229532301425934 175.00403423607349 123.71111254394054 335.08114404603839 45.433885665610433 32.763941783457994 351.58875098824501 77.995417013764381 43.949155185371637 565.93069142103195 12.214370008558033 911.40741247683764 707.9003453142941 54.392341196537018 170.91126605495811 27.101163052022457 26.744513265788555 601.30072784423828 15.086680114269255 61.77946600317955 35.248566955327988 19.583957776427269 6.453289531171321 10.014896787703035 39.288769245147705 426.17833025753498 132.46770825982094 36.812459275126457 28.456334605813026 189.30382658541203 11.388163626193998
leaf_count=433 5634 577 4670 1602 487 1827 390 746 5017 390 5403 4609 372 3309 555 148 2846 69 277 158 84 56 83 167 1756 552 178 132 850 48
internal_value=-0.000205432 0.00136252 -0.00428872 -0.000884991 -0.0128008 0.00983113 6.73553e-05 -0.007691 -0.00592239 -0.000811679 -0.000508066 -0.00382066 0.000678829 -0.0275747 -0.0094582 0.00345333 0.00737322 0.00837072 0.00799066 0.00875543 -0.0163044 -0.0141332 -0.00390623 0.0122238 0.011255 0.00665217 0.00189325 0.00504109 0.00815715 0.0268577
internal_weight=5302.72 5127.72 3075.11 2197.21 877.901 2052.61 2151.77 652.659 619.895 2073.78 2061.56 1123.41 781.877 225.242 54.3307 938.152 1701.02 1577.31 1562.22 1500.44 73.9763 341.534 575.946 899.144 859.855 433.677 301.209 264.397 235.941 46.6367
internal_count=43425 37791 28354 17724 10630 9437 16122 6333 5846 15732 15342 9791 5065 4297 988 5551 7610 7033 6964 6687 456 4726 5100 3841 3674 1918 1366 1188 1056 206
is_linear=0
shrinkage=0.05


Tree=41
num_leaves=31
num_cat=1
split_feature=8 7 13 4 7 13 7 7 7 5 12 4 13 4 13 13 13 6 6 1 1 7 5 13 7 3 1 6 13 6
split_gain=144.201 88.9056 32.9684 34.8227 22.0799 19.4101 22.1811 21.9838 16.4436 15.257 11.0819 10.9238 10.6908 10.6384 10.3087 7.90291 7.84169 9.06528 7.56118 7.45367 20.8586 9.20415 8.50756 7.08014 10.2784 8.11373 10.4086 6.93782 6.7346 6.1993
threshold=0.48666666448116308 0.12566372007131579 0.3331922739744187 0.84756097197532665 0.67185840010643016 0.46538750827312475 0.022035398520529274 0.024867256172001365 0.017256637103855613 0.014269287232309582 0 0.1225140728056431 0.55146872997283947 0.57738095521926891 0.28295853734016424 0.34520767629146581 0.33240984380245214 0.29185217618942266 0.28300000727176672 0.76491227746009838 0.36939570307731634 0.13831858336925509 0.019206888973712925 0.37071225047111517 0.0080530971754342335 0.10459482669830324 0.505102038383484 0.31623914837837225 0.41428090631961828 0.31281407177448278
decision_type=2 2 2 2 2 2 2 2 2 2 1 2 2 2 2 2 2 2 2 2 2 2 2 2 2 2 2 2 2 2
left_child=1 2 8 5 16 6 9 -8 -1 10 -4 -10 -7 23 29 -12 18 19 -3 20 28 -22 -23 -11 -25 -26 -27 -9 -18 -13
right_child=-2 4 3 -5 -6 12 7 27 11 13 15 14 -14 -15 -16 -17 17 -19 -20 -21 21 22 -24 24 25 26 -28 -29 -30 -31
leaf_value=-0.03021881927492694 -0.045813421900110292 0.0028558908639539382 -0.0082506758812681477 -0.045731992023866158 0.020840995852443138 0.0066191350088918481 0.065806988019245491 0.00029743780202375687 -0.044911357851963832 -0.029534927786312878 0.049239548308915471 -0.037946519581638888 0.0406928258766944 0.035731525860085871 -0.0054019091246083669 0.0036569883357949703 0.0075854424828438781 0.028678688244098985 -0.032251839765026706 0.010438721831593022 0.016422790927597266 -0.0085071182124419869 -0.039715914457538054 -0.029433614084909548 -0.011042656853367798 0.0043470428901316053 0.084657988814713203 0.020091099755254402 0.034830842710062412 0.023502705486696182
leaf_weight=136.87301699072123 167.66405810415745 485.0781365185976 506.68216929212213 43.951816787943244 347.92520938813686 428.91530996747315 13.232045274227856 998.01284987851977 21.438344482332468 116.63868773542345 10.0251372680068 38.330230340361595 24.313949156552553 8.6031216569244844 349.00871500745416 165.31636951863766 130.37470296025276 57.010643482208252 15.722215712070463 878.27614782750607 17.778483361005783 48.586633235216141 40.448691964149475 57.660995850339532 67.781275182962418 17.279471218585972 5.2301248498260966 46.258146863430738 27.628688916563988 4.4237183295190325
leaf_count=2766 5634 2336 5359 1617 1827 2085 89 5861 322 2030 156 671 144 105 3395 1391 578 236 70 3776 84 231 185 948 802 204 58 276 114 75
internal_value=-0.000199665 0.00129721 -0.00409883 -0.0016667 0.00935856 -0.00087745 -0.00298438 0.00200038 -0.0151848 -0.00850777 -0.00449744 -0.0101866 0.00846666 -0.0184959 -0.00826266 0.00631825 0.00700576 0.00919969 0.00173751 0.0082214 0.00084753 -0.0161906 -0.02277 -0.0202908 -0.0129544 -0.00235425 0.0235204 0.00118087 0.0124003 -0.0314317
internal_weight=5276.47 5108.81 3059.98 2509.9 2048.83 2465.95 2012.72 1057.5 550.074 955.217 682.024 413.201 453.229 273.194 391.763 175.342 1700.9 1200.1 500.8 1143.09 264.817 106.814 89.0353 264.591 147.952 90.2909 22.5096 1044.27 158.003 42.7539
internal_count=43425 37791 28354 21125 9437 19508 17279 6226 7229 11053 6906 4463 2229 4147 4141 1547 7610 5204 2406 4968 1192 500 416 4042 2012 1064 262 6137 692 746
cat_boundaries=0 1
cat_threshold=2
is_linear=0
shrinkage=0.05


Tree=42
num_leaves=31
num_cat=1
split_feature=8 7 13 4 7 7 13 4 5 13 13 7 7 3 7 6 6 13 6 1 1 7 13 13 5 12 13 4 7 13
split_gain=135.979 80.4702 30.4833 33.8511 23.8057 20.4 15.347 13.8311 11.9121 11.7348 10.1817 17.9578 9.04416 14.1455 8.86657 7.88362 7.72839 8.55567 7.84601 8.58762 17.3619 10.9443 8.4926 7.70002 7.61326 9.55276 7.39303 7.07138 7.06891 8.95992
threshold=0.48666666448116308 0.12566372007131579 0.35018791258335119 0.84756097197532665 0.017256637103855613 0.67185840010643016 0.53683188557624828 0.109621848911047 0.62470659613609325 0.28295853734016424 0.41010664403438574 0.016371681354939941 0.0057522123679518708 0.062343280762434013 0.11283186078071596 0.29780831933021551 0.025062814354896549 0.47722494602203375 0.040051745250821121 0.77411872148513805 0.29864865541458135 0.14672566205263141 0.33240984380245214 0.39764946699142462 0.37248815596103674 0 0.32183587551116949 0.69314920902252208 0.14672566205263141 0.37370155751705175
decision_type=2 2 2 2 2 2 2 2 2 2 2 2 2 2 2 2 2 2 2 2 2 2 2 2 2 1 2 2 2 2
left_child=1 2 4 6 12 16 8 -6 10 -9 11 27 13 -1 -13 -12 28 18 -18 20 -20 26 24 -16 25 -21 -22 -4 -3 -30
right_child=-2 5 3 -5 7 -7 -8 9 -10 -11 15 14 -14 -15 23 -17 17 -19 19 22 21 -23 -24 -25 -26 -27 -28 -29 29 -31
leaf_value=0.017945278159322623 -0.045470617832323722 0.017997564592533665 -0.01426876730502755 -0.045342622366654435 -0.044295111638649728 0.020008067089610809 0.027499751275921948 -0.031038556120243352 -0.0510391875704082 -0.0037500102571181686 0.0026583937119637798 0.0023362529592241151 -0.032132570848378027 -0.033654200728182371 -0.025726325712900528 0.02840184696345276 0.014666266958673433 0.048266306995015745 0.0071815761647706887 0.0095328697493217672 -0.024630983711329688 -0.028198815004430628 0.010791160792329352 0.010635220687879927 -0.018392974986616489 -0.013192621976039348 0.029455508334420778 0.037158829890910731 -0.026836256934615249 0.0032755925714834468
leaf_weight=26.014645775780082 160.66001542471349 25.461202472448349 328.03109857812524 41.689662229269743 23.962951749563217 344.38501562178135 49.797529753297567 42.262885119765997 11.522216355428098 579.15753574296832 934.49300709366798 708.56660269573331 162.56512972339988 26.81257295794785 53.702725790441036 30.674818150699139 291.66993150115013 12.773501247167586 181.54695002734661 191.52710799872875 9.9959705770015734 76.006254926323891 692.67942890524864 19.671298339962959 44.373023211956024 60.720437914133072 16.586011737585068 6.6780270412564269 48.230105295777321 49.9682607203722
leaf_count=409 5634 128 4670 1602 343 1827 272 761 393 5229 5496 4609 3309 579 372 170 1297 60 821 885 58 355 2962 84 234 281 80 56 236 213
internal_value=-0.000193995 0.00123456 -0.00391621 -0.000773805 -0.0118855 0.00890438 9.29185e-05 -0.00706908 -0.000557945 -0.00561865 -0.000273707 -0.00352667 -0.0262837 -0.00816379 0.000616017 0.00348461 0.00665305 0.00759772 0.00725955 0.00555815 -0.00208902 -0.0185346 0.00775953 -0.0159087 0.000661848 0.00403957 0.00891318 -0.013217 -0.00535681 -0.0114752
internal_weight=5252.19 5091.53 3045.6 2184.83 860.776 2045.92 2143.14 645.383 2093.34 621.42 2081.82 1116.65 215.392 52.8272 781.941 965.168 1701.54 1577.88 1565.11 1273.44 284.135 102.588 989.3 73.374 296.621 252.248 26.582 334.709 123.66 98.1984
internal_count=43425 37791 28354 17724 10630 9437 16122 6333 15850 5990 15457 9791 4297 988 5065 5666 7610 7033 6973 5676 1314 493 4362 456 1400 1166 138 4726 577 449
cat_boundaries=0 1
cat_threshold=2
is_linear=0
shrinkage=0.05


Tree=43
num_leaves=31
num_cat=0
split_feature=8 7 4 13 7 7 13 7 13 5 5 8 5 4 5 7 6 13 13 5 13 3 6 6 1 1 3 6 6 7
split_gain=128.204 72.8347 28.3974 33.7693 34.947 18.8316 14.0743 13.9479 12.5268 9.586 8.99784 12.6928 12.89 9.83866 7.27569 7.12905 6.97054 7.93824 7.69659 6.90299 6.80415 8.68285 7.7894 7.2118 6.95773 8.11846 6.57741 9.13877 6.55306 6.37809
threshold=0.48666666448116308 0.12566372007131579 0.84756097197532665 0.38877150416374212 0.017256637103855613 0.67185840010643016 0.28295853734016424 0.11283186078071596 0.55146872997283947 0.73333334922790538 0.019794563762843612 0.32670532166957861 0.38491770625114446 0.38791178166866308 0.01180408336222172 0.018318584188818935 0.025062814354896549 0.47722494602203375 0.23036390542984012 0.51541250944137584 0.37004087865352636 0.050878273323178298 0.15922193974256518 0.18337896466255191 0.39736843109130865 0.7124060094356538 0.051407666876912124 0.037754381075501449 0.29679679870605474 0.14672566205263141
decision_type=2 2 2 2 2 2 2 2 2 2 2 2 2 2 2 2 2 2 2 2 2 2 2 2 2 2 2 2 2 2
left_child=1 2 3 4 14 16 -6 10 9 28 13 12 -12 15 -1 -8 29 18 -18 20 22 24 -20 -24 -22 -26 -15 -28 -5 -3
right_child=-2 5 -4 8 6 -7 7 -9 -10 -11 11 -13 -14 26 -16 -17 17 -19 19 -21 21 -23 23 -25 25 -27 27 -29 -30 -31
leaf_value=-0.014633411395049556 -0.04512167223984366 0.016975377242546861 -0.045137880357294699 0.00157078181238887 -0.031584976031031303 0.01920341126838504 0.036859140420939122 -0.027810303958895749 0.038852119014240377 -0.050484107836397021 -0.012815395372273559 -0.05551623306396343 0.0041370529055019889 0.0018758362037252516 -0.02790990662053118 -0.0063894530295362517 -0.030144578432430558 0.046761186324740411 0.010138122798415989 -0.008967775358426756 0.019219853749481902 0.019362265139284848 -0.021904470674078483 0.0025605630628217722 -0.023545815167915561 0.0057023364182415678 -0.0051309792210713009 0.022287182436868835 0.018468124750677471 -0.01095085249265091
leaf_weight=245.03810939192772 153.97758408822119 25.645774528384209 40.787741284817457 1269.9532022625208 43.418116804212332 340.96769466996193 9.7636433579027635 52.325859673321247 23.377919010818005 8.5373844858258945 252.19677445292473 12.86369953677058 201.17273112013936 209.06858917698264 182.28574117831886 260.64618346467614 13.754894733428953 12.534760251641272 436.30808211863041 62.781539887189865 82.957377091050148 244.12859639525414 32.115259185433388 459.90214850008488 26.655265882611275 207.34747076034546 40.274945519864559 120.02481906488538 60.0849938839674 97.770180657505989
leaf_count=4099 5634 128 1632 7957 794 1827 134 406 144 328 2399 167 1350 1610 3661 2065 67 60 1991 282 353 1024 164 2092 123 877 313 876 419 449
internal_value=-0.000188709 0.00117454 -0.00374132 -0.00317364 -0.00803189 0.00847242 -0.00365919 -0.00260549 0.00263396 0.00199483 -0.00140611 -0.00669114 -0.00528284 0.00243794 -0.0203137 -0.00479635 0.00631858 0.00721466 0.00689195 0.00722529 0.00791177 0.0122653 0.00527405 0.00094938 0.00677888 0.00234068 0.00774747 0.0153684 0.00233922 -0.00509827
internal_weight=5228.67 5074.69 3031.82 2991.03 1629.08 2042.87 1201.76 1158.34 1361.95 1338.58 1106.01 466.233 453.37 639.778 427.324 270.41 1701.9 1578.49 1565.95 1552.2 1489.41 561.089 928.325 492.017 316.96 234.003 369.368 160.3 1330.04 123.416
internal_count=43425 37791 28354 26722 17874 9437 10114 9320 8848 8704 8914 3916 3749 4998 7760 2199 7610 7033 6973 6906 6624 2377 4247 2256 1353 1000 2799 1189 8376 577
is_linear=0
shrinkage=0.05


Tree=44
num_leaves=31
num_cat=1
split_feature=8 7 13 4 7 13 7 7 7 5 12 4 4 13 13 10 1 13 4 1 13 7 3 1 6 1 13 3 6 7
split_gain=120.854 65.9234 27.1581 29.6135 17.3682 15.4179 18.32 19.2124 14.3456 12.8132 10.1254 9.83759 9.33683 9.05965 8.76372 7.46762 6.55675 7.14309 6.52004 10.0441 7.78665 7.2747 11.34 13.9695 9.3279 7.52103 9.66543 6.60162 6.44296 7.81191
threshold=0.48666666448116308 0.12566372007131579 0.3331922739744187 0.84756097197532665 0.67185840010643016 0.46538750827312475 0.022035398520529274 0.024867256172001365 0.022035398520529274 0.014269287232309582 0 0.57738095521926891 0.1011171229183674 0.26187281310558325 0.55146872997283947 0.4575274139642716 0.4871456921100617 0.34646168351173406 0.21339728683233264 0.83503401279449474 0.37492777407169348 0.28300885856151586 0.0093764648772776144 0.6885775923728944 0.052195154130458839 0.96904760599136364 0.41253808140754705 1.0000000180025095e-35 0.0245190653949976 0.14672566205263141
decision_type=2 2 2 2 2 2 2 2 2 2 1 2 2 2 2 2 2 2 2 2 2 2 2 2 2 2 2 2 2 2
left_child=1 2 8 5 18 6 9 -8 -1 10 -4 16 -10 -14 -7 -12 -11 -18 19 27 28 22 24 -24 -22 26 -23 -3 29 -20
right_child=-2 4 3 -5 -6 14 7 -9 12 11 15 -13 13 -15 -16 -17 17 -19 20 -21 21 25 23 -25 -26 -27 -28 -29 -30 -31
leaf_value=-0.02525794504797356 -0.044766126711368169 -0.0061611854709277469 -0.0076290125394188283 -0.04472788175497952 0.018426194097795386 0.0060223243681281156 0.060588903069488456 0.0011555346338662177 -0.050337724400252609 -0.022383579400347835 0.059849587123515048 0.034910799327255042 -0.048199324364415735 -0.0047096828294000345 0.037797127999006336 0.0042962663813163309 -0.052329760957504537 0.0075389772058564054 0.012149975467111957 0.0053514804513939062 0.062145357846989852 -0.018444196925658924 -0.041301447324010698 0.014169665831602785 0.022197797949795844 0.012126104698615421 0.016765208777456596 -0.040642744818976784 0.005403329045598192 -0.02485959822199443
leaf_weight=181.10054906271398 147.60296827740967 35.26958654075861 500.71036278828979 38.679422939196229 337.67227824032307 429.34510841965675 13.682872235774992 1042.9380253553391 12.438769094645975 212.61847819015384 6.197066504508256 8.6591180153191072 12.368159670382736 327.18251947686076 22.845399953424931 168.99445129558444 5.6756611391901961 36.074093632400036 22.193904355168343 116.19546791911125 21.141800910234451 58.134070232510567 11.757504284381865 247.86171397566795 49.813619196414948 136.45445920526981 29.084342464804649 23.297757849097252 912.03881457448006 38.897368535399437
leaf_count=3554 5634 181 5359 1617 1827 2085 89 6137 168 3510 51 105 259 3248 144 1496 90 442 112 560 90 238 55 1064 215 561 119 122 4105 188
internal_value=-0.000183447 0.0011171 -0.00357278 -0.00137466 0.00806175 -0.000685743 -0.00257666 0.00193557 -0.0138136 -0.00765948 -0.00400493 -0.0170265 -0.00790574 -0.00632224 0.0076467 0.00632291 -0.0188272 -0.000585984 0.00600174 -0.00312539 0.00704948 0.0117849 0.0165022 0.0116233 0.0342416 0.00478644 -0.00664006 -0.0200089 0.00434635 -0.0113348
internal_weight=5206.93 5059.32 3019.51 2486.42 2039.81 2447.74 1995.55 1056.62 533.09 938.929 675.902 263.027 351.989 339.551 452.191 175.192 254.368 41.7498 1702.14 174.763 1527.38 554.248 330.575 259.619 70.9554 223.673 87.2184 58.5673 973.13 61.0913
internal_count=43425 37791 28354 21125 9437 19508 17279 6226 7229 11053 6906 4147 3675 3507 2229 1547 4042 532 7610 863 6747 2342 1424 1119 305 918 357 303 4405 300
cat_boundaries=0 1
cat_threshold=2
is_linear=0
shrinkage=0.05


Tree=45
num_leaves=31
num_cat=0
split_feature=8 7 4 13 7 7 13 7 13 5 13 5 8 5 4 13 5 6 7 3 6 7 4 13 7 13 7 7 13 5
split_gain=113.907 59.6562 25.6234 29.0607 30.8075 16.3365 12.5746 13.0277 10.7094 8.94691 7.99091 7.96883 12.0487 11.646 8.87805 7.93183 6.75445 6.58837 6.56426 6.16704 6.13361 6.10962 6.20713 7.04356 6.09568 7.1739 10.2083 12.3204 6.1534 10.5314
threshold=0.48666666448116308 0.12566372007131579 0.84756097197532665 0.38877150416374212 0.017256637103855613 0.31805309653282171 0.28295853734016424 0.11283186078071596 0.55146872997283947 0.73333334922790538 0.36810278892517095 0.019794563762843612 0.32670532166957861 0.38491770625114446 0.38791178166866308 0.29750332236289984 0.01180408336222172 0.29185217618942266 0.018318584188818935 0.09734158962965013 0.31281407177448278 0.097964603453874602 0.59523808956146251 0.46070697903633123 0.15415929257869723 0.44552209973335272 0.17752212285995486 0.28300885856151586 0.39764946699142462 0.50488919019699108
decision_type=2 2 2 2 2 2 2 2 2 2 2 2 2 2 2 2 2 2 2 2 2 2 2 2 2 2 2 2 2 2
left_child=1 2 3 4 16 10 20 11 9 21 -3 14 13 -13 18 -7 -1 24 -8 -15 -6 22 23 -5 28 26 -26 -28 29 -12
right_child=-2 5 -4 8 6 15 7 -9 -10 -11 17 12 -14 19 -16 -17 -18 -19 -20 -21 -22 -23 -24 -25 25 -27 27 -29 -30 -31
leaf_value=-0.013684953819370592 -0.04440355547714217 0.0014927025415709437 -0.044452202341120857 -0.0023889292539969209 -0.037046167367419197 -0.014472739454101878 0.035067264540406769 -0.026973200278692072 0.036764534919142812 -0.050310172081137729 0.0027681925096859142 -0.012116597680856329 -0.055143757524180076 -0.0013426634596489036 0.0074064449171352409 0.015956763367037382 -0.026695882036444275 0.033549124824479935 -0.0060652091362450276 0.01818416997887555 0.024421208127519297 0.012922271445392109 0.028286797908727103 0.0055098797539736002 -0.011465330989792914 0.020281332341868588 0.023250146261953625 -0.00039794524302785546 0.025889499389452876 0.045181843548425721
leaf_weight=239.76431960985065 141.52286135032773 802.86037658154964 37.474255789071321 726.16967029124498 37.091106247156858 22.025640577077866 9.948788717389105 51.366391636431217 22.328791998326778 8.0446138177067024 115.92895048856735 249.00444263964891 12.176578242331741 145.58007599040866 370.55616576969624 556.10815474390984 174.65933811664581 26.145630195736885 259.36585955321789 55.674130357801914 4.3851996734738341 121.44730898737907 20.624785646796227 461.23572749644518 104.32079400122166 60.639410927891731 80.495953485369682 172.67894858121872 79.069769978523254 16.712532863020897
leaf_count=4099 5634 3786 1632 5598 715 102 134 406 144 328 525 2399 167 981 2799 2744 3661 112 2065 369 79 510 103 2165 481 264 331 701 323 68
internal_value=-0.000177975 0.00106279 -0.00341162 -0.00289052 -0.00743761 0.00766998 -0.00335848 -0.00237999 0.00248805 0.00190939 0.00484549 -0.00122709 -0.00623016 -0.00488431 0.00238122 0.0147865 -0.0191856 0.00894046 -0.00451472 0.00404068 -0.030384 0.00223289 0.00115313 0.000675279 0.00790583 0.00438693 0.00167198 0.00710734 0.0148268 0.0081799
internal_weight=5185.41 5043.88 3006.9 2969.42 1609.57 2036.99 1195.15 1153.67 1359.85 1337.52 1458.85 1102.31 462.435 450.259 639.871 578.134 414.424 655.992 269.315 201.254 41.4763 1329.48 1208.03 1187.41 629.846 418.135 357.496 253.175 211.711 132.641
internal_count=43425 37791 28354 26722 17874 9437 10114 9320 8848 8704 6591 8914 3916 3749 4998 2846 7760 2805 2199 1350 794 8376 7866 7763 2693 1777 1513 1032 916 593
is_linear=0
shrinkage=0.05


Tree=46
num_leaves=31
num_cat=1
split_feature=8 7 13 4 7 7 6 5 13 13 13 4 4 13 4 3 3 3 6 6 3 13 7 7 3 13 13 12 13 7
split_gain=107.338 54.6709 29.6031 26.0382 21.4677 17.4099 13.5935 10.3357 9.82792 8.60735 8.0189 7.62205 8.01978 7.20977 6.73672 6.87301 9.30487 6.39447 7.86752 10.6338 6.03859 5.67036 5.59479 7.82109 6.51506 5.71294 5.66814 5.4907 6.12066 8.71983
threshold=0.48666666448116308 0.061769910156726844 0.40065751969814306 0.84756097197532665 0.31805309653282171 0.016371681354939941 0.037754381075501449 0.014269287232309582 0.55146872997283947 0.37751218676567083 0.27012486755847936 0.25211864709854132 0.29890210926532751 0.29199807345867163 0.19897611439228061 0.085142057389020934 0.36140660941600805 0.36074022948741918 0.18961966782808307 0.16328698396682742 0.057769836857914932 0.37071225047111517 0.022035398520529274 0.03823008947074414 0.049412859603762634 0.41850940883159643 0.49254511296749121 0 0.34333035349845892 0.0080530971754342335
decision_type=2 2 2 2 2 2 2 2 2 2 2 2 2 2 2 2 2 2 2 2 2 2 2 2 2 2 2 1 2 2
left_child=1 2 5 8 9 7 11 27 22 -3 -8 -7 -13 -6 15 -11 -17 18 19 -12 -21 -20 26 -24 25 -25 -4 28 -1 -30
right_child=-2 4 3 -5 13 6 10 -9 -10 14 17 12 -14 -15 -16 16 -18 -19 21 20 -22 -23 23 24 -26 -27 -28 -29 29 -31
leaf_value=-0.02912585074240643 -0.044033547301135539 0.00087350792068112643 -0.0014609201123484794 -0.044394642571421568 -0.018866630396758538 -0.041094058828454544 -0.042793828585975899 -0.027592956622449899 0.035752835143888065 -0.014987939155763082 0.001064385386102027 0.047125604200954158 -0.015563454637588313 0.015075449857592713 0.0084948208578797292 0.045554951239770131 -0.014307537289549444 0.025365620674127006 -0.010973871808053851 0.0099922631586168691 0.05740540743971239 0.0059473561717384577 0.051939912297892445 -0.038054409871547006 0.024302097986611107 0.01563899333946581 0.007683309272975683 -5.3291880916805114e-05 -0.019743359839940577 0.0063922109456265351
leaf_weight=63.721659678965807 135.72442399337888 1409.3968764469028 656.814443429932 30.233064053580165 15.884208381175993 29.928618364036083 11.463863041251896 178.83679967001081 21.828304503113031 62.48071363568306 172.5677554346621 5.188228201121091 124.52849339321256 559.09100151062012 830.72460436820984 12.884123966097834 12.734516218304632 22.414623193442822 222.63125623390079 13.442801341414453 14.054620202630757 63.173357460647821 12.482441350817679 11.015944078564646 24.481774196028709 8.7000231072306615 228.09248079545796 71.165833652019501 87.912109412252903 49.638355549424887
leaf_count=1360 5634 7364 4904 1383 74 459 275 3809 144 287 1860 52 1384 2772 3667 60 56 214 2437 119 112 473 65 68 138 48 1015 1062 1333 797
internal_value=-0.000172616 0.00101133 -0.00508269 0.00120904 0.00547216 -0.010616 -0.00554745 -0.0182327 0.00264978 0.00333237 -0.00161589 -0.0183069 -0.0129832 0.014126 0.0070981 -0.00601019 0.0156642 -0.000669095 -0.00188542 0.00570359 0.0345277 -0.0072154 0.00187335 0.0170928 0.00704328 -0.0141496 0.000891037 -0.0120621 -0.0162812 -0.0102776
internal_weight=5163.24 5027.51 2124.32 993.648 2903.2 1130.67 679.394 451.275 963.415 2328.22 519.748 159.645 129.717 574.975 918.824 88.0994 25.6186 508.284 485.87 200.065 27.4974 285.805 941.587 56.6802 44.1977 19.716 884.907 272.438 201.272 137.55
internal_count=43425 37791 23511 7765 14280 15746 7385 8361 6382 11434 5490 1895 1436 2846 4070 403 116 5215 5001 2091 231 2910 6238 319 254 116 5919 4552 3490 2130
cat_boundaries=0 1
cat_threshold=2
is_linear=0
shrinkage=0.05


Tree=47
num_leaves=31
num_cat=0
split_feature=8 7 4 13 7 7 4 13 5 7 1 6 13 5 5 13 1 1 4 7 3 5 3 4 5 4 5 4 8 6
split_gain=101.124 49.8971 23.1326 24.9989 17.6888 13.8446 12.3806 10.6237 9.89005 9.79453 14.4717 9.34553 10.5038 7.44127 12.6153 10.8945 10.369 8.77573 10.0218 9.23099 8.12019 7.02188 6.9293 6.84723 8.43132 6.49465 6.46445 11.6254 8.4791 6.2388
threshold=0.48666666448116308 0.12566372007131579 0.84756097197532665 0.35018791258335119 0.017256637103855613 0.67185840010643016 0.109621848911047 0.51932436227798473 0.62470659613609325 0.0057522123679518708 1.0000000180025095e-35 0.36325818300247198 0.28092238306999212 0.49264955520629888 0.0092238103970885294 0.41338393092155462 0.4708049893379212 0.56949809193611156 0.50996163487434398 0.019026548601686958 0.32302914559841162 0.32985453307628637 0.35958516597747808 0.506115883588791 0.41143791377544409 0.60759153962135326 0.019794563762843612 0.49967658519744879 0.32502073049545294 0.098780486732721343
decision_type=2 2 2 2 2 2 2 2 2 2 2 2 2 2 2 2 2 2 2 2 2 2 2 2 2 2 2 2 2 2
left_child=1 2 3 4 9 -3 -6 8 13 10 21 12 -8 14 16 -16 20 18 19 -18 -5 -1 -19 24 29 26 27 -14 -28 -17
right_child=-2 5 -4 7 6 -7 11 -9 -10 -11 -12 -13 25 -15 15 23 17 22 -20 -21 -22 -23 -24 -25 -26 -27 28 -29 -30 -31
leaf_value=0.011484510874102285 -0.04365571432013958 0.0051875376121514848 -0.04376425559712932 -0.00043468032960999967 -0.042820670064652837 0.01640121259823395 -0.033092229261858758 0.01621343919556929 -0.050612611033179059 -0.029634786593885562 -0.032303831480794819 0.039430280532600441 -0.0039835944867042646 0.010667727699669548 -0.011148808493351288 0.0049482440762481789 -0.015923537645446573 0.0043339199471930058 0.072377368899591191 0.051327305606713315 -0.040269219994682838 0.087721261551075999 0.03358747531689537 0.033212122035439259 0.023040898609897366 -0.030133668916006162 -0.0071107304804047021 0.017096620465201256 -0.04691845510748463 -0.022140801472141248
leaf_weight=21.717756591737274 130.19534375146031 1701.1498858183622 34.572756053879857 969.89651109278202 21.936813402920961 329.1272539794445 32.579198818653822 98.66885476373136 9.730401670560239 146.82556209340692 22.881307486444712 11.674451768398283 262.59951984137297 142.63737479969859 440.17154193669558 45.608164168894291 11.553794257342821 259.68024152517319 11.186340186744927 8.8966698125004751 12.870700519531963 3.4692560974508515 21.950780905783176 18.562501601874828 30.55543065816164 22.598244421184063 179.5458913706243 86.934271022677422 14.435099288821219 39.297154046595097
leaf_count=329 5634 7610 1632 7264 343 1827 665 497 386 3309 549 112 2330 731 4434 282 143 1493 79 63 151 80 110 105 134 215 1692 763 213 250
internal_value=-0.000167651 0.000961582 -0.00315246 -0.00267309 -0.0100453 0.00700856 -0.00597347 0.000199721 -0.000579771 -0.0232203 -0.00350268 -0.00463418 -0.00550823 -0.000332921 -0.00117511 -0.00734547 0.0015551 0.00947633 0.0344421 0.013197 -0.0009655 0.0224885 0.00664285 0.00510754 0.000521105 -0.0039064 -0.00280139 0.00124846 -0.0101214 -0.00754199
internal_weight=5143.51 5013.31 2983.04 2948.46 827.197 2030.28 632.303 2121.27 2022.6 194.894 48.0683 610.367 598.692 2012.87 1870.23 574.195 1296.04 313.268 31.6368 20.4505 982.767 25.187 281.631 134.023 115.461 566.113 543.515 349.534 193.981 84.9053
internal_count=43425 37791 28354 26722 10600 9437 6333 16122 15625 4267 958 5990 5878 15239 14508 5205 9303 1888 285 206 7415 409 1603 771 666 5213 4998 3093 1905 532
is_linear=0
shrinkage=0.05


Tree=48
num_leaves=31
num_cat=0
split_feature=8 7 13 4 1 7 6 5 13 13 13 13 4 4 13 7 4 4 1 5 13 4 4 4 13 13 10 3 6 6
split_gain=95.2453 45.1899 25.4717 23.1073 18.6619 15.5674 12.4759 9.65479 9.495 8.79288 7.83687 7.31088 7.27519 7.21627 5.99293 12.9924 8.78048 16.0357 9.90202 8.47497 7.15976 6.64623 6.9059 14.8357 9.22254 5.72035 10.5261 5.54112 7.17661 9.22054
threshold=0.48666666448116308 0.061769910156726844 0.40065751969814306 0.84756097197532665 0.94519516825675975 0.016371681354939941 0.037754381075501449 0.014269287232309582 0.2847589254379273 0.55146872997283947 0.45683620870113378 0.27012486755847936 0.25211864709854132 0.29890210926532751 0.32585169374942785 0.087610617280006423 0.37014016509056097 0.38905704021453863 0.65108695626258861 0.0020918130176141862 0.27012486755847936 0.47039544582366949 0.35142973065376287 0.28569257259368902 0.36025953292846685 0.36199536919593817 0.29806570708751684 0.36074022948741918 0.18961966782808307 0.16328698396682742
decision_type=2 2 2 2 2 2 2 2 2 2 2 2 2 2 2 2 2 2 2 2 2 2 2 2 2 2 2 2 2 2
left_child=1 2 5 9 10 7 12 -1 -6 -4 14 -8 -7 -14 16 19 -3 18 -18 -16 -20 22 23 -17 -25 -21 -27 28 29 -13
right_child=-2 4 3 -5 8 6 11 -9 -10 -11 -12 27 13 -15 15 21 17 -19 20 25 -22 -23 -24 24 -26 26 -28 -29 -30 -31
leaf_value=-0.011203555741419159 -0.043269685756385401 -0.013852103931893608 0.0017463520982805962 -0.043682876396192255 -0.033485720933923123 -0.040271812080162547 -0.041980412189766031 -0.02645452844237561 0.012332806221641309 0.034307846035121263 0.022229745610746712 0.0012836434898967713 0.043871262544372215 -0.014785836316897963 0.040252340522553186 0 -0.017859904947127168 -0.0043912379636447717 0.010491719390827062 0.0011320358897563534 0.047518896057200957 0.012552549763052598 -0.0017955109459963439 0.0066175550228594173 0.030373024853909539 0.061199712134893683 0.0065841579944998967 0.023577228464662547 -0.0067091027675906375 0.032208699897882435
leaf_weight=267.23659123852849 124.92375087365508 132.37900543957949 940.261808142066 27.800898876041174 11.328168168663977 28.604293145239353 10.721985142678021 171.83860197663307 756.46252240240574 21.125370979309082 49.366450399160385 171.85092315450311 5.3435038626193991 122.49819652363658 33.541975244879723 378.71676064282656 11.822696618735788 245.26485782116652 22.822090707719326 59.203490547835827 31.958521656692028 139.47345091402531 822.45369613170624 86.521392792463303 78.586588621139526 13.624979749321936 25.467151641845703 22.817265965044498 283.12856208905578 28.017100151628256
leaf_count=4552 5634 813 6238 1383 52 459 275 3809 3582 144 227 1860 52 1384 158 1879 66 1383 107 326 181 627 3940 421 352 56 110 214 2910 231
internal_value=-0.000163327 0.000913467 -0.00466834 0.00116408 0.00496101 -0.00986049 -0.00507031 -0.0171883 0.011646 0.00247055 0.00254989 -0.00131206 -0.0174382 -0.0122626 0.00207978 0.00347843 -0.00306434 0.0015017 0.0232513 0.0185285 0.0322314 0.00215624 0.00109046 0.00546378 0.0179663 0.0110314 0.0258548 -0.000431981 -0.0015812 0.0056576
internal_weight=5125.16 5000.24 2101.25 989.188 2898.99 1112.06 672.982 439.075 767.791 961.387 2131.2 516.536 156.446 127.842 2081.84 1637.59 444.247 311.868 66.6033 131.838 54.7806 1505.75 1366.28 543.825 165.108 98.2956 39.0921 505.814 482.997 199.868
internal_count=43425 37791 23511 7765 14280 15746 7385 8361 3634 6382 10646 5490 1895 1436 10419 7869 2550 1737 354 650 288 7219 6592 2652 773 492 166 5215 5001 2091
is_linear=0
shrinkage=0.05


Tree=49
num_leaves=31
num_cat=1
split_feature=8 7 4 13 13 7 5 4 5 13 4 13 13 3 4 3 3 1 6 5 7 4 5 5 6 1 1 6 6 12
split_gain=89.6906 41.5287 20.8804 22.405 12.6409 11.2713 10.4084 13.1731 9.96678 10.3146 9.16703 8.45699 7.75038 7.5467 7.1379 10.6049 9.07991 7.02166 6.86767 9.34933 7.67579 6.8352 7.64243 6.55534 6.21842 6.0428 5.92937 5.86063 13.6495 6.99145
threshold=0.48666666448116308 0.12566372007131579 0.84756097197532665 0.3331922739744187 0.38322934508323675 0.019026548601686958 0.020050250925123695 0.081877991557121291 0.49264955520629888 0.41338393092155462 0.1225140728056431 0.55146872997283947 0.26187281310558325 0.027973395772278312 0.52086955308914196 0.039710905402898795 0.23158179968595508 0.505102038383484 0.22477751225233081 0.37248815596103674 0.31805309653282171 0.506115883588791 0.41143791377544409 0.48266786336898809 0.044065866619348533 0.98979592323303234 0.79451090097427379 0.049081858247518546 0.033838119357824333 0
decision_type=2 2 2 2 2 2 2 2 2 2 2 2 2 2 2 2 2 2 2 2 2 2 2 2 2 2 2 2 2 1
left_child=1 2 3 5 18 -1 11 -8 9 13 -7 -5 -12 26 17 -16 24 -15 19 20 -3 22 -11 -19 -17 -6 -9 28 -21 -29
right_child=-2 4 -4 6 25 10 7 8 -10 21 12 -13 -14 14 15 16 -18 23 -20 27 -22 -23 -24 -25 -26 -27 -28 29 -30 -31
leaf_value=-0.024316482230036698 -0.042875124647663576 0.0061867557005946539 -0.043052483373336024 0.0013587288400701903 0.0085101033467591854 -0.044124495993493822 -0.03474923254077017 -0.021512173701419567 0.0065543817240193624 -0.0079553593974021723 -0.047149733252011383 0.033514489397457659 -0.0044681389730248109 -0.022675122987171815 0.075715250596854286 0.025137184693765736 0.034028526230605032 0.00099429624146361059 -0.002008949831862907 -0.011502582595817995 0.019982342221514206 0.034248813527310372 0.021755290515138085 -0.025717894058595162 -0.03464007253560672 0.018211081070055826 0.033986612164951469 -0.004424206072048755 0.02381235380190139 -0.03503819251432521
leaf_weight=136.00104459188879 119.89823813550174 493.01152588427067 31.948312843218446 1640.4878748133779 538.49558146297932 16.265360254794359 36.121414454653859 148.46378942579031 174.76042141392827 73.834470719099045 10.907163538038729 20.623241871595383 347.89423179253936 68.290732137858868 5.7556457296013823 5.8955890312790897 14.021104715764521 134.67594108730555 410.44544433057308 56.830949880182743 127.46233156323433 17.727479532361031 30.487726248800755 27.516263894736767 15.22700549289584 231.34208676218987 4.8188546672463408 91.718287453055382 52.42782036960125 23.502566665410995
leaf_count=3074 5634 2265 1632 12214 2337 285 891 1770 981 456 267 143 3588 1271 55 64 119 987 1898 270 578 98 134 159 140 1311 26 429 243 106
internal_value=-0.000158078 0.000868777 -0.00290308 -0.0024621 0.00638711 -0.0119735 -0.000449876 -0.00530794 -0.00382239 -0.00714912 -0.0074793 0.00176296 -0.00579232 -0.0108344 -0.00579532 0.0133823 0.00284601 -0.00922442 0.00328772 0.00586649 0.00903157 0.00563112 0.00069209 -0.00351973 -0.01768 0.0114338 -0.0197138 -0.00285982 0.00540385 -0.0107371
internal_weight=5106.86 4986.96 2961.72 2929.78 2025.24 511.068 2418.71 757.596 721.475 546.715 375.067 1661.11 358.801 424.665 271.382 40.8993 35.1437 230.483 1255.4 844.953 620.474 122.05 104.322 162.192 21.1226 769.838 153.283 224.48 109.259 115.221
internal_count=43425 37791 28354 26722 9437 7214 19508 7151 6260 5279 4140 12357 3855 4591 2795 378 323 2417 5789 3891 2843 688 590 1146 204 3648 1796 1048 513 535
cat_boundaries=0 1
cat_threshold=2
is_linear=0
shrinkage=0.05


Tree=50
num_leaves=31
num_cat=0
split_feature=8 7 4 13 7 7 13 3 5 7 7 13 13 1 7 4 4 5 5 5 8 4 13 6 5 6 6 4 13 6
split_gain=84.4357 38.0792 20.841 21.2283 26.8118 11.8065 9.62254 8.32439 7.69553 7.27437 8.74839 9.87527 8.13538 6.44387 10.1937 6.29855 5.3336 5.27518 4.86829 12.7996 10.222 8.99043 6.99643 6.10985 5.61989 6.28031 5.35744 4.91514 6.6297 5.56063
threshold=0.48666666448116308 0.17752212285995486 0.84756097197532665 0.38877150416374212 0.017256637103855613 0.15415929257869723 0.41684392094612127 0.32562056183815008 0.018528054468333725 0.097964603453874602 0.15415929257869723 0.42119732499122625 0.53683188557624828 0.97767856717109691 0.28300885856151586 0.26999843120574957 0.59523808956146251 0.01180408336222172 0.50488919019699108 0.030816714279353622 0.31782911717891699 0.37254935503005987 0.35261368751525884 0.055809069424867637 0.022417644038796428 0.02547288499772549 0.030232721939682964 0.4714068621397019 0.31918278336524969 0.038596967235207565
decision_type=2 2 2 2 2 2 2 2 2 2 2 2 2 2 2 2 2 2 2 2 2 2 2 2 2 2 2 2 2 2
left_child=1 2 3 4 17 7 8 15 -3 12 -11 -12 16 14 -10 -6 -5 -1 19 24 -21 23 -23 -20 25 -17 -27 -28 -29 -30
right_child=-2 6 -4 9 5 -7 -8 -9 13 10 11 -13 -14 -15 -16 18 -18 -19 21 20 -22 22 -24 -25 -26 26 27 28 29 -31
leaf_value=-0.011618377259179158 -0.042471710938220074 0.010056644364334302 -0.042664760045515213 -5.4010195638847502e-05 -0.0095848412170263294 -0.031749200657069265 0.018107489962209431 0.0067885210311348643 0.0034578141723894899 0.01502486602271263 -0.017891934944617539 0.010281405785169236 0.021917339688950377 0.0092286874371059879 -0.017507651402851262 -0.012412095204769331 0.025393995762684064 -0.023589625334821465 0.054605141033914076 -0.0092669922410513108 -0.054378537780182548 -0.015508331635158884 0.012349706395100862 0.012755868467785795 0.035777725375456003 0.020414466264564873 -0.0016723949004613374 -0.0049715784879494863 -0.023020746965654343 0.019254022712203209
leaf_weight=228.82424009218812 115.10785661451519 597.39484599232674 30.660330466926098 1165.9877624362707 281.59492577239871 32.539199516177177 214.63869751989841 263.25782748684287 169.71962508559227 233.51198557019234 52.438842445611954 76.047398313879967 45.504640650004148 154.79788517951965 87.747113108634949 83.225058037787676 20.853650398552418 157.57087911106646 13.910792674869297 273.59464256465435 13.12960486486554 42.322697810828686 47.943350702524185 24.499545883387327 11.377328883856533 37.800448190420866 449.2018928527832 58.852747783064842 8.2622315660119039 97.731865525245667
leaf_count=4099 5634 2664 1632 7963 2635 192 1116 1597 725 973 244 328 272 728 374 724 103 3661 90 2053 200 293 239 145 87 265 3074 559 57 699
internal_value=-0.000153304 0.000825668 -0.00167251 -0.00133217 -0.00460418 -0.0019537 0.00848244 -0.00138088 0.00642975 0.00302708 0.00925956 -0.00118301 0.00119165 0.0011609 -0.00367203 -0.00287466 0.000391019 -0.016518 -0.00124334 -0.00238946 -0.0113684 0.00791501 -0.000659363 0.0281444 0.00105387 0.000504823 0.00216331 0.0010285 0.00841522 0.015893
internal_weight=5090.05 4974.94 3750.64 3719.98 2125.64 1739.24 1224.3 1706.7 1009.66 1594.34 361.998 128.486 1232.35 412.265 257.467 1443.45 1186.84 386.395 1161.85 1033.18 286.724 128.676 90.266 38.4103 746.452 735.074 651.849 614.049 164.847 105.994
internal_count=43425 37791 32184 30552 20669 12909 5607 12717 4491 9883 1545 572 8338 1827 1099 11120 8066 7760 8485 7718 2253 767 532 235 5465 5378 4654 4389 1315 756
is_linear=0
shrinkage=0.05


Tree=51
num_leaves=31
num_cat=0
split_feature=8 7 13 4 7 7 6 5 3 13 13 4 13 4 13 1 3 6 6 6 6 7 4 5 8 6 6 6 1 13
split_gain=79.4671 34.5237 20.4663 20.6984 14.8414 12.2229 11.0803 7.48268 7.24319 8.54128 7.09202 7.02466 6.54284 6.0656 6.02873 5.03581 5.68377 5.29053 5.20542 4.69272 5.29959 4.58302 16.055 4.51266 5.7637 4.46191 4.24251 5.26242 7.74072 5.60782
threshold=0.48666666448116308 0.061769910156726844 0.40223655104637152 0.84756097197532665 0.31805309653282171 0.016371681354939941 0.037754381075501449 0.014269287232309582 0.32562056183815008 0.47539174556732183 0.55146872997283947 0.25211864709854132 0.26631325483322149 0.29890210926532751 0.29750332236289984 0.4871456921100617 0.034948922693729408 0.29002164304256445 0.14815112948417666 0.040051745250821121 0.042055048048496253 0.00026548672030912718 0.59523808956146251 0.21080139279365542 0.32962618768215185 0.28738410770893102 0.36325818300247198 0.21946597844362262 0.40678434073925024 0.305772215127945
decision_type=2 2 2 2 2 2 2 2 2 2 2 2 2 2 2 2 2 2 2 2 2 2 2 2 2 2 2 2 2 2
left_child=1 2 5 10 8 7 11 -1 9 -3 15 -7 -8 -13 -6 16 17 18 -4 -14 -21 -2 -23 24 -18 -17 27 -22 -29 -30
right_child=21 4 3 -5 14 6 12 -9 -10 -11 -12 13 19 -15 -16 25 23 -19 -20 20 26 22 -24 -25 -26 -27 -28 28 29 -31
leaf_value=-0.010154035574803526 -0.047809884641946229 0.00081458852730541742 0.0017537040311863914 -0.044455622930753794 -0.013937733620057716 -0.039372532085083442 -0.04479292433935686 -0.023749928923505793 0.0079639074282344628 0.040344038329470283 0.031772216564192012 0.038974363627359322 0.022671871674974961 -0.013689629216579294 0.012667846928130623 0.023002516114952663 0.039676482479263225 0.037938883110598974 -0.027964996478663739 -0.047838225180942731 0.0036071260996528992 -0.036874450123966285 0.088734188382375345 -0.034215999321874614 -0.0162449862670682 -0.0097774996202361214 0.025239950739165431 -0.019366129539703097 -0.028416782175510438 0.0032965816135267418
leaf_weight=267.8237519133836 84.264095056802034 1824.3691224083304 799.55578643083572 24.151520505547523 21.909711107611656 27.289563614875078 8.3016266934573633 165.01559230871499 489.20364436507225 13.675798177719114 19.925283182412386 5.5868322774767867 21.191074643284082 120.77402564138174 539.46365669369698 46.517149686813354 6.054440729320052 9.8314918894320709 14.897134542465208 5.9465327300131312 237.91378845274448 23.541503531858329 2.7364828810095778 20.049970971420407 18.133435346186161 13.051280252635477 15.127302769571541 81.37814499437809 15.515870068222283 129.67774274200201
leaf_count=4629 4889 9097 5016 1363 102 461 234 3857 2271 66 144 52 235 1389 2744 309 54 93 118 62 2450 673 72 283 162 75 133 969 226 1197
internal_value=-0.000148553 0.000784879 -0.00413595 0.00114695 0.00431924 -0.0088026 -0.00455339 -0.0153532 0.00255601 0.0011136 0.00231856 -0.0163348 -0.00102658 -0.0112927 0.0116183 0.00167747 0.000706047 0.00164942 0.00120062 -0.000291034 -0.00130795 -0.0420592 -0.0233177 -0.0167231 -0.00193575 0.0157324 -0.000710767 -0.00157194 -0.00703152 -7.5226e-05
internal_weight=5072.87 4962.33 2073.71 972.167 2888.62 1101.54 668.703 432.839 2327.25 1838.04 948.016 153.65 515.052 126.361 561.373 928.091 868.522 824.284 814.453 506.75 485.559 110.542 26.278 44.2378 24.1879 59.5684 479.613 464.486 226.572 145.194
internal_count=43425 37791 23511 7617 14280 15894 7408 8486 11434 9163 6254 1902 5506 1441 2846 6110 5726 5227 5134 5272 5037 5634 745 499 216 384 4975 4842 2392 1423
is_linear=0
shrinkage=0.05


Tree=52
num_leaves=31
num_cat=0
split_feature=8 7 5 13 7 7 4 13 5 4 13 7 7 13 1 1 1 13 13 1 7 6 3 4 13 6 7 4 5 5
split_gain=74.8055 31.774 18.896 16.9479 21.7921 11.1969 10.6123 8.64964 7.00813 6.63567 6.1972 6.64418 8.02309 8.9624 6.32085 9.49003 6.28095 7.27418 5.86431 5.62458 9.49578 5.20406 6.28686 14.6735 4.71559 4.71423 4.63925 14.1841 4.55232 7.32339
threshold=0.48666666448116308 0.17752212285995486 0.62470659613609325 0.38877150416374212 0.019026548601686958 0.15415929257869723 0.84756097197532665 0.41684392094612127 0.018528054468333725 0.18724341690540316 0.55146872997283947 0.097964603453874602 0.15415929257869723 0.46223358809947973 0.56949809193611156 0.73401361703872692 0.92770034074783336 0.42119732499122625 0.34016638994216924 0.97767856717109691 0.28300885856151586 0.03519896604120732 0.28643822669982916 0.51974025368690502 0.32008361816406256 0.36325818300247198 0.00026548672030912718 0.59523808956146251 0.50488919019699108 0.030816714279353622
decision_type=2 2 2 2 2 2 2 2 2 2 2 2 2 2 2 2 2 2 2 2 2 2 2 2 2 2 2 2 2 2
left_child=1 2 3 4 18 9 10 8 -3 -6 11 -5 -13 14 -14 -16 17 -17 -1 20 24 -20 -23 -24 -10 28 -2 -28 29 -11
right_child=26 7 -4 6 5 -7 -8 -9 19 25 -12 12 13 -15 15 16 -18 -19 21 -21 -22 22 23 -25 -26 -27 27 -29 -30 -31
leaf_value=-0.0217535856325221 -0.047622760489283128 0.009278462676852511 -0.046588386066494847 0.00089876559225589346 -0.011921947698611515 -0.030810937495912821 -0.036186757474463788 0.016944513107888859 -0.012415940086152929 0.00093375083165184332 0.031032004424765863 0.014142127518767478 0.023845955286613454 0.026379922570376801 -0.048645709437708073 -0.015045882445292006 -0.03487221883275024 0.019322412521960316 -0.018699084172969286 0.0083498762088107352 -0.017083161285299502 -0.0077830633346677369 0.0027056344397834707 0.12177823495605411 0.0076132280146269096 0.028072658679861581 -0.036275368443708982 0.077976150254368104 0.007275856425715055 -0.0074608847316256334
leaf_weight=158.72321283072233 80.461968367919326 595.93817825615406 23.043046392500401 1204.5653497613966 127.73967193067074 32.009546235203743 17.313629934564233 211.9614078104496 37.545537352561951 955.33456853218377 19.465001106262207 233.70176860690117 13.583852142095564 23.503402546048164 15.080164387822149 31.322502955794334 14.356373146176336 30.030814439058304 103.61677350848913 153.89569459855556 87.716030716896057 165.56433257833123 15.816510673612358 3.0171584729105225 132.27730040252209 14.649677235633133 22.755502441897992 2.9656768292188636 173.27945341542363 356.38318409025669
leaf_count=3648 4889 2664 1065 7866 1410 192 992 1116 170 6532 143 973 59 114 70 145 61 123 1696 728 374 3076 268 47 555 126 673 72 1015 2563
internal_value=-0.000144272 0.000745615 -0.00154272 -0.00126027 -0.00420965 -0.00156699 0.00261192 0.00775333 0.00581296 -0.000986855 0.00304098 0.00268794 0.00863269 -0.00140021 -0.007723 -0.0125224 -0.00520653 0.00169919 -0.014012 0.00078021 -0.00372522 -0.00972223 -0.00464346 0.0225876 0.00315092 -5.1339e-05 -0.0416494 -0.0226575 -0.000334024 -0.00134359
internal_weight=5057.62 4951.43 3732.1 3709.06 2106.13 1659.4 1602.92 1219.33 1007.37 1627.39 1585.61 1566.14 361.579 127.877 104.374 90.7899 75.7097 61.3533 446.738 411.435 257.539 288.015 184.398 18.8337 169.823 1499.65 106.183 25.7212 1485 1311.72
internal_count=43425 37791 32184 31119 20573 11838 10546 5607 4491 11646 9554 9411 1545 572 458 399 329 268 8735 1827 1099 5087 3391 315 725 10236 5634 745 10110 9095
is_linear=0
shrinkage=0.05


Tree=53
num_leaves=31
num_cat=0
split_feature=8 7 5 13 4 13 13 7 7 4 4 4 13 5 13 5 7 3 6 5 13 13 6 6 3 4 4 13 1 13
split_gain=70.3993 29.1683 17.1448 16.7615 10.4814 9.7905 8.69261 8.21373 8.07912 7.88885 7.21507 7.18157 7.006 6.80072 6.37261 8.39981 6.15764 5.33023 6.81297 6.7879 7.62833 5.44363 5.35235 9.08971 7.19301 9.29138 8.34393 5.18192 5.14439 5.14275
threshold=0.48666666448116308 0.12566372007131579 0.62470659613609325 0.3331922739744187 0.84756097197532665 0.37492777407169348 0.46538750827312475 0.019026548601686958 0.022035398520529274 0.1011171229183674 0.47039544582366949 0.69314920902252208 0.26187281310558325 0.005000124918296934 0.39689598977565771 0.41143791377544409 0.13831858336925509 0.049116889014840133 0.01734862290322781 0.49264955520629888 0.35261368751525884 0.41603526473045355 0.25040192902088171 0.28090120851993566 0.064902164041996016 0.37014016509056097 0.38791178166866308 0.23036390542984012 0.61167800426483165 0.3370067179203034
decision_type=2 2 2 2 2 2 2 2 2 2 2 2 2 2 2 2 2 2 2 2 2 2 2 2 2 2 2 2 2 2
left_child=1 2 3 8 6 27 7 11 -1 -10 16 14 -11 29 -5 -16 -7 19 -19 21 -21 -15 -20 -24 25 -25 -26 -3 -22 -9
right_child=-2 5 -4 4 -6 10 -8 13 9 12 -12 -13 -14 17 15 -17 -18 18 22 20 28 -23 23 24 26 -27 -28 -29 -30 -31
leaf_value=-0.020100952054361219 -0.041230975755707673 -0.026863274846151992 -0.046314120039915779 -0.010846525150897986 -0.037395868368290501 0.028091819569138393 0.0061659246600460557 0.029758723669167177 -0.048641437128717241 -0.046369867152789533 0.018330197954837729 0.036834768901385449 -0.0035457330850401357 -0.013647647252712058 -0.0028011298850044684 0.052939324543817015 0.0059727694078128678 0.037585993417647977 -0.0029581468859960231 -0.024235353722726088 0.02938857083049852 0.005322002246735809 0.036697901699291949 0.072014863505244386 -0.031383341581736578 -0.001055852553111264 0.0081362519344135003 0.0026331366345567746 0.0019313975444478005 0.0049752459565114713
leaf_weight=152.78262488543987 102.02630123309791 14.966777995228766 22.046360686421394 357.71878200769424 18.915246868506074 33.059325113892555 446.36953756213188 22.130464408546686 10.547753708437083 9.7733985111117345 176.46143931150436 9.8625432178378087 320.35019845888019 212.1335211917758 465.11319003626704 6.7519700527191153 680.00604446232319 13.297130763530729 231.76437342911959 16.986863747239113 28.424336135387421 45.540389187633991 25.33685327321291 7.4207319505512741 21.214879598468542 10.001447908580301 35.387238636612892 1108.8022212162614 43.551287725567818 393.2122830376029
leaf_count=3415 5634 73 1065 6223 1107 134 2117 158 168 259 971 96 3248 1522 3822 73 3137 98 1351 105 136 213 124 64 165 57 204 5122 210 2354
internal_value=-0.000139605 0.000708877 -0.00247659 -0.00214055 -0.00041993 0.00534181 -0.000123921 -0.0015696 -0.010536 -0.00622699 0.00926234 -0.00529989 -0.00484235 0.00125635 -0.00581122 -0.00198189 0.00700906 -0.00177705 0.00261775 -0.0061577 0.00570938 -0.0102749 0.0011875 0.0109009 0.00196615 0.0300156 -0.00661702 0.00223349 0.0128698 0.00631465
internal_weight=5041.96 4939.93 2926.63 2904.59 2411.13 2013.3 2392.22 1945.85 493.454 340.671 889.527 839.446 330.124 1106.4 829.584 471.865 713.065 691.059 344.423 346.636 88.9625 257.674 331.126 99.3612 74.0243 17.4222 56.6021 1123.77 71.9756 415.343
internal_count=43425 37791 28354 27289 20199 9437 19092 16975 7090 3675 4242 10214 3507 6761 10118 3895 3271 4249 2063 2186 451 1735 1965 614 490 121 369 5195 346 2512
is_linear=0
shrinkage=0.05


Tree=54
num_leaves=31
num_cat=1
split_feature=8 1 5 13 7 4 4 13 7 7 12 5 13 4 13 4 4 8 1 13 13 4 1 4 3 1 5 3 3 3
split_gain=66.193 26.6726 17.0718 14.4397 11.2085 10.2922 8.93704 7.63894 9.16111 16.8676 8.31577 10.5682 8.79019 8.0838 8.83425 7.35777 9.83269 10.1235 7.20326 7.01067 6.88698 7.84609 9.86547 6.75856 7.76457 10.4743 6.7554 6.0442 5.77094 6.24546
threshold=0.48666666448116308 0.91366460919380199 0.62470659613609325 0.3331922739744187 0.022035398520529274 0.84756097197532665 0.34656305611133581 0.50151175260543834 0.022035398520529274 0.024867256172001365 0 0.010435541626065971 0.34520767629146581 0.57738095521926891 0.34333035349845892 0.47039544582366949 0.51542207598686229 0.33261936902999883 0.42481203377246862 0.38195545971393591 0.41684392094612127 0.44127418100833898 0.88047617673873912 0.38791178166866308 0.083948746323585524 0.61167800426483165 0.035445082932710655 0.29234951734542852 0.32781545817852026 0.0093764648772776144
decision_type=2 2 2 2 2 2 2 2 2 2 1 2 2 2 2 2 2 2 2 2 2 2 2 2 2 2 2 2 2 2
left_child=1 2 3 4 -1 7 -6 8 10 -10 13 12 -12 14 -5 20 17 -17 -18 -3 21 22 28 24 25 -8 -15 -22 29 -11
right_child=-2 19 -4 5 6 -7 23 -9 9 15 11 -13 -14 26 -16 16 18 -19 -20 -21 27 -23 -24 -25 -26 -27 -28 -29 -30 -31
leaf_value=-0.019451546660957594 -0.040788628916671475 0.0041318046981719311 -0.046034089541044307 -0.028268318649245856 -0.013006992277432881 -0.036849198167882721 -0.0082150627892040654 0.010527111161331678 0.056981144844975011 0.0060467163737809963 0.055886471188359571 -0.016421861197106313 0.0066455832402158204 0.0083289037837155147 -0.0053060697159280261 0.00927587801572048 -0.023650673999009889 0.036834758161358283 0.0052672319106876874 0.01228062571943403 0.0041722728812964086 -0.010661365459723727 -0.019739407810533946 -0.0031672675330992996 -0.020082577147485306 0.033977762978747876 0.078501820139963277 0.024128593615528354 0.011681640063392715 -0.0029627278861604983
leaf_weight=150.0630087852478 98.07762533146888 624.69914796203375 21.096122236922383 44.241244040429592 194.66372269950807 18.233341816812754 21.572459902614355 186.41957859694958 13.941886950284241 302.7569247931242 9.3972157500684244 50.976869873702526 218.81797812506557 13.006177730858328 802.11092608049512 116.58188404142857 28.277267314493656 47.067447699606419 88.861280001699924 460.60111325513572 179.13428335636854 179.92637550085783 55.848034106194973 332.59010715596378 14.383795533329247 44.813418302685022 4.67559491097927 48.400662913918495 129.2501903437078 526.81340514495969
leaf_count=3415 5634 2785 1065 888 1846 1106 173 857 89 1651 149 831 1627 164 8277 569 203 224 561 2325 805 960 267 2656 108 253 54 210 636 3037
internal_value=-0.000135289 0.000673395 -0.00127988 -0.0010304 -0.007209 0.000496484 -0.00417656 0.000722841 8.17078e-05 0.00239252 -0.00338413 0.00410619 0.00871866 -0.00581043 -0.00651548 0.00193934 0.00933528 0.0172503 -0.00168513 0.00759558 0.000475008 -0.00104001 0.000662053 -3.80606e-06 0.0129485 0.0202 0.0275031 0.00844803 0.00185752 0.000319632
internal_weight=5027.3 4929.22 3843.92 3822.83 758.087 3064.74 608.024 3046.51 2860.09 1716.86 1143.23 279.192 228.215 864.034 846.352 1702.92 280.788 163.649 117.139 1085.3 1422.13 1194.59 1014.67 413.36 80.7697 66.3859 17.6818 227.535 958.821 829.57
internal_count=43425 37791 32681 31616 8451 23165 5036 22059 21202 9212 11990 2607 1776 9383 9165 9123 1557 793 764 5110 7566 6551 5591 3190 534 426 218 1015 5324 4688
cat_boundaries=0 1
cat_threshold=2
is_linear=0
shrinkage=0.05


Tree=55
num_leaves=31
num_cat=0
split_feature=8 7 5 13 7 7 4 13 5 4 3 13 8 13 4 6 6 7 6 4 3 13 3 4 1 7 4 13 7 7
split_gain=62.2169 24.5756 16.0594 13.7456 17.5899 10.1078 8.57125 7.21965 6.35901 6.25639 6.30474 5.54738 5.92747 6.22426 7.46351 6.17313 6.73978 6.61415 6.60346 11.1541 8.64792 10.6518 6.8714 8.60562 5.51628 5.1463 13.5658 5.00176 14.1859 15.3729
threshold=0.48666666448116308 0.17752212285995486 0.62470659613609325 0.38877150416374212 0.017256637103855613 0.15415929257869723 0.84756097197532665 0.41684392094612127 0.018528054468333725 0.092713762074708952 0.32562056183815008 0.55146872997283947 0.33138963580131536 0.45683620870113378 0.1649659872055054 0.22771719843149188 0.17084480077028277 0.10530973598361017 0.047678871080279357 0.34731592237949377 0.11785249039530755 0.41513416171073919 0.10459482669830324 0.13426374644041064 0.77411872148513805 0.00026548672030912718 0.59523808956146251 0.32183587551116949 0.14672566205263141 0.13831858336925509
decision_type=2 2 2 2 2 2 2 2 2 2 2 2 2 2 2 2 2 2 2 2 2 2 2 2 2 2 2 2 2 2
left_child=1 2 3 4 -1 9 11 8 -3 -6 27 12 13 15 -15 16 18 -17 -5 22 21 24 23 -20 -21 -2 -27 28 29 -11
right_child=25 7 -4 6 5 -7 -8 -9 -10 10 -12 -13 -14 14 -16 17 -18 -19 19 20 -22 -23 -24 -25 -26 26 -28 -29 -30 -31
leaf_value=-0.013874747767764501 -0.047088086527930659 0.0083601149807938004 -0.045747891237523368 -0.0045268145096923392 -0.041400128193718709 -0.02977248001885632 -0.034416483378047515 0.015301664632975935 0.00025199114328098942 -0.01083264807537223 0.0061440722144363059 0.029639470210876678 0.0092194180311454803 0.0035560968808445617 0.026695823226925361 -0.0010863974163429818 -0.018062175519096162 0.021243368109342093 -0.02462211031664259 -0.025443632516614648 -0.031959409771176304 0.039305612899541723 0.063843512073061687 0.036413382023055434 0.02208045714258397 -0.034235491361282996 0.07844786615606375 -0.00043771704041067184 -0.042760485400162723 0.012082920584138001
leaf_weight=359.2582535315305 70.967131149955094 593.93361829221249 20.190266825258732 468.63059680536389 9.5233368724584562 31.420734480023384 15.574629225768147 208.27627110481262 410.04264761507511 266.05012288503349 263.45823942497373 18.842225670814514 264.14731140807271 480.51040411740541 37.591115087270737 82.723178058862686 74.057877082377672 54.807448372244835 8.3385419696569461 19.228441085666422 18.422080907970667 17.324020691215992 11.259468592703341 17.825217239558697 8.7373956739902479 20.393398197367791 2.9548716731369487 1031.003604952246 25.936931930482388 100.68929213285446
leaf_count=7664 4889 2664 1065 3532 199 192 992 1116 1827 3198 1572 143 1590 2285 185 584 391 227 75 144 101 86 77 94 40 673 72 7106 156 486
internal_value=-0.000131087 0.000639771 -0.00138079 -0.00113513 -0.00380778 -0.00171134 0.00235278 0.00681984 0.00505394 -0.001187 -0.000954604 0.00271998 0.00239052 0.000997918 0.00524949 -0.00181513 -0.0038745 0.0077849 -0.00201877 0.00954635 -0.00311454 0.00855279 0.0311853 0.016751 -0.0103917 -0.0403363 -0.0194877 -0.0022721 -0.00707434 -0.00452591
internal_weight=5012.12 4917.8 3705.55 3685.36 2087.34 1728.08 1598.02 1212.25 1003.98 1696.66 1687.14 1582.45 1563.6 1299.46 518.102 781.354 643.824 137.531 569.766 101.135 63.7119 45.2899 37.4232 26.1638 27.9658 94.3154 23.3483 1423.68 392.676 366.739
internal_count=43425 37791 32184 31119 20573 12909 10546 5607 4491 12717 12518 9554 9411 7821 2470 5351 4540 811 4149 617 371 270 246 169 184 5634 745 10946 3840 3684
is_linear=0
shrinkage=0.05


Tree=56
num_leaves=31
num_cat=1
split_feature=8 1 5 13 7 4 7 1 12 4 5 8 4 7 1 13 5 3 13 3 3 5 6 7 4 6 13 6 4 7
split_gain=58.4957 22.3228 15.3037 12.739 15.322 8.88193 8.08177 14.4835 20.25 15.0106 7.86349 17.4081 7.06374 8.14892 9.23819 6.05401 5.6262 5.62358 5.4836 5.43125 10.3755 5.29721 5.85599 5.17161 12.0258 5.00389 5.50004 4.99757 4.9899 9.69518
threshold=0.48666666448116308 0.91366460919380199 0.62470659613609325 0.36942973732948309 0.017256637103855613 0.84756097197532665 0.007168141659349204 1.0000000180025095e-35 0 0.22576153278350833 0.030816714279353622 0.31782911717891699 0.37838028371334081 0.018318584188818935 0.38365800678730017 0.38195545971393591 0.50488919019699108 0.0785675384104252 0.53683188557624828 0.039008708670735366 0.052378883585333831 0.37248815596103674 0.025062814354896549 0.00026548672030912718 0.59523808956146251 0.25324466824531561 0.36313256621360784 0.33473390340805059 0.46515600383281713 0.0080530971754342335
decision_type=2 2 2 2 2 2 2 2 1 2 2 2 2 2 2 2 2 2 2 2 2 2 2 2 2 2 2 2 2 2
left_child=1 2 3 4 6 18 7 8 -1 -10 12 16 13 14 -6 19 27 -8 28 25 -21 22 -22 -2 -25 -3 -27 -12 -5 -30
right_child=23 15 -4 5 10 -7 17 -9 9 -11 11 -13 -14 -15 -16 -17 -18 -19 -20 20 21 -23 -24 24 -26 26 -28 -29 29 -31
leaf_value=-0.0050853631565317839 -0.0468827545589897 0.014918892707946536 -0.045455130639441926 0.00055147473180982198 0.00052432979780351338 -0.035064181985748004 -0.027828995211688513 -0.028472479001539347 0.028938411719588622 0.14192666953023733 -0.0091273799271999849 -0.053302651331460872 0.0040662425554525063 -0.0064709551660832743 0.10636735216622809 0.011328381976545142 0.0036971127323387415 -0.0076974395199237537 0.019458288255941075 -0.019029415398982785 -0.026737567420042685 -0.0066876414327054854 0.0086396382017336053 -0.033608810934385017 0.069596093167252002 0.00689494347638267 -0.033120041057998907 0.027807695350335882 -0.020618786820454375 0.010709956464377095
leaf_weight=39.431797858327627 67.794730967842042 151.64592309296131 19.326810707338154 1769.9783394709229 5.4154170081019384 16.250575173646212 118.27889533340931 34.184552056714892 9.6582433842122537 4.2783546224236479 378.89414152689278 19.443229688331485 568.20871626213193 319.11203975789249 3.3283612951636314 457.03067634999752 131.95425044372678 50.292467119172215 43.578095644712448 58.035642459988594 12.071235671639441 92.2690534517169 269.12410044670105 19.753224689513448 3.1708561889827243 29.39980186522007 11.958505704998968 9.227064209058879 27.131381489336491 256.92276522517204
leaf_count=798 4889 664 1065 11367 82 1060 2838 924 95 110 3103 386 3993 2451 48 2325 828 1170 271 261 58 410 1208 673 72 130 54 100 363 1629
internal_value=-0.000127062 0.000607912 -0.00118439 -0.000957051 -0.00419148 0.00162915 -0.0154578 -0.00306215 0.0131435 0.0647446 -0.00217702 -0.00694629 0.000689418 -0.00514718 0.0421265 0.00695059 -0.00519371 -0.0218606 0.00191746 0.00373749 0.000606004 0.00367497 0.00709421 -0.0398893 -0.0188761 0.0107087 -0.00460653 -0.00822948 0.00154195 0.0076938
internal_weight=4997.15 4906.43 3824.9 3805.57 1691.71 2113.86 256.124 87.5529 53.3684 13.9366 1435.58 539.519 896.065 327.856 8.74378 1081.53 520.075 168.571 2097.61 624.504 431.5 373.464 281.195 90.7188 22.9241 193.004 41.3583 388.121 2054.03 284.054
internal_count=43425 37791 32681 31616 16926 14690 5935 1927 1003 205 10991 4417 6574 2581 130 5110 4031 4008 13630 2785 1937 1676 1266 5634 745 848 184 3203 13359 1992
cat_boundaries=0 1
cat_threshold=2
is_linear=0
shrinkage=0.05


Tree=57
num_leaves=31
num_cat=1
split_feature=8 1 5 13 7 3 6 13 4 7 3 7 1 13 4 5 13 7 6 4 7 4 5 6 13 4 7 4 12 6
split_gain=54.9762 20.5941 14.0306 11.5893 11.0643 9.65692 8.58127 8.26928 7.95589 7.69734 9.50638 17.7523 28.9632 6.84022 7.79052 6.40316 8.33865 8.37486 6.35011 5.95684 6.95095 7.40505 6.41004 5.64471 5.32339 5.30957 5.18991 10.7338 4.94277 5.38612
threshold=0.48666666448116308 0.79795917868614208 0.62470659613609325 0.37071225047111517 0.017256637103855613 0.36140660941600805 0.26004481315612799 0.38322934508323675 0.84756097197532665 0.003274336340837181 0.1978823319077492 0.00044247785990592098 1.0000000180025095e-35 0.33760994672775274 0.50125628709793102 0.005000124918296934 0.31918278336524969 0.018318584188818935 0.023850155062973503 0.25211864709854132 0.17752212285995486 0.28013147413730627 0.37854015827178961 0.039775667712092407 0.55146872997283947 0.59523808956146251 0.00026548672030912718 0.59523808956146251 0 0.025062814354896549
decision_type=2 2 2 2 2 2 2 2 2 2 2 2 2 2 2 2 2 2 2 2 2 2 2 2 2 2 2 2 1 2
left_child=1 2 3 4 9 15 13 28 24 10 11 -1 -13 14 -7 16 -6 -18 -19 -17 21 23 -22 -21 -5 -11 -2 -28 29 -3
right_child=26 7 -4 8 5 6 -8 -9 -10 25 -12 12 -14 -15 -16 19 17 18 -20 20 22 -23 -24 -25 -26 -27 27 -29 -30 -31
leaf_value=-0.0016144721264848975 -0.046671720636732049 -0.011764230653867745 -0.045155418544623745 0.0010642772891145608 -0.009749804862353998 -0.039470623076597683 0.061902527989133066 0.0092940394833163822 -0.034383173637109306 -0.020627426658101355 -0.050913814467521017 0.19817594337244493 -0.0080920019425732154 0.042004656589610959 0.038607036759315372 -0.017442927733516286 0.049819574645819993 -0.019152738838938713 0.005604731954925308 0.052525914194715619 0.031833351702048505 -0.0086911562369139401 -0.0078480153512845482 0.0039958327521214705 0.028177668477274695 0.0061439896106697438 -0.032976506001353594 0.062249835149190885 -0.0038549765273599083 0.005092227084706245
leaf_weight=27.510139271616936 64.773107431828976 50.157823450863361 18.503852623514831 1755.9799184724689 138.4478066470474 9.8359532523900288 10.098616302013395 666.79544269200414 15.609584352932869 197.94511233642697 6.1639968063682309 3.0891478508710852 3.5382868722081184 8.4505457542836648 4.5652411542832843 115.97337530739605 9.9538829177618009 28.221919015049934 295.60935397818685 7.9311249442398539 23.593665271997452 374.26005748286843 17.494335994124413 24.763134598731995 18.210918247699738 20.079454500228167 19.142925005406145 3.3739794231951228 255.50267244875431 789.91087717562914
leaf_count=324 4889 256 1065 11898 1453 129 89 3260 1054 5020 151 65 92 61 47 1365 130 242 1965 64 102 3210 74 193 143 395 673 72 1218 3726
internal_value=-0.000123653 0.000576643 -0.00185269 -0.00159261 -0.00513294 -0.00288274 0.0237037 0.00490193 0.00103065 -0.0144223 0.00554611 0.0160057 0.088826 0.00640891 -0.0142793 -0.00373516 0.000550449 0.00483942 0.00342643 -0.00733169 -0.00469999 -0.00668813 0.0148385 0.0160452 0.00134697 -0.0181372 -0.039433 -0.0182744 0.00222359 0.00407855
internal_weight=4985.49 4898.2 3135.83 3117.33 1327.53 1069.2 32.9504 1762.37 1789.8 258.326 40.3016 34.1376 6.62743 22.8517 14.4012 1036.25 472.233 333.785 323.831 564.016 448.042 406.954 41.088 32.6943 1774.19 218.025 87.29 22.5169 1095.57 840.069
internal_count=43425 37791 29331 28266 15171 9124 326 8460 13095 6047 632 481 157 237 176 8798 3790 2337 2207 5008 3643 3467 176 257 12041 5415 5634 745 5200 3982
cat_boundaries=0 1
cat_threshold=2
is_linear=0
shrinkage=0.05


Tree=58
num_leaves=31
num_cat=1
split_feature=8 7 5 13 7 7 4 13 4 4 4 13 3 7 4 5 5 1 12 3 13 10 8 13 4 6 6 6 4 3
split_gain=51.65 19.1455 13.615 10.6637 14.2096 9.34511 6.87854 6.07875 5.56868 5.3854 13.1627 7.62229 5.33173 5.20125 9.63342 5.11379 6.46697 23.7578 4.87242 5.16396 6.96213 5.06006 4.71269 7.24881 6.1502 5.42254 6.23463 5.83183 9.99033 7.88304
threshold=0.48666666448116308 0.17752212285995486 0.62470659613609325 0.38877150416374212 0.016371681354939941 0.15415929257869723 0.84756097197532665 0.41684392094612127 0.081877991557121291 0.42360590398311621 0.39448615908622747 0.28295853734016424 0.32562056183815008 0.00026548672030912718 0.59523808956146251 0.01180408336222172 0.4465929120779038 0.04540816321969033 0 0.026298499666154388 0.35435898602008825 0.57456544041633617 0.33138963580131536 0.45683620870113378 0.1649659872055054 0.22771719843149188 0.17084480077028277 0.047678871080279357 0.34731592237949377 0.11785249039530755
decision_type=2 2 2 2 2 2 2 2 2 2 2 2 2 2 2 2 2 2 1 2 2 2 2 2 2 2 2 2 2 2
left_child=1 2 3 4 15 8 22 9 -6 10 -3 -11 -10 -2 -15 18 -17 -18 -1 20 21 -20 23 25 -25 26 27 -5 -29 -30
right_child=13 7 -4 6 5 -7 -8 -9 12 11 -12 -13 -14 14 -16 16 17 -19 19 -21 -22 -23 -24 24 -26 -27 -28 28 29 -31
leaf_value=-0.012718560221548773 -0.046454644920046841 0.0042150840093767355 -0.044848384259001256 -0.0044574944112182888 -0.040404825288326784 -0.028837005973752869 -0.032589110554220202 0.01386401760206186 -0.0021131989839302374 -0.03056182139241256 -0.017992459666016408 0.0093538120178133077 0.0056029311216140515 -0.03233896141537633 0.056056880085174621 -0.024395468556535193 0.12461155469617369 -0.041534883866540855 0.0047996408915466672 -0.0099485329827733171 0.00049306259846400812 0.082738615240084343 0.0084360233500041081 0.0041237155392852441 0.025187984974343824 0.0070460024699699562 -0.017560361090106027 0.029098255306554167 0.0078256871289909182 -0.030965388341355777
leaf_weight=147.14878300577402 61.895275991410017 454.33634093403816 17.719566765241325 467.93782447651029 8.8816801626235229 30.891839116811752 14.093706738203762 205.14257216453552 1444.3622828088701 12.131089776754377 78.081177189946175 457.11103931069374 264.62601781636477 18.561173841357235 3.5651698634028426 113.32376974076033 3.2900626361370069 5.7476508989930153 3.406554479151966 26.993875993415713 15.433884704485534 5.9650602731853724 265.21100813150406 498.73924948275089 37.293463408946991 137.6188651137054 73.710263591259718 37.776113919913769 45.26052725687623 18.271336160600185
leaf_count=3038 4889 2068 1065 3532 199 192 992 1116 11464 54 318 2051 1575 673 72 2944 78 173 83 588 170 69 1590 2428 185 811 391 246 270 101
internal_value=-0.000120327 0.000546846 -0.00124267 -0.00102932 -0.00339794 -0.00161866 0.00203992 0.00601305 -0.00112464 0.00439894 0.000946102 0.00830495 -0.000915222 -0.0389673 -0.0176828 -0.0130628 -0.0211288 0.0191032 -0.00806856 0.0050436 0.0215336 0.0552857 0.00235366 0.00112411 0.00560297 -0.00194551 -0.00387864 -0.00209547 0.00875898 -0.00328292
internal_weight=4974.53 4890.51 3683.7 3665.98 2070.07 1748.76 1595.91 1206.8 1717.87 1001.66 532.418 469.242 1708.99 84.0216 22.1263 321.31 122.361 9.03771 198.948 51.7994 24.8055 9.37161 1581.82 1316.61 536.033 780.575 642.956 569.246 101.308 63.5319
internal_count=43425 37791 32184 31119 20573 13430 10546 5607 13238 4491 2386 2105 13039 5634 745 7143 3195 251 3948 910 322 152 9554 7964 2613 5351 4540 4149 617 371
cat_boundaries=0 1
cat_threshold=2
is_linear=0
shrinkage=0.05


Tree=59
num_leaves=31
num_cat=1
split_feature=8 7 13 4 5 8 5 13 12 13 7 7 6 6 13 1 4 7 7 13 1 1 4 3 3 4 6 4 13 6
split_gain=48.508 17.3769 12.9541 12.6683 9.19692 13.4117 10.7058 7.70234 7.34943 8.38681 7.56384 12.9033 7.68712 8.87665 7.59438 7.24898 14.3067 7.03918 6.81941 6.78846 6.98422 6.57433 6.39655 10.0461 6.69506 7.58198 6.35188 6.37847 6.29242 6.2741
threshold=0.48666666448116308 0.12566372007131579 0.29015000164508825 0.84756097197532665 0.019794563762843612 0.32670532166957861 0.49264955520629888 0.37370155751705175 0 0.50151175260543834 0.022035398520529274 0.027699114754796032 0.052697699517011649 0.19174208492040637 0.34333035349845892 0.55051019787788402 0.41042780876159674 0.0057522123679518708 0.31805309653282171 0.40626202523708349 0.79451090097427379 0.030612244270741943 0.52086955308914196 0.027973395772278312 0.039710905402898795 0.54749372601509105 0.20718534290790561 0.40257234871387487 0.30693066120147711 0.30962505936622625
decision_type=2 2 2 2 2 2 2 2 1 2 2 2 2 2 2 2 2 2 2 2 2 2 2 2 2 2 2 2 2 2
left_child=1 2 -1 4 8 6 7 22 9 10 14 12 -12 -14 15 17 -17 -4 -3 -13 -21 -8 -6 -24 -25 -26 -23 -28 -10 -9
right_child=-2 18 3 -5 5 -7 21 29 28 -11 11 19 13 -15 -16 16 -18 -19 -20 20 -22 26 23 24 25 -27 27 -29 -30 -31
leaf_value=-0.022312207630422382 -0.038492143568546147 0.0023073273298281037 0.0099392065159349691 -0.039074019767333573 -0.016917530739585431 -0.045692339097483103 0.023419922326332193 -0.0049580604698984121 0.036015835808479731 0.010579822566387592 -0.0043779755784832067 -0.0013198488517294324 0.098461120532571472 0.024163391146574259 -0.0036481513956801758 0.11051363918903145 -0.036607953252290056 -0.03058661674416803 0.0088700678652977628 0.0066270733540766402 0.046899668695252084 -0.004559895764056369 -0.025551379853583717 0.073720436940168402 0.05083992845377943 -0.0042957091773240903 0.027947445705512875 -0.015833406694950213 0.0052676954466673864 0.01552010330306371
leaf_weight=76.08217697031796 80.906527993269265 1453.1025693044066 12.57556903362274 22.056995077989995 245.71746453456581 20.022779532708228 40.56673382408917 304.59423607960343 17.292452741414309 144.00953355431557 7.3079762980341938 489.98245948925614 7.1513217613101032 9.7589605785906297 653.07875134423375 2.9408393986523143 3.4721822813153267 64.793945027515292 545.79711258411407 43.790435843169689 14.375780835747717 128.82117978297174 22.030800718814135 4.4685676693916312 8.0786070488393289 25.67493037879467 33.968150202184916 10.77687415666878 426.84760552272201 42.463469237089157
leaf_count=1708 5634 6591 262 1630 3965 637 297 2415 218 670 74 3332 57 84 5874 48 62 1379 2846 207 63 770 307 49 97 292 202 95 3198 362
internal_value=-0.000116787 0.000518989 -0.00196393 -0.00140977 -0.00110823 -0.00531097 -0.00436764 -0.00755185 0.00085444 -0.000862946 -0.00212613 0.00217953 0.0378221 0.0562718 -0.00547724 -0.0196539 0.0307513 -0.0239307 0.00410213 0.000589039 0.0167297 0.00531872 -0.0133375 0.00118308 0.0167495 0.00886401 0.00104818 0.0172795 0.00648396 -0.00243435
internal_weight=4962.51 4881.6 2882.7 2806.62 2784.56 887.184 867.161 653.028 1897.38 1453.24 1309.23 572.367 24.2183 16.9103 736.861 83.7825 6.41302 77.3695 1998.9 548.149 58.1662 214.133 305.97 60.2529 38.2221 33.7535 173.566 44.745 444.14 347.058
internal_count=43425 37791 28354 26646 25016 9488 8851 7487 15528 12112 11442 3817 215 141 7625 1751 110 1641 9437 3602 270 1364 4710 745 438 389 1067 297 3416 2777
cat_boundaries=0 1
cat_threshold=2
is_linear=0
shrinkage=0.05


Tree=60
num_leaves=31
num_cat=0
split_feature=8 1 5 13 4 4 3 4 5 1 3 4 1 5 7 13 5 13 8 6 3 13 4 5 1 6 6 13 3 7
split_gain=45.5025 16.0305 12.5127 10.3716 8.52619 10.3593 9.60964 7.039 6.76441 6.92005 7.96258 6.197 9.76654 9.1865 7.87282 7.84752 8.22674 7.67489 6.74094 10.281 6.57976 10.1967 8.02308 6.8773 6.57949 6.46445 8.20334 7.9454 6.38642 6.15195
threshold=0.48666666448116308 0.91366460919380199 0.62470659613609325 0.3331922739744187 0.37014016509056097 0.38905704021453863 0.32562056183815008 0.84756097197532665 0.010025125462561848 0.61167800426483165 0.068391319364309325 0.47039544582366949 0.73941797018051159 0.00228809891268611 0.0047787611838430175 0.42799064517021185 0.49264955520629888 0.35261368751525884 0.32906533777713781 0.077046748250722899 0.0093764648772776144 0.37432663142681127 0.33489097654819494 0.0025436140131205325 0.030612244270741943 0.17650170624256137 0.063366986811161055 0.40144018828868872 0.018538734875619415 0.0068141592200845489
decision_type=2 2 2 2 2 2 2 2 2 2 2 2 2 2 2 2 2 2 2 2 2 2 2 2 2 2 2 2 2 2
left_child=1 2 3 4 -1 8 -7 11 9 -6 -11 15 14 -14 -13 16 18 -18 -5 20 21 22 23 -20 -19 26 -26 -27 -22 -21
right_child=-2 -3 -4 7 5 6 -8 -9 -10 10 -12 12 13 -15 -16 -17 17 24 19 29 28 -23 -24 -25 25 27 -28 -29 -30 -31
leaf_value=-0.013291007034925592 -0.037986248210832158 0.0058827644374653378 -0.04434335993574165 -0.0070824109344863259 -0.019188637906447936 -0.0079838862662422027 0.020846825748787299 -0.033611398065587474 0.032592101767331065 0.03036694920177992 -0.023087258413391078 -0.024690002824824107 0.051258357151245465 0.010782049105062686 0.0048550734788063319 0.0036419881837034106 -0.011164009464211401 0.030633229416618335 0.045053712322019573 0.036828234314854255 -0.020627276059624774 0.031192173398470087 -0.010921826717832938 -0.016576803794592098 0.0087861074874056606 0.02941097965622427 -0.021677733863793101 -0.017502011647471897 0.0041375744992870672 -0.0066394738834179047
leaf_weight=267.08057352341712 77.961215136572719 1075.0896800793707 16.50772297848016 726.05835040472448 21.332513816654682 355.27651744522154 31.285463489592075 14.986751843243836 30.063987616449594 26.971572242677212 9.1929784603416902 23.90992409735918 20.915667682886124 43.679259285330772 361.29295666888356 840.19362787902355 49.445525698363781 34.570139691233635 15.010034754872324 8.1777723617851716 29.603933561593294 55.080664519220591 41.917047049850225 6.2578960023820391 67.77365555241704 45.044650569558144 32.640846487134695 11.067055270075796 209.44973891414702 402.93141225352883
leaf_count=3612 5634 5110 1065 6866 249 3823 286 1106 251 151 79 418 93 199 3086 4565 301 164 124 152 183 351 378 45 330 217 169 50 1573 2795
internal_value=-0.000113358 0.00049232 -0.00103245 -0.000840877 -0.0061442 -0.0021058 -0.00563282 0.000450676 0.0133968 0.00323403 0.0166149 0.000622187 0.00603702 0.0240244 0.00300227 -0.000321844 -0.00224432 0.00632821 -0.00362777 -0.00035662 0.00583905 0.0154831 0.00168234 0.0266928 0.0108839 0.00647338 -0.00107847 0.0200546 0.00104249 -0.00575391
internal_weight=4950.77 4872.81 3797.72 3781.21 741.204 474.123 386.562 3040.01 87.5611 57.4971 36.1646 3025.02 449.798 64.5949 385.203 2575.22 1735.03 240.542 1494.49 768.428 357.319 118.266 63.185 21.2679 191.096 156.526 100.415 56.1117 239.054 411.109
internal_count=43425 37791 32681 31616 8451 4839 4109 23165 730 479 230 22059 3796 292 3504 18263 13698 1231 12467 5601 2654 898 547 169 930 766 499 267 1756 2947
is_linear=0
shrinkage=0.05


Tree=61
num_leaves=31
num_cat=1
split_feature=8 7 5 13 4 6 7 4 3 6 5 13 5 3 6 13 4 5 13 13 7 10 13 7 1 8 13 13 12 1
split_gain=42.665 14.9938 10.8664 11.4819 8.29375 8.13808 8.17563 7.70723 8.00585 7.81744 7.63145 6.81115 8.96937 6.09373 9.89242 7.17556 5.92322 5.82809 7.01473 5.72462 5.66647 9.80329 5.6322 5.01984 27.4556 9.46809 5.96493 4.8044 4.77084 7.65155
threshold=0.48666666448116308 0.061769910156726844 0.62470659613609325 0.40065751969814306 0.47281807661056524 0.037754381075501449 0.016371681354939941 0.50996163487434398 0.28643822669982916 0.19082633405923846 0.053342817351222045 0.35787384212017065 0.029705882072448734 0.053726367652416236 0.25324466824531561 0.32942377030849462 0.84756097197532665 0.41596639156341558 0.34460283815860754 0.26187281310558325 0.00026548672030912718 0.81607607007026683 0.45683620870113378 0.0042477876413613566 0.030612244270741943 0.31782911717891699 0.35553166270256048 0.23036390542984012 0 0.56949809193611156
decision_type=2 2 2 2 2 2 2 2 2 2 2 2 2 2 2 2 2 2 2 2 2 2 2 2 2 2 2 2 1 2
left_child=1 2 3 5 22 10 7 23 -9 -10 28 12 13 14 -6 -15 -5 -12 -19 -8 -2 -22 27 24 25 -7 -25 -3 -1 -30
right_child=20 4 -4 16 11 6 19 8 9 -11 17 -13 -14 15 -16 -17 -18 18 -20 -21 21 -23 -24 26 -26 -27 -28 -29 29 -31
leaf_value=-0.012438914408755726 -0.04584594275974118 -0.02675589253947297 -0.044014607632904552 0.0018488180506172408 0.012923707706865184 0.15241297006667642 -0.049817640564807794 -0.0027532745379821731 0.10334088282742399 0 -0.033342867682996373 0.015650169095524653 -0.018553853830491872 0.0019643796441061547 -0.03113769930417784 0.04299697370293324 -0.033393664456884457 -0.029483726549337248 0.022985321463515285 0.00081152399977512963 -0.028320829116634277 0.072200039142243058 0.01730778159253573 -0.031633349822504611 -0.034747269425517945 0.036163736374697962 -0.01073482573492178 0.001590249535709503 0.011801857709801468 -0.038952926969542036
leaf_weight=157.91158622503281 54.89817304816097 14.922960653901098 15.817715507000683 950.71179760247469 39.668869063258171 2.827141989022496 5.5459192357957354 49.606320342980325 3.6727653108537188 3.6886861491948366 64.206666823476553 211.48856583237648 39.977885097265244 20.611364126205444 18.629624091088772 22.586456179618835 11.962384312413631 13.478611379861833 11.839924385771154 495.37273214012384 17.562740053981546 2.6951095834374419 57.015515848994255 64.511393530294299 14.948487490415571 4.9800970703363419 74.889763675630093 2436.5478582940996 49.946432903409004 8.5976534597575647
leaf_count=2422 4889 73 1065 6070 205 62 187 1048 52 77 1296 1158 226 134 103 103 942 201 129 5303 686 59 281 1865 420 116 1543 11997 619 94
internal_value=-0.000109784 0.000466988 -0.00284781 -0.00251567 0.00279085 -0.00619635 -0.00328338 -0.0113369 0.00440871 0.0527311 -0.0130316 0.00996904 0.00143599 0.00936941 -0.00109996 0.023584 0.00140227 -0.0253285 -0.00475657 0.000231172 -0.0374702 -0.0144129 0.00177848 -0.0168986 0.00467961 0.0802872 -0.0204577 0.00141457 -0.00791321 0.00420915
internal_weight=4941.12 4865.97 2004.52 1988.7 2861.45 1026.02 720.043 219.125 56.9678 7.36145 305.981 352.963 141.474 101.496 58.2985 43.1978 962.674 89.5252 25.3185 500.919 75.156 20.2578 2508.49 162.157 22.7557 7.80724 139.401 2451.47 216.456 58.5441
internal_count=43425 37791 23511 22446 14280 15434 10673 5183 1177 129 4761 1929 771 545 308 237 7012 1626 330 5490 5634 745 12351 4006 598 178 3408 12070 3135 713
cat_boundaries=0 1
cat_threshold=2
is_linear=0
shrinkage=0.05


Tree=62
num_leaves=31
num_cat=0
split_feature=8 7 5 13 4 4 1 3 3 6 3 1 3 3 7 4 7 4 3 3 6 7 7 13 7 4 3 4 4 3
split_gain=40.018 13.9692 11.4157 8.97982 8.69132 9.69248 9.33033 13.0971 7.48219 7.03643 6.97897 6.71683 6.85667 17.4796 21.0076 11.4539 6.6889 9.59967 6.29796 6.06106 6.04047 5.8762 5.85428 6.30839 5.64048 9.15692 5.63387 5.46144 5.3003 5.52126
threshold=0.48666666448116308 0.31805309653282171 0.62470659613609325 0.3331922739744187 0.33923077583312994 0.38905704021453863 0.46802721917629247 0.017601951956748966 0.083948746323585524 0.074488926678895964 0.36074022948741918 0.70320320129394542 0.0093764648772776144 0.025158228352665905 0.0047787611838430175 0.13426374644041064 0.087610617280006423 0.13231695443391803 0.32562056183815008 0.1978823319077492 0.29185217618942266 0.13831858336925509 0.031946902163326747 0.31297858059406286 0.00026548672030912718 0.59523808956146251 0.032915180549025543 0.69314920902252208 0.43323189020156866 0.42422747611999517
decision_type=2 2 2 2 2 2 2 2 2 2 2 2 2 2 2 2 2 2 2 2 2 2 2 2 2 2 2 2 2 2
left_child=1 2 3 4 9 6 -6 -8 -9 -1 -10 12 -5 21 -15 -16 17 -13 19 -7 -18 -14 23 -20 -2 -26 -19 -17 -24 -30
right_child=24 -3 -4 11 5 18 7 8 10 -11 -12 16 13 14 15 27 20 26 22 -21 -22 -23 28 -25 25 -27 -28 -29 29 -31
leaf_value=-0.0036566507419681089 -0.045603874491307289 0.008013518787409973 -0.043677324654380976 0.00089835726723221966 -0.0090157018648216059 -0.0056900798040002568 0.079816448683598148 0.025658710884800841 -0.038076464049326401 -0.019868071022363182 0.011082216660382296 0.061591704003043604 -0.017230173489012939 -0.03539606348756251 -0.021848584459388545 0.0033745909956755006 0.0016495481821851368 -0.02674541549275234 0.087314309915490954 -0.02935140322263562 0.016547871840192796 -0.045333946555185189 0.027385668610866082 0 -0.029731109175504523 0.058026969737283399 0.014578536032281359 0.051984377380369408 0.0039512328582188127 -0.0343122821568599
leaf_weight=126.54053406789899 52.49155552033335 541.34414385259151 15.160316349007187 1437.9609935749322 41.472666205838323 364.82170224934816 8.134510111063717 49.259204912930727 10.714155361056326 144.25903989374638 21.436429712921381 10.207899712026117 83.006165713071823 41.99706588126719 47.286094872280955 420.48727600835264 1187.6401188895106 8.9565623700618726 4.4400116931647045 29.300446998327971 72.199816793203354 24.481808423995972 17.241557143628597 3.6603633929044008 16.473684988915924 3.4988996386528006 85.750558657571673 5.7771272994577876 43.261919215321541 11.901163870468734
leaf_count=1534 4889 2846 1065 11073 650 3519 55 324 91 1777 145 71 729 1147 775 4442 5487 49 60 503 339 128 89 51 673 72 489 54 215 84
internal_value=-0.000106929 0.000442497 -0.000505823 -0.000351519 -0.00486824 -0.00152871 0.0104932 0.0195846 0.0134143 -0.0123153 -0.0052121 0.000802687 -0.000997038 -0.00537906 -0.00154284 0.00145574 0.00352409 0.0156571 -0.00485932 -0.00746883 0.00250857 -0.0237138 0.00784723 0.0479332 -0.0369645 -0.0138956 0.0105937 0.00405716 0.00323367 -0.00426061
internal_weight=4931.16 4858.7 4317.36 4302.2 876.444 605.644 131.017 89.5443 81.4098 270.8 32.1506 3425.75 2061 623.036 515.548 473.55 1364.75 104.915 474.627 394.122 1259.84 107.488 80.505 8.10038 72.4641 19.9726 94.7071 426.264 72.4046 55.1631
internal_count=43425 37791 34945 33880 9097 5786 1265 615 560 3311 236 24783 18348 7275 6418 5271 6435 609 4521 4022 5826 857 499 111 5634 745 538 4496 388 299
is_linear=0
shrinkage=0.05


Tree=63
num_leaves=31
num_cat=1
split_feature=8 7 13 4 5 8 6 4 5 3 3 12 13 7 7 13 7 7 10 7 13 7 6 1 13 4 6 7 7 6
split_gain=37.5213 12.999 11.1934 10.2454 8.50219 20.0724 8.64413 8.25453 8.24161 7.34055 7.31695 6.57302 7.58529 5.98986 8.83301 5.86595 6.16176 5.60634 8.53081 5.49475 5.85957 10.2132 5.85991 6.46908 5.40585 5.36973 5.67208 5.35468 11.224 8.69706
threshold=0.48666666448116308 0.12566372007131579 0.27857577800750738 0.84756097197532665 0.03347339108586312 0.31782911717891699 0.034470714628696449 0.54395446181297313 0.42022895812988287 0.026402927935123447 0.020461309701204303 0 0.52688059210777294 0.041327433660626418 0.01212389348074794 0.42497123777866369 0.11283186078071596 0.00026548672030912718 0.81607607007026683 0.019026548601686958 0.32095192372798925 0.027699114754796032 0.029046440497040752 0.44862772524356848 0.37492777407169348 0.20951713621616366 0.2357628792524338 0.022035398520529274 0.027699114754796032 0.052697699517011649
decision_type=2 2 2 2 2 2 2 2 2 2 2 1 2 2 2 2 2 2 2 2 2 2 2 2 2 2 2 2 2 2
left_child=1 2 -1 4 11 6 15 -7 9 -8 13 12 27 14 -10 16 19 -2 -19 -6 -21 -22 23 -23 -3 26 -26 -4 29 -29
right_child=17 24 3 -5 5 7 8 -9 10 -11 -12 -13 -14 -15 -16 -17 -18 18 -20 20 21 22 -24 -25 25 -27 -28 28 -30 -31
leaf_value=-0.029166578607400032 -0.045354196996830402 0.0012215287544533762 -0.0041866493393005249 -0.03743421603782273 -0.029972420109718512 -0.046029324252087597 -0.014710188083642493 0.049333717710083637 0.12135289958180268 -0.0004711077824891147 0.00072797637386290306 0.0059247890950083829 0.017311612699756649 0.014120449618336656 0.016445667012273818 0.014507979089566162 -0.054152514219253933 -0.027264067957042865 0.064301331321584165 -0.037182099590380262 0.05290741009208938 -0.032992233240482428 -0.02583567203493814 0.013096324150321626 -0.015148357610839023 0.0076450152295743064 0.017367219997344092 -0.0099389915253239522 0.00046202283768772266 0.050584435179957948
leaf_weight=36.637082496657968 50.200070997700095 1120.9532070755959 842.05381372943521 19.475709997117519 39.283693792298436 36.889966753311455 140.67802901566029 2.287512779235839 3.3411422576755267 255.66297586448491 183.96665716543794 458.54249077662826 54.840131923556328 61.387167822569609 5.2245138883590698 15.990761816501616 10.459685303270815 16.824970679357651 2.8743784334510556 14.173146072775124 7.4618757963180533 9.583041448146103 28.411710562184453 35.216829488053918 52.059800460934639 800.12230777740479 17.846346840262413 8.2153523489832896 571.95783175714314 19.923837549984455
leaf_count=987 4889 5195 8445 1632 901 1130 1736 33 81 2710 1267 3628 311 338 91 85 58 686 59 192 85 84 188 251 240 3926 76 90 3855 176
internal_value=-0.000103961 0.000419297 -0.00173806 -0.00137955 -0.00112616 -0.00530141 -0.0036032 -0.0402225 -0.00102863 -0.0055402 0.00599316 0.000686331 -0.000915207 0.0197477 0.0588712 -0.0139905 -0.0171847 -0.0364504 -0.0133937 -0.0142264 -0.00762734 -0.00233349 -0.00809645 0.00307474 0.00352253 0.00648094 -0.00676308 -0.00161293 0.00199027 0.0327647
internal_weight=4922.55 4852.65 2861.66 2825.03 2805.55 850.019 810.841 39.1775 650.26 396.341 253.919 1955.53 1496.99 69.9528 8.56566 160.581 144.59 69.8994 19.6993 134.13 94.8466 80.6735 73.2116 44.7999 1990.98 870.028 69.9061 1442.15 600.097 28.1392
internal_count=43425 37791 28354 27367 25735 9230 8067 1163 6223 4446 1777 16505 12877 510 172 1844 1759 5634 745 1701 800 608 523 335 9437 4242 316 12566 4121 266
cat_boundaries=0 1
cat_threshold=2
is_linear=0
shrinkage=0.05


Tree=64
num_leaves=31
num_cat=0
split_feature=8 7 5 13 7 4 3 3 6 7 7 4 13 3 3 4 6 13 13 4 4 6 4 13 1 3 1 3 8 3
split_gain=35.1634 11.93 10.4684 7.88819 8.02728 7.27288 5.92859 6.9449 6.06697 7.48765 5.5665 8.08606 5.49087 6.206 7.42006 6.49774 6.07703 5.55446 4.76193 4.69554 7.85067 7.34238 6.53732 4.81379 4.71778 7.01742 4.62531 4.61745 4.61212 4.47939
threshold=0.48666666448116308 0.31805309653282171 0.62470659613609325 0.3331922739744187 0.022035398520529274 0.1011171229183674 0.52066960930824291 0.44617819786071783 0.29185217618942266 0.022035398520529274 0.00026548672030912718 0.59523808956146251 0.49254511296749121 0.28643822669982916 0.38569077849388128 0.52086955308914196 0.047678871080279357 0.42799064517021185 0.29199807345867163 0.34656305611133581 0.38791178166866308 0.20841107517480853 0.3369396179914475 0.23036390542984012 0.61167800426483165 0.083948746323585524 0.04540816321969033 0.36140660941600805 0.33000829815864569 0.35958516597747808
decision_type=2 2 2 2 2 2 2 2 2 2 2 2 2 2 2 2 2 2 2 2 2 2 2 2 2 2 2 2 2 2
left_child=1 2 3 4 -1 -6 7 8 12 -10 -2 -12 13 -5 15 17 -17 29 -3 21 24 22 -7 -22 28 -26 -8 -27 -21 -15
right_child=10 18 -4 6 5 19 26 -9 9 -11 11 -13 -14 14 -16 16 -18 -19 -20 20 23 -23 -24 -25 25 27 -28 -29 -30 -31
leaf_value=-0.015759186237816383 -0.045096587762439827 -0.019349565571508874 -0.043166892222976129 -0.0014942617926599871 -0.047084998396910362 0.0028317524696777792 0.044135223717627646 0.032387655268762444 -0.0040554409138995034 0.014950754185419661 -0.028704767421240091 0.052467051839916283 0.0072462027405821019 0.001120132695740312 -0.0036278940227878228 0.001398807049880661 0.055506119728104868 0.031253395938981431 0.0082423478935985724 0.017958737754339892 -0.038985110112149106 -0.021324609398754486 -0.027946099601929314 -0.0015783931527697023 0.030041435081548686 -0.028012166897240079 -0.048081093627325537 0.014466957658915603 -0.02846729962469495 0.015827294676646536
leaf_weight=135.68816638924181 48.018319001421332 15.923627957701681 14.215903774835168 2440.6997034065425 8.9493953399360162 120.01906196027994 1.4419346908107389 17.29225747846067 77.729445852339268 153.04203995317221 15.759677281603219 3.6776175983250132 249.67280500847846 186.31081130355597 168.23963689245284 8.5373178534209746 13.967019025236366 22.339169882237911 522.56310112774372 9.5736669376492518 8.7035821229219419 71.002547370269895 20.024428760632873 408.62047607451677 50.409611832350492 10.149594143033029 9.7287251120433194 16.864732429385185 11.708541497588156 72.070304047316313
leaf_count=3415 4889 74 1065 17915 168 1027 55 114 1451 856 673 72 1212 1138 937 72 94 101 2772 73 53 593 218 3015 271 67 494 97 100 344
internal_value=-0.000101088 0.000397345 -0.000478872 -0.000335341 -0.00458189 -0.00251267 0.000745351 0.000866421 0.000703332 0.00852836 -0.0359263 -0.0129009 0.000130378 -0.000478205 0.00477037 0.00944616 0.035298 0.00734408 0.0074137 -0.00195077 0.000610186 -0.00823357 -0.00155021 -0.00237967 0.0132913 0.0190354 -0.035448 -0.00135298 -0.00736268 0.00524628
internal_weight=4912.94 4845.49 4307 4292.78 871.714 736.026 3421.07 3409.9 3392.61 230.771 67.4556 19.4373 3161.84 2912.16 471.464 303.225 22.5043 280.72 538.487 727.076 516.03 211.046 140.043 417.324 98.7061 77.4239 11.1707 27.0143 21.2822 258.381
internal_count=43425 37791 34945 33880 9097 5682 24783 24234 24120 2307 5634 745 21813 20601 2686 1749 166 1583 2846 5514 3676 1838 1245 3068 608 435 549 164 173 1482
is_linear=0
shrinkage=0.05


Tree=65
num_leaves=31
num_cat=2
split_feature=8 1 5 13 5 5 13 6 5 8 1 13 12 3 7 10 4 12 13 13 7 5 6 13 13 4 1 10 6 1
split_gain=32.9413 11.2681 9.43876 7.6083 7.16457 11.9564 10.1327 9.03975 8.1128 7.42161 6.52659 6.04809 8.627 5.83805 5.51887 7.45906 5.50539 4.818 6.46758 6.36164 5.89448 8.83576 5.75752 5.52571 5.36107 6.35386 7.81293 5.59251 5.08857 7.20163
threshold=0.48666666448116308 0.79795917868614208 0.62470659613609325 0.27608403563499456 0.018833460286259655 0.49264955520629888 0.41513416171073919 0.22771719843149188 0.01771555840969086 0.32670532166957861 0.04540816321969033 0.41684392094612127 0 0.0093764648772776144 0.00026548672030912718 0.81607607007026683 0.84756097197532665 1 0.30138742923736578 0.52688059210777294 0.17752212285995486 0.0096938442438840883 0.25606176257133489 0.29338417947292333 0.34016638994216924 0.50125628709793102 0.73941797018051159 0.29806570708751684 0.2838463038206101 0.67006802558898937
decision_type=2 2 2 2 2 2 2 2 2 2 2 2 1 2 2 2 2 1 2 2 2 2 2 2 2 2 2 2 2 2
left_child=1 2 3 -1 8 6 9 10 16 -6 -7 12 -3 -8 -2 -16 17 19 23 20 24 22 -22 -19 -5 -26 27 -27 -20 -30
right_child=14 11 -4 4 5 7 13 -9 -10 -11 -12 -13 -14 -15 15 -17 -18 18 28 -21 21 -23 -24 -25 25 26 -28 -29 29 -31
leaf_value=-0.020730094272431807 -0.044830722082617749 0.0044171415866227325 -0.042805949803235731 -0.0081741875991478748 -0.0092836885965297839 0.016854462370398535 0.018513715812251787 0.026270172573447676 0.057923927212060772 -0.041018125858385948 -0.004693740334367715 0.010522711624104343 -0.0046458050686739886 -0.0036056916454905727 -0.026213530105449384 0.057714398809145133 -0.031358102096312741 0.0060022226741772104 0.0025228741818323214 0.016283905057068733 0.011698605031677183 0.051606862920141938 -0.017416430695244508 0.060849340394015752 -0.0017977399591580371 0.051341521995075128 0.056732605472544287 0.0040483607569603329 0.0093778611373513433 0.06508205595210409
leaf_weight=49.249943967908621 45.941140715032816 1142.3011086173356 13.634581878781317 280.89501119218767 587.25938803702593 46.770822923630476 50.315178528428078 42.353864330798388 6.08167466148734 19.040440952405334 140.06954745948315 266.5255884770304 340.37768140435219 72.330911800265312 16.145811147987846 3.0405648183077565 13.324799202382563 9.3395856637507695 403.63601228781044 54.196517273783684 75.411986902356148 11.390996783971785 21.710251584649086 9.4304868131875974 1020.9814526848495 6.5431015491485587 8.2698489278554899 115.68921698629856 23.684146612882618 7.737254559993743
leaf_count=928 4889 5456 1065 3526 7247 266 290 236 52 352 857 1375 1629 424 686 59 1116 147 2907 311 341 54 100 101 7522 29 39 1076 297 48
internal_value=-9.78587e-05 0.00037692 -0.00143754 -0.00125114 -0.000931831 -0.00450662 -0.00764116 0.00543988 0.000721894 -0.0102951 0.000679698 0.00358427 0.00233302 0.00543568 -0.035394 -0.0124235 0.000547976 0.000759433 0.0053054 -0.000531082 -0.00112676 0.0100958 0.00512772 0.034 -0.0019811 -0.000465422 0.00991306 0.00666074 0.00404838 0.0234161
internal_weight=4903.68 4838.55 3089.35 3075.71 3026.46 958.14 728.946 229.194 2068.32 606.3 186.84 1749.2 1482.68 122.646 65.1275 19.1864 2062.24 2048.92 453.827 1595.09 1540.89 108.513 97.1222 18.7701 1432.38 1151.48 130.502 122.232 435.057 31.4214
internal_count=43425 37791 29331 28266 27338 9672 8313 1359 17666 7599 1123 8460 7085 714 5634 745 17614 16498 3500 12998 12687 495 441 248 12192 8666 1144 1105 3252 345
cat_boundaries=0 1 2
cat_threshold=2 2
is_linear=0
shrinkage=0.05


Tree=66
num_leaves=31
num_cat=0
split_feature=8 3 7 1 13 7 4 4 6 3 4 6 4 13 3 7 7 6 8 13 7 6 13 6 7 4 3 7 6 13
split_gain=30.8449 10.6851 10.2857 7.94268 7.02821 7.45665 7.56934 8.07008 6.92928 6.2084 6.0877 5.50472 6.48754 6.73176 7.39246 6.1014 5.69804 13.7445 5.5127 8.10328 8.69286 7.36019 5.79793 6.60031 5.46576 17.9846 5.36654 17.0579 5.6698 4.72622
threshold=0.48666666448116308 0.52314388751983654 0.31805309653282171 0.030612244270741943 0.3331922739744187 0.019026548601686958 0.34656305611133581 0.38905704021453863 0.20841107517480853 0.28643822669982916 0.31647802889347082 0.29185217618942266 0.84756097197532665 0.46070697903633123 0.035265678539872176 0.022035398520529274 0.0042477876413613566 0.48809523880481726 0.3311124593019486 0.33630183339118963 0.035398229956626899 0.2838463038206101 0.34267462790012365 0.22708174586296084 0.00026548672030912718 0.65896359086036693 0.30183246731758123 0.041946902871131904 0.0084389690309762972 0.42892175912857061
decision_type=2 2 2 2 2 2 2 2 2 2 2 2 2 2 2 2 2 2 2 2 2 2 2 2 2 2 2 2 2 2
left_child=1 2 4 -3 5 -1 8 -8 10 11 -7 12 13 18 -15 16 17 -13 21 20 -20 22 -6 -24 -2 -26 27 -11 -28 -30
right_child=24 3 -4 -5 9 6 7 -9 -10 26 -12 15 -14 14 -16 -17 -18 -19 19 -21 -22 -23 23 -25 25 -27 28 -29 29 -31
leaf_value=-0.016623019558499288 -0.044556288183305148 0.089354015190449221 0.0070286120651038954 -0.051470691526357241 -0.015689776111501585 0.0013131245394902623 0.012451200485221652 -0.002539244294271581 -0.022225607357786378 0.10133794394020315 -0.023600943800845285 0.2309246939689325 -0.043749649780282195 0.0036510962977114193 0.045532261701239057 0.01461282843943823 -0.0065828589014505119 -0.0021047101934206624 -0.020571954984207611 0.00039378244167456332 0.039691302274554974 -0.027467191134351251 -0.003889591423279562 0.0060487388640950834 -0.02563379572705134 0.16165192269136053 -0.032603921607027631 -0.0065193842120693929 0.0040360594086980405 0.021282690319116143
leaf_weight=108.24088989198208 43.963613863103092 0.96322418749332328 534.79358744621277 14.069839641451834 87.001420833170414 117.81801952421665 114.17439705878496 418.14897033758461 78.666896449401975 5.8303996119648192 30.761032829061151 0.77241921424865667 8.6691169980913383 489.57440190576017 10.69647568464279 123.82475782185793 69.487612729892135 2.1478171152994037 7.6228652223944655 760.61102334223688 25.472281895577908 31.952776283025742 1071.9808066803962 197.47581217065454 17.667617918923501 1.2779888063669194 9.7968165809288603 9.3666529133915901 457.81001855246723 43.632600426673889
leaf_count=3062 4889 71 2843 851 839 1108 827 3116 756 63 337 9 798 2428 55 697 1256 179 139 5480 137 225 8380 1145 732 13 112 71 2597 210
internal_value=-9.40771e-05 0.000358185 0.000491004 -0.0415863 -0.000324566 -0.00434294 -0.00258446 0.000668297 -0.010223 0.000695587 -0.00382373 -0.000213296 -0.000804637 -0.000662355 0.00456549 0.00786695 -0.00360448 0.0634825 -0.00186333 0.00145587 0.02564 -0.00376437 -0.00320036 -0.0023393 -0.0348522 -0.0119554 0.00568903 0.0349255 0.00480351 0.00555067
internal_weight=4894.27 4831.36 4816.33 15.0331 4281.54 867.81 759.569 532.323 227.246 3413.73 148.579 2887.29 2691.06 2682.39 500.271 196.233 72.4078 2.92024 2182.12 793.706 33.0951 1388.41 1356.46 1269.46 62.9092 18.9456 526.436 15.1971 511.239 501.443
internal_count=43425 37791 36869 922 34026 9206 6144 3943 2201 24820 1445 21767 19626 18828 2483 2141 1444 188 16345 5756 276 10589 10364 9525 5634 745 3053 134 2919 2807
is_linear=0
shrinkage=0.05


Tree=67
num_leaves=31
num_cat=0
split_feature=8 3 1 1 13 13 4 4 3 4 7 6 7 4 3 7 5 1 6 5 7 7 3 1 13 13 13 4 13 1
split_gain=28.8775 10.0046 9.45448 7.25797 7.09232 6.47491 7.31221 10.3352 5.88106 5.6472 5.63706 5.58136 5.39671 14.9506 4.85484 5.73985 4.84334 5.91603 5.81884 4.77727 4.7113 4.69896 4.60808 4.49819 4.26619 4.26596 3.82212 3.81197 3.90597 6.68602
threshold=0.48666666448116308 0.52314388751983654 0.94868421554565441 0.030612244270741943 0.2847589254379273 0.3331922739744187 0.37014016509056097 0.38905704021453863 0.32562056183815008 0.84756097197532665 0.016371681354939941 0.20841107517480853 0.00026548672030912718 0.65896359086036693 0.43714080750942236 0.15265487134456637 0.010025125462561848 0.61167800426483165 0.051505981013178832 0.0061492070090025672 0.031946902163326747 0.0037168140988796954 0.44617819786071783 0.30217391252517706 0.305772215127945 0.55146872997283947 0.41168017685413366 0.69314920902252208 0.33443675935268408 0.59221467375755321
decision_type=2 2 2 2 2 2 2 2 2 2 2 2 2 2 2 2 2 2 2 2 2 2 2 2 2 2 2 2 2 2
left_child=1 2 5 -3 -4 6 11 16 10 22 -9 20 -2 26 15 19 17 -8 -19 24 21 -1 25 -12 -10 27 -14 28 29 -7
right_child=12 3 4 -5 -6 9 7 8 14 -11 23 -13 13 -15 -16 -17 -18 18 -20 -21 -22 -23 -24 -25 -26 -27 -28 -29 -30 -31
leaf_value=0.022096107123834415 -0.044272992351946566 0.0789393964468596 -0.033346020817136106 -0.051191341712157827 0.0063419304264522823 0.043981829613715578 -0.017099260657663692 -0.02502664770500912 -0.018873312941376043 -0.035738025608213257 0.004980150108958371 -0.020585258910248903 -0.032027832493508539 0.13720040733436339 -0.021942949678762147 -0.0071693640829702844 0.028150496320766927 -0.0075104432732186841 0.028332186473596366 0.039644988857984613 -0.00071064585115741331 -0.022879263324822853 0.0295206437683221 -0.0079587570365924881 0.031443006675397393 0.025369158336545728 0.052508532531093222 0.03039036210295569 0.00013272423683512432 -0.0013271269607152366
leaf_weight=6.3557350607588878 42.081030285917222 1.046651929616927 11.300924792885779 13.455389590002595 716.88252853602171 13.704977594316004 20.367368001490831 37.699893983080983 8.8748282045125979 10.577345279045401 89.584336347877979 97.015728576108813 15.918612256646162 1.4434705674648274 10.597958313301204 20.089653000235558 35.673245256766677 17.751747258007526 30.133221860975027 23.842834979295731 135.86486591212451 51.278300456702709 13.695103028789161 263.31826616823673 7.7791835926473132 17.129581142216921 1.3276404291391362 10.475197058171032 3140.4555907314643 19.337437020614743
leaf_count=94 4889 71 52 851 3559 189 235 1203 57 967 839 1260 705 13 84 89 266 105 171 164 1008 1441 89 2085 61 144 27 96 22503 108
internal_value=-9.10542e-05 0.000339728 0.000466203 -0.0409807 0.00571464 -0.000469043 -0.0043346 -0.00101307 -0.00422779 0.000555682 -0.00664405 -0.0107828 -0.0343152 -0.0115123 0.00895121 0.0144649 0.0132136 0.00530372 0.0149526 0.0253117 -0.00583409 -0.0178032 0.000677759 -0.00465957 0.00437868 0.000551881 -0.0249667 0.000416003 0.000314533 0.0173908
internal_weight=4885.06 4824.29 4809.79 14.502 728.183 4081.6 856.227 565.713 461.787 3225.38 390.602 290.515 60.7708 18.6897 71.1845 60.5865 103.926 68.2523 47.885 40.4968 193.499 57.634 3214.8 352.903 16.654 3201.1 17.2463 3183.97 3173.5 33.0424
internal_count=43425 37791 36869 922 3611 33258 9162 5359 4582 24096 4127 3803 5634 745 455 371 777 511 276 282 2543 1535 23129 2924 118 23040 732 22896 22800 297
is_linear=0
shrinkage=0.05


Tree=68
num_leaves=31
num_cat=0
split_feature=8 3 7 1 5 13 7 7 7 1 5 1 13 3 7 3 6 13 7 4 6 3 4 13 13 5 13 1 13 4
split_gain=27.0222 9.36362 8.8116 6.68216 5.79506 5.89786 7.40025 7.84226 8.84493 21.9868 5.49913 5.6107 5.95387 6.0876 5.83123 7.47175 6.01592 5.73753 5.32094 12.6689 5.2877 5.43907 5.12194 7.09203 4.98154 5.08557 4.19389 4.11748 4.11384 4.09118
threshold=0.48666666448116308 0.52314388751983654 0.31805309653282171 0.030612244270741943 0.62470659613609325 0.37071225047111517 0.019026548601686958 0.003274336340837181 0.00097345130052417528 1.0000000180025095e-35 0.01180408336222172 0.2828571498394013 0.3250910639762879 0.041575692594051368 0.014778761193156244 0.1978823319077492 0.12324766442179681 0.34888450801372534 0.00026548672030912718 0.65896359086036693 0.29185217618942266 0.28643822669982916 0.11153278499841691 0.36025953292846685 0.47539174556732183 0.0036182464100420479 0.35435898602008825 0.505102038383484 0.29869909584522253 0.51974025368690502
decision_type=2 2 2 2 2 2 2 2 2 2 2 2 2 2 2 2 2 2 2 2 2 2 2 2 2 2 2 2 2 2
left_child=1 2 4 -3 5 6 7 8 26 -10 11 -9 -13 -14 15 27 17 -16 -2 -20 21 24 23 -8 -7 -26 -1 29 -4 -15
right_child=18 3 28 -5 -6 20 22 10 9 -11 -12 12 13 14 16 -17 -18 -19 19 -21 -22 -23 -24 -25 25 -27 -28 -29 -30 -31
leaf_value=0.01690201686863714 -0.04398052594306745 0.070337772151266437 -0.01344501029656496 -0.050904018192899261 -0.039297503745129275 -0.0013056410713111208 -0.033951380623980017 -0.014865069587058211 0.14747810933104741 -0.016328554983438246 -0.021256986999126676 -0.021025083501427174 -0.021115451055819953 0.070922782129623205 0.058931197370536606 0.10171334445527409 -0.024869134834117228 -0.0057959304476810566 -0.024301899757270446 0.11891298726473794 0.01191106870805978 0.0074099589874550911 -0.00058881702321851223 0.029337750719046748 0.0041075571443738709 0.038854676048249298 -0.021639141982802652 -0.021641093976386205 0.0074793033857245535 -0.0074222182988709865
leaf_weight=14.922605692408981 40.288909258320928 1.1259444877505291 24.376335352659225 12.870154489763079 9.4125127606093866 1509.0904695214704 23.189693680033091 82.63855154812336 3.6309992372989637 4.3982586450874805 108.38972282782197 16.147888675332069 9.5340244472026807 4.774898285046218 7.005315341055395 4.4118340276181689 8.8007743135094625 6.330162089318037 16.834378007799391 1.5932825654745091 115.893041677773 282.96186023764312 1662.2685747407377 5.2999745421111575 364.66991496272385 10.79065418243408 13.188038513064383 3.2695063278079033 507.81677670776844 2.3399305753409863
leaf_count=178 4889 71 112 851 719 10478 496 2027 63 127 3014 405 181 121 118 91 135 96 732 13 1015 1497 11057 68 1807 59 165 57 2731 52
internal_value=-8.81083e-05 0.00032195 0.000442331 -0.040366 -0.000312181 -0.00022403 -0.00222168 -0.00960469 0.0120906 0.0580361 -0.0127192 -0.00630347 0.00492211 0.0140724 0.0233235 0.047571 0.0067503 0.0280195 -0.0337747 -0.0110745 0.00150649 0.000947347 -0.000952845 -0.0219413 -2.06908e-05 0.00512958 -0.00101484 0.0233407 0.00650916 0.0447179
internal_weight=4878.26 4819.55 4805.55 13.9961 4273.36 4263.95 1980.54 289.783 36.1399 8.02926 253.643 145.253 62.6143 46.4664 36.9324 14.7962 22.1363 13.3355 58.7166 18.4277 2283.41 2167.51 1690.76 28.4897 1884.55 375.461 28.1106 10.3843 532.193 7.11483
internal_count=43425 37791 36869 922 34026 33307 18451 6830 533 190 6297 3283 1256 851 670 321 349 214 5634 745 14856 13841 11621 564 12344 1866 343 230 2843 173
is_linear=0
shrinkage=0.05


Tree=69
num_leaves=31
num_cat=2
split_feature=8 3 1 5 8 5 13 1 7 5 6 12 13 6 13 6 7 4 13 5 5 6 13 12 5 1 7 4 7 7
split_gain=25.2768 8.7598 8.16353 6.95968 19.5798 8.74361 7.33391 6.18958 6.07979 10.7184 5.81707 5.77408 6.12622 5.76794 5.26303 7.02291 5.23817 10.8876 5.17044 5.90925 5.23155 5.19225 4.99441 5.85046 4.79001 6.05673 7.61869 5.23797 4.62441 9.21313
threshold=0.48666666448116308 0.52314388751983654 0.79795917868614208 0.03347339108586312 0.31782911717891699 0.49264955520629888 0.26187281310558325 0.030612244270741943 0.17752212285995486 0.0096938442438840883 0.25606176257133489 0 0.50151175260543834 0.25121679902076727 0.30138742923736578 0.074488926678895964 0.00026548672030912718 0.65896359086036693 0.41338393092155462 0.33513319492340093 0.30860807001590734 0.29185217618942266 0.3908704966306687 1 0.56470659375190746 0.52506268024444591 0.15415929257869723 0.38961258530616766 0.022035398520529274 0.027699114754796032
decision_type=2 2 2 2 2 2 2 2 2 2 2 1 2 2 2 2 2 2 2 2 2 2 2 1 2 2 2 2 2 2
left_child=1 2 3 6 5 18 -1 -3 11 10 -10 12 28 24 15 -13 -2 -18 21 20 -20 -5 23 -4 25 -7 27 -27 -8 -30
right_child=16 7 22 4 -6 13 8 -9 9 -11 -12 14 -14 -15 -16 -17 17 -19 19 -21 -22 -23 -24 -25 -26 26 -28 -29 29 -31
leaf_value=-0.034292843725616654 -0.043678601432770164 0.063121338121171058 0.0032407742086729974 -0.010340675072825142 -0.038945687291425224 0.021155843536673366 -0.0051129966580625869 -0.050608406419849442 0.012230380684327948 0.050973351884088747 -0.015700163423312364 0.061756917045181062 0.008417535694171684 0.027056928430632177 0.0038145279781142171 0.0013016949117782132 -0.023640605832715163 0.10468304770458461 0 0.0076110349333193585 -0.052131476720624625 0.0036110950520687165 0.0070755662597243099 -0.0050914956447452872 -0.012899658659831391 0.013968580069705597 -0.03527974944858913 -0.0087128919548918205 0.027530298436850478 -0.00066810630905493173
leaf_weight=14.984202476218341 38.582970624789596 1.2012909585610021 914.31947109103203 455.18809034861624 39.963650378398597 47.444175848737359 751.92733291722834 12.312765543349085 82.221205428242683 15.033509641885756 23.879953935742378 9.2328596655279416 142.64662054367363 26.468758795410395 436.96864000707865 10.266161158680914 16.452660615555946 1.7291294187307347 11.04989054054022 106.27824005484581 8.2825907692313177 77.49366189725697 553.78692620992661 273.31875047832727 41.349309674464166 61.497156362980604 13.436441443860529 43.033417902886868 30.302287360653281 609.6025256998837
leaf_count=268 4889 71 4351 5301 1348 297 8614 851 372 70 110 141 716 197 3457 155 732 13 89 583 53 1087 2791 1311 459 372 65 271 325 4066
internal_value=-8.58432e-05 0.000304631 0.000419247 -0.00113546 -0.00473987 -0.00319674 0.000440788 -0.0397421 0.000691185 0.0115622 0.00588817 2.67057e-05 -0.00143942 0.00510896 0.00496547 0.0303516 -0.0332272 -0.0106574 -0.00614733 0.00294672 -0.0223448 -0.00830131 0.00315263 0.00131874 0.00226337 0.00608951 0 0.00458382 -0.00245377 0.000663492
internal_weight=4870.25 4813.49 4799.98 3058.55 931.485 891.522 2127.07 13.5141 2112.08 121.135 106.101 1990.95 1534.48 233.229 456.468 19.499 56.7648 18.1818 658.292 125.611 19.3325 532.682 1741.43 1187.64 206.761 165.411 117.967 104.531 1391.83 639.905
internal_count=43425 37791 36869 28416 10122 8774 18294 922 18026 552 482 17474 13721 1661 3753 296 5634 745 7113 725 142 6388 8453 5662 1464 1005 708 643 13005 4391
cat_boundaries=0 1 2
cat_threshold=2 2
is_linear=0
shrinkage=0.05


Tree=70
num_leaves=31
num_cat=0
split_feature=8 5 1 13 7 6 7 5 6 6 6 5 4 3 7 6 13 4 1 13 13 7 6 6 13 6 5 7 4 5
split_gain=23.645 8.31195 7.22205 6.29958 9.66748 5.89141 6.4703 5.51724 7.35214 7.69242 6.80105 8.54548 5.86541 5.59848 8.53136 8.6871 6.80662 6.59273 8.729 7.41559 5.7945 5.19743 4.96373 7.4115 7.04413 5.6273 4.87377 4.74828 9.46962 4.73656
threshold=0.65519553422927868 0.62470659613609325 0.91366460919380199 0.40065751969814306 0.016371681354939941 0.02547288499772549 0.019026548601686958 0.50488919019699108 0.03519896604120732 0.038596967235207565 0.12027147412300111 0.0023188412887975578 0.54880952835083019 0.027973395772278312 0.031946902163326747 0.17650170624256137 0.30000792443752294 0.47039544582366949 0.75255101919174205 0.33025474846363073 0.39158155024051672 0.15265487134456637 0.06846578419208528 0.074488926678895964 0.33956466615200048 0.088810019195079817 0.0018764103879220786 0.00026548672030912718 0.65896359086036693 0.014269287232309582
decision_type=2 2 2 2 2 2 2 2 2 2 2 2 2 2 2 2 2 2 2 2 2 2 2 2 2 2 2 2 2 2
left_child=1 2 3 4 29 6 -6 10 -9 -10 11 22 -13 20 16 -16 -15 -17 -19 -20 -12 -22 26 -24 -25 -26 -7 -2 -29 -1
right_child=27 -3 -4 -5 5 7 -8 8 9 -11 13 12 -14 14 15 17 -18 18 19 -21 21 -23 23 24 25 -27 -28 28 -30 -31
leaf_value=-0.0055001083039455364 -0.043366955011053004 -0.041476013562597717 0.0040200091409651811 0.002078047173879462 -0.047649231761218616 0.0050737431530882811 -0.0068703815553425931 -0.030592218609291483 0.049110417553673687 0.0079680396645785499 -0.0063857434886417583 -0.00016637789068888148 -0.026434528583213934 -0.021773332934051357 -0.022621223364409165 -0.0042765517203550594 0.019515671949096057 -0.0015159698958454649 0.0052819004257178394 0.05114438868219337 -0.01330828322273216 -0.060185773868860107 0.047964279233646018 -0.022807459116616607 0.0025943593552925663 0.060416387778932101 0.043117557312247166 -0.025319000024728644 0.093270246257727382 -0.017506619581576077
leaf_weight=239.1263343533501 36.959121026098728 11.789835530333219 1060.867447052151 1347.8022353649139 10.222258871421216 219.38984021358192 188.39924377016723 11.176732785999773 12.239937037229536 155.53239435702562 402.6532803568989 425.5460294354707 22.291939470916986 11.294671716168521 49.993864871561527 269.0740373712033 75.98959643393755 52.258212121203542 16.513363070785999 19.54489528387785 16.597103908658031 9.4978040009736997 19.574316777288914 11.17998934350908 9.9919811822474021 7.4311878681182852 8.7064968720078451 11.829508226364849 1.8524647802114476 126.71093911398202
leaf_count=4672 4889 1065 5110 8787 182 1545 1629 66 76 879 2949 3050 222 260 266 1736 834 373 97 90 91 45 119 124 62 58 49 562 13 3525
internal_value=-8.30141e-05 0.000274021 0.00037848 -0.000653546 -0.00219549 -0.000841254 -0.00901719 4.5551e-05 0.00838387 0.0110269 -0.000857549 0.00276604 -0.00149069 -0.00370445 -6.94845e-05 -0.00311967 0.0140968 -0.000372133 0.0114583 0.030352 -0.00788563 -0.0307259 0.00968231 0.0242885 0.00780128 0.0277455 0.00656606 -0.0340371 -0.00833961 -0.00967598
internal_weight=4862.04 4811.4 4799.61 3738.74 2390.94 2025.1 198.622 1826.48 178.949 167.772 1647.53 724.112 447.838 923.417 494.669 407.384 87.2843 357.391 88.3165 36.0583 428.748 26.0949 276.274 48.1775 28.6032 17.4232 228.096 50.6411 13.682 365.837
internal_count=43425 37961 36896 31786 22999 14802 1811 12991 1021 955 11970 5229 3272 6741 3656 2562 1094 2296 560 187 3085 136 1957 363 244 120 1594 5464 575 8197
is_linear=0
shrinkage=0.05


Tree=71
num_leaves=31
num_cat=0
split_feature=8 3 7 1 13 4 4 7 6 3 7 6 4 7 4 4 7 5 6 3 6 7 4 13 5 5 6 6 3 3
split_gain=22.1335 8.03041 7.25112 5.82128 5.35749 6.07806 7.48521 5.69751 5.56526 5.09173 5.06789 4.77557 4.76967 4.6534 8.29653 4.54369 6.90579 6.32855 13.9699 9.90933 6.73793 6.95859 5.39279 12.8451 6.67197 6.59543 5.03135 7.89244 6.20239 5.51157
threshold=0.65519553422927868 0.52314388751983654 0.31805309653282171 0.030612244270741943 0.3331922739744187 0.33923077583312994 0.42456744611263281 0.016371681354939941 0.074488926678895964 0.44617819786071783 0.094336282461881651 0.14561489224433902 0.84756097197532665 0.00026548672030912718 0.65896359086036693 0.47039544582366949 0.0047787611838430175 0.2344322353601456 0.047678871080279357 0.052805855870246894 0.12324766442179681 0.019026548601686958 0.43827861547470098 0.41338393092155462 0.0018764103879220786 0.31476190686225897 0.047287510707974441 0.22607336193323138 0.029707981273531917 0.010973221156746151
decision_type=2 2 2 2 2 2 2 2 2 2 2 2 2 2 2 2 2 2 2 2 2 2 2 2 2 2 2 2 2 2
left_child=1 2 4 -3 5 8 10 -8 -1 12 -7 -11 15 -2 -15 22 -17 18 -18 20 21 -20 -6 24 -24 -25 28 -28 29 -19
right_child=13 3 -4 -5 9 6 7 -9 -10 11 -12 -13 -14 14 -16 16 17 26 19 -21 -22 -23 23 25 -26 -27 27 -29 -30 -31
leaf_value=-0.0024821372529048799 -0.043045318167415456 0.058123210297981044 0.005889400084502029 -0.050301103544423367 0.00047339001231985143 -0.0020459598362904821 -0.025884343721595322 -0.0035712455262380365 -0.017169615207189317 0.049308377660862303 0.012792585986269745 -0.00098356079036581953 -0.034363777097384862 -0.024659571262902521 0.083895762944536142 -0.022211839167837678 -0.004379465472609592 0.010718143855718718 -0.010186095132164915 0.03160742640265865 0.0032668940671387587 0.048284726958317349 -0.026860375636569258 0.026667213861885981 -0.0072194112385771825 -0.0028890028084800233 -0.023779646008784731 0.0033062518741923752 0.024416262170990327 -0.040477546527069905
leaf_weight=123.69045629445463 35.41346721816808 1.2585673546418537 528.75346578657627 11.645343748852609 2599.5106481369585 105.38940555602312 31.286363083869219 338.67380790412426 136.84189853165299 10.247444304171951 125.26458179950714 8.3218726366758329 9.7180307707749289 11.548467655666171 1.9645521044731129 22.205201448872685 105.42090835422277 12.686350530013444 6.811949577182534 80.96419127099216 100.86409512162209 18.29965978115797 63.617129862308502 34.789255127310753 138.3266460262239 40.503994718194008 45.573725681751966 64.730064496397972 32.775894237682223 8.7283503413200361
leaf_count=1572 4889 71 2843 851 17980 1478 1039 2816 1827 76 599 46 953 562 13 417 861 111 96 577 787 102 529 155 964 180 311 430 235 55
internal_value=-8.07635e-05 0.000259111 0.000366573 -0.0389759 -0.000317031 -0.00384078 -0.00106432 -0.00547819 -0.0102194 0.000573002 0.00599301 0.0266176 0.000427891 -0.0335069 -0.00800991 0.000530542 0.00493461 0.00621359 0.0103948 0.0179438 0.0091045 0.0322477 -0.000231886 -0.00686072 -0.0134418 0.0107184 -0.00169725 -0.00785082 0.0107275 -0.0100073
internal_weight=4855.83 4806.9 4794 12.9039 4265.24 861.147 600.614 369.96 260.532 3404.1 230.654 18.5693 3385.53 48.9265 13.513 3375.81 499.06 476.855 312.361 206.94 125.976 25.1116 2876.75 277.237 201.944 75.2932 164.494 110.304 54.1906 21.4147
internal_count=43425 37961 37039 922 34196 9331 5932 3855 3399 24865 2077 122 24743 5464 575 23790 3982 3565 2423 1562 985 198 19808 1828 1493 335 1142 741 401 166
is_linear=0
shrinkage=0.05


Tree=72
num_leaves=31
num_cat=1
split_feature=8 5 13 7 4 1 13 7 4 4 13 7 1 7 10 12 6 7 13 13 3 4 6 5 13 13 13 13 13 5
split_gain=20.7101 7.58302 6.37862 8.79276 5.43835 5.17956 5.91416 4.55471 7.3161 4.35203 4.2459 5.61476 9.83734 12.6958 15.8737 11.3235 7.49221 6.04494 5.16166 4.44178 4.36789 9.06404 4.11063 3.89175 3.74663 3.72117 3.57459 3.78148 3.50442 3.67184
threshold=0.65519553422927868 0.62470659613609325 0.38322934508323675 0.019026548601686958 0.26999843120574957 0.83891889452934276 0.38452844321727758 0.00026548672030912718 0.65896359086036693 0.092713762074708952 0.29015000164508825 0.007168141659349204 1.0000000180025095e-35 0.00044247785990592098 0.65622368454933178 0 0.029046440497040752 0.01212389348074794 0.35138554871082311 0.32585169374942785 0.28643822669982916 0.52086955308914196 0.047591427341103561 0.013778429478406908 0.36877946555614477 0.55146872997283947 0.37936386466026312 0.38131625950336462 0.26187281310558325 0.030816714279353622
decision_type=2 2 2 2 2 2 2 2 2 2 2 2 2 2 2 1 2 2 2 2 2 2 2 2 2 2 2 2 2 2
left_child=1 2 3 10 9 6 22 -2 -9 -5 -1 12 13 -12 15 19 -13 18 -18 -15 -19 -22 -4 -24 -17 -8 -11 -28 -6 -30
right_child=7 -3 5 4 28 -7 25 8 -10 26 11 16 -14 14 -16 24 17 20 -20 -21 21 -23 23 -25 -26 -27 27 -29 29 -31
leaf_value=-0.033203143407133658 -0.042713440185883654 -0.040861288400399126 0 -0.043891846139862432 -0.010931662429847184 0.0063503303249893284 0.00017284825829980697 -0.024002879062761162 0.076045478562047214 -0.0034619575677840965 -0.0033906524669177181 -0.029446162699879083 -0.020888333272375239 0.14971811563496618 0.12433739934676635 -0.0075433335032794868 -0.034923072197472566 -0.0046602031206716549 -0.0057166482734939397 0.043042678126252933 0.0026003961293938789 0.09150031516343432 0.062729115667131935 0.014427385207944739 0.063063534916714681 0.023832965045540971 -0.045431064943098592 -0.0046331716053700104 0.0030013707044575992 -0.0018164787998564279
leaf_weight=16.685489012859762 33.94229353312403 11.091087032109497 11.585418898612263 7.1233699079602948 59.312721377238631 588.9150917539373 1537.5585614163429 11.28083544038236 2.0665025860071173 383.48092459887266 39.849162540398538 46.197197576984763 29.269131559878588 1.8822669368237255 4.6672821007668963 13.639164504595106 30.266489762812853 126.550631464459 31.193987052887678 2.5148138087242842 13.251843798905613 3.6069355085492125 8.4840847235173005 8.9136148728430253 2.0713360216468564 16.707727899774909 10.690816301852466 12.694077789783476 1193.8408266361803 589.91304963454604
leaf_count=599 4889 1065 98 193 465 2997 10640 562 13 2920 499 1181 917 50 75 402 980 2531 756 57 244 44 67 70 54 152 61 68 7079 3697
internal_value=-7.84612e-05 0.000245103 0.000342161 -0.00131821 -0.000156068 0.00234613 0.000853234 -0.032971 -0.00769075 -0.00533582 -0.00855534 -0.00733937 0.00304755 0.0139812 0.0420253 0.0221512 -0.0112434 -0.00710202 -0.0202141 0.0921331 -0.00143762 0.0223428 0.0231959 0.0384916 0.00178951 0.000431919 -0.00463787 -0.0236116 0.00100492 0.00140522
internal_weight=4849.25 4801.96 4790.87 2618.7 2257.06 2172.16 1583.25 47.2896 13.3473 413.989 361.646 344.96 93.8932 64.624 24.7749 20.1076 251.067 204.87 61.4605 4.39708 143.409 16.8588 28.9831 17.3977 15.7105 1554.27 406.866 23.3849 1843.07 1783.75
internal_count=43425 37961 36896 22872 14483 14024 11027 5464 575 3242 8389 7790 2054 1137 638 563 5736 4555 1736 107 2819 288 235 137 456 10792 3049 129 11241 10776
cat_boundaries=0 1
cat_threshold=1
is_linear=0
shrinkage=0.05


Tree=73
num_leaves=31
num_cat=0
split_feature=8 3 7 1 13 4 4 1 3 3 3 3 6 6 13 4 7 7 4 3 3 13 7 4 3 4 3 1 3 5
split_gain=19.3696 7.33638 6.24053 5.27145 4.60051 5.3991 6.82758 5.45 10.6518 5.93595 5.88614 5.1786 5.15903 4.56881 5.84006 5.5821 5.3551 4.45271 6.4852 4.43537 5.62373 4.38949 4.30202 4.36077 4.57079 4.40154 4.27463 4.24093 4.41574 4.10125
threshold=0.65519553422927868 0.52066960930824291 0.31805309653282171 0.030612244270741943 0.3331922739744187 0.33923077583312994 0.38905704021453863 0.46802721917629247 0.017601951956748966 0.083948746323585524 0.36074022948741918 0.44617819786071783 0.074488926678895964 0.29185217618942266 0.33443675935268408 0.84756097197532665 0.022035398520529274 0.00026548672030912718 0.65896359086036693 0.32562056183815008 0.1978823319077492 0.39835967123508459 0.031946902163326747 0.43323189020156866 0.42422747611999517 0.4714068621397019 0.029707981273531917 0.59137290716171276 0.36140660941600805 0.36090452969074255
decision_type=2 2 2 2 2 2 2 2 2 2 2 2 2 2 2 2 2 2 2 2 2 2 2 2 2 2 2 2 2 2
left_child=1 2 4 -3 5 12 7 -7 -9 26 -11 13 29 15 -15 -6 -16 -2 -19 20 -8 27 -21 -24 25 -25 -10 -18 -29 -1
right_child=17 3 -4 -5 11 6 19 8 9 10 -12 -13 -14 14 16 -17 21 18 -20 22 -22 -23 23 24 -26 -27 -28 28 -30 -31
leaf_value=-0.008200582257767387 -0.042371096401032413 0.053764028688253973 0.005470020687384336 -0.04740832409714385 -7.9433484644681097e-06 -0.0063930539788895277 -0.0043239991819536442 0.068248216289977931 0 -0.037228449704561205 0.0081236848448638446 0.02740569278017629 -0.016380532138418682 0.061399464439860142 -0.0048100270797063263 -0.042726870370268281 0.021344854194658074 -0.023349624967966904 0.069366106282610376 0.041152908063712322 -0.027685991331716588 0.02717251046802252 0.024511159889340245 -0.02189520898824825 -0.031959946473929433 0.013359777270432941 0.030985101137429989 -0.0040042847173985679 0.030605585428807765 0.011643954450324514
leaf_weight=85.950506587512791 32.542050780262798 1.3126787366345514 526.74731455743313 11.981156434863804 3144.1150091551244 39.196699547581375 359.47391416225582 8.6875371690839511 16.812936212867498 10.449675776064394 21.846079140901566 17.729695942718536 134.82747802790254 4.7805396914482108 75.834675437305123 7.5663710488006464 34.688439913094044 11.025988782756029 2.1593011915683737 8.127588236704467 27.783360930159688 34.328963838517666 17.58534774184227 12.183144032955168 11.472158988937734 31.270466417074203 34.044839765876532 70.946967594325542 10.484728798270224 37.119530813768506
leaf_count=1162 4889 71 2843 856 21558 632 3665 55 95 91 145 117 1827 45 1502 800 230 562 13 106 525 151 89 58 84 157 230 411 46 410
internal_value=-7.63432e-05 0.000231666 0.000336152 -0.0367181 -0.00029799 -0.00357288 -0.000958625 0.00911358 0.0157858 0.0101693 -0.00646582 0.000525808 -0.00962205 0.000382641 0.00716784 -0.000113439 0.00597343 -0.0324293 -0.00738175 -0.00379145 -0.0060197 0.0114417 0.00684173 0.00287564 -0.0039924 0.00333291 0.020823 0.00672873 0.000422652 -0.00217002
internal_weight=4843.08 4797.35 4784.05 13.2938 4257.31 856.831 598.934 131.038 91.8411 83.1535 32.2958 3400.48 257.898 3382.75 231.064 3151.68 226.284 45.7273 13.1853 467.896 387.257 150.449 80.6387 72.5111 54.9258 43.4536 50.8578 116.12 81.4317 123.07
internal_count=43425 37961 37034 927 34191 9331 5932 1248 616 561 236 24860 3399 24743 2385 22358 2340 5464 575 4684 4190 838 494 388 299 215 325 687 457 1572
is_linear=0
shrinkage=0.05


Tree=74
num_leaves=31
num_cat=0
split_feature=8 5 7 13 6 6 3 3 5 5 13 13 7 13 4 13 13 1 1 7 5 6 4 3 5 8 6 4 7 13
split_gain=18.1084 6.96147 5.64815 8.35402 4.76745 7.81429 8.15253 7.16859 5.89107 6.27645 5.78517 4.99368 6.58633 5.16673 4.9489 4.92016 4.73565 4.83846 11.801 9.95166 5.61448 5.89162 4.86739 4.59949 4.57316 13.864 6.95042 6.5542 5.99252 5.74144
threshold=0.65519553422927868 0.62470659613609325 0.12566372007131579 0.27857577800750738 0.025062814354896549 0.040051745250821121 0.0093764648772776144 0.085142057389020934 0.00067739756195805978 0.37248815596103674 0.28667588531970983 0.39764946699142462 0.14672566205263141 0.3331922739744187 0.44127418100833898 0.23036390542984012 0.47722494602203375 0.77411872148513805 0.2828571498394013 0.14672566205263141 0.019206888973712925 0.08591387048363687 0.38905704021453863 0.019737697206437591 0.03347339108586312 0.31782911717891699 0.034470714628696449 0.54395446181297313 0.11283186078071596 0.40144018828868872
decision_type=2 2 2 2 2 2 2 2 2 2 2 2 2 2 2 2 2 2 2 2 2 2 2 2 2 2 2 2 2 2
left_child=1 2 3 -1 8 6 -6 -8 -4 11 -9 12 -10 -14 -11 -7 17 18 -17 23 21 -21 -22 -20 -5 26 28 -27 29 -26
right_child=-2 -3 4 24 5 15 7 10 9 14 -12 -13 13 -15 -16 16 -18 -19 19 20 22 -23 -24 -25 25 27 -28 -29 -30 -31
leaf_value=-0.026206708666189613 -0.031881908093459005 -0.040273778809449351 -0.027324511063238657 0.00048391377186841726 0.02390073199204849 -0.033240278548752333 -0.00098134485892291835 -0.023643630586081127 0.030397926157773397 -0.024896053551649706 0.018658990298897494 0.036153425947453383 -0.040900950774416432 0.0022801634705831397 0.011127280641704484 0.0026349538199367771 0.031852782363072568 0.0028855985596952477 -0.010666887641183238 0.014422212854621044 -0.027458224458092186 -0.026843156161965667 -0.068556339012282932 0.031789172670216935 -0.014682500919914344 -0.043911692668620578 -0.00035516153776442348 0.036646994248050763 -0.043654439834852447 0.009034679580961746
leaf_weight=32.730060222558677 44.2365199951455 10.488535772543399 27.493154220283031 1956.2676390204579 78.652926258742809 10.051356494426726 164.9677969366312 8.5787884742021543 13.736533299088476 34.368114329874516 103.73106896877289 13.419702485203741 9.8090042397379857 22.357480980455875 12.892753168940542 206.11592231690884 12.7964950799942 1152.1827480792999 13.718030922114851 11.736407592892645 19.768411003053192 30.995999895036221 12.132896944880484 11.598489888012407 107.16242757253349 28.234061799943451 637.59379941225052 2.6287060938775531 13.766632378101347 33.130991127341986
leaf_count=983 5464 1065 133 17742 382 52 795 38 67 169 492 62 50 107 64 981 77 5477 72 56 94 151 58 60 1510 783 6107 43 73 218
internal_value=-7.35973e-05 0.000219584 0.000310273 -0.00112723 0.00236316 0.00302945 0.00968301 0.00562481 -0.00672405 -0.00134268 0.0153651 0.00942913 0.00144601 -0.0108187 -0.0149606 0.00142658 0.00166909 0.00139863 -0.00418185 -0.0182779 -0.0274736 -0.0153857 -0.0434105 0.00863572 -0.000829095 -0.0039577 -0.00266683 -0.0367925 -0.012195 -0.00904351
internal_weight=4837.34 4793.11 4782.62 2811.51 1971.1 1837.03 355.931 277.278 134.077 106.584 112.31 59.3227 45.903 32.1665 47.2609 1481.1 1471.05 1458.25 306.066 99.9502 74.6337 42.7324 31.9013 25.3165 2778.78 822.517 791.654 30.8628 154.06 140.293
internal_count=43425 37961 36896 27459 9437 8785 1707 1325 652 519 530 286 224 157 233 7078 7026 6949 1472 491 359 207 152 132 26476 8734 7908 826 1801 1728
is_linear=0
shrinkage=0.05


Tree=75
num_leaves=31
num_cat=0
split_feature=8 3 13 7 4 7 1 7 4 4 4 7 4 13 5 5 3 3 1 3 8 5 6 6 1 3 1 13 5 5
split_gain=16.875 6.78506 5.66285 6.91796 6.80954 5.73349 5.19207 4.51098 5.88385 4.29573 4.32539 7.29285 6.04181 12.5587 6.1211 6.08657 5.68111 7.34711 10.2033 4.65708 8.98273 7.42609 9.66572 8.05115 7.28755 6.2209 9.9676 7.87251 5.63846 5.24672
threshold=0.65519553422927868 0.52314388751983654 0.32276146113872534 0.022035398520529274 0.1225140728056431 0.31805309653282171 0.030612244270741943 0.00026548672030912718 0.65896359086036693 0.84756097197532665 0.47039544582366949 0.0047787611838430175 0.43827861547470098 0.41338393092155462 0.0018764103879220786 0.31476190686225897 0.029707981273531917 0.010973221156746151 0.40678434073925024 0.037214621901512153 0.32658188045024877 0.2344322353601456 0.066946782171726241 0.020050250925123695 0.75255101919174205 0.052805855870246894 0.42481203377246862 0.353803500533104 0.40555556118488317 0.0032247933559119706
decision_type=2 2 2 2 2 2 2 2 2 2 2 2 2 2 2 2 2 2 2 2 2 2 2 2 2 2 2 2 2 2
left_child=1 2 3 -1 -5 9 -3 -2 -9 10 12 -12 -4 14 -14 -15 17 18 -13 20 28 22 -21 -23 25 -24 27 -27 -18 -22
right_child=7 6 5 4 -6 -7 -8 8 -10 -11 11 16 13 15 -16 -17 19 -19 -20 21 29 23 24 -25 -26 26 -28 -29 -30 -31
leaf_value=-0.016767524488587142 -0.041743227718358013 0.049859574162395566 0.00041877561492028231 -0.051469792157020737 -0.0013603278965288678 0.0063421225435910736 -0.049679872635402605 -0.021791858524920705 0.066215986297983725 -0.033518009893435848 -0.023053961193964988 -0.00060824129912393193 -0.026108349616727783 0.025536260050227494 -0.0076620301339903486 -0.0028422558591078072 0.079216843772008827 -0.015532216489750476 0.033661318618732186 -0.00024392851956488474 0.022411181192823267 0.046371644469183425 -0.012039298787699822 -0.0072151300824876072 0.041441891112622031 0.10967020793385324 0.011134743637764762 0.023831160086708731 0.020519859223397253 -0.027748890129042171
leaf_weight=90.06772961653769 30.242236400488764 1.3647906621918071 2759.7983809038997 6.7638365793973199 611.16292487457395 450.34777915477753 10.462857128586618 10.460196687839924 2.2050187587738028 9.2301223305985314 22.917471121996641 130.15551298111677 66.18290388956666 34.897247962653637 144.22710348851979 40.427126102149487 9.3671851735562104 59.761150626465678 25.907693173736334 74.368810230866075 14.981916474178435 7.4567000251263371 17.394646778702736 94.649351438507438 36.208577126264572 5.0938361901789886 43.917808700352907 6.0344593897461891 7.8624312840402117 7.8229854926466933
leaf_count=2663 4889 71 19494 153 4631 2526 851 562 13 970 448 1267 592 156 1040 180 79 398 139 585 121 60 144 646 163 96 333 71 39 45
internal_value=-7.13161e-05 0.000207665 0.00030274 -0.0038225 -0.00192516 0.00102182 -0.0374531 -0.0312523 -0.00567928 0.000358165 0.000447105 0.00446972 -0.00029619 -0.007217 -0.0134976 0.0102554 0.00564899 -0.000618503 0.00506666 0.00982332 0.0258256 0.00755063 0.0135805 -0.00321128 0.0230806 0.0137895 0.0220492 0.064195 0.052993 0.00493997
internal_weight=4831.74 4788.83 4777.01 707.994 617.927 4069.01 11.8276 42.9075 12.6652 3618.66 3609.43 563.901 3045.53 285.734 210.41 75.3244 540.983 215.824 156.063 325.159 40.0345 285.124 183.018 102.106 108.649 72.4408 55.0461 11.1283 17.2296 22.8049
internal_count=43425 37961 37039 7447 4784 29592 922 5464 575 27066 26096 4634 21462 1968 1632 336 4186 1804 1406 2382 284 2098 1392 706 807 644 500 167 118 166
is_linear=0
shrinkage=0.05


Tree=76
num_leaves=31
num_cat=1
split_feature=8 5 13 7 13 4 7 4 5 1 13 5 13 5 8 3 4 1 7 4 13 1 1 7 12 1 13 5 6 6
split_gain=15.7598 6.36154 5.28159 7.19523 4.65198 4.60676 4.39057 5.23766 4.33325 14.5694 4.11006 4.09746 5.28121 8.08558 7.12664 5.11754 3.98837 3.9883 3.79454 3.95317 6.03752 4.44808 3.88901 9.23729 3.61906 3.51519 11.0042 4.60642 4.44344 4.07405
threshold=0.65519553422927868 0.62470659613609325 0.38322934508323675 0.019026548601686958 0.38379850983619695 0.26999843120574957 0.00026548672030912718 0.65896359086036693 0.4465929120779038 0.04540816321969033 0.29015000164508825 0.01180408336222172 0.37004087865352636 0.1204994209110737 0.32530003786087042 0.25168919563293463 0.092713762074708952 0.83891889452934276 0.018318584188818935 0.35432548820972448 0.37492777407169348 0.40678434073925024 0.43541666865348821 0.017256637103855613 0 0.87627550959587108 0.39384587109088903 0.45527841150760656 0.044264031574130065 0.038144992664456374
decision_type=2 2 2 2 2 2 2 2 2 2 2 2 2 2 2 2 2 2 2 2 2 2 2 2 1 2 2 2 2 2
left_child=1 2 3 8 -4 16 -2 -8 10 -10 -1 18 -13 14 -14 -15 -5 -6 19 20 21 24 -23 -24 -12 26 -19 -27 -29 -28
right_child=6 -3 4 5 17 -7 7 -9 9 -11 11 12 13 15 -16 -17 -18 25 -20 -21 -22 22 23 -25 -26 27 29 28 -30 -31
leaf_value=-0.035918181808519051 -0.041370947640676954 -0.039634345549235749 0.024484033712120733 -0.043182241008878228 0.00054896163865736695 0.0008796755337472259 -0.021155536659441115 0.060866141998280054 0.096448868471537483 -0.036830189606637198 -0.00011542175864071682 -0.020753919010535273 0.1180792466219422 -0.017149267683861168 0.00057853415869923411 0.055218918303653823 -0.0043218532780615847 -0.024134448741335354 -0.024682572192721419 -0.0068983239646345411 -0.026610951200741025 0.09764255933716165 -0.0341685981500277 0.083802898939841233 0.027775558649110573 0.0058869925718527706 0.0035380759018718011 -0.02952572439746385 -0.00038917764655144367 0.035708692708387904
leaf_weight=13.3290678858757 29.020580887328833 9.9018590613268298 22.9144297093153 6.6478700619190922 1565.7169828498736 1840.1589591875672 10.24465695209801 2.2854866981506339 3.9018202424049369 4.0573044158518314 38.40520279109478 92.511108887381852 2.5233428012579706 21.168639322742823 2.7123607881367207 2.6403508186340323 404.64542101882398 13.053553834557531 18.936268337070942 119.61848680395633 10.735863346606491 2.5737785659730417 3.2405811939388514 3.1459822133183479 16.366355584003031 445.68826618883759 13.919097617268561 17.673032224178314 50.996691673994064 36.965353846549988
leaf_count=515 4889 1065 158 193 10904 11241 562 13 78 170 744 2690 53 467 61 47 3049 59 283 2727 143 75 85 39 212 2379 59 79 226 160
internal_value=-6.91957e-05 0.000196368 0.000280853 -0.00123401 0.00210586 -0.000187341 -0.0306933 -0.00543552 -0.00783998 0.0282731 -0.00868839 -0.00757826 -0.0149115 0.00353296 0.0592967 -0.00871732 -0.00497246 0.00186323 -0.00336521 -0.00124796 0.00775831 0.0136589 0.0462405 0.0235687 0.00816302 0.00541222 0.0164856 0.00402308 -0.00799258 0.0270309
internal_weight=4825.7 4784.15 4774.25 2607.32 2166.93 2251.45 41.5507 12.5301 355.867 7.95912 347.907 334.578 121.556 29.0447 5.2357 23.809 411.293 2144.01 213.023 194.086 74.4678 63.7319 8.96034 6.38656 54.7716 578.296 63.938 514.358 68.6697 50.8845
internal_count=43425 37961 36896 22872 14024 14483 5464 575 8389 248 8141 7626 3318 628 114 514 3242 13866 4308 4025 1298 1155 199 124 956 2962 278 2684 305 219
cat_boundaries=0 1
cat_threshold=2
is_linear=0
shrinkage=0.05


Tree=77
num_leaves=31
num_cat=0
split_feature=8 3 13 7 7 1 7 4 7 1 4 4 7 4 13 1 7 3 5 4 13 3 3 8 5 6 6 5 3 1
split_gain=14.7111 6.20783 4.95867 6.10048 4.95729 4.91752 4.26861 4.67732 4.06203 5.8661 3.94131 3.93448 6.63727 5.57098 11.3987 5.38584 10.5706 5.09747 6.5354 5.98256 5.81701 4.77736 4.74347 7.71496 6.66802 8.83171 7.16324 5.89759 5.40807 7.68242
threshold=0.65519553422927868 0.52314388751983654 0.32276146113872534 0.022035398520529274 0.31805309653282171 0.030612244270741943 0.00026548672030912718 0.65896359086036693 0.0042477876413613566 0.030612244270741943 0.84756097197532665 0.47039544582366949 0.0047787611838430175 0.43827861547470098 0.39457647502422338 0.88047617673873912 0.11283186078071596 0.03020223788917065 0.0071068138349801311 0.51078385114669811 0.40626202523708349 0.058922160416841514 0.037214621901512153 0.32658188045024877 0.2344322353601456 0.038596967235207565 0.020050250925123695 0.40555556118488317 0.052805855870246894 0.42481203377246862
decision_type=2 2 2 2 2 2 2 2 2 2 2 2 2 2 2 2 2 2 2 2 2 2 2 2 2 2 2 2 2 2
left_child=1 2 3 8 10 -3 -2 -8 9 -1 11 13 -13 -4 15 -15 -17 18 19 -14 -20 -16 23 27 25 -24 -26 -19 -27 -30
right_child=6 5 4 -5 -6 -7 7 -9 -10 -11 -12 12 17 14 21 16 -18 22 20 -21 -22 -23 24 -25 26 28 -28 -29 29 -31
leaf_value=0.035247212026715956 -0.040987486602843674 0.046462214773813459 0.0003898990461775418 -0.0018273711378711734 0.0059072241361919188 -0.049331311005419237 -0.020525643175570603 0.056175956712816645 -0.020530511499027716 -0.031137863089813745 -0.032785295505194122 -0.022301600168501249 0.017943294568107976 -0.021616043150598896 -0.0043863299230523642 0.044500374350448541 -0.017427923307709297 0.080724256490818824 -0.01468374648022828 -0.004489225552625503 0.020223672340032188 0.014583221179742126 -0.006589715318888076 0.0054416023879533476 0.043203127682788507 0.00074212996348213415 -0.0068812531682430449 0.019422364030103393 0.058557773630343715 0.019018145255242355
leaf_weight=8.3127410151064378 27.857951302547008 1.4131686417385925 2758.6798181366175 617.0781966606155 448.21772690117359 9.9064267575740796 10.039467177353798 2.3588475883007041 74.347530630417168 5.3548543173819771 8.8586209174245578 22.426989424973726 63.211512133479118 115.596395063214 79.730497008189559 9.816204369068144 22.444851718842983 8.4791117794811743 86.964298397302628 55.435720771551132 13.632041320204733 56.438396915793419 43.983767131343484 20.373565599322319 7.6091308910399666 31.8478570766747 94.32343309931457 7.8679604493081561 14.296964375302194 93.535568110644817
leaf_count=170 4889 71 19494 4784 2526 851 562 13 2271 222 970 448 366 1141 376 53 132 70 768 619 79 266 361 147 60 232 646 39 208 591
internal_value=-6.72356e-05 0.000185513 0.00027472 -0.00359417 0.000947303 -0.0366322 -0.0301296 -0.00519998 -0.0159084 0.00883765 0.000330896 0.000414527 0.0042505 -0.000294971 -0.00696234 -0.0165759 0.00134003 0.00536321 -0.000496997 0.00742505 -0.00988832 0.00344429 0.00936381 0.0263088 0.00715915 0.0128536 -0.00305484 0.0518207 0.0190122 0.0243562
internal_weight=4820.44 4780.18 4768.86 705.093 4063.77 11.3196 40.2563 12.3983 88.0151 13.6676 3615.55 3606.69 563.988 3042.71 284.026 147.857 32.2611 541.561 219.244 118.647 100.596 136.169 322.317 36.7206 285.597 183.664 101.933 16.3471 139.68 107.833
internal_count=43425 37961 37039 7447 29592 922 5464 575 2663 392 27066 26096 4634 21462 1968 1326 185 4186 1832 985 847 642 2354 256 2098 1392 706 109 1031 799
is_linear=0
shrinkage=0.05


Tree=78
num_leaves=31
num_cat=0
split_feature=8 5 13 6 6 4 6 13 3 3 5 13 7 4 8 3 3 6 7 4 5 1 13 3 5 1 6 1 4 13
split_gain=13.7255 5.79764 4.55265 6.79335 4.72682 5.06018 4.78644 6.98242 4.36701 5.49872 5.21541 4.1925 4.14546 4.18802 3.936 7.1836 5.79177 6.97548 6.43635 6.45758 5.40154 5.45253 6.02802 5.35906 4.40539 4.16479 3.95428 6.76727 3.84454 3.62411
threshold=0.65519553422927868 0.62470659613609325 0.38322934508323675 0.37749999761581426 0.025218237191438678 0.26431480050086981 0.34405763447284704 0.35787384212017065 0.17239066958427432 0.062343280762434013 0.018314886838197712 0.38379850983619695 0.00026548672030912718 0.65896359086036693 0.3329847007989884 0.041575692594051368 0.031958725303411491 0.01734862290322781 0.0047787611838430175 0.39794188737869268 0.053342817351222045 0.56949809193611156 0.36313256621360784 0.13336677104234698 0.36090452969074255 0.83503401279449474 0.0084389690309762972 0.61167800426483165 0.063352478668093695 0.37936386466026312
decision_type=2 2 2 2 2 2 2 2 2 2 2 2 2 2 2 2 2 2 2 2 2 2 2 2 2 2 2 2 2 2
left_child=1 2 3 4 14 28 -7 8 9 10 -8 -4 -2 -14 20 16 18 -18 19 -16 -1 -22 24 -17 -23 -26 -25 -28 -6 -30
right_child=12 -3 11 -5 5 6 7 -9 -10 -11 -12 -13 13 -15 15 23 17 -19 -20 -21 21 22 -24 26 25 -27 27 -29 29 -31
leaf_value=0.0045119689119355608 -0.040592714066973186 -0.038956162641098073 0.023140708492596848 -0.025977490135514911 -0.038628441458319923 0.00067884888641951387 0.01510288523313472 -0.031503337023844911 0.079320408660460681 -0.028513459644134362 0.088474739629619006 0.0017174224332663164 -0.019902805472585394 0.052027127566766564 0.12640719707682638 -0.04932600083234729 0.080876333264116945 -0.012991498428055456 -0.015525328614877407 -0.013510700676614244 -0.026344363273811362 -0.042807599076192353 0.027244333367591758 -0.037833902136878879 -0.021303709345577022 0.02177952993768768 0.047367645702667695 -0.027701283683511681 -0.0032427312241174685 -0.0236480782943191
leaf_weight=107.13104475289583 26.75152002973482 9.3449744465760869 23.027376551181078 27.187612212263048 8.3240781091153604 1850.9140174919739 7.542632291093474 4.5631019920110694 4.510107345879077 3.7634274978190652 3.6710905991494656 2142.1057439469732 9.8441405585035664 2.425766944885253 1.5668142344802611 20.312246615067124 4.0833455733954898 3.5621242802590132 39.896107527427375 1.4841821519657967 38.070278628729284 8.6417966708540934 13.457274623215197 8.9058621404692548 11.736798439174892 10.54682609438896 5.3468393813818675 6.5398305766284466 386.57921166345477 23.081237934529781
leaf_count=1035 4889 1065 158 817 299 13864 110 89 55 62 54 13866 562 13 30 270 63 55 571 80 863 98 88 212 96 53 105 47 3701 155
internal_value=-6.51267e-05 0.000175439 0.000254023 -0.00115449 -0.000889379 -0.00013661 0.00097023 0.0230922 0.036227 0.0224785 0.0401346 0.00194864 -0.0295614 -0.00497238 -0.0070058 -0.0155169 -0.00277953 0.0368935 -0.0100276 0.0584875 -0.0028568 -0.0124855 -0.000452789 -0.0310282 -0.0127154 -0.000682858 -0.0127632 0.00576241 -0.0051126 -0.00441011
internal_weight=4814.92 4775.9 4766.55 2601.42 2574.23 2292.95 1874.96 24.0504 19.4873 14.9772 11.2137 2165.13 39.0214 12.2699 281.281 91.6974 50.5926 7.64547 42.9471 3.051 189.584 82.453 44.3827 41.1048 30.9254 22.2836 20.7925 11.8867 417.985 409.66
internal_count=43425 37961 36896 22872 22055 18389 14234 370 281 226 164 14024 5464 575 3666 1433 799 118 681 110 2233 1198 335 634 247 149 364 152 4155 3856
is_linear=0
shrinkage=0.05


Tree=79
num_leaves=31
num_cat=0
split_feature=3 1 8 7 13 7 13 7 4 1 3 13 7 7 5 6 13 4 13 13 5 8 3 7 3 13 5 3 1 5
split_gain=13.3455 7.60522 6.36814 4.57697 7.89074 5.48475 4.98866 4.49313 4.25331 4.19719 8.81428 5.49101 5.20946 7.37561 5.21606 7.07716 5.33457 5.895 5.05389 8.35607 4.39188 8.16475 7.43279 6.18566 4.22251 4.18542 5.22277 5.69329 4.16576 4.27973
threshold=0.52314388751983654 0.030612244270741943 0.48666666448116308 0.041327433660626418 0.29338417947292333 0.03823008947074414 0.37189120054245001 0.00026548672030912718 0.49967658519744879 0.4708049893379212 1.0000000180025095e-35 0.42705740034580236 0.027699114754796032 0.022035398520529274 0.34259587526321417 0.25826159119606024 0.34267462790012365 0.38201847672462469 0.42705740034580236 0.41428090631961828 0.4465929120779038 0.32670532166957861 0.038235237821936614 0.024867256172001365 0.1235790252685547 0.41684392094612127 0.00026548672030912718 0.14008718729019168 0.55051019787788402 0.29736468195915228
decision_type=2 2 2 2 2 2 2 2 2 2 2 2 2 2 2 2 2 2 2 2 2 2 2 2 2 2 2 2 2 2
left_child=2 7 3 4 28 9 -7 -2 -4 11 -11 20 13 18 16 -16 -14 -18 19 -12 -6 22 23 -22 -15 -5 27 -27 -1 -30
right_child=1 -3 8 25 5 6 -8 -9 -10 10 12 -13 14 24 15 -17 17 -19 -20 -21 21 -23 -24 -25 -26 26 -28 -29 29 -31
leaf_value=-0.029325285868029533 0 -0.050551340083216351 -0.035568447162815847 0.00068648665828898966 -0.0054302443553768884 -0.037146056499290266 -0.0068386640993526168 0.1448114225718406 0.0028962205545839648 0.062880277673620116 0.0026164707458196574 0.0014258782903800882 -0.028368231272478551 0.018993876701066982 -0.014887324040677578 0.045484802963989691 -0.021663266465252084 0.015206037039336257 -0.04596128793039983 0.069349284662620553 0.11350323177172822 -0.049170338045393253 -0.016537753245156727 0.011371223627429388 0.060394665914082414 -0.018795624582022046 0.0081183245571893967 0.021833765238235298 0.030829983797286166 -0.03604354271005273
leaf_weight=38.0548977823928 1.9927549101412325 18.818125644233078 20.609298750758175 2624.2307096198201 658.50562126003206 18.439388390630484 53.293694291263819 0.62601742148399342 10.633510362822561 6.494838783517479 76.984800087288022 715.181511615403 27.418949907645583 19.083113819360737 8.6599731277674454 10.584204344078897 18.632662642747164 25.625770002603531 4.697484888136386 4.9132249578833571 4.0742114717140776 2.7695860099047414 3.0480273989960551 2.5169646143913269 9.5372731834650022 37.073833823204041 368.16042302548885 11.03896941244602 6.5045261587947589 3.617971152998507
leaf_count=1310 223 2443 2971 13942 10926 199 377 4 915 71 1226 4819 316 155 117 92 203 153 40 39 128 158 139 22 70 182 1866 51 166 102
internal_value=-6.35782e-05 -0.0393352 0.000111935 0.00026091 -0.00180015 -0.00122096 -0.0147398 0.0383185 -0.02235 -0.000610378 0.00592393 -0.00161673 0.00407552 0.0111455 -0.00483107 0.0181221 -0.0110799 -0.000216952 0.00379322 0.00676057 -0.00486726 0.0244136 0.0463573 0.0760023 0.0331264 0.00142759 0.00608627 -0.00934399 -0.0217347 0.00632023
internal_weight=4811.82 21.4369 4790.39 4759.14 1718.64 1670.46 71.7331 2.61877 31.2428 1598.73 212.632 1386.1 206.137 115.216 90.9216 19.2442 71.6774 44.2584 86.5955 81.898 670.914 12.4088 9.6392 6.59118 28.6204 3040.5 416.273 48.1128 48.1774 10.1225
internal_count=43425 2670 40755 36869 20828 19250 576 227 3886 18674 2482 16192 2411 1530 881 209 672 356 1305 1265 11373 447 289 150 225 16041 2099 233 1578 268
is_linear=0
shrinkage=0.05


Tree=80
num_leaves=31
num_cat=0
split_feature=3 1 8 7 13 7 13 4 1 5 8 13 6 3 3 1 3 5 4 5 7 7 13 10 5 4 13 13 6 6
split_gain=12.5184 7.23966 5.88123 4.14318 7.30146 5.01707 4.72318 4.06036 3.91696 3.86982 6.72215 3.8621 5.22797 4.46117 4.77545 3.77783 7.54342 5.13517 6.35924 6.92571 4.68208 6.49847 4.78612 5.94273 5.21913 4.81182 4.69239 7.16392 4.63101 5.16486
threshold=0.52314388751983654 0.030612244270741943 0.48666666448116308 0.041327433660626418 0.29338417947292333 0.03823008947074414 0.37189120054245001 0.49967658519744879 0.55051019787788402 0.29736468195915228 0.3316666334867478 0.44227695465087896 0.029536390677094463 0.053613347932696349 0.016549295745790008 0.4708049893379212 1.0000000180025095e-35 0.2225274741649628 0.14093999564647677 0.29736468195915228 0.027699114754796032 0.022035398520529274 0.3370067179203034 0.38616369664669042 0.37005913257598883 0.38791178166866308 0.42705740034580236 0.41428090631961828 0.37749999761581426 0.34405763447284704
decision_type=2 2 2 2 2 2 2 2 2 2 2 2 2 2 2 2 2 2 2 2 2 2 2 2 2 2 2 2 2 2
left_child=2 -2 3 4 8 15 -7 -4 -1 10 -10 -5 -13 14 -14 17 -17 -6 -19 -20 21 26 24 -24 -22 -25 27 -18 29 -21
right_child=1 -3 7 11 5 6 -8 -9 9 -11 -12 12 13 -15 -16 16 20 18 19 28 22 -23 23 25 -26 -27 -28 -29 -30 -31
leaf_value=-0.02865112299168994 0.035894498216571501 -0.050327810882308956 -0.035022020104436162 0.00095187918919566227 -0.00038595521491012626 -0.036348670108568043 -0.0065254906275125958 0.0027454388507223075 0.097397407951426568 -0.035438669301588843 -0.0063275729927578135 -0.015892890024376473 0.018116845146713717 0.023444710369816116 -0.0072727092757347254 0.057104562006129893 0.0024803492892540514 -0.026519410972602277 -0.034031258903032262 0.00016178578280478118 -0.028245468726434228 0.030943521582856345 0.035333505366892365 -0.0221636761754729 0.028670951890637997 0.010177235604233125 -0.045176849292399783 0.062996078719894891 -0.03848663123243104 0.047130466239723445
leaf_weight=37.031466406770051 2.6708408780396011 17.978309256955981 19.903882668819282 2892.6769993193448 1211.4761419286951 17.917277168482542 53.06948870792985 10.661394258029757 2.2334484215825778 3.5004471326246858 4.4550335202366114 17.903718158602715 34.740878537297249 55.812529176473618 39.124603733420372 6.7960197664797297 77.150360835716128 42.044526202604175 16.737501624971628 100.30996503587812 27.798775577917695 29.112677853554487 11.868570405989884 20.583315659314394 4.5398169104009858 25.61349818110466 4.5457064285874358 5.142096869647502 7.0942976525984696 6.1307696253061286
leaf_count=1310 227 2443 2971 15257 12432 199 377 915 54 102 112 93 181 305 205 71 1226 1203 272 1986 346 225 91 238 55 151 40 39 195 104
internal_value=-6.16662e-05 -0.0388153 0.0001053 0.000247082 -0.0017165 -0.00116378 -0.0141638 -0.0217194 -0.0210904 0.00591456 0.0284967 0.0013565 0.00924732 0.0127663 0.00460942 -0.000581929 0.00560785 -0.00153931 -0.00961407 -0.00410348 0.00386081 0.0105204 -0.00462765 0.00388832 -0.0200374 -0.00414123 0.00358831 0.00639427 0.000290577 0.00295571
internal_weight=4806.62 20.6492 4785.98 4755.41 1715.15 1667.93 70.9868 30.5653 47.2204 10.1889 6.68848 3040.26 147.582 129.678 73.8655 1596.94 213.151 1383.79 172.317 130.273 206.355 115.951 90.404 58.0654 32.3386 46.1968 86.8382 82.2925 113.535 106.441
internal_count=43425 2670 40755 36869 20828 19250 576 3886 1578 268 166 16041 784 691 386 18674 2482 16192 3760 2557 2411 1530 881 480 401 389 1305 1265 2285 2090
is_linear=0
shrinkage=0.05


Tree=81
num_leaves=31
num_cat=0
split_feature=3 1 8 4 1 13 5 8 5 5 6 7 13 13 4 1 13 1 3 13 13 4 13 6 5 5 6 5 4 10
split_gain=11.7283 6.88338 5.42805 3.87248 3.81849 4.91829 4.58805 10.1803 7.32327 6.78814 6.07108 6.66288 5.99112 5.20297 8.7076 4.95838 5.4776 4.87517 4.31881 5.32466 4.0897 6.28387 11.1344 6.08013 6.13157 14.7638 5.77203 4.45259 5.08765 4.20912
threshold=0.52314388751983654 0.030612244270741943 0.48666666448116308 0.49967658519744879 0.79795917868614208 0.27608403563499456 0.018833460286259655 0.32670532166957861 0.49264955520629888 0.01771555840969086 0.22771719843149188 0.047610620036721236 0.46703812479972845 0.33828316628932958 0.42456744611263281 0.55291152000427257 0.35261368751525884 0.79057019948959362 0.06953234970569612 0.31297858059406286 0.37004087865352636 0.51974025368690502 0.37811754643917089 0.30962505936622625 0.33513319492340093 0.3529226034879685 0.51190477609634411 0.2225274741649628 0.40711779892444616 0.46193891763687139
decision_type=2 2 2 2 2 2 2 2 2 2 2 2 2 2 2 2 2 2 2 2 2 2 2 2 2 2 2 2 2 2
left_child=2 -2 4 -4 5 -1 9 8 12 -7 11 13 17 18 -15 16 -13 20 19 -10 -8 23 -23 24 27 -26 -25 28 29 -22
right_child=1 -3 3 -5 -6 6 7 -9 10 -11 -12 15 -14 14 -16 -17 -18 -19 -20 -21 21 22 -24 26 25 -27 -28 -29 -30 -31
leaf_value=-0.017220411384006356 0.033136962496359605 -0.050097815429895443 -0.034466121151757324 0.0026028642629792854 0.0021098164062249096 0.00057656157990468261 -0.0091943304407170797 -0.03784878779571732 0.065646715845981071 0.052358489001743169 0.021735326571362814 -0.02499440150713993 0.041016427753368612 0.097460104277408921 -0.0069951760524226934 -0.0088005165226192564 0.019822903315161837 -0.028627249272963746 -0.012364996964722329 0 -0.017765765559203707 0.077550546970960588 0.0052434413322005888 0.030834616464622096 0.06853731627458591 -0.0039683784912900562 -0.030735494887612538 -0.027491699029468047 -0.025772934958392238 0.044651941779177459
leaf_weight=45.041766189038754 2.7545099025592235 17.178498903289437 19.232429341413084 10.687889800872652 1727.7141896001995 2037.0878947656602 305.48730109166354 20.989998061675578 5.6142663359642082 6.251508589833974 43.838941438123584 8.285636827349661 6.7909917011857024 4.9144126363098604 3.1518856245093048 111.67129391431808 34.996570855379105 22.531559359282255 11.251045985147355 6.8433331558480859 3.9779931046068686 6.4379194416105738 29.820644687861204 21.038560034707192 7.1566100865602484 213.3028042409569 4.4803405441343775 46.323391556739807 10.094188179820774 7.5153194181621075
leaf_count=960 227 2443 2971 915 8453 17106 4787 754 77 52 315 55 39 34 164 590 162 130 128 68 25 68 215 224 34 1545 74 509 157 144
internal_value=-6.00138e-05 -0.0382382 9.88588e-05 -0.0210935 0.00023377 -0.000836144 -0.000586241 -0.00348499 -0.00268763 0.000739988 0.00500736 0.00104378 -0.00528553 0.0218834 0.0564463 -0.00320872 0.0110903 -0.00576254 0.00972646 0.030016 -0.0049649 -0.00125908 0.0183975 -0.00355075 -0.00563634 -0.001562 0.0197518 -0.0187676 0 0.0226501
internal_weight=4802.46 19.933 4782.53 29.9203 4752.61 3024.9 2979.85 936.515 915.525 2043.34 230.567 186.728 684.958 31.7749 8.0663 154.954 43.2822 678.167 23.7086 12.4576 655.635 350.148 36.2586 313.889 288.37 220.459 25.5189 67.9109 21.5875 11.4933
internal_count=43425 2670 40755 3886 36869 28416 27456 10298 9544 17158 1593 1278 7951 471 198 807 217 7912 273 145 7782 2995 283 2712 2414 1579 298 835 326 169
is_linear=0
shrinkage=0.05


Tree=82
num_leaves=31
num_cat=0
split_feature=3 1 8 4 13 7 6 13 6 13 3 4 7 1 7 7 3 13 1 6 6 6 13 5 6 7 7 3 6 6
split_gain=10.983 6.55556 5.00674 3.68972 3.68946 4.46994 4.24 8.50547 7.73131 6.81902 5.02275 4.64256 7.36861 13.5728 6.5405 5.29823 9.04758 8.50107 7.9124 4.65144 16.0751 5.96783 5.57531 6.03468 5.16825 4.60588 4.57525 4.53747 4.77045 6.79638
threshold=0.52314388751983654 0.030612244270741943 0.48666666448116308 0.49967658519744879 0.32276146113872534 0.022035398520529274 0.0245190653949976 0.40223655104637152 0.020442989654839042 0.46538750827312475 0.029054382815957073 0.47039544582366949 0.0042477876413613566 0.030612244270741943 0.016371681354939941 0.018318584188818935 0.019583873450756076 0.37370155751705175 0.55051019787788402 0.16871757060289386 0.17650170624256137 0.062659781426191344 0.32585169374942785 0.56470659375190746 0.22962705045938495 0.23654867708683017 0.0047787611838430175 0.44617819786071783 0.038596967235207565 0.033838119357824333
decision_type=2 2 2 2 2 2 2 2 2 2 2 2 2 2 2 2 2 2 2 2 2 2 2 2 2 2 2 2 2 2
left_child=2 -2 4 -4 5 -1 7 8 -6 11 -11 12 13 -8 -14 16 17 -16 -18 21 -21 27 24 -24 -22 -10 -13 28 29 -17
right_child=1 -3 3 -5 6 -7 9 -9 25 10 -12 26 14 -15 15 19 18 -19 -20 20 22 -23 23 -25 -26 -27 -28 -29 -30 -31
leaf_value=-0.01406698097964075 0.030662905743915576 -0.049861208162154197 -0.033901094215473153 0.0024680162973668932 -0.0053380598901147146 -0.0016598286408904814 0.095706699392959352 0.00070910054200903926 -0.020836265036065244 0 0.03492045446039313 -0.019450390420940142 -0.0098194983694839411 -0.014580692511342922 0.025740211717637618 0.00036247806613946137 -0.023593934026366427 0.12986044548191908 0.060006816721898087 -0.023332916318689223 0.058780522270764329 0.010482978040196794 -0.00097733220634677433 0.02758313421937586 0.0068395237473062214 -0.066328355211635631 0.0061313154959509756 0.022857487248351165 -0.0029821396414503906 0.016055440540652065
leaf_weight=82.477930635213852 2.8338554492220309 16.416764097288251 18.59332637349144 10.713066492229698 234.36051086522639 614.95938871987164 5.5251797102391702 858.11210324848071 45.47471709549427 16.46716874698177 26.636435084044933 17.824601522646844 149.92822421714664 5.3564543146640062 5.5958850774914044 237.24707671254873 10.004508895799516 3.1202333644032478 3.8313520699739447 78.605240941047668 7.4432483203709152 217.67702922597528 939.59183161519468 18.761497139930725 13.932502007111905 6.4498786628246298 594.8782492633909 23.228478334844112 435.03228550218046 97.58733064122498
leaf_count=2559 227 2443 2971 915 2896 4779 94 5995 483 149 156 449 3215 137 108 1303 170 33 58 402 49 1269 5125 85 86 27 4300 112 2296 534
internal_value=-5.82389e-05 -0.0376518 9.29196e-05 -0.020473 0.000221285 -0.00313605 0.000800357 -0.0017755 -0.00923796 0.00181569 0.0215407 0.00151646 0.000464236 0.0413243 0.000261819 0.000987264 0.025044 0.064631 0 0.000721446 -0.00159215 0.00314877 0.00014925 -0.000410173 0.0253482 -0.0266999 0.00537589 0.00112841 0.000463424 0.00495454
internal_weight=4798.67 19.2506 4779.42 29.3064 4750.11 697.437 4052.67 1144.4 286.285 2908.27 43.1036 2865.17 2252.47 10.8816 2241.59 2091.66 22.552 8.71612 13.8359 2069.11 1058.33 1010.77 979.729 958.353 21.3758 51.9246 612.703 793.095 769.867 334.834
internal_count=43425 2670 40755 3886 36869 7338 29531 9401 3406 20130 305 19825 15076 231 14845 11630 369 141 228 11261 5747 5514 5345 5210 135 510 4749 4245 4133 1837
is_linear=0
shrinkage=0.05


Tree=83
num_leaves=31
num_cat=0
split_feature=3 1 8 7 4 13 7 4 6 3 6 13 4 7 7 13 13 7 4 4 13 4 7 5 6 13 13 3 1 13
split_gain=10.2802 6.25226 4.61537 3.65559 3.63206 3.66312 6.07743 6.59028 6.00015 5.66063 9.82508 5.15589 4.49018 7.07497 5.78796 6.77005 10.0448 5.6942 4.28827 8.96781 6.83533 5.13922 4.8255 8.50527 5.65542 4.98498 6.91997 4.46894 7.97187 3.96049
threshold=0.52314388751983654 0.030612244270741943 0.48666666448116308 0.00026548672030912718 0.84756097197532665 0.34831000864505773 0.0026548672467470173 0.109621848911047 0.37749999761581426 0.44617819786071783 0.14561489224433902 0.34769468009471899 0.47039544582366949 0.0080530971754342335 0.015309734269976618 0.36690221726894384 0.353803500533104 0.076194688677787795 0.39448615908622747 0.40257234871387487 0.4360822886228562 0.39154426753520971 0.17752212285995486 0.010544848162680866 0.06846578419208528 0.42977273464202886 0.4360822886228562 0.01202242122963071 0.93605443835258495 0.23036390542984012
decision_type=2 2 2 2 2 2 2 2 2 2 2 2 2 2 2 2 2 2 2 2 2 2 2 2 2 2 2 2 2 2
left_child=2 3 4 -2 5 6 -1 -8 11 12 -11 29 18 -14 15 16 -15 -16 21 20 -20 -7 25 27 -25 -21 -27 -24 -29 -9
right_child=1 -3 -4 -5 -6 9 7 8 -10 10 -12 -13 13 14 17 -17 -18 -19 19 22 -22 -23 23 24 -26 26 -28 28 -30 -31
leaf_value=0.03317316410265949 -0.0027823349986358797 -0.049617853723543298 -0.019858509777733045 0.11917886469708068 -0.032137274273294422 0.0010610498669181565 -0.028535321555962119 -0.025997840517190847 -0.037693008931143503 0.043401865343975818 -0.0061346489455663851 -0.027715773452127297 -0.018169259384651786 0.065106097038576075 -0.00071664670386488048 0.046790114541689437 -0.033907833353746537 0.010529637943697394 -0.020463826510008956 -0.0046381206316332057 0.021252706766233278 0.033386477361671468 0.050542642829079512 0.017515211369485275 -0.023084578913044017 0.043206615132067527 0.0012660347180980902 -0.011304257350811812 0.03586033372376262 -0.00075234103244388299
leaf_weight=12.156613506376742 2.1956724589690597 15.6912674754858 28.722027769312263 0.71344698220491398 8.5597198558971268 2101.4764567483217 23.227606110274792 15.635175480507312 11.404856668785213 20.953516377601773 18.747198529541492 18.294681273400784 30.116848474368453 3.6753003783524054 208.93069555982947 18.396130986511707 7.8490585777908564 241.89729706943035 99.724863905459642 409.49326916597784 10.693909369409083 12.280209392309187 12.018617287278174 13.480419546365736 22.859343871474266 12.9619631357491 40.926252096891403 15.816941723227499 20.09755577147007 1335.4678628230467
leaf_count=148 223 2443 3886 4 979 14073 739 132 411 107 89 149 518 71 1540 214 146 1341 564 2903 58 53 50 57 96 58 195 64 85 12029
internal_value=-5.62726e-05 -0.0370565 8.75567e-05 0.028433 0.000209707 0.00026987 -0.00185798 -0.00216719 -0.00171798 0.00117841 0.0199278 -0.00141198 0.000949532 0.00525676 0.00673817 0.0280374 -0.00161216 0.00530759 0.000153719 -0.00336858 -0.0163628 0.00125279 -0.000737033 0.0102489 -0.00787993 -0.00274755 0.0115081 0.0240848 0.0149762 -0.00105009
internal_weight=4794.46 18.6004 4775.86 2.90912 4747.14 4738.58 1416.19 1404.03 1380.8 3322.4 39.7007 1369.4 3282.7 510.865 480.748 29.9205 11.5244 450.828 2771.83 658.073 110.419 2113.76 547.654 84.2729 36.3398 463.381 53.8882 47.9331 35.9145 1351.1
internal_count=43425 2670 40755 227 36869 35890 13608 13460 12721 22282 196 12310 22086 3830 3312 431 217 2881 18256 4130 622 14126 3508 352 153 3156 253 199 149 12161
is_linear=0
shrinkage=0.05


Tree=84
num_leaves=31
num_cat=0
split_feature=3 1 8 4 4 13 7 13 7 13 1 1 3 1 3 6 7 13 6 7 5 6 5 7 13 4 5 13 5 8
split_gain=9.6335 5.96709 4.24896 3.58002 3.38908 3.44046 3.53342 6.1695 4.57761 4.42336 3.66479 3.78431 3.79065 3.5079 6.50048 4.46475 5.55006 6.55717 5.38323 3.92306 6.02683 7.66703 5.24011 4.31369 4.01918 5.03314 6.16995 3.66685 4.55619 6.41867
threshold=0.52314388751983654 0.030612244270741943 0.48666666448116308 0.49967658519744879 0.84756097197532665 0.55146872997283947 0.041327433660626418 0.29338417947292333 0.03823008947074414 0.37189120054245001 0.55051019787788402 0.59137290716171276 0.12221432104706766 0.4708049893379212 1.0000000180025095e-35 0.052697699517011649 0.031946902163326747 0.35138554871082311 0.043203210458159454 0.02008849568665028 0.37347440421581274 0.22326064109802249 0.41596639156341558 0.027699114754796032 0.34016638994216924 0.38047619163990026 0.0092785898596048372 0.42705740034580236 0.4465929120779038 0.32670532166957861
decision_type=2 2 2 2 2 2 2 2 2 2 2 2 2 2 2 2 2 2 2 2 2 2 2 2 2 2 2 2 2 2
left_child=2 -2 4 -4 5 6 7 10 13 -10 -1 12 -12 27 -15 18 19 -18 -16 20 21 24 23 -21 -17 -26 -27 28 -9 -30
right_child=1 -3 3 -5 -6 -7 -8 8 9 -11 11 -13 -14 14 15 16 17 -19 -20 22 -22 -23 -24 -25 25 26 -28 -29 29 -31
leaf_value=-0.027442147010137016 0.026767343036948922 -0.049367608025268073 -0.032982667712447691 0.0033749368142512535 -0.031536352827657099 0.0231431398422733 0.0011957053542396817 -0.0047715545930990307 -0.035508911034046332 -0.006296858815829429 0 -0.022410836073905205 0.088535039041654259 0.052230514999746097 -0.00047348388305754784 -0.018816345513022185 -0.025690871755484741 0.01157133498405794 -0.038880129700765563 0.054392155423995683 0.03759706566586412 -0.026842686438727059 -0.0063675473106923342 0.016838254386142011 0.066376798444114246 0.035597987788554109 -0.034648758776562531 0.001001494185845601 0.04361263131656188 -0.04838290460655971
leaf_weight=35.290493973530829 2.9443315779790309 15.000262703280894 17.637830370571468 10.545904958620666 8.295358185656367 16.266834400594234 3035.2804277297109 648.69270100258291 17.374179612845182 52.872872207313776 2.848934115841983 5.2536806091666222 2.0237860325723886 7.0673565808683625 52.078739320859313 6.0929836425930288 21.541447509080172 25.702752076089382 11.034837663173674 16.680936586111784 12.202952853403984 18.052436020225286 8.7599348798394185 15.194132519885899 5.6733830254524973 8.4377091117203218 4.7865874096751204 694.22294389037415 9.8397608222439867 2.2082253699190906
leaf_count=1308 227 2443 2971 915 979 144 16041 10685 199 377 75 145 48 71 715 139 254 186 139 120 168 277 72 113 83 87 58 4037 246 103
internal_value=-5.42463e-05 -0.0365193 8.25923e-05 -0.0192376 0.000198835 0.000256147 0.000175709 -0.00165982 -0.0011521 -0.0136331 -0.0198243 0.00624372 0.0379734 -0.000589021 0.00536426 0.00370949 0.00860911 -0.0053315 -0.00731852 0.0155287 0.00671403 -0.00199243 0.0273441 0.0367561 0.0157947 0.0272575 0.00972742 -0.00153024 -0.00419758 0.0260801
internal_weight=4789.9 17.9446 4771.96 28.1837 4743.78 4735.48 4719.21 1683.93 1638.52 70.2471 45.4169 10.1264 4.87272 1568.27 213.306 206.239 143.125 47.2442 63.1136 95.8811 55.2461 43.0431 40.635 31.8751 24.9907 18.8977 13.2243 1354.96 660.741 12.048
internal_count=43425 2670 40755 3886 36869 35890 35746 19705 18129 576 1576 268 123 17553 2482 2411 1557 440 854 1117 812 644 305 233 367 228 145 15071 11034 349
is_linear=0
shrinkage=0.05


Tree=85
num_leaves=31
num_cat=2
split_feature=3 1 5 13 7 12 3 3 4 6 13 13 6 6 6 3 6 12 7 4 8 13 7 6 13 10 3 6 6 3
split_gain=9.00883 5.70221 4.15936 3.69164 3.85292 4.6863 6.24222 4.0466 3.87553 3.83177 7.00483 6.08232 5.18865 11.3584 9.76346 5.01629 4.8531 5.12209 4.85178 4.57472 4.43294 6.73969 4.33318 6.55908 6.63778 7.68012 5.75961 5.10075 6.25719 8.01643
threshold=0.52314388751983654 0.030612244270741943 0.62470659613609325 0.27608403563499456 0.13831858336925509 0 0.047631235793232925 0.36074022948741918 0.4714068621397019 0.025218237191438678 0.39689598977565771 0.46538750827312475 0.11376707255840303 0.17650170624256137 0.096097234636545195 0.029054382815957073 0.01949757989495993 1 0.041327433660626418 0.33782868087291723 0.66358026862144481 0.49543505907058721 0.061769910156726844 0.034470714628696449 0.41010664403438574 0.49839413166046148 0.067245189100503935 0.062659781426191344 0.039775667712092407 1.0000000180025095e-35
decision_type=2 2 2 2 2 1 2 2 2 2 2 2 2 2 2 2 2 1 2 2 2 2 2 2 2 2 2 2 2 2
left_child=2 -2 3 4 7 6 -6 -1 -8 10 16 12 14 -14 22 -13 17 18 -5 -16 -12 -22 23 -11 -25 26 -26 28 29 -24
right_child=1 -3 -4 9 5 -7 8 -9 -10 11 20 15 13 -15 19 -17 -18 -19 -20 -21 21 -23 27 24 25 -27 -28 -29 -30 -31
leaf_value=-0.029703719810816032 0.02491278699745994 -0.049110326915159937 -0.036469289811985342 -0.01519122342959039 -0.011326524162661555 -0.023905288066399077 0.0027145121335397857 0.041950541147792397 0.036666576064624694 -0.018900190364677393 0.00066413612228473601 -0.0011371016388189517 -0.012645411619047043 0.00050556136195906024 0.080938153377268757 0.033563951646207589 -0.017496324372068453 0.0079256307488917623 0.0022013952808289938 0.02029802160959672 -0.045234986242725268 0.083305149288142588 0.018920019992585014 -0.0018801958993673682 0.0276576720792686 0.068792680241735849 -0.026941004705739152 0.011685579588925158 -0.0011119875147434458 0.0033380276302932008
leaf_weight=26.71389815397561 3.0109975775703814 14.342088543111457 7.6715807914733878 107.86325264070183 37.994930297136307 21.52337846159935 19.265983089804649 1.9847394870594133 15.330084249377249 50.290950391441584 882.99785299226642 16.798168376088142 181.86858408991247 1675.471860088408 5.4034337811172 26.160214829258621 99.222611018456519 62.645892972126603 63.020776592195034 8.0673106517642719 9.5819063363596779 1.0234551802277554 106.93766729906201 248.08052392210811 13.5154434517026 7.0102162249386302 7.3248964399099341 190.73030179738998 507.5726629793644 366.42168116942048
leaf_count=1012 227 2443 935 2296 193 102 87 40 71 745 5864 247 1501 13021 94 158 1101 771 380 106 1905 224 545 3809 104 62 51 943 2543 1845
internal_value=-5.29918e-05 -0.0359107 7.72001e-05 0.000137906 -0.00841307 -0.0034502 0.00257053 -0.0244462 0.0179657 0.000365588 -0.00202983 0.00122815 0.000987875 -0.000780086 0.00316378 0.0199074 -0.00822172 -0.0042539 -0.00875017 0.0454078 0.000270924 -0.0317011 0.00277753 -0.00230863 0.000702965 0.0238159 0.00819172 0.00419799 0.00273598 0.006872
internal_weight=4785.85 17.3531 4768.49 4760.82 122.813 94.1144 72.591 28.6986 34.5961 4638.01 1226.36 3411.65 3368.7 1857.34 1511.36 42.9584 332.753 233.53 170.884 13.4707 893.603 10.6054 1497.88 326.222 275.931 27.8506 20.8403 1171.66 980.932 473.359
internal_count=43425 2670 40755 39820 1505 453 351 1052 158 38315 12541 25774 25369 14522 10847 405 4548 3447 2676 200 7993 2129 10647 4771 4026 217 155 5876 4933 2390
cat_boundaries=0 1 2
cat_threshold=2 2
is_linear=0
shrinkage=0.05


Tree=86
num_leaves=31
num_cat=1
split_feature=3 1 5 13 7 13 5 13 4 4 5 13 6 8 6 3 13 8 4 1 5 6 1 5 4 6 13 13 12 13
split_gain=8.42059 5.4539 3.8994 3.358 3.88428 6.2853 4.67175 5.85374 3.93603 11.5717 6.8381 5.90214 5.16925 5.13569 7.61033 4.64214 4.37755 4.32865 4.07693 4.00864 4.77415 5.15537 4.25059 4.63202 4.40095 4.14153 3.81623 5.66612 3.59124 3.53994
threshold=0.52314388751983654 0.030612244270741943 0.62470659613609325 0.53683188557624828 0.041327433660626418 0.29338417947292333 0.4465929120779038 0.36502410471439367 0.52086955308914196 0.54395446181297313 0.021030518226325515 0.46384087204933172 0.0070378463715314874 0.31782911717891699 0.040524579584598548 0.13257486373186114 0.42021965980529791 0.66358026862144481 0.52402746677398693 0.40678434073925024 0.37005913257598883 0.29915967583656317 0.56949809193611156 0.40555556118488317 0.12803146243095401 0.12324766442179681 0.37751218676567083 0.41010664403438574 0 0.42892175912857061
decision_type=2 2 2 2 2 2 2 2 2 2 2 2 2 2 2 2 2 2 2 2 2 2 2 2 2 2 2 2 1 2
left_child=2 -2 3 4 5 -1 8 -8 10 15 17 13 -11 14 29 18 -15 28 -10 -16 21 26 23 25 -25 -22 -21 -28 -7 -12
right_child=1 -3 -4 -5 -6 6 7 -9 9 12 11 -13 -14 16 19 -17 -18 -19 -20 20 22 -23 -24 24 -26 -27 27 -29 -30 -31
leaf_value=-0.019889457575810957 0.023222235933449912 -0.048845868834623357 -0.035941134829457648 0.014517402765115959 0.0010761537272028097 -0.0023758578405852198 0.0023071086348968573 0.058509843927516493 -0.019524539455127648 -0.027143792323571992 -0.026825823542691571 0.062085680610695596 0.0017014366166228975 -0.035241383659479146 -0.0095658061080373131 0.05161059519140633 0.039369699283660575 -0.031810095513360698 0.02598557511442955 -0.031133112788807857 0.0029647504974510837 0.027749672510227072 0.069211160409279229 0.029172230538349747 -0.036965853142093615 0.06617957034880749 0.026365140481946617 -0.030147521774570935 0.0040758376796342262 0.030443048635872938
leaf_weight=47.230980535037816 3.0742727923207012 13.71516503067687 7.4034106018953016 40.116246990859509 3034.6913668271154 849.79746132995933 13.475841742008926 7.130934201180934 6.1018028166145113 17.113161812070757 53.961403662338853 2.6734154149889937 157.51212023152038 28.750896071083847 89.592898102477193 13.993291091173885 1.9661036059260357 11.229339456185697 22.277511236257851 15.461792552843688 5.0686906427145058 9.9775465819984657 4.2351585738360873 4.1012884490191919 6.0423997472971678 5.6235670186579227 10.472216390073301 7.5179237872362128 288.63514401763678 2.678559958934783
leaf_count=1827 227 2443 935 318 16039 8041 210 46 141 1212 1173 18 2027 855 1807 184 19 2371 258 287 70 144 49 68 98 73 98 48 2317 22
internal_value=-5.12523e-05 -0.0352942 7.26192e-05 0.000130468 6.75608e-06 -0.00191893 -0.00139569 0.0221861 -0.00170108 0.00455419 -0.00267601 -0.0102044 -0.00111068 -0.0110371 -0.00826105 0.0279655 -0.0301912 -0.00104612 0.0159907 -0.00258605 0.00647062 -0.00346345 0.023823 0.0140719 -0.00971311 0.0369809 -0.0129772 0.00243649 -0.000735506 -0.0239805
internal_weight=4781.62 16.7894 4764.83 4757.43 4717.31 1682.62 1635.39 20.6068 1614.78 216.998 1397.79 248.124 174.625 245.45 214.733 42.3726 30.717 1149.66 28.3793 158.093 68.5006 43.4295 25.0711 20.8359 10.1437 10.6923 33.4519 17.9901 1138.43 56.64
internal_count=43425 2670 40755 39820 39502 23463 21636 256 21380 3822 17558 4829 3239 4811 3937 583 874 12729 399 2742 935 577 358 309 166 143 433 146 10358 1195
cat_boundaries=0 1
cat_threshold=2
is_linear=0
shrinkage=0.05


Tree=87
num_leaves=31
num_cat=1
split_feature=3 1 5 13 1 13 12 13 4 6 3 3 4 6 6 5 13 6 8 3 4 6 5 13 7 8 4 4 5 3
split_gain=7.86659 5.22027 3.65398 3.27548 3.26003 4.5627 4.1564 13.5477 4.2459 6.18671 5.08213 5.24775 4.83436 7.20859 6.31427 5.50282 6.39077 5.17971 6.20754 4.52952 4.6241 4.23409 4.20641 8.94141 4.06966 4.67909 3.96243 4.30127 4.64941 3.81968
threshold=0.52314388751983654 0.030612244270741943 0.62470659613609325 0.23036390542984012 0.79795917868614208 0.25709512829780584 0 0.44010125100612646 0.45891098678112036 0.025062814354896549 0.010222206357866527 0.045959666371345527 0.39448615908622747 0.060868855565786369 0.077046748250722899 0.4275322705507279 0.41513416171073919 0.22477751225233081 0.32874052226543432 0.037074185907840736 0.47039544582366949 0.2370678707957268 0.37248815596103674 0.35612712800502783 0.15265487134456637 0.33114309608936315 0.22323627769947055 0.42502371966838842 0.37248815596103674 0.056554187089204795
decision_type=2 2 2 2 2 2 1 2 2 2 2 2 2 2 2 2 2 2 2 2 2 2 2 2 2 2 2 2 2 2
left_child=2 -2 3 -1 5 -5 8 26 9 24 -10 19 -11 -14 -15 16 17 18 -16 20 -12 -19 -13 -24 25 -6 29 28 -28 -8
right_child=1 -3 -4 4 6 -7 7 -9 10 12 11 22 13 14 15 -17 -18 21 -20 -21 -22 -23 23 -25 -26 -27 27 -29 -30 -31
leaf_value=-0.022503352235772336 0.021676561835562408 -0.048574081053483951 -0.035403499682651683 -0.029630535682444826 -0.017737162498063421 -0.00065275904961309612 0.0044175074002135951 0.038239576604848037 0.026907684060838068 0.0049630563504014218 0.023154828970826574 0.014894289575365767 -0.014310503145729481 0.03247390463789078 0.040782696471435113 -0.017466527713667458 0.040215732204169602 -0.03397279995790705 0.0015266774111584644 -0.018768312433097522 -0.0028111856052712185 -0.0015984841823210015 -0.028113127680339373 0.011712860235972159 -0.024127046649930366 0.02596997892108387 0.0080949921668496613 -0.0087281135159071894 -0.011685789791882074 -0.024450594738377598
leaf_weight=15.837121799588202 3.1343399044126299 13.117990784347056 7.1480820984579614 13.555179612245409 13.383661143481733 3011.8689057454467 15.218216858804224 19.112019494175911 31.606994643807411 616.5820863507688 22.164673462510109 160.36023898422718 93.100460853427649 16.266523815691471 14.424785666167734 35.449766367673874 11.494252026081083 12.749682888388632 33.806475751101971 31.025891125202179 73.616966560482979 49.034505240619183 19.834935992956161 47.99334841966629 37.518563263118267 11.083895102143286 119.20451550930738 145.81081172078848 39.316835626959801 42.841444455087185
leaf_count=170 227 2443 935 371 74 30882 72 108 163 3056 97 818 422 78 64 167 51 58 153 154 375 217 93 258 179 56 571 714 185 214
internal_value=-4.96814e-05 -0.0346704 6.81667e-05 0.000123294 0.000200447 -0.000785219 0.00194415 -0.00264932 0.00326413 0.00145124 0.00768058 0.00594752 0.00252857 -0.00308857 0.0029186 -0.000131262 0.00489529 0.00112649 0.0134307 -0.00217385 0.0031633 -0.00840409 0.0104816 0 -0.0137928 0.00188393 -0.00482949 -0.00252396 0.00315312 -0.0168033
internal_weight=4777.66 16.2523 4761.41 4754.26 4738.43 3025.42 1713 381.504 1331.5 944.895 386.603 354.996 882.909 266.326 173.226 156.959 121.51 110.015 48.2313 126.808 95.7816 61.7842 228.189 67.8283 61.9861 24.4676 362.392 304.332 158.521 58.0597
internal_count=43425 2670 40755 39820 39650 31253 8397 1864 6533 4575 1958 1795 4266 1210 788 710 543 492 217 626 472 275 1169 351 309 130 1756 1470 756 286
cat_boundaries=0 1
cat_threshold=2
is_linear=0
shrinkage=0.05


Tree=88
num_leaves=31
num_cat=0
split_feature=3 1 5 13 7 7 1 4 6 3 3 1 7 3 1 3 5 6 6 6 13 5 6 13 13 5 8 5 5 6
split_gain=7.34534 4.99969 3.42249 3.24864 4.35955 4.24821 5.98251 4.14308 7.59407 4.25793 9.96268 6.99051 5.79938 4.97165 4.7577 7.67441 5.34546 9.25592 9.98145 8.8689 6.82074 6.4475 5.12459 4.59028 4.11489 6.51365 4.11086 5.54593 4.51031 4.03036
threshold=0.52314388751983654 0.030612244270741943 0.62470659613609325 0.32276146113872534 0.022035398520529274 0.0042477876413613566 0.030612244270741943 0.47039544582366949 1.0000000180025095e-35 0.029707981273531917 0.010973221156746151 0.40678434073925024 0.0047787611838430175 0.037214621901512153 0.44862772524356848 0.052805855870246894 0.019206888973712925 0.054018178954720504 0.15922193974256518 0.18237251043319705 0.41850940883159643 0.006499193375930191 0.34405763447284704 0.33956466615200048 0.40626202523708349 0.0071068138349801311 0.32658188045024877 0.40555556118488317 0.0032247933559119706 0.21083837747573855
decision_type=2 2 2 2 2 2 2 2 2 2 2 2 2 2 2 2 2 2 2 2 2 2 2 2 2 2 2 2 2 2
left_child=2 -2 3 4 5 6 -1 -5 -9 10 11 24 -11 26 15 -15 19 -18 -19 -16 -20 23 -17 -21 25 -10 27 -14 -28 -6
right_child=1 -3 -4 7 29 -7 -8 8 9 12 -12 -13 13 14 16 22 17 18 20 21 -22 -23 -24 -25 -26 -27 28 -29 -30 -31
leaf_value=0.036582188845078537 0.020259482714353988 -0.04829481400135463 -0.03485665751035235 -6.9651538459558274e-05 0.0013229443710729069 -0.0188488213387169 -0.030386333843554166 -0.023416971044272889 0.0072867755322725356 -0.02649439483492291 -0.015503625451370859 0.025477949675981798 0.068437739761045738 -0.0099690180683562942 -0.00041621305250852169 0.047161702242052433 0.013655039374918285 -0.061593429391628568 -0.014892941377536521 -0.016286253169212436 0.025986057863691198 0.044036210124564698 -0.0095944470626643918 0.018758023314456553 0.017303018025656001 -0.016298502961758572 0.02584204444262472 0.015987821931259492 -0.018078338644684482 -0.0072220541273726978
leaf_weight=8.7184055410325509 3.1913704616017631 12.549137756694106 6.9049886353313914 3351.948800528422 406.14752335473895 69.378593438304961 5.2055470841005436 23.959354729857296 67.432701853103936 11.489977043587713 73.196753267198801 37.622686378657818 9.8540982995182294 11.758496927097438 95.346528707072139 23.534313131123785 50.330952623859048 9.5452770330011827 52.406875718384981 10.694778252393006 12.505817070603369 23.174743968993425 4.5767622655257574 64.436815829947591 31.907728724181652 51.415839709341526 17.20827369205654 11.009303465485571 8.6104235686361772 208.39456937648356
leaf_count=215 227 2443 935 25234 3150 2342 268 1371 723 278 489 216 75 145 618 296 344 65 330 71 77 134 86 387 368 549 132 60 51 1746
internal_value=-4.76452e-05 -0.0340397 6.44533e-05 0.000116983 -0.00303251 -0.0137671 0.011151 0.000660427 0.00415299 0.00513786 0.000118567 0.00622028 0.00827749 0.00928263 0.0072589 0.0235566 0.00519595 -0.00284137 -0.0140628 0.0103998 -0.00691259 0.0209306 0.0377427 0.0136881 0.00136749 -0.00287969 0.0246603 0.0412075 0.0109886 -0.00156728
internal_weight=4774.46 15.7405 4758.72 4751.81 697.845 83.3025 13.924 4053.97 702.019 678.059 261.576 188.379 416.483 404.993 358.311 39.8696 318.442 124.789 74.458 193.653 64.9127 98.3063 28.1111 75.1316 150.756 118.849 46.6821 20.8634 25.8187 614.542
internal_count=43425 2670 40755 39820 7721 2825 483 32099 6865 5494 2345 1856 3149 2871 2553 527 2026 816 472 1210 407 592 382 458 1640 1272 318 135 183 4896
is_linear=0
shrinkage=0.05


Tree=89
num_leaves=31
num_cat=0
split_feature=3 1 5 13 6 8 7 3 7 13 3 6 7 7 13 3 6 6 6 13 5 5 4 13 6 3 6 4 6 6
split_gain=6.85464 4.79079 3.20398 3.22971 4.34866 5.76027 5.80465 7.17038 12.4929 6.7767 7.27683 5.5496 5.40582 5.67686 6.76291 5.62282 4.67751 11.0213 7.78947 7.27165 4.64784 7.36039 4.50945 5.45684 4.85143 4.17884 4.25243 7.1488 7.11655 7.82275
threshold=0.52314388751983654 0.030612244270741943 0.62470659613609325 0.50527191162109386 0.025218237191438678 0.3329847007989884 0.00026548672030912718 0.041575692594051368 0.0034513274440541868 0.39689598977565771 0.031958725303411491 0.01734862290322781 0.13831858336925509 0.0057522123679518708 0.38877150416374212 0.13336677104234698 0.11376707255840303 0.17650170624256137 0.096097234636545195 0.47365266084671026 0.053342817351222045 0.27919691801071173 0.21389906853437426 0.34707875549793249 0.18733490258455279 0.35958516597747808 0.18733490258455279 0.53136983513832103 0.19724349677562716 0.21643934398889544
decision_type=2 2 2 2 2 2 2 2 2 2 2 2 2 2 2 2 2 2 2 2 2 2 2 2 2 2 2 2 2 2
left_child=2 -2 3 4 5 20 -7 8 -8 10 -10 -12 13 -9 15 -15 18 -18 -6 22 -1 -22 23 -19 -25 26 27 -24 -28 -30
right_child=1 -3 -4 -5 16 6 7 12 9 -11 11 -13 -14 14 -16 -17 17 19 -20 -21 21 -23 25 24 -26 -27 28 -29 29 -31
leaf_value=-3.749815072023264e-05 0.0189570590253317 -0.048007918469812123 -0.034300920436252776 0.0070297495022223454 0.0023948882168567508 -0.042616208647755671 0.091523784856781712 -0.052375694607090809 -0.018264309441334049 0.03350650206804371 0.070269040069837627 -0.01211453859633861 -0.050589322686597674 -0.039414656483134358 0.030377957659628169 0.0047407910369618974 -0.012517177784426542 -0.019889202239225186 0.039382975057842377 0.043861812467048379 -0.045288270821313238 -0.006144981561939899 0.0057106747530819785 -0.035721052143244343 0.00099243489453582751 0.0079983598249526652 -0.013845677966228383 0.053348544886553564 0.010613106524202463 -0.0012072502979373397
leaf_weight=798.81790575198829 3.245525687467306 12.00724760093726 6.6735512921586624 162.78370867762715 1565.2920193057507 14.259584765415637 3.6057084733620277 7.7037174217402926 44.531598465517163 10.476107306778429 4.4051139755174509 3.533837852999568 12.67285445332527 14.515477707609536 9.6798839606344682 13.839669505134223 185.48546390421689 58.434404555242509 14.285434259101747 9.4262154670432192 13.298322414979337 122.82031580992043 60.627204202115536 9.5740069542080146 126.36862517194822 185.49102691281587 94.607154117897153 9.0269339112564904 161.7885694867 1032.2377165108919
leaf_count=5599 227 2443 935 994 11264 2881 58 209 678 73 67 58 63 238 72 235 1541 907 217 143 335 1273 488 58 1302 1003 751 115 1204 7994
internal_value=-4.63769e-05 -0.0334026 6.02414e-05 0.000110295 -0.000134331 -0.00291913 -0.0124087 -0.00889041 0.00226415 -0.00290656 -0.0103217 0.0332814 -0.0216672 -0.0134517 -0.0053202 -0.0177465 0.000715892 -0.000931494 0.00273504 0.000295976 -0.0014995 -0.0100363 5.43276e-05 -0.00711784 -0.00158078 0.000961016 0 0.0120237 -0.000651364 0.000390956
internal_weight=4771.51 15.2528 4756.26 4749.59 4586.8 1074.16 139.224 124.964 66.5524 62.9467 52.4706 7.93895 58.4116 45.7387 38.035 28.3551 3512.64 1933.07 1579.58 1747.58 934.937 136.119 1738.16 194.377 135.943 1543.78 1358.29 69.6541 1288.63 1194.03
internal_count=43425 2670 40755 39820 38826 11839 4632 1751 934 876 803 125 817 754 545 473 26987 15506 11481 13965 7207 1608 13822 2267 1360 11555 10552 603 9949 9198
is_linear=0
shrinkage=0.05


Tree=90
num_leaves=31
num_cat=1
split_feature=3 1 13 7 12 3 3 3 6 6 6 6 13 3 6 6 6 6 7 6 3 13 13 13 6 6 3 1 1 3
split_gain=6.39311 4.59242 3.14538 3.41478 4.19083 5.39763 3.87336 3.7496 3.09662 7.48241 6.5634 8.32323 4.78939 4.71355 4.43309 9.16691 8.79307 4.17626 3.7342 5.39821 5.85551 6.00729 7.59071 4.93805 4.42047 5.72033 8.35917 7.6683 7.81124 7.14302
threshold=0.52314388751983654 0.030612244270741943 0.27608403563499456 0.13831858336925509 0 0.052805855870246894 0.081198658794164671 0.36074022948741918 0.0245190653949976 0.022626066580414776 0.02211922220885754 0.020442989654839042 0.46538750827312475 0.029054382815957073 0.11376707255840303 0.17650170624256137 0.096097234636545195 0.16871757060289386 0.061769910156726844 0.034470714628696449 0.062343280762434013 0.41010664403438574 0.39611473679542547 0.39020182192325598 0.062659781426191344 0.039775667712092407 1.0000000180025095e-35 0.94868421554565441 0.8989795744419099 0.056421313434839256
decision_type=2 2 2 2 1 2 2 2 2 2 2 2 2 2 2 2 2 2 2 2 2 2 2 2 2 2 2 2 2 2
left_child=2 -2 3 7 5 -5 -7 -1 9 10 11 -4 14 -14 16 17 18 -16 19 -10 21 22 23 -21 25 26 -20 28 -27 -30
right_child=1 -3 8 4 -6 6 -8 -9 12 -11 -12 -13 13 -15 15 -17 -18 -19 24 20 -22 -23 -24 -25 -26 27 -28 -29 29 -31
leaf_value=-0.028645652813336184 0.017757285176094355 -0.047713238870266191 -0.00089548077957132008 -0.0093205034727896208 -0.022743811434438977 0.040333837933193936 0.0038303348236718585 0.039720765241168285 -0.01562282012986119 -0.022843276533839663 0.033263351199857481 -0.028151815127720414 -0.0024295238237374696 0.031324464508932559 -0.0047590105321994904 0.00032601020073868252 0.041558569318100785 -0.020218868717726907 0.018472106766330276 0.0046071764755720489 -0.0082274883943746786 0.034508714645269882 -0.035619814883988389 0.051192720587590224 0.010719045694452298 -0.0024639716285179644 0.0027328651373138527 0.0073216794033178203 -0.040070746334108925 -0.0017183753182961792
leaf_weight=25.619693444576118 3.2969568367116144 11.491029399912803 1117.6826227460988 41.44323206692934 21.2674840092659 12.014560773968698 19.095117047429085 2.0301976557821027 61.182999724522233 41.178561525419354 13.564104478806255 28.651583725586534 16.939248303417116 25.402782801073045 100.95088939648122 1674.2023179593962 14.418462383560835 78.53405898809433 109.24681431055069 132.71615195926279 108.96446788869798 17.290462903678417 11.377334859222172 5.8785649463534346 191.59907722100616 286.2341539748013 374.30205223336816 170.80589286237955 28.821692012250423 21.425286516547203
leaf_count=1045 227 2443 12233 210 102 56 85 40 942 462 93 185 282 158 1089 13164 203 412 556 2178 1562 134 122 72 943 1460 1884 865 124 94
internal_value=-4.5409e-05 -0.0327596 5.60131e-05 -0.00788166 -0.00325841 0.00240798 0.0181723 -0.0233206 0.000265446 -0.00191794 -0.00116884 -0.00158349 0.00103142 0.0177292 0.000820745 -0.000822616 0.00280943 -0.0115588 0.00243582 -0.00219392 0.000766996 0.00665781 0.00339268 0.00665466 0.00376123 0.0024098 0.00630221 -0.00129113 -0.00567893 -0.0238525
internal_weight=4767.63 14.788 4752.84 121.47 93.8204 72.5529 31.1097 27.6499 4631.37 1201.08 1159.9 1146.33 3430.29 42.342 3387.95 1853.69 1534.26 179.485 1519.84 337.41 276.227 167.263 149.972 138.595 1182.43 990.836 483.549 507.287 336.481 50.247
internal_count=43425 2670 40755 1538 453 351 141 1085 39217 12973 12511 12418 26244 440 25804 14665 11139 1501 10936 5010 4068 2506 2372 2250 5926 4983 2440 2543 1678 218
cat_boundaries=0 1
cat_threshold=2
is_linear=0
shrinkage=0.05


Tree=91
num_leaves=31
num_cat=0
split_feature=3 1 10 13 5 13 7 13 5 13 7 13 1 1 8 4 6 4 1 1 5 8 13 6 4 1 13 13 4 6
split_gain=5.95949 4.40355 3.02121 3.21849 2.98248 2.95939 3.06974 5.23829 4.17917 5.08144 3.74215 4.04518 3.42247 3.38481 3.33099 3.20715 8.24974 5.91103 5.72882 7.40299 5.04153 5.24418 6.33751 5.69349 7.82896 6.58308 5.61404 4.63609 4.47404 4.34656
threshold=0.52314388751983654 0.030612244270741943 0.89630526304245006 0.40065751969814306 0.62470659613609325 0.53683188557624828 0.041327433660626418 0.29338417947292333 0.4465929120779038 0.36502410471439367 0.03823008947074414 0.37189120054245001 0.55051019787788402 0.59137290716171276 0.3316666334867478 0.50996163487434398 0.0070378463715314874 0.54395446181297313 0.4708049893379212 0.54169884324073803 0.020050250925123695 0.31782911717891699 0.40308825671672827 0.063366986811161055 0.47347928583621984 0.4871456921100617 0.37071225047111517 0.4070133119821549 0.53744271397590648 0.22708174586296084
decision_type=2 2 2 2 2 2 2 2 2 2 2 2 2 2 2 2 2 2 2 2 2 2 2 2 2 2 2 2 2 2
left_child=4 2 -2 -4 5 6 7 12 10 -10 15 -12 -1 14 -14 20 -17 18 27 -20 -9 23 -23 24 -22 -25 -27 28 -18 -28
right_child=1 -3 3 -5 -6 -7 -8 8 9 -11 11 -13 13 -15 -16 16 17 -19 19 -21 21 22 -24 25 -26 26 29 -29 -30 -31
leaf_value=-0.025837517390659488 0.095704156996777368 -0.047410620542482969 0.072520371634805361 -0.045555480558263875 -0.033694190365514097 0.013687397743510313 0.00093493751580579906 -0.000676485306985731 0.0022831377698381639 0.054318398603286813 -0.034382660569526012 -0.0059738900807746647 0.07299700933352879 -0.021152016805790354 -0.0063504042718950104 -0.026258762089819438 -0.0057513381892093547 0.001422461236325698 0.067318715876240484 0.0008956758492340202 -0.02260497430615041 -0.039473372396020362 0.021251852419899676 -0.0068595734414716517 0.037163111925499266 0.00068451002669246165 0.071578573785076691 0.046144212573341482 0.028582258940951684 0.016126663624190397
leaf_weight=35.266749121481553 0.80469088256359045 10.999255531700326 0.71017423458397422 1.8309415001422165 6.4373342357575885 39.639810314401984 3029.2562431823462 1083.5467466430273 13.480497494339945 7.2868003640323868 16.660281747579575 52.508731123059988 2.6880365479737502 5.0614194702357054 2.2868582224473357 20.331935972906649 32.430028100498021 157.89114512735978 11.463372169062497 6.8291912060230962 61.840091653168201 24.24187766760588 5.0356196984648696 76.619353914633393 5.8625025488436213 17.796200860291719 6.8858426734805089 7.6524792276322833 13.228427653200923 7.9011035747826099
leaf_count=1538 4 2443 57 166 935 318 16039 11948 210 46 199 377 70 155 64 1328 698 2027 112 55 1425 824 55 1607 91 281 69 57 152 75
internal_value=-4.40064e-05 -0.0321114 0.0166498 -0.0091669 5.24563e-05 0.000100015 -1.37081e-05 -0.00173249 -0.00126237 0.0209536 -0.00155355 -0.0129285 -0.0184922 0.0068256 0.036131 -0.00103844 0.00413903 0.00686415 0.018775 0.0429324 -0.00204546 -0.00921177 -0.0288219 -0.00592363 -0.0173086 0.00109838 0.0199282 0.0103274 0.00412744 0.0425922
internal_weight=4764.47 14.3451 3.34581 2.54112 4750.13 4743.69 4704.05 1674.8 1629.49 20.7673 1608.72 69.169 45.3031 10.0363 4.97489 1539.56 249.827 229.495 71.6035 18.2926 1289.73 206.183 29.2775 176.905 67.7026 109.203 32.5831 53.3109 45.6585 14.7869
internal_count=43425 2670 227 223 40755 39820 39502 23463 21636 256 21380 576 1827 289 134 20804 4429 3101 1074 167 16375 4427 879 3548 1516 2032 425 907 850 144
is_linear=0
shrinkage=0.05


Tree=92
num_leaves=31
num_cat=0
split_feature=8 10 4 13 13 5 13 6 6 13 13 3 3 13 1 13 5 3 6 13 4 4 6 13 6 13 13 5 13 5
split_gain=5.66588 3.95268 3.92848 3.77102 3.34001 3.33998 2.82076 5.18347 4.1048 4.87882 3.92751 3.7811 4.43621 3.42764 3.42265 3.46236 3.40559 3.23672 2.76454 4.0455 5.38356 7.51942 3.30398 5.77015 3.27531 4.18503 5.21854 6.72599 4.92653 5.09726
threshold=0.65519553422927868 0.89630526304245006 0.65896359086036693 0.49543505907058721 0.3331922739744187 0.62470659613609325 0.38322934508323675 0.37749999761581426 0.34405763447284704 0.35787384212017065 0.38379850983619695 0.17239066958427432 0.062343280762434013 0.32877984642982488 0.42481203377246862 0.35671772062778478 0.1204994209110737 0.038235237821936614 0.29185217618942266 0.39835967123508459 0.43827861547470098 0.324840858578682 0.2838463038206101 0.39384587109088903 0.26096349954605108 0.39689598977565771 0.41513416171073919 0.01391304796561599 0.42594283819198614 0.0037136946339160208
decision_type=2 2 2 2 2 2 2 2 2 2 2 2 2 2 2 2 2 2 2 2 2 2 2 2 2 2 2 2 2 2
left_child=5 2 4 -3 -2 6 7 8 -1 11 -8 12 13 -10 15 -9 17 -17 22 20 21 -20 24 -24 -12 -26 27 -27 -28 -30
right_child=1 3 -4 -5 -6 -7 10 14 9 -11 18 -13 -14 -15 -16 16 -18 -19 19 -21 -22 -23 23 -25 25 26 28 -29 29 -31
leaf_value=-0.00095264452061065213 -0.039119728320964386 -0.043593812714571564 0.058889940957986858 0.030620990819067787 0.024891836282052035 -0.034617693325545408 0.022010549706461827 -0.047031114428123612 0.0032116259043349603 -0.023981073221526907 0.00062512617226818349 0.068456968707227103 -0.028500268328691753 0.057222722626426553 0.02310275649033243 0.055912055034441667 -0.048577333464825088 -0.017484242436191063 -0.011321384691474173 0.018014328244147119 -0.029043332820269337 0.066085760095936294 0.019215454630662758 -0.029621730648079006 -0.0064540450648828606 0.050060565843729934 -0.01722567248886326 0.0064567138173138271 -0.015441201229540387 0.026193903176973999
leaf_weight=2524.7514822450466 5.0691815847530979 16.5627648124937 2.2824680507183066 1.7557330098934461 3.1845546998083591 6.8197832223959258 22.977108137216419 13.070056558121001 5.7524137459695392 5.0911852596327654 1894.3205650476739 4.8440874563530079 3.7996571455150834 6.4114265758544207 3.2201545806601635 2.6735679097473604 2.9706888031214476 3.057002195622772 8.6009914670139569 54.995877142064273 12.728153008036314 4.7511408980935803 8.2506021484732646 21.120781391859055 31.593741029500961 18.720633894205093 17.238352037966251 17.304889883846045 9.8233907297253591 27.193447656929493
leaf_count=21627 397 4465 13 424 165 1065 158 491 86 109 12231 60 67 106 93 69 89 75 73 473 102 71 50 118 197 113 103 100 64 171
internal_value=-4.26821e-05 -0.022094 0.0018658 -0.0360816 -0.0138212 9.11869e-05 0.000143071 -0.000971778 -0.000747256 0.0190095 0.00148117 0.0298319 0.0174468 0.0323224 -0.0235931 -0.0308025 -0.00560008 0.0162725 0.00125599 0.0103112 -0.00574815 0.0161375 0.000894154 -0.0157148 0.00113936 0.00908408 0.0145781 0.0293297 0.00465509 0.0149984
internal_weight=4760.94 28.8547 10.5362 18.3185 8.25374 4732.08 4725.26 2575.64 2550.65 25.8988 2149.62 20.8076 15.9635 12.1638 24.9915 21.7713 8.70126 5.73057 2126.64 81.0762 26.0803 13.3521 2045.57 29.3714 2016.2 121.874 90.2807 36.0255 54.2552 37.0168
internal_count=43425 5464 575 4889 562 37961 36896 22872 22055 428 14024 319 259 192 817 724 233 144 13866 719 246 144 13147 168 12979 748 551 213 338 235
is_linear=0
shrinkage=0.05


Tree=93
num_leaves=31
num_cat=1
split_feature=3 1 13 1 13 12 13 4 4 5 6 3 4 4 6 3 3 4 6 6 5 13 6 8 3 3 3 3 4 1
split_gain=5.44404 4.23666 2.84591 2.7024 3.93818 3.58756 11.9706 3.5647 4.10445 4.36396 3.54185 3.51861 4.62625 3.4701 4.90137 4.38696 4.49701 4.29214 6.65688 5.42543 4.8474 5.81933 4.58164 5.50199 4.2355 4.26103 3.95508 4.45091 4.70983 4.76254
threshold=0.52314388751983654 0.030612244270741943 0.23036390542984012 0.81016731262207042 0.25709512829780584 0 0.44010125100612646 0.22323627769947055 0.42502371966838842 0.37248815596103674 0.052697699517011649 0.056554187089204795 0.19515224546194079 0.45891098678112036 0.025062814354896549 0.010222206357866527 0.045959666371345527 0.39448615908622747 0.060868855565786369 0.077046748250722899 0.4275322705507279 0.41513416171073919 0.22477751225233081 0.32874052226543432 0.037074185907840736 0.031277174130082137 0.010973221156746151 0.01390096638351679 0.36456401646137243 0.87627550959587108
decision_type=2 2 2 2 2 1 2 2 2 2 2 2 2 2 2 2 2 2 2 2 2 2 2 2 2 2 2 2 2 2
left_child=2 -2 -1 4 10 13 7 11 9 -9 -4 -7 -13 14 -5 -15 24 26 -19 -20 21 22 23 -21 25 -17 -16 -28 -29 -30
right_child=1 -3 3 5 -6 6 -8 8 -10 -11 -12 12 -14 15 17 16 -18 18 19 20 -22 -23 -24 -25 -26 -27 27 28 29 -31
leaf_value=-0.021257167182387054 0.016416082696358459 -0.04712469689557594 0.0017055803156346902 -0.012302039614255071 -0.00065456637420222312 0.0044005162156110457 0.036475229583621982 0.0079508478382148053 -0.0084847118371964552 -0.011233410271933838 -0.050172049683599999 -0.0022731025033151235 -0.036374844225097028 0.025671669516411089 -0.010017061572251735 -0.0035176078244071396 0.0096228446288759567 -0.013822485151196495 0.030003531609513301 0.038195797053922065 -0.016451327670606475 0.038535607586271718 -0.0079504180753296044 0.001325808813062958 -0.018163185970550815 0.019828689650644309 0.034188803195258133 0.002968724804571503 0.036287179397620127 0.0089323589495830507
leaf_weight=15.518732799217103 3.3045376865193239 10.383414684096349 5.4546134152915311 61.625315271317959 3013.195861664135 15.201275840401648 18.542847834527493 118.75812143832445 144.87734374403954 39.245708897709846 7.5318840276449919 16.548813808709383 26.176381081342697 28.998519212007523 42.904470399022102 68.620834141969681 226.89095622301102 92.945821467787027 16.416582152247429 14.542845211923121 35.148576155304909 11.355881646275519 61.6526994779706 33.758615657687187 30.990491479635239 27.104924142360687 13.324215620756148 469.58519689366221 21.15727137029171 67.143739476799965
leaf_count=171 227 2443 139 307 31831 72 108 569 712 185 241 86 128 154 217 345 1168 422 78 64 166 51 275 153 154 127 63 2371 102 296
internal_value=-4.11006e-05 -0.0314143 4.90042e-05 0.000120418 -0.000775154 0.00171423 -0.00256519 -0.00459498 -0.00239967 0.00315006 -0.0281537 -0.0159636 -0.0233191 0.00294408 0.00130561 0.00696177 0.00540645 0.00226558 -0.00303011 0.00274811 -9.70953e-05 0.00460987 0.00102882 0.0125861 -0.00210539 0.00305456 0.00456608 0.00567176 0.00497571 0.0155769
internal_weight=4758.91 13.688 4745.22 4729.7 3026.18 1703.52 379.35 360.808 302.881 158.004 12.9865 57.9265 42.7252 1324.17 941.561 382.606 353.607 879.936 265.821 172.875 156.459 121.31 109.954 48.3015 126.716 95.7258 614.115 571.21 557.886 88.301
internal_count=43425 2670 40755 40584 32211 8373 1860 1752 1466 754 380 286 214 6513 4565 1948 1794 4258 1209 787 709 543 492 217 626 472 3049 2832 2769 398
cat_boundaries=0 1
cat_threshold=2
is_linear=0
shrinkage=0.05


Tree=94
num_leaves=31
num_cat=0
split_feature=8 10 13 4 13 5 13 4 13 13 7 7 13 6 5 4 6 3 3 5 13 1 1 13 13 5 4 13 6 5
split_gain=5.07953 3.76638 3.61799 3.54208 3.10446 3.09057 2.7481 2.61621 2.61117 2.41684 2.35647 7.1385 7.24892 4.58023 6.70445 7.06471 5.53925 8.53892 8.83067 7.11792 5.52183 4.89231 15.5233 4.74161 4.51276 4.46112 5.63745 4.36564 3.95513 3.59373
threshold=0.65519553422927868 0.89630526304245006 0.49543505907058721 0.65896359086036693 0.3331922739744187 0.62470659613609325 0.55146872997283947 0.22576153278350833 0.37624815106391912 0.23036390542984012 0.12566372007131579 0.14672566205263141 0.28295853734016424 0.0245190653949976 0.00067739756195805978 0.44127418100833898 0.040051745250821121 0.0093764648772776144 0.085142057389020934 0.4275322705507279 0.37307056784629827 0.75768873095512401 0.52919501066207897 0.37248227000236517 0.26187281310558325 0.019206888973712925 0.38905704021453863 0.41253808140754705 0.020442989654839042 0.0030761928064748649
decision_type=2 2 2 2 2 2 2 2 2 2 2 2 2 2 2 2 2 2 2 2 2 2 2 2 2 2 2 2 2 2
left_child=5 3 8 4 -2 6 9 -6 -3 -1 24 -12 -13 14 -14 27 17 19 -19 20 -15 22 29 -17 -11 -24 -27 28 -16 -18
right_child=1 2 -4 -5 7 -7 -8 -9 -10 10 11 12 13 16 15 23 21 18 -20 -21 -22 -23 25 -25 -26 26 -28 -29 -30 -31
leaf_value=-0.0198634133511724 -0.038579852270791873 0.020188104962358237 0.028981580323032597 0.055494270516322143 -0.017580376288082403 -0.033965368853089012 0.020992763994774566 0.068258501875672881 -0.049493892901348424 -0.038060078995698077 0.0086612019092964353 -0.028311029481454066 -0.035242627822501059 0.017878285320782478 -0.0081445950026425191 -0.0039633308447852896 -0.0082148737296021852 -0.0054224528207732856 0.014619786140899838 -0.0090614763137474037 0.050570009580932079 0.0013475654592193739 -0.015319064215273952 0.037125654991413445 -0.0006975704548848866 -0.023968591328931456 -0.069776048825162446 0.0090566568621806721 -0.041005738230136812 0.0064796966257046982
leaf_weight=15.063466745428739 4.8517502918839472 1.3209316181018973 1.7939942299853999 2.32819840312004 1.6811809819191696 6.5532119059935203 15.640325575135646 1.5747472345829008 14.369669541018082 8.0115699907764775 292.58810971677303 21.915130145847797 20.46509874612093 34.29619112610817 21.153088077902794 13.275130257010462 65.623082436621189 135.6406586766243 92.067954152822495 13.856723517179487 21.558989003300667 981.09480208903551 36.08903145045042 14.309640780091284 2745.7814606081229 18.060426667332653 11.287590824067591 14.540560856461523 16.805754326283932 112.93302126228809
leaf_count=139 397 353 424 13 82 1065 152 83 4112 361 1424 109 102 156 106 66 308 661 443 73 111 4727 177 72 26880 86 56 67 83 537
internal_value=-3.90777e-05 -0.0212655 -0.035405 0.00206107 -0.0131628 8.56449e-05 0.000134678 0.023243 -0.0432203 6.38553e-05 0.000129328 0.00146615 0.000182895 0.000572432 -0.00975215 -0.00314001 0.00125817 0.00737832 0.00266201 0.0226863 0.0306538 -0.000224052 -0.00656196 0.0172281 -0.000809462 -0.0273775 -0.0419336 -0.0139495 -0.0228943 0.00104957
internal_weight=4756.53 27.9205 17.4846 10.4359 8.10768 4728.61 4722.06 3.25593 15.6906 4706.42 4691.35 1937.56 1644.97 1623.06 100.549 80.0842 1522.51 297.421 227.709 69.7119 55.8552 1225.09 243.993 27.5848 2753.79 65.437 29.348 52.4994 37.9588 178.556
internal_count=43425 5464 4889 575 562 37961 36896 165 4465 36744 36605 9364 7940 7831 496 394 7335 1444 1104 340 267 5891 1164 138 27241 319 142 256 189 845
is_linear=0
shrinkage=0.05


Tree=95
num_leaves=31
num_cat=0
split_feature=3 1 13 4 4 7 8 6 5 13 4 13 7 6 13 13 5 6 3 5 1 13 5 6 13 5 4 1 3 13
split_gain=4.94236 4.07556 2.71775 3.66469 3.34288 9.39092 9.22953 6.04717 5.51561 5.00637 5.50553 7.12531 5.56835 4.81744 4.08809 4.03434 4.02693 8.68267 4.29723 3.90324 5.90502 4.21301 4.01598 5.88269 4.97959 4.23988 10.761 3.87297 3.63686 3.61701
threshold=0.52314388751983654 0.030612244270741943 0.50527191162109386 0.84756097197532665 0.19897611439228061 0.0017699114396236839 0.31782911717891699 1.0000000180025095e-35 0.013263882603496315 0.38322934508323675 0.34958872199058538 0.3860155194997788 0.017256637103855613 0.37749999761581426 0.42892175912857061 0.39457647502422338 0.38491770625114446 0.16871757060289386 0.031277174130082137 0.37854015827178961 0.98979592323303234 0.44934092462062841 0.42022895812988287 0.036008004099130637 0.43309701979160314 0.50488919019699108 0.46515600383281713 0.5577777922153474 0.089888900518417372 0.454169511795044
decision_type=2 2 2 2 2 2 2 2 2 2 2 2 2 2 2 2 2 2 2 2 2 2 2 2 2 2 2 2 2 2
left_child=2 -2 3 4 6 -6 -1 28 -8 13 11 27 -13 -9 15 16 17 18 -14 21 22 -12 24 25 -21 26 -24 -11 -7 -23
right_child=1 -3 -4 -5 5 7 8 9 -10 10 19 12 14 -15 -16 -17 -18 -19 -20 20 -22 29 23 -25 -26 -27 -28 -29 -30 -31
leaf_value=-0.0011379567809341868 0.015919690040682475 -0.046819405673440465 0.0064034440814091168 -0.030649773708182667 0.056793440349601647 -0.008096715658732807 -0.011474023778939432 -0.00040836601121703171 -0.042253071602652785 0.06277720052476117 0.0025554574788772197 0.044631753711876831 0.034584127577739758 -0.024000074531641054 -0.0045093838609975498 0.012769871013657334 0.011493568636202905 -0.043151553013432487 -0.013302606291562456 -0.028799662756261279 0.014487234331057634 0.045480330200826875 -0.05596392742140166 0.0011147232153884124 0.0070528352762407572 0.0010356200433568022 0.0067902859828008243 0.019577396948820547 -0.040717149952353565 0.0097640655604519285
leaf_weight=950.05342462100089 3.3078942229039958 9.7892950256355089 162.29298243205994 9.7471409409772587 7.3267321772873393 26.835347806103528 72.612631175201386 2273.740008267574 18.444785845233127 8.3210258930921572 508.25820420123637 9.3414946179836971 8.4530492499470729 21.758625464513898 75.558824948966503 171.76453772932291 28.719842076301575 14.368275962769983 10.095691334456204 35.567958801984787 39.803705096244812 10.260253585875033 16.995751515030864 167.2920970544219 12.968839682638643 15.781395911239086 11.12791598588228 15.281679775565861 12.869333435781298 24.407857790589333
leaf_count=7636 227 2443 1054 1482 82 631 2934 18115 984 60 3046 120 51 726 432 929 137 88 62 236 275 58 74 768 67 72 54 84 358 140
internal_value=-3.79591e-05 -0.0305943 4.60596e-05 -0.000178368 -0.000111585 0.000622167 -0.00260189 0.000502204 -0.0178031 0.000725224 0.003366 0.00871851 0.00672731 -0.000635201 0.00555102 0.00882981 -0.00207194 -0.0140581 0.00832069 0.00118703 -0.00338549 0.0037191 -0.00614821 -0.00313521 -0.0191224 -0.0194082 -0.0310202 0.0352188 -0.0188712 0.0205787
internal_weight=4753.15 13.0972 4740.05 4577.76 4568.01 3526.9 1041.11 3519.57 91.0574 3479.87 1184.37 341.904 318.302 2295.5 308.96 233.401 61.6369 32.917 18.5487 842.464 299.538 542.926 259.734 211.197 48.5368 43.9051 28.1237 23.6027 39.7047 34.6681
internal_count=43425 2670 40755 39701 38219 26665 11554 26583 3918 25594 6753 1963 1819 18841 1699 1267 338 201 113 4790 1546 3244 1271 968 303 200 128 144 989 198
is_linear=0
shrinkage=0.05


Tree=96
num_leaves=31
num_cat=1
split_feature=3 1 13 6 6 6 1 4 6 8 4 7 4 5 10 4 1 7 12 6 6 3 3 6 4 7 6 1 1 5
split_gain=4.59798 3.90293 2.54701 3.4828 5.31187 6.60602 5.65086 4.70922 3.45128 3.31764 6.64516 8.13297 4.82691 4.74939 4.53863 4.04145 3.99427 4.65951 5.69257 6.41508 6.63011 3.27006 4.44084 3.20567 4.19364 4.10799 5.02728 9.82851 5.91294 4.54254
threshold=0.52314388751983654 0.030612244270741943 0.32276146113872534 0.074116989970207228 0.16328698396682742 0.17833333462476733 0.91864311695098888 0.1225140728056431 0.06846578419208528 0.33192683756351476 0.50125628709793102 0.15265487134456637 0.12531407177448275 0.01771555840969086 0.55592653155326854 0.43323189020156866 0.97182539105415355 0.097964603453874602 0 0.026839122176170353 0.046257391571998603 0.3860259354114533 0.43714080750942236 0.055055381730198867 0.42875768244266516 0.13831858336925509 0.037754381075501449 0.04540816321969033 0.61167800426483165 0.03347339108586312
decision_type=2 2 2 2 2 2 2 2 2 2 2 2 2 2 2 2 2 2 1 2 2 2 2 2 2 2 2 2 2 2
left_child=2 -2 3 8 6 -6 -5 -7 9 10 11 12 14 -13 -1 -15 17 18 -11 -20 -21 -9 -23 25 -25 26 29 -28 -29 -14
right_child=1 -3 -4 4 5 7 -8 21 -10 16 -12 13 23 15 -16 -17 -18 -19 19 20 -22 22 -24 24 -26 -27 27 28 -30 -31
leaf_value=-0.049887547128061781 0.014956808889526283 -0.04647968121028806 0.00052478083605774666 -0.029852450963642398 0.049776578587188564 -0.050172784484455037 0.031658363600738995 -0.0060674850264772736 0.024688154613125367 -0.0065098840740999741 -0.024145733464482344 0.011779974953774499 0.022749025661261951 -0.0036743048857703349 0.020940893695541245 -0.039486010895949518 0.028143533907895847 -0.017263244807902339 -0.013146637869335785 0.089786140458222918 -0.0016618596506186611 0.019907019500121709 -0.014019415894512964 0.021138063056614396 -0.030266343390982244 0.035043588750702868 0.10030744552953533 -0.039420077908335155 0.035204174682003063 -0.01903742334095157
leaf_weight=5.0804158961400372 3.3501219376921645 9.3789395918138307 4042.1963182198815 35.392565916292369 5.5067604631185523 5.563956174068152 4.0136473774909964 280.44428148493171 14.648667640984057 43.827821501763538 17.998594187665731 17.939055055379868 11.204003182239832 17.701595969498158 3.8180476874113083 14.646793544292448 7.8608200103044501 66.706815406680107 5.0034616026096037 5.4010967491194588 2.9275036239996552 29.034044558182359 14.165753331035374 8.9004561360925418 6.9794784877449265 38.126497089862823 4.0805998267605892 3.8317304858937842 7.9139463566243649 15.178949730470775
leaf_count=193 227 2443 32912 554 56 214 18 3177 159 962 299 79 160 89 76 68 34 330 119 100 60 159 100 78 45 181 78 86 74 295
internal_value=-3.66066e-05 -0.0299301 4.33118e-05 -0.00275388 -0.00603019 -0.00396433 -0.0233965 -0.00489329 0.00106428 -6.12006e-05 0.00446538 0.00782467 0.0157483 -0.00863709 -0.0190467 -0.020115 -0.00605658 -0.00828827 0.00211025 0.0306578 0.0574106 -0.00408416 0.00865996 0.0190347 -0.0011901 0.0230912 0.0121194 0.0343131 0.0103105 -0.00108435
internal_weight=4748.82 12.7291 4736.09 693.897 374.121 334.715 39.4062 329.208 319.776 305.128 173.4 155.402 105.114 50.2874 8.89846 32.3484 131.728 123.867 57.1599 13.3321 8.3286 323.644 43.1998 96.2157 15.8799 80.3357 42.2092 15.8263 11.7457 26.383
internal_count=43425 2670 40755 7843 4278 3706 572 3650 3565 3406 1801 1502 1266 236 269 157 1605 1571 1241 279 160 3436 259 997 123 874 693 238 160 455
cat_boundaries=0 1
cat_threshold=2
is_linear=0
shrinkage=0.05


Tree=97
num_leaves=31
num_cat=0
split_feature=8 10 13 13 3 4 13 4 13 13 4 6 8 3 3 7 1 13 5 4 8 13 13 3 8 5 1 6 13 3
split_gain=4.29878 3.53795 3.48213 3.25241 5.00959 2.66365 2.60223 2.52808 2.50713 2.25134 2.33438 5.46313 4.4233 3.97966 7.57775 5.87778 3.59467 3.50134 5.52772 4.61133 4.59411 5.66039 3.44618 3.33212 3.25081 3.27137 3.23471 8.21961 10.0751 4.57146
threshold=0.65519553422927868 0.89630526304245006 0.49543505907058721 0.3331922739744187 0.33290378749370581 0.84756097197532665 0.37624815106391912 0.65896359086036693 0.55146872997283947 0.23036390542984012 0.4714068621397019 1.0000000180025095e-35 0.32833839952945715 0.029707981273531917 0.01390096638351679 0.0047787611838430175 0.4708049893379212 0.40626202523708349 0.012564592994749548 0.49967658519744879 0.33040054142475134 0.39307801425457006 0.45174366235733038 0.03916651941835881 0.33330383896827703 0.014984810259193184 0.44862772524356848 0.086564276367425932 0.33570562303066259 0.052805855870246894
decision_type=2 2 2 2 2 2 2 2 2 2 2 2 2 2 2 2 2 2 2 2 2 2 2 2 2 2 2 2 2 2
left_child=5 3 6 7 -5 8 -3 -2 9 -1 -11 12 23 14 16 -15 17 18 20 -20 -13 -22 26 -12 25 -18 27 28 -17 -29
right_child=1 2 -4 4 -6 -7 -8 -9 -10 10 11 13 -14 15 -16 22 24 -19 19 -21 21 -23 -24 -25 -26 -27 -28 29 -30 -31
leaf_value=-0.019256221153238641 -0.038001055605144489 0.020571264973019823 0.028064473386529145 0.070883669417378323 -0.02980111614424746 -0.025379969974795014 -0.049423993394331504 0.056004756774626643 0.020302451438025622 -0.00037607062993564889 0.047925530462075309 0.041622669279153784 -0.044276347913952914 -0.029839631893457078 -0.014319834145020744 -0.011431360207984938 -0.0059941670259355852 0.015880213032480037 0.0045320217066095242 -0.026326537902675713 0.0041220008954305871 -0.053453457790759232 0.031083691455683932 -0.026075178534449506 0.044442461986974081 0.025679420887230943 0.0045397481821631584 -0.021431862829873239 0.063814164300132536 0.016491834811430427
leaf_weight=14.924091882072387 4.6372042424045521 1.3131953990086938 1.8160252545494575 3.0641413470730186 1.8695438131690023 10.151695094536988 13.249142593238501 0.71389067918062199 15.258474503643809 3883.0804423931986 2.7999942284077415 7.5478285066783419 10.913520578294992 11.001843631267546 81.374964769929647 6.1135143963620093 16.361038021743298 30.505883693695068 18.122562345117331 34.763375945389271 84.159884048625827 4.3927689157426348 14.285386815667151 3.033095546066761 8.4889195933938009 15.718941401690243 399.32100802380592 12.6870597936213 15.041725315153597 20.795643839985132
leaf_count=140 397 353 424 129 45 1632 4112 4 144 28815 55 91 235 256 616 139 99 203 134 539 966 36 101 62 53 99 2859 171 180 336
internal_value=-3.58907e-05 -0.020019 -0.0344042 0.00251853 0.0319033 7.63355e-05 -0.0426737 -0.0237451 0.000132794 6.57536e-05 0.000128841 0.00259352 -0.0255452 0.00320673 -0.00128069 0.00603933 0.00352257 0.000452521 -0.00268139 -0.0156692 0.00442293 0.00115242 0.00689921 0.0088129 0.0169482 0.00940184 0.00612047 0.0175524 0.0418827 0.00195211
internal_weight=4747.51 26.6631 16.3784 10.2848 4.93369 4720.84 14.5623 5.35109 4710.69 4695.43 4680.51 797.429 16.7466 780.682 301.436 479.246 220.061 179.492 148.986 52.8859 96.1005 88.5527 468.244 5.83309 40.5689 32.08 453.959 54.6379 21.1552 33.4827
internal_count=43425 5464 4889 575 174 37961 4465 401 36329 36185 36045 7230 352 6878 2836 4042 2220 1969 1766 673 1093 1002 3786 117 251 198 3685 826 319 507
is_linear=0
shrinkage=0.05


Tree=98
num_leaves=31
num_cat=1
split_feature=3 1 13 7 7 3 3 6 1 10 13 13 6 6 12 6 6 6 13 7 1 13 7 7 13 10 10 5 6 13
split_gain=4.07199 3.53056 2.49921 2.57157 3.65341 3.94533 2.95562 4.66422 4.07448 2.26053 2.88639 2.22977 3.89394 6.14415 4.74369 3.54601 8.61934 7.84836 6.21408 3.97212 6.97222 8.22306 6.34693 5.40201 5.38464 9.16115 7.92213 4.2446 4.58445 4.57772
threshold=0.52066960930824291 0.030612244270741943 0.27608403563499456 0.15265487134456637 0.13831858336925509 0.3860259354114533 0.033407738432288177 0.20841107517480853 0.91751700639724743 0.89630526304245006 0.40065751969814306 0.50527191162109386 0.0245190653949976 0.023431372828781608 0 0.11376707255840303 0.17650170624256137 0.096097234636545195 0.47365266084671026 0.0068141592200845489 0.10274454951286317 0.3036773949861527 0.0080530971754342335 0.0034513274440541868 0.41763857007026678 0.68115445971488964 0.81607607007026683 0.035445082932710655 0.27638889849185949 0.32585169374942785
decision_type=2 2 2 2 2 2 2 2 2 2 2 2 2 2 1 2 2 2 2 2 2 2 2 2 2 2 2 2 2 2
left_child=2 9 3 4 5 -1 7 -6 -8 -2 -11 12 13 14 -4 17 -17 -14 19 20 21 -18 -21 -22 25 27 -27 29 -29 -23
right_child=1 -3 11 -5 6 -7 8 -9 -10 10 -12 -13 15 -15 -16 16 18 -19 -20 22 23 24 -24 -25 -26 26 -28 28 -30 -31
leaf_value=-0.025600077219378715 0.080863907790060363 -0.043023013856861456 -0.0040379555661556859 -0.029789415464291757 0.0064746759574401489 0.063831091713588126 0.023408717130754448 -0.031724286557378502 -0.0049108288410767125 0.065552160685231772 -0.045181908555471578 0.0059908672185693991 0.0022461409904219014 -0.025436328493330208 0.0038050469567431178 -0.010988172059424109 -0.047810361130142615 0.038763796005053031 0.04141669462520059 -0.022695987906333349 -0.043940900201859145 0.12323522316492429 0.00032259055982674723 0.020904281441945113 -0.017108567636214093 0.2414589997592044 0.060042399661905832 0.052284005926661603 -0.034262759942783751 0.036755531120552902
leaf_weight=24.510326605755839 0.86076880991458837 9.7376475143246335 746.65754635818303 11.285956270992754 16.635876551270488 1.1752112321555603 23.166502967476845 14.93982323259115 27.427101418375969 0.75793588347733054 1.7090506884269414 161.81478811241686 1534.6446538744494 28.747523183934391 259.20716725313105 181.39512728806585 2.5847617890685823 14.776198565028606 9.1200466344598663 30.411438459530473 6.5285169463604671 2.1825063312426263 1611.7462501516566 6.0327153075486422 2.8239315345417699 1.064444120973348 1.6489151972346006 2.7389901746064416 3.1865056930109859 6.0057331118732691
leaf_count=1056 4 2448 9115 58 83 29 108 80 124 57 166 1054 11043 364 2506 1519 113 203 160 708 195 67 11159 206 300 10 206 69 88 127
internal_value=-3.48568e-05 -0.027804 4.13378e-05 -0.00710427 -0.00465878 -0.0210827 0.000433817 -0.0114841 0.00797848 0.0152271 -0.00798478 0.00022711 1.63408e-05 -0.0026698 -0.0020117 0.000831204 -0.000633816 0.0026001 0.00047777 0.000249688 0.016943 0.033772 -0.000102006 -0.012484 0.0449437 0.0556923 0.139042 0.0384511 0.00511643 0.061618
internal_weight=4745.52 13.0654 4732.46 119.141 107.855 25.6855 82.1693 31.5757 50.5936 3.32776 2.46699 4613.32 4451.5 1034.61 1005.86 3416.89 1867.47 1549.42 1686.07 1676.95 34.797 22.2358 1642.16 12.5612 19.651 16.8271 2.71336 14.1137 5.9255 8.18824
internal_count=43425 2675 40750 1538 1480 1085 395 163 232 227 223 39212 38158 11985 11621 26173 14927 11246 13408 13248 1381 980 11867 401 867 567 216 351 157 194
cat_boundaries=0 1
cat_threshold=2
is_linear=0
shrinkage=0.05


Tree=99
num_leaves=31
num_cat=0
split_feature=8 10 13 4 13 13 4 13 13 7 4 6 13 3 6 4 6 4 6 6 5 13 6 3 13 5 13 13 4 13
split_gain=3.87223 3.33405 3.33032 3.00804 2.6295 2.51682 2.42659 2.27083 5.16161 4.65495 4.97499 4.67078 3.93527 3.63252 6.93223 7.87654 3.46621 2.92572 2.72403 3.39687 2.93939 3.55014 2.89642 6.09364 4.34957 3.07569 3.76068 3.70032 3.73655 3.0958
threshold=0.65519553422927868 0.89630526304245006 0.49543505907058721 0.65896359086036693 0.3331922739744187 0.37624815106391912 0.84756097197532665 0.34831000864505773 0.34769468009471899 0.0026548672467470173 0.109621848911047 0.37749999761581426 0.33891007304191595 0.44617819786071783 0.14561489224433902 0.32274959981441503 0.35462881624698644 0.324840858578682 0.29185217618942266 0.28300000727176672 0.0037819553399458532 0.37370155751705175 0.30384616553783422 0.30431473255157476 0.35671772062778478 0.30860807001590734 0.41253808140754705 0.37370155751705175 0.42680943012237554 0.3895267397165299
decision_type=2 2 2 2 2 2 2 2 2 2 2 2 2 2 2 2 2 2 2 2 2 2 2 2 2 2 2 2 2 2
left_child=6 3 5 4 -2 -3 7 8 9 12 -11 16 -1 18 -15 -16 -12 -13 19 -9 -21 -22 24 25 -20 26 -24 -27 29 -29
right_child=1 2 -4 -5 -6 -7 -8 13 -10 10 11 17 -14 14 15 -17 -18 -19 22 20 21 -23 23 -25 -26 27 -28 28 -30 -31
leaf_value=0.0078670754930117558 -0.037416451795395531 0.018888696002816549 0.02645961690758232 0.051054677611526211 0.019699985600574101 -0.049369219363299022 -0.024601286385842164 0.00060773552700979809 -0.027704996849611998 -0.02567390392297177 -0.00111992017470994 0.0126076874098952 0.067035539997459745 0.034618660363205316 -0.039907217509499909 0.023322684816633119 0.023423644088602605 -0.050148829182193988 -0.0098779398957725313 0.0032404289117407338 -0.035195904076357955 -0.0081343661227292127 0.0065311130438709441 -0.034060684965274986 0.022337952994627736 -0.029869514049839743 0.037418356297185505 0.052561082755334165 -0.017757742955277503 0.005482493348115413
leaf_weight=8.4085606830194575 4.4371628854423761 1.3474259751383204 1.8559620142914361 2.3706049248576164 3.4199498295783997 12.481454632245002 9.8425573871936631 2977.4794621895999 18.540996642783284 20.852545139379799 1329.1405703760684 2.2499435180798155 4.332972358679398 22.144453700864688 9.1170117654837686 10.411675048992036 14.428366603329776 7.5759169524535537 13.051130631938575 33.622033551335335 16.159434407949448 51.254254430532455 55.594095755368471 10.525588467717169 48.521992141380906 10.96354636736214 12.084414489567278 4.7087408211082282 11.972330771386622 13.995831225533037
leaf_count=130 397 353 424 13 165 4112 1632 19854 164 752 12114 100 62 287 61 64 172 307 75 186 113 270 747 87 266 183 75 58 74 128
internal_value=-3.36153e-05 -0.0192725 -0.0337059 0.00248984 -0.011992 -0.0422716 7.14195e-05 0.000124594 -0.00155726 -0.00120214 -0.00148549 -0.00110724 0.028743 0.000842115 0.0154982 -0.00599453 -0.000850906 -0.0352927 0.000652757 0.000300088 -0.00870836 -0.0147377 0.00660626 0.00202546 0.0154234 0.0055736 0.0121671 -0.00502647 0.00375787 0.0178166
internal_weight=4742.89 25.9126 15.6848 10.2277 7.85711 13.8289 4716.98 4707.14 1405.53 1386.99 1374.25 1353.39 12.7415 3301.61 41.6731 19.5287 1343.57 9.82586 3259.93 3078.52 101.036 67.4137 181.418 119.845 61.5731 109.319 67.6785 41.6404 30.6769 18.7046
internal_count=43425 5464 4889 575 562 4465 37961 36329 13801 13637 13445 12693 192 22528 412 125 12286 407 22116 20423 569 383 1693 1352 341 1265 822 443 260 186
is_linear=0
shrinkage=0.05


Tree=100
num_leaves=31
num_cat=1
split_feature=3 1 13 1 3 3 6 13 3 3 3 12 6 10 13 13 13 6 6 13 3 6 4 4 3 8 7 1 6 6
split_gain=3.73525 3.65798 2.2159 2.4167 3.50472 4.31545 3.68334 3.10297 3.01371 2.92939 2.66427 2.59526 2.54999 2.5048 2.28732 2.1089 2.09789 2.75547 5.90042 3.67072 4.19694 3.48582 3.90614 6.36503 4.00475 4.88703 3.494 13.333 7.89404 8.36599
threshold=0.52314388751983654 0.030612244270741943 0.27608403563499456 0.95875850319862377 0.036442687734961517 0.06953234970569612 0.023850155062973503 0.26187281310558325 0.36074022948741918 0.019058887846767906 0.062343280762434013 0 0.053678188472986228 0.22886110097169879 0.24380608648061755 0.31115902960300451 0.53683188557624828 0.0245190653949976 0.023431372828781608 0.46538750827312475 0.029054382815957073 0.02780846226960421 0.47039544582366949 0.44852940738201147 0.10140134766697885 0.33248546719551092 0.0042477876413613566 0.030612244270741943 0.052195154130458839 0.24937810748815539
decision_type=2 2 2 2 2 2 2 2 2 2 2 1 2 2 2 2 2 2 2 2 2 2 2 2 2 2 2 2 2 2
left_child=2 -2 3 4 6 7 13 10 14 12 -6 -10 -8 -1 -7 -3 17 18 -4 21 -21 22 23 24 -19 -26 27 28 -23 -30
right_child=1 15 16 -5 5 8 9 -9 11 -11 -12 -13 -14 -15 -16 -17 -18 19 -20 20 -22 26 -24 -25 25 -27 -28 -29 29 -31
leaf_value=0.052217842479504763 0.015186325958968187 0.058760792245639619 -0.0014262596518886796 -0.037334678216465335 -0.015435384907301711 0.01485090572362615 0.013327412309764908 0.040113179519035674 0.011308756702606577 -0.036926020224881888 0.025772570765513887 -0.02090731683774728 -0.019816781105939152 -0.012185912834201059 -0.043248363397636824 -0.051328060318144346 0.011802753176508829 0.00085444871852960859 -0.024484435487596837 -0.0034923787574958893 0.028861028679968089 0.14120621043264617 0.022940431630614242 -0.034149501489082225 0.034950769367113554 -0.008131917388751542 0.00013159534650614651 -0.016396863522902493 -0.0040415076355179089 0.071102999047294821
leaf_weight=3.0808034092187873 3.2737465421669176 0.33676433260552485 1125.0794505404774 6.0622568130493155 8.004850488156082 1.9402636978775252 8.0924366768449563 10.081472668796776 18.612893940880895 16.231131640262902 7.4117966792546204 9.2773378212004918 18.88666804600507 2.6261205114424229 8.0097867865115386 8.048539716168305 38.612528993748128 73.078286782838404 28.38594841118902 16.50999736902304 24.388691645581275 1.9408328402787507 34.264654896222055 10.018711488693951 22.159698389470581 9.0586209166794998 3197.6270207976922 15.376193316653369 7.0527634294703585 7.4119108240120113
leaf_count=15 227 14 12293 29 75 88 116 114 94 149 53 62 356 111 276 2429 327 491 364 272 157 36 235 68 124 64 23635 492 136 523
internal_value=-3.24684e-05 -0.0281782 3.64562e-05 -0.00671578 -0.00498598 0.00271188 -0.0150404 0.0186306 -0.00790375 -0.0200903 0.00409217 0.000377439 -0.00967797 0.022021 -0.0313864 -0.0456771 0.000210946 0.000111706 -0.00200011 0.000825692 0.015702 0.000643639 0.00813045 0.00363146 0.00733782 0.0223038 0.000297393 0.0167691 0.0480682 0.0343442
internal_weight=4740.94 11.6591 4729.28 118.318 112.256 63.3384 48.9172 25.4981 37.8403 43.2102 15.4166 27.8902 26.9791 5.70692 9.95005 8.3853 4610.97 4572.35 1153.47 3418.89 40.8987 3377.99 148.58 114.315 104.297 31.2183 3229.41 31.7817 16.4055 14.4647
internal_count=43425 2670 40755 1538 1509 762 747 242 520 621 128 156 472 126 364 2443 39217 38890 12657 26233 429 25804 982 747 679 188 24822 1187 695 659
cat_boundaries=0 1
cat_threshold=2
is_linear=0
shrinkage=0.05


Tree=101
num_leaves=31
num_cat=1
split_feature=8 10 13 4 13 13 4 5 8 4 13 3 3 6 3 6 4 4 5 5 13 13 4 5 7 1 4 7 12 5
split_gain=3.51591 3.16207 3.19887 2.70743 2.4624 2.44418 2.24932 2.19759 13.4545 6.25248 4.68894 3.5105 7.6657 4.90534 4.77461 5.628 3.92474 5.10421 4.5761 4.4865 4.34619 3.68229 3.71194 3.48097 3.43045 13.8542 7.80123 4.06161 4.56878 3.27556
threshold=0.65519553422927868 0.89630526304245006 0.49543505907058721 0.65896359086036693 0.3331922739744187 0.37624815106391912 0.84756097197532665 0.03347339108586312 0.31782911717891699 0.54395446181297313 0.48996311426162725 0.34719188511371618 0.36062136292457586 0.284699097275734 0.33290378749370581 0.24937810748815539 0.35142973065376287 0.46515600383281713 0.0074794194661080846 0.0034782619914039974 0.31918278336524969 0.36566287279129034 0.49412102997303015 0.003017741953954101 0.0042477876413613566 1.0000000180025095e-35 0.37411971390247351 0.01044247765094042 0 0.024937811307609085
decision_type=2 2 2 2 2 2 2 2 2 2 2 2 2 2 2 2 2 2 2 2 2 2 2 2 2 2 2 2 1 2
left_child=6 3 5 4 -2 -3 7 11 10 -10 24 14 -13 16 29 23 20 -18 19 21 -14 22 -19 -16 25 26 -9 28 -26 -1
right_child=1 2 -4 -5 -6 -7 -8 8 9 -11 -12 12 13 -15 15 -17 17 18 -20 -21 -22 -23 -24 -25 27 -27 -28 -29 -30 -31
leaf_value=0.00052917593095057032 -0.03688770951455269 0.017492432796966009 0.025113881224223734 0.048140143698702079 0.018596828876615592 -0.049319007393993634 -0.023971668758640204 0.011082128833577364 -0.041413048514713453 0.03832405977270642 0.041234259545698607 0.033665816000037124 0.024235668277074362 0.026378552756980159 0.0069057043806438267 -0.041672322564693672 0.01158218079805292 -0.037936511676215354 0.017227705771815375 -0.045594317267679665 -0.018269336043716663 0.012208531362559246 0.00075242389904094358 -0.027303769046305118 -0.0069243441318671342 -0.028896054355209273 0.11202324140658336 -0.00066910527831951167 -0.043309362038246445 0.022772980910891586
leaf_weight=2729.165181573946 4.2702891915105283 1.3771233544684935 1.8907199189998216 2.4058498069643974 3.4740446107462049 11.827813237905501 9.6088015000568685 3.61273663677275 27.605706445174295 2.5552188027650109 6.5239384919404975 23.480383703485131 6.9488636031746855 21.663710958324373 22.938879806548357 14.116081431508062 107.71186139062047 12.223987882956864 15.575960192829369 8.9593785256147367 38.362626082263887 15.758589211851357 11.970484871417282 10.808431651443241 40.082854432053864 6.7583309994079173 4.3473983202129602 1545.2036986863241 11.097502919845281 16.565038204193115
leaf_count=20584 397 353 424 13 165 4112 1632 52 1315 43 43 121 51 148 128 84 615 67 91 49 208 97 80 53 1159 266 62 10510 325 178
internal_value=-3.12689e-05 -0.0186045 -0.0330644 0.0025256 -0.0114406 -0.0418964 6.75394e-05 0.000118215 -0.00135232 -0.0343882 -0.000731184 0.000912715 0.00643928 0.00373255 0.000391101 -0.0152441 0.00144299 0.00490925 -0.0061595 -0.013729 -0.0116017 -0.00636248 -0.0186646 -0.00395132 -0.000906769 0.0230239 0.067537 -0.00113197 -0.0149803 0.000666019
internal_weight=4738.89 25.2458 15.0957 10.1502 7.74433 13.2049 4713.65 4704.04 1647.79 30.1609 1617.63 3056.25 262.656 239.175 2793.59 47.8634 217.512 172.2 64.4884 48.9124 45.3115 39.9531 24.1945 33.7473 1611.1 14.7185 7.96013 1596.38 51.1804 2745.73
internal_count=43425 5464 4889 575 562 4465 37961 36329 13775 1358 12417 22554 1527 1406 21027 265 1258 999 384 293 259 244 147 181 12374 380 114 11994 1484 20762
cat_boundaries=0 1
cat_threshold=2
is_linear=0
shrinkage=0.05


Tree=102
num_leaves=31
num_cat=0
split_feature=3 1 13 13 6 4 7 7 3 4 7 5 7 5 6 4 13 6 13 3 4 1 13 7 5 1 4 13 13 10
split_gain=3.33776 3.53103 3.95174 2.07028 3.17082 3.99484 7.75103 8.84223 5.75066 5.15745 4.89416 6.69878 4.69463 7.9456 7.91905 5.98968 8.84797 7.48652 5.93679 5.86122 4.34572 4.18376 4.16936 4.82389 5.53612 4.02334 5.2241 4.6231 4.08723 4.01265
threshold=0.52314388751983654 0.030612244270741943 0.305772215127945 0.32276146113872534 0.21643934398889544 0.42680943012237554 0.14672566205263141 0.17752212285995486 0.023065002635121349 0.37588028609752661 0.087610617280006423 0.012658453080803158 0.022035398520529274 0.0012247959384694698 0.065775897353887572 0.50125628709793102 0.26187281310558325 0.055055381730198867 0.32008361816406256 0.17359191924333575 0.65896359086036693 0.79451090097427379 0.28667588531970983 0.076194688677787795 0.0032837430480867629 0.95346319675445568 0.15779159218072894 0.29750332236289984 0.30262182652950292 0.27307495474815374
decision_type=2 2 2 2 2 2 2 2 2 2 2 2 2 2 2 2 2 2 2 2 2 2 2 2 2 2 2 2 2 2
left_child=3 -2 -3 4 5 9 12 -8 -9 25 22 -12 18 14 19 16 -15 21 20 29 -7 -18 23 24 -11 26 27 -1 -29 -14
right_child=1 2 -4 -5 -6 6 7 8 -10 10 11 -13 13 15 -16 -17 17 -19 -20 -21 -22 -23 -24 -25 -26 -27 -28 28 -30 -31
leaf_value=-0.0056314610066196171 0.015158166931284049 0.14750446027559624 -0.051541427783661047 0.00046715082446766639 -0.0072847862284794026 -0.037209081578197238 -0.055946399819657433 0.01131165367178418 -0.021422316193557955 0.0026081881945411189 0.011687984514770171 0.049334646878556737 -0.0081831887106738194 -0.025003645994378723 0.073276079714755291 -0.026335249732788751 0.010414003010523958 -0.0063885306220662023 0.057156307360102035 -0.032344817451919632 0.025680328412227456 0.05290711494173659 -0.010822318650966405 -0.025148350405873134 0.12870103860651044 0.018966346075791854 -0.010941223854167965 0.064400874728205354 0.013306599388064659 0.044172208092435904
leaf_weight=22.973996113520116 3.2493136175908131 0.15088321641087521 7.7381702131824568 4035.8944979924709 230.24065017327666 17.296904181130238 12.899913437664507 20.14028637111187 38.956948503851891 1.7386643649078899 47.486290276050568 15.942916996777056 5.1103140115738013 16.554612353444099 7.336584595963358 19.017180495895445 10.22759757563472 18.029757864773273 2.1864566830918184 5.2195966076105824 3.0912908893078557 14.559928484261034 26.703981934115291 1.8926031105220316 1.8387875100597737 20.971429795026779 97.17006342113018 5.3014925410971072 15.952531412243841 11.408173213712869
leaf_count=421 227 9 2434 32912 2654 584 77 87 169 89 214 74 27 86 81 289 88 117 66 55 107 70 397 22 75 90 1372 67 303 162
internal_value=-3.03469e-05 -0.0272473 -0.04531 3.33139e-05 -0.00249579 -8.69059e-05 -0.00536122 -0.0185172 -0.0101819 0.00402486 0.0132366 0.0212919 0.00189294 0.00628491 0.0285716 -0.00194343 0.00581649 0.0178796 -0.0187295 0.0129885 -0.0273508 0.0356872 -0.0025058 0.0366619 0.0705161 -0.00137306 -0.0044363 0.00973482 0.0265273 0.0277224
internal_weight=4737.28 11.1384 7.88905 4726.14 690.249 460.008 202.036 71.9971 59.0972 257.973 95.6032 63.4292 130.038 107.464 29.0747 78.3891 59.3719 42.8173 22.5747 21.7381 20.3882 24.7875 32.174 5.47005 3.57745 162.37 141.398 44.228 21.254 16.5185
internal_count=43425 2670 2443 40755 7843 5189 2065 333 256 3124 871 288 1732 975 325 650 361 275 757 244 691 158 583 186 164 2253 2163 791 370 189
is_linear=0
shrinkage=0.05


Tree=103
num_leaves=31
num_cat=0
split_feature=5 8 7 13 13 4 13 13 13 4 13 3 3 7 1 13 5 4 7 4 6 6 6 13 13 5 13 4 3 3
split_gain=3.20629 2.66598 2.7278 3.21623 2.51875 2.45622 2.28857 2.06907 1.87736 1.87177 1.82196 2.1527 1.77807 4.98536 4.29478 2.15953 5.02879 3.26176 10.4824 26.8003 3.34985 3.20026 4.35272 7.01181 5.63718 4.11231 4.56643 4.04766 3.4519 4.22488
threshold=0.62470659613609325 0.65519553422927868 0.00026548672030912718 0.49543505907058721 0.37624815106391912 0.65896359086036693 0.3331922739744187 0.55146872997283947 0.23036390542984012 0.22576153278350833 0.33570562303066259 0.038235237821936614 0.32562056183815008 0.0034513274440541868 0.030612244270741943 0.45683620870113378 0.4275322705507279 0.20951713621616366 0.0017699114396236839 0.49967658519744879 1.0000000180025095e-35 0.37749999761581426 0.33865547180175787 0.37370155751705175 0.35787384212017065 0.30860807001590734 0.35553166270256048 0.324840858578682 0.15809583663940432 0.030837154015898708
decision_type=2 2 2 2 2 2 2 2 2 2 2 2 2 2 2 2 2 2 2 2 2 2 2 2 2 2 2 2 2 2
left_child=1 7 3 4 -3 6 -4 8 -1 -8 11 -2 15 14 -14 17 -17 -10 19 -19 -20 22 -22 24 -24 26 27 -23 29 -28
right_child=10 2 5 -5 -6 -7 9 -9 12 -11 -12 -13 13 -15 -16 16 -18 18 20 -21 21 25 23 -25 -26 -27 28 -29 -30 -31
leaf_value=-0.017801808617791598 0.070619613042766038 0.020435961583191494 -0.036310248289394734 0.027893966814613765 -0.049205901262766576 0.045705666799025629 -0.017894379214020137 0.01867139847839085 -0.0039151507228893708 0.051832114833436929 -0.048496222856128791 -0.039594195284642565 0.039249543115988418 0.0031455645312765861 -0.051629941334572486 0.0013831381720270501 0.021024139354775415 0.1887805677520539 -0.015271558648002123 -0.014747519869836721 2.0257166859651519e-05 0.031997459161715362 0.016238695146340767 0.061442981933672751 -0.051890132364011222 -0.052116475125378363 -0.0089232990583065531 -0.050248109345074544 -0.036579598676499243 0.045543771577237942
leaf_weight=14.587823539506642 0.72518212348222622 1.3154861077200646 4.1008340409025532 1.8196536670438934 10.480820456286891 2.4330143481492996 1.6972173880785706 14.858356413897125 654.77313596196473 1.8374033961445091 5.172078094095923 0.81866993824951351 1.4491983260959367 607.69614387582988 7.0202903114259243 508.34963360242546 34.801797807216644 2.4874643050134173 36.065925342962146 4.1742803659290075 2757.3510915855877 1.7013147836551086 18.384384926408536 7.324191700667142 3.5184361562132827 6.1469894694164386 6.5440978612750786 7.6742688766680658 3.2597121745347968 7.3272272832691669
leaf_count=139 64 331 397 396 3834 13 82 152 6818 83 1249 80 44 3309 601 2673 209 19 880 431 20339 72 309 86 73 160 108 294 63 117
internal_value=-2.94375e-05 1.8895e-05 -0.0166775 -0.0312166 -0.0409129 0.00260604 -0.0108945 0.000104349 4.40724e-05 0.0174047 -0.0342984 0.0102808 0.000101195 0.00260447 -0.0352197 -0.000277549 0.00265445 -0.000731875 -1.73108e-06 0.0621774 -0.000150726 4.14735e-05 0.000225869 0.0193871 0.00488125 -0.0154944 -0.00664966 -0.0346158 0.00847771 0.0196099
internal_weight=4735.9 4729.18 23.6844 13.616 11.7963 10.0685 7.63545 4705.5 4690.64 3.53462 6.71593 1.54385 4676.05 616.166 8.46949 4059.88 543.151 3516.73 2861.96 6.66174 2855.3 2819.23 2786.58 29.227 21.9028 32.6536 26.5066 9.37558 17.131 13.8713
internal_count=43425 42032 5136 4561 4165 575 562 36896 36744 165 1393 144 36605 3954 645 32651 2882 29769 22951 450 22501 21621 20807 468 382 814 654 366 288 225
is_linear=0
shrinkage=0.05


end of trees

feature_importances:
text_embedding_similarity=817
popularity_prior=681
age_group_fit=416
region_fit=313
occupation_fit=268
known_hobby_compatibility=244
cooccurrence_score=209
mismatch_penalty=97
is_cold_start=51
novelty_bonus=24

parameters:
[boosting: gbdt]
[objective: binary]
[metric: auc]
[tree_learner: serial]
[device_type: cpu]
[data_sample_strategy: bagging]
[data: ]
[valid: ]
[num_iterations: 500]
[learning_rate: 0.05]
[num_leaves: 31]
[num_threads: -1]
[seed: 42]
[deterministic: 0]
[force_col_wise: 0]
[force_row_wise: 0]
[histogram_pool_size: -1]
[max_depth: -1]
[min_data_in_leaf: 50]
[min_sum_hessian_in_leaf: 0.001]
[bagging_fraction: 1]
[pos_bagging_fraction: 1]
[neg_bagging_fraction: 1]
[bagging_freq: 0]
[bagging_seed: 400]
[bagging_by_query: 0]
[feature_fraction: 1]
[feature_fraction_bynode: 1]
[feature_fraction_seed: 30056]
[extra_trees: 0]
[extra_seed: 12879]
[early_stopping_round: 0]
[early_stopping_min_delta: 0]
[first_metric_only: 0]
[max_delta_step: 0]
[lambda_l1: 0.1]
[lambda_l2: 0.1]
[linear_lambda: 0]
[min_gain_to_split: 0]
[drop_rate: 0.1]
[max_drop: 50]
[skip_drop: 0.5]
[xgboost_dart_mode: 0]
[uniform_drop: 0]
[drop_seed: 17869]
[top_rate: 0.2]
[other_rate: 0.1]
[min_data_per_group: 100]
[max_cat_threshold: 32]
[cat_l2: 10]
[cat_smooth: 10]
[max_cat_to_onehot: 4]
[top_k: 20]
[monotone_constraints: ]
[monotone_constraints_method: basic]
[monotone_penalty: 0]
[feature_contri: ]
[forcedsplits_filename: ]
[refit_decay_rate: 0.9]
[cegb_tradeoff: 1]
[cegb_penalty_split: 0]
[cegb_penalty_feature_lazy: ]
[cegb_penalty_feature_coupled: ]
[path_smooth: 0]
[interaction_constraints: ]
[verbosity: -1]
[saved_feature_importance_type: 0]
[use_quantized_grad: 0]
[num_grad_quant_bins: 4]
[quant_train_renew_leaf: 0]
[stochastic_rounding: 1]
[linear_tree: 0]
[max_bin: 255]
[max_bin_by_feature: ]
[min_data_in_bin: 3]
[bin_construct_sample_cnt: 200000]
[data_random_seed: 175]
[is_enable_sparse: 1]
[enable_bundle: 1]
[use_missing: 1]
[zero_as_missing: 0]
[feature_pre_filter: 1]
[pre_partition: 0]
[two_round: 0]
[header: 0]
[label_column: ]
[weight_column: ]
[group_column: ]
[ignore_column: ]
[categorical_feature: 12]
[forcedbins_filename: ]
[precise_float_parser: 0]
[parser_config_file: ]
[objective_seed: 16083]
[num_class: 1]
[is_unbalance: 0]
[scale_pos_weight: 1]
[sigmoid: 1]
[boost_from_average: 1]
[reg_sqrt: 0]
[alpha: 0.9]
[fair_c: 1]
[poisson_max_delta_step: 0.7]
[tweedie_variance_power: 1.5]
[lambdarank_truncation_level: 30]
[lambdarank_norm: 1]
[label_gain: ]
[lambdarank_position_bias_regularization: 0]
[eval_at: ]
[multi_error_top_k: 1]
[auc_mu_weights: ]
[num_machines: 1]
[local_listen_port: 12400]
[time_out: 120]
[machine_list_filename: ]
[machines: ]
[gpu_platform_id: -1]
[gpu_device_id: -1]
[gpu_use_dp: 0]
[num_gpu: 1]

end of parameters

pandas_categorical:null
